transaction_id,source_system,supplier_id,supplier_name,category,department,amount,currency,contract_id,contract_status,requisition_id,transaction_date
TXN000001,CORPORATE_CARD,SUP0018,Urban Upkeep,Facilities Maintenance,Facilities,5317.27,INR,,OFF_CONTRACT,,2025-05-22
TXN000002,CORPORATE_CARD,SUP0020,BrightArc Media,Marketing Services,Human Resources,39721.74,INR,,OFF_CONTRACT,,2026-03-16
TXN000022,CORPORATE_CARD,SUP0012,Cobalt Consulting,Professional Services,Facilities,17759.23,INR,,OFF_CONTRACT,REQ00746,2025-09-21
TXN000039,CORPORATE_CARD,SUP0017,GreenEdge Services,Facilities Maintenance,Facilities,11701.33,INR,,OFF_CONTRACT,,2025-08-20
TXN000046,CORPORATE_CARD,SUP0015,Voyager Corporate Travel,Travel,Operations,16501.81,INR,,OFF_CONTRACT,REQ00472,2025-09-27
TXN000052,CORPORATE_CARD,SUP0016,Prime Facility Care,Facilities Maintenance,Human Resources,10588.89,INR,CTR0006,ON_CONTRACT,,2025-09-15
TXN000056,CORPORATE_CARD,SUP0006,Vertex Licensing,IT Software & Licences,Human Resources,37538.93,INR,,OFF_CONTRACT,REQ00204,2025-06-15
TXN000082,CORPORATE_CARD,SUP0010,Kanban Stationers,Office Supplies,Logistics,6957.2,INR,,OFF_CONTRACT,REQ00749,2026-01-29
TXN000084,CORPORATE_CARD,SUP0023,FleetBridge Cargo,Logistics & Freight,Marketing,4334.71,INR,,OFF_CONTRACT,REQ00364,2025-08-11
TXN000086,CORPORATE_CARD,SUP0011,Sterling Advisory,Professional Services,Logistics,32115.48,INR,CTR0004,ON_CONTRACT,,2025-12-08
TXN000099,CORPORATE_CARD,SUP0006,Vertex Licensing,IT Software & Licences,Marketing,4053.16,INR,,OFF_CONTRACT,,2025-06-20
TXN000100,CORPORATE_CARD,SUP0004,Arcadia IT Traders,IT Hardware,Human Resources,12140.35,INR,,OFF_CONTRACT,,2025-11-19
TXN000115,CORPORATE_CARD,SUP0028,ORION OFFICE SUPPLIES,Office Supplies,Logistics,5014.59,INR,,OFF_CONTRACT,REQ00565,2025-06-14
TXN000121,CORPORATE_CARD,SUP0019,Lumen Creative,Marketing Services,Logistics,52714.32,INR,CTR0007,ON_CONTRACT,,2025-06-04
TXN000125,CORPORATE_CARD,SUP0022,Transcore Logistics,Logistics & Freight,Human Resources,6815.42,INR,CTR0008,ON_CONTRACT,,2025-05-17
TXN000126,CORPORATE_CARD,SUP0021,Pulse Marketing Co,Marketing Services,Human Resources,14375.26,INR,,OFF_CONTRACT,,2025-04-24
TXN000142,CORPORATE_CARD,SUP0023,FleetBridge Cargo,Logistics & Freight,Facilities,7522.06,INR,,OFF_CONTRACT,,2025-11-28
TXN000154,CORPORATE_CARD,SUP0015,Voyager Corporate Travel,Travel,Finance,7592.55,INR,,OFF_CONTRACT,REQ00272,2025-04-27
TXN000160,CORPORATE_CARD,SUP0014,Skyroute Travel,Travel,Operations,12171.78,INR,CTR0005,ON_CONTRACT,REQ00234,2025-10-29
TXN000163,CORPORATE_CARD,SUP0006,Vertex Licensing,IT Software & Licences,Finance,21341.61,INR,,OFF_CONTRACT,,2025-10-28
TXN000172,CORPORATE_CARD,SUP0008,Orion Office Supplies,Office Supplies,Logistics,551.63,INR,CTR0003,ON_CONTRACT,,2025-10-30
TXN000194,CORPORATE_CARD,SUP0019,Lumen Creative,Marketing Services,Marketing,37692.72,INR,CTR0007,ON_CONTRACT,REQ00597,2026-03-06
TXN000196,CORPORATE_CARD,SUP0015,Voyager Corporate Travel,Travel,R&D,9105.42,INR,,OFF_CONTRACT,REQ00019,2025-10-03
TXN000204,CORPORATE_CARD,SUP0023,FleetBridge Cargo,Logistics & Freight,Marketing,26387.23,INR,,OFF_CONTRACT,REQ00526,2025-06-15
TXN000213,CORPORATE_CARD,SUP0020,BrightArc Media,Marketing Services,R&D,34166.34,INR,,OFF_CONTRACT,,2025-04-23
TXN000214,CORPORATE_CARD,SUP0020,BrightArc Media,Marketing Services,Operations,13215.8,INR,,OFF_CONTRACT,,2026-02-16
TXN000226,CORPORATE_CARD,SUP0018,Urban Upkeep,Facilities Maintenance,IT,4878.5,INR,,OFF_CONTRACT,REQ00242,2026-02-25
TXN000229,CORPORATE_CARD,SUP0017,GreenEdge Services,Facilities Maintenance,Logistics,14285.23,INR,,OFF_CONTRACT,REQ00576,2025-05-31
TXN000232,CORPORATE_CARD,SUP0006,Vertex Licensing,IT Software & Licences,Human Resources,24593.67,INR,,OFF_CONTRACT,,2025-06-20
TXN000239,CORPORATE_CARD,SUP0008,Orion Office Supplies,Office Supplies,Human Resources,4275.6,INR,CTR0003,ON_CONTRACT,,2025-08-07
TXN000244,CORPORATE_CARD,SUP0023,FleetBridge Cargo,Logistics & Freight,R&D,10280.4,INR,,OFF_CONTRACT,REQ00075,2026-03-19
TXN000246,CORPORATE_CARD,SUP0017,GreenEdge Services,Facilities Maintenance,Marketing,26820.56,INR,,OFF_CONTRACT,,2025-12-20
TXN000256,CORPORATE_CARD,SUP0017,GreenEdge Services,Facilities Maintenance,Marketing,11738.24,INR,,OFF_CONTRACT,,2025-11-29
TXN000258,CORPORATE_CARD,SUP0008,Orion Office Supplies,Office Supplies,Logistics,7253.55,INR,CTR0003,ON_CONTRACT,,2025-09-01
TXN000262,CORPORATE_CARD,SUP0024,Nexa Technologies,IT Hardware,Marketing,36982.87,INR,,OFF_CONTRACT,REQ00209,2025-10-28
TXN000263,CORPORATE_CARD,SUP0022,Transcore Logistics,Logistics & Freight,Logistics,7220.52,INR,CTR0008,ON_CONTRACT,REQ00322,2025-06-28
TXN000267,CORPORATE_CARD,SUP0014,Skyroute Travel,Travel,Finance,17195.02,INR,CTR0005,ON_CONTRACT,,2025-06-14
TXN000270,CORPORATE_CARD,SUP0015,Voyager Corporate Travel,Travel,Operations,10457.87,INR,,OFF_CONTRACT,REQ00424,2025-09-17
TXN000279,CORPORATE_CARD,SUP0018,Urban Upkeep,Facilities Maintenance,R&D,10837.86,INR,,OFF_CONTRACT,,2025-12-20
TXN000280,CORPORATE_CARD,SUP0018,Urban Upkeep,Facilities Maintenance,Operations,802262.98,INR,,OFF_CONTRACT,REQ00393,2025-07-30
TXN000283,CORPORATE_CARD,SUP0015,Voyager Corporate Travel,Travel,Operations,16768.05,INR,,OFF_CONTRACT,,2025-12-01
TXN000288,CORPORATE_CARD,SUP0005,Cloudspan Software,IT Software & Licences,Logistics,21352.07,INR,CTR0002,ON_CONTRACT,,2025-11-19
TXN000298,CORPORATE_CARD,SUP0004,Arcadia IT Traders,IT Hardware,Operations,25185.41,INR,,OFF_CONTRACT,REQ00104,2026-01-30
TXN000299,CORPORATE_CARD,SUP0002,Zenith Computing,IT Hardware,R&D,50036.91,INR,,OFF_CONTRACT,REQ00553,2025-07-21
TXN000311,CORPORATE_CARD,SUP0021,Pulse Marketing Co,Marketing Services,Logistics,19755.25,INR,,OFF_CONTRACT,REQ00740,2025-11-27
TXN000332,CORPORATE_CARD,SUP0016,Prime Facility Care,Facilities Maintenance,Finance,18232.28,INR,CTR0006,ON_CONTRACT,REQ00280,2025-11-17
TXN000334,CORPORATE_CARD,SUP0019,Lumen Creative,Marketing Services,Facilities,14116.42,INR,CTR0007,ON_CONTRACT,REQ00390,2026-03-31
TXN000348,CORPORATE_CARD,SUP0006,Vertex Licensing,IT Software & Licences,Human Resources,3788.46,INR,,OFF_CONTRACT,,2025-11-03
TXN000356,CORPORATE_CARD,SUP0006,Vertex Licensing,IT Software & Licences,IT,20256.71,INR,,OFF_CONTRACT,,2026-02-26
TXN000359,CORPORATE_CARD,SUP0008,Orion Office Supplies,Office Supplies,Operations,6347.52,INR,CTR0003,ON_CONTRACT,REQ00440,2025-10-17
TXN000362,CORPORATE_CARD,SUP0018,Urban Upkeep,Facilities Maintenance,Marketing,15847.65,INR,,OFF_CONTRACT,,2026-03-28
TXN000363,CORPORATE_CARD,SUP0015,Voyager Corporate Travel,Travel,Marketing,11118.71,INR,,OFF_CONTRACT,REQ00145,2025-12-18
TXN000374,CORPORATE_CARD,SUP0018,Urban Upkeep,Facilities Maintenance,Operations,10185.6,INR,,OFF_CONTRACT,,2025-05-01
TXN000377,CORPORATE_CARD,SUP0026,Nexa Tech Pvt Ltd,IT Hardware,Marketing,56210.78,INR,,OFF_CONTRACT,,2025-08-05
TXN000381,CORPORATE_CARD,SUP0022,Transcore Logistics,Logistics & Freight,R&D,8832.81,INR,CTR0008,ON_CONTRACT,REQ00440,2025-07-18
TXN000389,CORPORATE_CARD,SUP0006,Vertex Licensing,IT Software & Licences,Facilities,27516.75,INR,,OFF_CONTRACT,,2025-05-23
TXN000392,CORPORATE_CARD,SUP0028,ORION OFFICE SUPPLIES,Office Supplies,Facilities,4687.88,INR,,OFF_CONTRACT,REQ00127,2026-01-27
TXN000394,CORPORATE_CARD,SUP0011,Sterling Advisory,Professional Services,IT,67467.94,INR,CTR0004,ON_CONTRACT,,2026-03-04
TXN000395,CORPORATE_CARD,SUP0015,Voyager Corporate Travel,Travel,Operations,7426.2,INR,,OFF_CONTRACT,REQ00116,2025-08-02
TXN000401,CORPORATE_CARD,SUP0016,Prime Facility Care,Facilities Maintenance,Facilities,6480.77,INR,CTR0006,ON_CONTRACT,REQ00448,2025-08-01
TXN000403,CORPORATE_CARD,SUP0015,Voyager Corporate Travel,Travel,IT,10019.29,INR,,OFF_CONTRACT,REQ00356,2025-12-24
TXN000420,CORPORATE_CARD,SUP0020,BrightArc Media,Marketing Services,Operations,30758.75,INR,,OFF_CONTRACT,REQ00789,2026-01-25
TXN000433,CORPORATE_CARD,SUP0009,Paperline Traders,Office Supplies,R&D,6311.78,INR,,OFF_CONTRACT,,2025-10-01
TXN000446,CORPORATE_CARD,SUP0019,Lumen Creative,Marketing Services,R&D,28722.79,INR,CTR0007,ON_CONTRACT,,2026-01-16
TXN000448,CORPORATE_CARD,SUP0022,Transcore Logistics,Logistics & Freight,Marketing,16500.94,INR,CTR0008,ON_CONTRACT,,2025-05-16
TXN000456,CORPORATE_CARD,SUP0021,Pulse Marketing Co,Marketing Services,Human Resources,32828.32,INR,,OFF_CONTRACT,REQ00051,2025-10-19
TXN000462,CORPORATE_CARD,SUP0001,Nexa Technologies Pvt Ltd,IT Hardware,R&D,22488.7,INR,CTR0001,ON_CONTRACT,,2026-01-27
TXN000471,CORPORATE_CARD,SUP0020,BrightArc Media,Marketing Services,Human Resources,6979.4,INR,,OFF_CONTRACT,REQ00634,2026-02-06
TXN000490,CORPORATE_CARD,SUP0019,Lumen Creative,Marketing Services,Human Resources,52992.8,INR,CTR0007,ON_CONTRACT,REQ00429,2025-10-25
TXN000491,CORPORATE_CARD,SUP0021,Pulse Marketing Co,Marketing Services,Operations,26948.56,INR,,OFF_CONTRACT,,2026-02-21
TXN000494,CORPORATE_CARD,SUP0010,Kanban Stationers,Office Supplies,Human Resources,1370.86,INR,,OFF_CONTRACT,REQ00340,2025-10-08
TXN000505,CORPORATE_CARD,SUP0016,Prime Facility Care,Facilities Maintenance,Logistics,9712.93,INR,CTR0006,ON_CONTRACT,REQ00193,2025-06-24
TXN000507,CORPORATE_CARD,SUP0027,Orion Office Supplies Ltd,Office Supplies,IT,8896.81,INR,,OFF_CONTRACT,,2025-04-25
TXN000510,CORPORATE_CARD,SUP0014,Skyroute Travel,Travel,Facilities,18608.7,INR,CTR0005,ON_CONTRACT,REQ00804,2025-05-25
TXN000520,CORPORATE_CARD,SUP0008,Orion Office Supplies,Office Supplies,Marketing,914.99,INR,CTR0003,ON_CONTRACT,REQ00605,2025-12-04
TXN000524,CORPORATE_CARD,SUP0017,GreenEdge Services,Facilities Maintenance,Logistics,20305.14,INR,,OFF_CONTRACT,REQ00693,2026-02-23
TXN000530,CORPORATE_CARD,SUP0026,Nexa Tech Pvt Ltd,IT Hardware,Operations,53390.19,INR,,OFF_CONTRACT,,2025-11-20
TXN000551,CORPORATE_CARD,SUP0002,Zenith Computing,IT Hardware,Operations,40589.44,INR,,OFF_CONTRACT,,2026-03-27
TXN000552,CORPORATE_CARD,SUP0018,Urban Upkeep,Facilities Maintenance,Operations,12772.73,INR,,OFF_CONTRACT,REQ00182,2026-03-16
TXN000561,CORPORATE_CARD,SUP0021,Pulse Marketing Co,Marketing Services,Logistics,18664.49,INR,,OFF_CONTRACT,REQ00304,2026-02-28
TXN000565,CORPORATE_CARD,SUP0010,Kanban Stationers,Office Supplies,Human Resources,1623.91,INR,,OFF_CONTRACT,,2026-01-20
TXN000567,CORPORATE_CARD,SUP0005,Cloudspan Software,IT Software & Licences,IT,18850.55,INR,CTR0002,ON_CONTRACT,,2025-05-08
TXN000573,CORPORATE_CARD,SUP0012,Cobalt Consulting,Professional Services,Human Resources,37446.42,INR,,OFF_CONTRACT,REQ00186,2026-03-10
TXN000576,CORPORATE_CARD,SUP0013,Adept Partners,Professional Services,Finance,100556.24,INR,,OFF_CONTRACT,,2025-09-04
TXN000581,CORPORATE_CARD,SUP0007,Meridian Softworks,IT Software & Licences,Operations,24891.34,INR,,OFF_CONTRACT,,2026-01-08
TXN000595,CORPORATE_CARD,SUP0012,Cobalt Consulting,Professional Services,Marketing,62394.47,INR,,OFF_CONTRACT,REQ00525,2025-04-21
TXN000597,CORPORATE_CARD,SUP0025,NEXA TECHNOLOGIES PVT. LTD.,IT Hardware,Logistics,30195.47,INR,,OFF_CONTRACT,,2025-11-28
TXN000599,CORPORATE_CARD,SUP0014,Skyroute Travel,Travel,Facilities,10141.81,INR,CTR0005,ON_CONTRACT,REQ00395,2025-06-07
TXN000602,CORPORATE_CARD,SUP0006,Vertex Licensing,IT Software & Licences,R&D,18612.18,INR,,OFF_CONTRACT,REQ00380,2025-04-23
TXN000610,CORPORATE_CARD,SUP0017,GreenEdge Services,Facilities Maintenance,Operations,20903.71,INR,,OFF_CONTRACT,REQ00717,2025-06-22
TXN000614,CORPORATE_CARD,SUP0004,Arcadia IT Traders,IT Hardware,IT,11539.2,INR,,OFF_CONTRACT,,2025-06-29
TXN000616,CORPORATE_CARD,SUP0011,Sterling Advisory,Professional Services,Marketing,60194.66,INR,CTR0004,ON_CONTRACT,REQ00283,2025-10-22
TXN000621,CORPORATE_CARD,SUP0015,Voyager Corporate Travel,Travel,Operations,10173.28,INR,,OFF_CONTRACT,,2025-11-21
TXN000628,CORPORATE_CARD,SUP0005,Cloudspan Software,IT Software & Licences,IT,31237.65,INR,CTR0002,ON_CONTRACT,,2025-10-08
TXN000633,CORPORATE_CARD,SUP0006,Vertex Licensing,IT Software & Licences,Human Resources,15663.39,INR,,OFF_CONTRACT,REQ00628,2025-09-23
TXN000647,CORPORATE_CARD,SUP0015,Voyager Corporate Travel,Travel,Marketing,17358.33,INR,,OFF_CONTRACT,REQ00024,2025-06-04
TXN000650,CORPORATE_CARD,SUP0005,Cloudspan Software,IT Software & Licences,R&D,11803.63,INR,CTR0002,ON_CONTRACT,REQ00254,2025-08-24
TXN000658,CORPORATE_CARD,SUP0019,Lumen Creative,Marketing Services,Operations,24351.68,INR,CTR0007,ON_CONTRACT,REQ00433,2026-02-15
TXN000664,CORPORATE_CARD,SUP0023,FleetBridge Cargo,Logistics & Freight,Marketing,5055.2,INR,,OFF_CONTRACT,REQ00795,2025-10-18
TXN000668,CORPORATE_CARD,SUP0017,GreenEdge Services,Facilities Maintenance,Human Resources,7334.25,INR,,OFF_CONTRACT,REQ00306,2025-07-11
TXN000671,CORPORATE_CARD,SUP0002,Zenith Computing,IT Hardware,Operations,18493.83,INR,,OFF_CONTRACT,REQ00094,2026-03-18
TXN000679,CORPORATE_CARD,SUP0021,Pulse Marketing Co,,Finance,59132.26,INR,,OFF_CONTRACT,REQ00330,2025-05-27
TXN000690,CORPORATE_CARD,SUP0020,BrightArc Media,Marketing Services,Human Resources,14730.76,INR,,OFF_CONTRACT,REQ00464,2025-11-16
TXN000698,CORPORATE_CARD,SUP0004,Arcadia IT Traders,IT Hardware,Marketing,19132.69,INR,,OFF_CONTRACT,REQ00715,2025-07-23
TXN000699,CORPORATE_CARD,SUP0009,Paperline Traders,Office Supplies,Operations,1486.74,INR,,OFF_CONTRACT,REQ00806,2025-10-19
TXN000702,CORPORATE_CARD,SUP0011,Sterling Advisory,Professional Services,Operations,10625.87,INR,CTR0004,ON_CONTRACT,REQ00273,2025-11-07
TXN000721,CORPORATE_CARD,SUP0012,Cobalt Consulting,Professional Services,R&D,99465.14,INR,,OFF_CONTRACT,,2025-06-14
TXN000725,CORPORATE_CARD,SUP0015,Voyager Corporate Travel,Travel,Finance,18125.08,INR,,OFF_CONTRACT,REQ00799,2025-12-01
TXN000726,CORPORATE_CARD,SUP0028,ORION OFFICE SUPPLIES,Office Supplies,Logistics,7767.37,INR,,OFF_CONTRACT,REQ00168,2025-07-08
TXN000730,CORPORATE_CARD,SUP0020,BrightArc Media,Marketing Services,IT,15994.97,INR,,OFF_CONTRACT,REQ00463,2025-11-20
TXN000732,CORPORATE_CARD,SUP0021,Pulse Marketing Co,Marketing Services,Human Resources,22088.34,INR,,OFF_CONTRACT,,2025-08-25
TXN000749,CORPORATE_CARD,SUP0001,Nexa Technologies Pvt Ltd,IT Hardware,Logistics,56054.86,INR,CTR0001,ON_CONTRACT,,2026-02-04
TXN000757,CORPORATE_CARD,SUP0022,Transcore Logistics,Logistics & Freight,Finance,18687.49,INR,CTR0008,ON_CONTRACT,REQ00834,2025-10-29
TXN000766,CORPORATE_CARD,SUP0007,Meridian Softworks,IT Software & Licences,Logistics,14205.47,INR,,OFF_CONTRACT,REQ00886,2025-12-24
TXN000770,CORPORATE_CARD,SUP0007,Meridian Softworks,IT Software & Licences,Finance,30796.62,INR,,OFF_CONTRACT,REQ00722,2025-08-24
TXN000772,CORPORATE_CARD,SUP0024,Nexa Technologies,IT Hardware,R&D,28393.76,INR,,OFF_CONTRACT,REQ00611,2026-01-29
TXN000785,CORPORATE_CARD,SUP0020,BrightArc Media,Marketing Services,IT,7651.38,INR,,OFF_CONTRACT,,2026-03-05
TXN000795,CORPORATE_CARD,SUP0023,FleetBridge Cargo,Logistics & Freight,Logistics,3866.2,INR,,OFF_CONTRACT,REQ00232,2025-07-05
TXN000807,CORPORATE_CARD,SUP0008,Orion Office Supplies,Office Supplies,IT,6940.85,INR,CTR0003,ON_CONTRACT,REQ00087,2025-06-14
TXN000809,CORPORATE_CARD,SUP0008,Orion Office Supplies,Office Supplies,Facilities,3135.9,INR,CTR0003,ON_CONTRACT,REQ00476,2025-10-22
TXN000810,CORPORATE_CARD,SUP0023,FleetBridge Cargo,Logistics & Freight,R&D,8040.12,INR,,OFF_CONTRACT,REQ00149,2025-12-28
TXN000814,CORPORATE_CARD,SUP0023,FleetBridge Cargo,Logistics & Freight,Marketing,28882.73,INR,,OFF_CONTRACT,REQ00011,2026-03-11
TXN000820,CORPORATE_CARD,SUP0020,BrightArc Media,Marketing Services,Human Resources,25501.82,INR,,OFF_CONTRACT,,2025-10-13
TXN000825,CORPORATE_CARD,SUP0022,Transcore Logistics,Logistics & Freight,Human Resources,24332.19,INR,CTR0008,ON_CONTRACT,REQ00338,2025-10-18
TXN000829,CORPORATE_CARD,SUP0006,Vertex Licensing,IT Software & Licences,R&D,18763.5,INR,,OFF_CONTRACT,,2025-09-01
TXN000830,CORPORATE_CARD,SUP0021,Pulse Marketing Co,Marketing Services,Logistics,24655.83,INR,,OFF_CONTRACT,,2025-06-11
TXN000831,CORPORATE_CARD,SUP0002,Zenith Computing,IT Hardware,Human Resources,19611.95,INR,,OFF_CONTRACT,REQ00855,2025-11-17
TXN000833,CORPORATE_CARD,SUP0023,FleetBridge Cargo,Logistics & Freight,Logistics,5209.58,INR,,OFF_CONTRACT,,2025-11-28
TXN000834,CORPORATE_CARD,SUP0001,Nexa Technologies Pvt Ltd,IT Hardware,Human Resources,8076.56,INR,CTR0001,ON_CONTRACT,,2025-05-20
TXN000837,CORPORATE_CARD,SUP0018,Urban Upkeep,Facilities Maintenance,Marketing,16045.57,INR,,OFF_CONTRACT,REQ00813,2025-07-19
TXN000844,CORPORATE_CARD,SUP0004,Arcadia IT Traders,IT Hardware,Finance,58037.62,INR,,OFF_CONTRACT,REQ00572,2025-07-30
TXN000846,CORPORATE_CARD,SUP0012,Cobalt Consulting,Professional Services,Marketing,26994.04,INR,,OFF_CONTRACT,,2025-11-29
TXN000847,CORPORATE_CARD,SUP0022,Transcore Logistics,Logistics & Freight,Human Resources,3109.45,INR,CTR0008,ON_CONTRACT,REQ00258,2025-09-19
TXN000848,CORPORATE_CARD,SUP0023,FleetBridge Cargo,Logistics & Freight,Logistics,40497.65,INR,,OFF_CONTRACT,REQ00073,2025-07-30
TXN000865,CORPORATE_CARD,SUP0015,Voyager Corporate Travel,Travel,Finance,13180.99,INR,,OFF_CONTRACT,,2025-04-29
TXN000871,CORPORATE_CARD,SUP0023,FleetBridge Cargo,Logistics & Freight,Facilities,13319.09,INR,,OFF_CONTRACT,REQ00469,2025-05-15
TXN000875,CORPORATE_CARD,SUP0013,Adept Partners,Professional Services,Finance,12398.4,INR,,OFF_CONTRACT,REQ00682,2026-03-23
TXN000897,CORPORATE_CARD,SUP0015,Voyager Corporate Travel,Travel,R&D,10923.98,INR,,OFF_CONTRACT,REQ00705,2026-02-25
TXN000900,CORPORATE_CARD,SUP0006,Vertex Licensing,IT Software & Licences,Marketing,3722.97,INR,,OFF_CONTRACT,REQ00900,2026-03-21
TXN000902,CORPORATE_CARD,SUP0015,Voyager Corporate Travel,Travel,Facilities,1760.87,INR,,OFF_CONTRACT,,2025-06-25
TXN000906,CORPORATE_CARD,SUP0013,Adept Partners,Professional Services,Facilities,90853.6,INR,,OFF_CONTRACT,REQ00079,2025-05-30
TXN000913,CORPORATE_CARD,SUP0005,Cloudspan Software,IT Software & Licences,Finance,18781.93,INR,CTR0002,ON_CONTRACT,REQ00513,2026-02-08
TXN000922,CORPORATE_CARD,SUP0009,Paperline Traders,,Facilities,4645.34,INR,,OFF_CONTRACT,REQ00411,2026-03-22
TXN000927,CORPORATE_CARD,SUP0009,Paperline Traders,Office Supplies,Marketing,3264.42,INR,,OFF_CONTRACT,REQ00696,2025-09-15
TXN000928,CORPORATE_CARD,SUP0008,Orion Office Supplies,Office Supplies,Logistics,5465.71,INR,CTR0003,ON_CONTRACT,,2025-07-13
TXN000933,CORPORATE_CARD,SUP0023,FleetBridge Cargo,Logistics & Freight,IT,30141.56,INR,,OFF_CONTRACT,REQ00507,2026-01-28
TXN000937,CORPORATE_CARD,SUP0011,Sterling Advisory,Professional Services,Facilities,14376.2,INR,CTR0004,ON_CONTRACT,,2025-05-29
TXN000939,CORPORATE_CARD,SUP0019,Lumen Creative,Marketing Services,R&D,11908.64,INR,CTR0007,ON_CONTRACT,,2025-09-13
TXN000940,CORPORATE_CARD,SUP0007,Meridian Softworks,IT Software & Licences,Marketing,15996.07,INR,,OFF_CONTRACT,,2025-10-04
TXN000941,CORPORATE_CARD,SUP0020,BrightArc Media,Marketing Services,Human Resources,25812.09,INR,,OFF_CONTRACT,REQ00305,2026-01-19
TXN000942,CORPORATE_CARD,SUP0021,Pulse Marketing Co,Marketing Services,Facilities,17329.85,INR,,OFF_CONTRACT,,2025-08-18
TXN000947,CORPORATE_CARD,SUP0021,Pulse Marketing Co,Marketing Services,Marketing,12010.85,INR,,OFF_CONTRACT,REQ00765,2026-03-17
TXN000954,CORPORATE_CARD,SUP0021,Pulse Marketing Co,Marketing Services,Marketing,26212.73,INR,,OFF_CONTRACT,REQ00585,2025-12-13
TXN000980,CORPORATE_CARD,SUP0017,GreenEdge Services,Facilities Maintenance,Human Resources,16675.08,INR,,OFF_CONTRACT,REQ00571,2025-05-01
TXN001004,CORPORATE_CARD,SUP0012,Cobalt Consulting,Professional Services,Human Resources,83164.95,INR,,OFF_CONTRACT,REQ00082,2025-12-01
TXN001020,CORPORATE_CARD,SUP0020,BrightArc Media,Marketing Services,Human Resources,8137.41,INR,,OFF_CONTRACT,REQ00410,2025-12-05
TXN001022,CORPORATE_CARD,SUP0007,Meridian Softworks,IT Software & Licences,Logistics,19262.51,INR,,OFF_CONTRACT,,2025-04-11
TXN001024,CORPORATE_CARD,SUP0018,Urban Upkeep,Facilities Maintenance,R&D,12925.53,INR,,OFF_CONTRACT,,2026-03-11
TXN001025,CORPORATE_CARD,SUP0016,Prime Facility Care,Facilities Maintenance,Logistics,15646.64,INR,CTR0006,ON_CONTRACT,REQ00205,2025-06-20
TXN001036,CORPORATE_CARD,SUP0005,Cloudspan Software,IT Software & Licences,Operations,24186.51,INR,CTR0002,ON_CONTRACT,REQ00772,2025-12-28
TXN001047,CORPORATE_CARD,SUP0021,Pulse Marketing Co,Marketing Services,Facilities,21175.95,INR,,OFF_CONTRACT,REQ00667,2025-06-03
TXN001048,CORPORATE_CARD,SUP0022,Transcore Logistics,Logistics & Freight,Operations,4010.44,INR,CTR0008,ON_CONTRACT,REQ00292,2026-03-08
TXN001056,CORPORATE_CARD,SUP0018,Urban Upkeep,Facilities Maintenance,IT,8461.81,INR,,OFF_CONTRACT,REQ00121,2025-10-08
TXN001075,CORPORATE_CARD,SUP0023,FleetBridge Cargo,Logistics & Freight,Operations,39859.25,INR,,OFF_CONTRACT,,2026-02-28
TXN001083,CORPORATE_CARD,SUP0015,Voyager Corporate Travel,Travel,Human Resources,18469.1,INR,,OFF_CONTRACT,,2026-03-29
TXN001084,CORPORATE_CARD,SUP0023,FleetBridge Cargo,Logistics & Freight,IT,20943.6,INR,,OFF_CONTRACT,,2025-06-08
TXN001089,CORPORATE_CARD,SUP0022,Transcore Logistics,Logistics & Freight,Finance,35588.27,INR,CTR0008,ON_CONTRACT,REQ00836,2026-02-09
TXN001091,CORPORATE_CARD,SUP0015,Voyager Corporate Travel,Travel,Facilities,28304.56,INR,,OFF_CONTRACT,,2026-01-17
TXN001095,CORPORATE_CARD,SUP0025,NEXA TECHNOLOGIES PVT. LTD.,IT Hardware,Finance,20960.62,INR,,OFF_CONTRACT,REQ00417,2025-08-19
TXN001105,CORPORATE_CARD,SUP0023,FleetBridge Cargo,Logistics & Freight,IT,26439.26,INR,,OFF_CONTRACT,REQ00391,2025-10-23
TXN001114,CORPORATE_CARD,SUP0005,Cloudspan Software,IT Software & Licences,Finance,25585.88,INR,CTR0002,ON_CONTRACT,,2026-01-15
TXN001117,CORPORATE_CARD,SUP0013,Adept Partners,Professional Services,Operations,25803.3,INR,,OFF_CONTRACT,REQ00846,2025-04-04
TXN001121,CORPORATE_CARD,SUP0005,Cloudspan Software,IT Software & Licences,Facilities,28561.09,INR,CTR0002,ON_CONTRACT,REQ00216,2025-09-04
TXN001138,CORPORATE_CARD,SUP0014,Skyroute Travel,Travel,Human Resources,9300.46,INR,CTR0005,ON_CONTRACT,REQ00307,2025-08-23
TXN001140,CORPORATE_CARD,SUP0021,Pulse Marketing Co,Marketing Services,Logistics,21921.74,INR,,OFF_CONTRACT,REQ00088,2025-09-08
TXN001162,CORPORATE_CARD,SUP0023,FleetBridge Cargo,Logistics & Freight,Human Resources,9231.27,INR,,OFF_CONTRACT,REQ00140,2025-09-15
TXN001179,CORPORATE_CARD,SUP0019,Lumen Creative,Marketing Services,IT,38093.01,INR,CTR0007,ON_CONTRACT,REQ00632,2025-06-03
TXN001183,CORPORATE_CARD,SUP0028,ORION OFFICE SUPPLIES,Office Supplies,Human Resources,6258.47,INR,,OFF_CONTRACT,,2025-07-27
TXN001185,CORPORATE_CARD,SUP0013,Adept Partners,Professional Services,Finance,20452.75,INR,,OFF_CONTRACT,REQ00645,2025-04-04
TXN001188,CORPORATE_CARD,SUP0023,FleetBridge Cargo,Logistics & Freight,Human Resources,3940.02,INR,,OFF_CONTRACT,REQ00460,2026-02-20
TXN001199,CORPORATE_CARD,SUP0026,Nexa Tech Pvt Ltd,IT Hardware,Marketing,32249.06,INR,,OFF_CONTRACT,REQ00617,2026-01-22
TXN001202,CORPORATE_CARD,SUP0019,Lumen Creative,Marketing Services,Facilities,8808.13,INR,CTR0007,ON_CONTRACT,REQ00587,2025-09-24
TXN001209,CORPORATE_CARD,SUP0012,Cobalt Consulting,Professional Services,IT,17566.75,INR,,OFF_CONTRACT,REQ00535,2025-04-04
TXN001215,CORPORATE_CARD,SUP0017,GreenEdge Services,Facilities Maintenance,IT,21213.93,INR,,OFF_CONTRACT,,2025-09-12
TXN001217,CORPORATE_CARD,SUP0023,FleetBridge Cargo,Logistics & Freight,Facilities,3285.49,INR,,OFF_CONTRACT,,2025-08-29
TXN001222,CORPORATE_CARD,SUP0022,Transcore Logistics,Logistics & Freight,Logistics,10473.25,INR,CTR0008,ON_CONTRACT,REQ00709,2025-09-18
TXN001242,CORPORATE_CARD,SUP0019,Lumen Creative,Marketing Services,R&D,56170.66,INR,CTR0007,ON_CONTRACT,,2026-03-10
TXN001244,CORPORATE_CARD,SUP0007,Meridian Softworks,IT Software & Licences,Human Resources,43818.71,INR,,OFF_CONTRACT,,2025-05-19
TXN001253,CORPORATE_CARD,SUP0008,Orion Office Supplies,Office Supplies,Finance,1441.37,INR,CTR0003,ON_CONTRACT,,2025-12-18
TXN001254,CORPORATE_CARD,SUP0012,Cobalt Consulting,Professional Services,Human Resources,10833.0,INR,,OFF_CONTRACT,,2025-07-20
TXN001258,CORPORATE_CARD,SUP0011,Sterling Advisory,Professional Services,Operations,64256.27,INR,CTR0004,ON_CONTRACT,,2026-01-14
TXN001273,CORPORATE_CARD,SUP0026,Nexa Tech Pvt Ltd,IT Hardware,IT,54689.31,INR,,OFF_CONTRACT,,2025-06-26
TXN001279,CORPORATE_CARD,SUP0024,Nexa Technologies,IT Hardware,Logistics,12742.65,INR,,OFF_CONTRACT,REQ00542,2025-12-20
TXN001284,CORPORATE_CARD,SUP0010,Kanban Stationers,Office Supplies,Logistics,935.05,INR,,OFF_CONTRACT,,2025-08-15
TXN001304,CORPORATE_CARD,SUP0017,GreenEdge Services,Facilities Maintenance,Logistics,7868.1,INR,,OFF_CONTRACT,REQ00516,2025-04-12
TXN001305,CORPORATE_CARD,SUP0009,Paperline Traders,Office Supplies,Operations,3454.43,INR,,OFF_CONTRACT,,2025-10-21
TXN001314,CORPORATE_CARD,SUP0002,Zenith Computing,IT Hardware,IT,35479.27,INR,,OFF_CONTRACT,REQ00889,2026-01-24
TXN001317,CORPORATE_CARD,SUP0028,ORION OFFICE SUPPLIES,Office Supplies,Facilities,3952.45,INR,,OFF_CONTRACT,REQ00471,2025-07-04
TXN001321,CORPORATE_CARD,SUP0005,Cloudspan Software,IT Software & Licences,R&D,16067.06,INR,CTR0002,ON_CONTRACT,REQ00113,2025-04-07
TXN001332,CORPORATE_CARD,SUP0019,Lumen Creative,Marketing Services,Finance,29021.8,INR,CTR0007,ON_CONTRACT,,2025-08-17
TXN001343,CORPORATE_CARD,SUP0020,BrightArc Media,Marketing Services,IT,49378.91,INR,,OFF_CONTRACT,REQ00145,2025-05-11
TXN001349,CORPORATE_CARD,SUP0021,Pulse Marketing Co,Marketing Services,Marketing,42752.26,INR,,OFF_CONTRACT,,2026-01-12
TXN001356,CORPORATE_CARD,SUP0018,Urban Upkeep,Facilities Maintenance,Facilities,15563.62,INR,,OFF_CONTRACT,REQ00794,2025-06-16
TXN001358,CORPORATE_CARD,SUP0023,FleetBridge Cargo,Logistics & Freight,Marketing,20485.98,INR,,OFF_CONTRACT,,2025-06-22
TXN001360,CORPORATE_CARD,SUP0026,Nexa Tech Pvt Ltd,IT Hardware,Facilities,25901.61,INR,,OFF_CONTRACT,,2026-01-16
TXN001368,CORPORATE_CARD,SUP0002,Zenith Computing,IT Hardware,Facilities,52796.05,INR,,OFF_CONTRACT,REQ00163,2026-01-17
TXN001375,CORPORATE_CARD,SUP0021,Pulse Marketing Co,Marketing Services,Facilities,-9561.39,INR,,OFF_CONTRACT,REQ00730,2025-11-18
TXN001376,CORPORATE_CARD,SUP0019,Lumen Creative,Marketing Services,Facilities,32330.81,INR,CTR0007,ON_CONTRACT,,2025-11-06
TXN001382,CORPORATE_CARD,SUP0022,Transcore Logistics,Logistics & Freight,IT,15190.79,INR,CTR0008,ON_CONTRACT,REQ00193,2025-11-02
TXN001385,CORPORATE_CARD,SUP0007,Meridian Softworks,IT Software & Licences,R&D,24078.9,INR,,OFF_CONTRACT,REQ00784,2025-09-19
TXN001392,CORPORATE_CARD,SUP0021,PULSE MARKETING CO,Marketing Services,Finance,11278.19,INR,,OFF_CONTRACT,,2025-12-16
TXN001393,CORPORATE_CARD,SUP0014,Skyroute Travel,Travel,R&D,5309.48,INR,CTR0005,ON_CONTRACT,,2025-04-03
TXN001400,CORPORATE_CARD,SUP0028,ORION OFFICE SUPPLIES,Office Supplies,IT,7780.26,INR,,OFF_CONTRACT,,2025-06-06
TXN001410,CORPORATE_CARD,SUP0002,Zenith Computing,IT Hardware,IT,68297.12,INR,,OFF_CONTRACT,REQ00780,2025-06-18
TXN001414,CORPORATE_CARD,SUP0015,Voyager Corporate Travel,Travel,Facilities,5277.81,INR,,OFF_CONTRACT,,2026-01-26
TXN001416,CORPORATE_CARD,SUP0014,Skyroute Travel,Travel,Finance,23642.19,INR,CTR0005,ON_CONTRACT,,2025-05-03
TXN001419,CORPORATE_CARD,SUP0011,Sterling Advisory,Professional Services,Facilities,35304.56,INR,CTR0004,ON_CONTRACT,REQ00705,2025-04-06
TXN001421,CORPORATE_CARD,SUP0007,Meridian Softworks,IT Software & Licences,Facilities,14853.1,INR,,OFF_CONTRACT,,2026-02-25
TXN001430,CORPORATE_CARD,SUP0007,Meridian Softworks,IT Software & Licences,Finance,23126.29,INR,,OFF_CONTRACT,,2026-01-01
TXN001432,CORPORATE_CARD,SUP0015,Voyager Corporate Travel,Travel,Marketing,19797.09,INR,,OFF_CONTRACT,,2025-06-01
TXN001439,CORPORATE_CARD,SUP0017,GreenEdge Services,Facilities Maintenance,Facilities,7663.45,INR,,OFF_CONTRACT,,2025-07-22
TXN001443,CORPORATE_CARD,SUP0015,Voyager Corporate Travel,Travel,Finance,18048.75,INR,,OFF_CONTRACT,REQ00155,2025-10-21
TXN001448,CORPORATE_CARD,SUP0015,Voyager Corporate Travel,Travel,Operations,27985.38,INR,,OFF_CONTRACT,,2026-03-21
TXN001451,CORPORATE_CARD,SUP0013,Adept Partners,Professional Services,Marketing,28880.42,INR,,OFF_CONTRACT,,2026-03-08
TXN001460,CORPORATE_CARD,SUP0012,Cobalt Consulting,Professional Services,Logistics,78416.08,INR,,OFF_CONTRACT,,2025-12-26
TXN001461,CORPORATE_CARD,SUP0028,ORION OFFICE SUPPLIES,Office Supplies,Human Resources,4604.9,INR,,OFF_CONTRACT,REQ00043,2026-01-22
TXN001464,CORPORATE_CARD,SUP0015,Voyager Corporate Travel,Travel,IT,14934.14,INR,,OFF_CONTRACT,REQ00223,2025-08-23
TXN001473,CORPORATE_CARD,SUP0018,Urban Upkeep,Facilities Maintenance,R&D,16133.5,INR,,OFF_CONTRACT,,2025-11-23
TXN001485,CORPORATE_CARD,SUP0010,Kanban Stationers,Office Supplies,Logistics,2103.27,INR,,OFF_CONTRACT,REQ00297,2026-03-08
TXN001490,CORPORATE_CARD,SUP0012,Cobalt Consulting,Professional Services,Finance,35863.39,INR,,OFF_CONTRACT,,2026-01-14
TXN001496,CORPORATE_CARD,SUP0005,Cloudspan Software,IT Software & Licences,Facilities,22587.18,INR,CTR0002,ON_CONTRACT,REQ00257,2025-05-29
TXN001498,CORPORATE_CARD,SUP0008,Orion Office Supplies,Office Supplies,Operations,3333.33,INR,CTR0003,ON_CONTRACT,REQ00503,2025-11-11
TXN001499,CORPORATE_CARD,SUP0015,Voyager Corporate Travel,Travel,Facilities,10968.45,INR,,OFF_CONTRACT,,2026-02-17
TXN001501,CORPORATE_CARD,SUP0005,Cloudspan Software,IT Software & Licences,Logistics,30395.52,INR,CTR0002,ON_CONTRACT,REQ00213,2026-01-18
TXN001516,CORPORATE_CARD,SUP0001,Nexa Technologies Pvt Ltd,IT Hardware,IT,10900.76,INR,CTR0001,ON_CONTRACT,,2025-04-08
TXN001527,CORPORATE_CARD,SUP0011,Sterling Advisory,Professional Services,IT,30920.03,INR,CTR0004,ON_CONTRACT,REQ00357,2025-04-14
TXN001533,CORPORATE_CARD,SUP0014,Skyroute Travel,Travel,IT,25670.72,INR,CTR0005,ON_CONTRACT,REQ00583,2026-03-05
TXN001538,CORPORATE_CARD,SUP0024,Nexa Technologies,IT Hardware,Finance,26803.64,INR,,OFF_CONTRACT,REQ00735,2025-07-26
TXN001573,CORPORATE_CARD,SUP0015,Voyager Corporate Travel,Travel,IT,24059.43,INR,,OFF_CONTRACT,REQ00723,2025-12-23
TXN001577,CORPORATE_CARD,SUP0007,Meridian Softworks,IT Software & Licences,Operations,2639.08,INR,,OFF_CONTRACT,,2025-04-20
TXN001578,CORPORATE_CARD,SUP0021,Pulse Marketing Co,Marketing Services,Logistics,37281.8,INR,,OFF_CONTRACT,REQ00185,2025-09-01
TXN001583,CORPORATE_CARD,SUP0023,FleetBridge Cargo,Logistics & Freight,R&D,9734.21,INR,,OFF_CONTRACT,REQ00791,2025-09-13
TXN001594,CORPORATE_CARD,SUP0006,Vertex Licensing,IT Software & Licences,Facilities,9589.26,INR,,OFF_CONTRACT,,2025-10-18
TXN001604,CORPORATE_CARD,SUP0020,BrightArc Media,Marketing Services,Logistics,26242.65,INR,,OFF_CONTRACT,REQ00668,2025-07-30
TXN001610,CORPORATE_CARD,SUP0014,Skyroute Travel,Travel,Marketing,13670.93,INR,CTR0005,ON_CONTRACT,REQ00702,2025-07-14
TXN001615,CORPORATE_CARD,SUP0009,Paperline Traders,Office Supplies,Operations,4008.53,INR,,OFF_CONTRACT,REQ00841,2025-11-05
TXN001624,CORPORATE_CARD,SUP0010,Kanban Stationers,Office Supplies,Logistics,9657.31,INR,,OFF_CONTRACT,,2025-08-07
TXN001626,CORPORATE_CARD,SUP0023,FleetBridge Cargo,Logistics & Freight,Operations,14833.15,INR,,OFF_CONTRACT,REQ00184,2025-04-06
TXN001634,CORPORATE_CARD,SUP0001,Nexa Technologies Pvt Ltd,IT Hardware,Marketing,62268.95,INR,CTR0001,ON_CONTRACT,,2026-01-26
TXN001642,CORPORATE_CARD,SUP0015,Voyager Corporate Travel,Travel,Human Resources,28617.71,INR,,OFF_CONTRACT,REQ00144,2026-01-15
TXN001647,CORPORATE_CARD,SUP0014,Skyroute Travel,Travel,Human Resources,5562.62,INR,CTR0005,ON_CONTRACT,REQ00792,2025-07-17
TXN001660,CORPORATE_CARD,SUP0007,Meridian Softworks,IT Software & Licences,Marketing,25011.78,INR,,OFF_CONTRACT,REQ00483,2026-01-07
TXN001664,CORPORATE_CARD,SUP0006,Vertex Licensing,IT Software & Licences,Operations,29631.44,INR,,OFF_CONTRACT,REQ00349,2025-12-13
TXN001671,CORPORATE_CARD,SUP0023,FleetBridge Cargo,Logistics & Freight,Human Resources,12063.45,INR,,OFF_CONTRACT,,2025-05-30
TXN001678,CORPORATE_CARD,SUP0023,FleetBridge Cargo,Logistics & Freight,R&D,14940.07,INR,,OFF_CONTRACT,REQ00087,2025-12-30
TXN001685,CORPORATE_CARD,SUP0008,Orion Office Supplies,Office Supplies,Human Resources,1672.86,INR,CTR0003,ON_CONTRACT,REQ00417,2025-07-16
TXN001688,CORPORATE_CARD,SUP0023,FleetBridge Cargo,Logistics & Freight,Finance,13034.48,INR,,OFF_CONTRACT,REQ00355,2025-11-14
TXN001689,CORPORATE_CARD,SUP0008,Orion Office Supplies,Office Supplies,R&D,3399.08,INR,CTR0003,ON_CONTRACT,REQ00034,2026-03-05
TXN001697,CORPORATE_CARD,SUP0005,Cloudspan Software,IT Software & Licences,R&D,6020.37,INR,CTR0002,ON_CONTRACT,REQ00414,2025-12-10
TXN001701,CORPORATE_CARD,SUP0011,Sterling Advisory,Professional Services,Facilities,46517.93,INR,CTR0004,ON_CONTRACT,,2025-10-27
TXN001703,CORPORATE_CARD,SUP0026,Nexa Tech Pvt Ltd,IT Hardware,Marketing,23144.68,INR,,OFF_CONTRACT,REQ00741,2025-08-01
TXN001704,CORPORATE_CARD,SUP0009,Paperline Traders,Office Supplies,IT,2863.79,INR,,OFF_CONTRACT,REQ00473,2025-11-22
TXN001707,CORPORATE_CARD,SUP0025,NEXA TECHNOLOGIES PVT. LTD.,IT Hardware,R&D,50989.28,INR,,OFF_CONTRACT,REQ00428,2025-08-12
TXN001708,CORPORATE_CARD,SUP0005,Cloudspan Software,IT Software & Licences,Logistics,16835.81,INR,CTR0002,ON_CONTRACT,REQ00744,2025-05-01
TXN001712,CORPORATE_CARD,SUP0014,Skyroute Travel,Travel,Logistics,2244.15,INR,CTR0005,ON_CONTRACT,,2025-08-12
TXN001715,CORPORATE_CARD,SUP0016,Prime Facility Care,Facilities Maintenance,Human Resources,3264.52,INR,CTR0006,ON_CONTRACT,REQ00451,2026-03-11
TXN001718,CORPORATE_CARD,SUP0001,Nexa Technologies Pvt Ltd,IT Hardware,R&D,49593.03,INR,CTR0001,ON_CONTRACT,REQ00175,2025-09-24
TXN001723,CORPORATE_CARD,SUP0012,Cobalt Consulting,Professional Services,Finance,27948.77,INR,,OFF_CONTRACT,REQ00278,2026-01-09
TXN001725,CORPORATE_CARD,SUP0011,Sterling Advisory,Professional Services,Human Resources,37669.32,INR,CTR0004,ON_CONTRACT,,2025-05-17
TXN001730,CORPORATE_CARD,SUP0019,Lumen Creative,Marketing Services,Logistics,30012.98,INR,CTR0007,ON_CONTRACT,,2025-08-07
TXN001735,CORPORATE_CARD,SUP0023,FleetBridge Cargo,Logistics & Freight,Operations,9065.72,INR,,OFF_CONTRACT,REQ00514,2025-09-04
TXN001753,CORPORATE_CARD,SUP0015,Voyager Corporate Travel,Travel,R&D,1411.52,INR,,OFF_CONTRACT,REQ00499,2025-04-25
TXN001758,CORPORATE_CARD,SUP0018,Urban Upkeep,Facilities Maintenance,IT,9894.11,INR,,OFF_CONTRACT,REQ00301,2025-04-04
TXN001760,CORPORATE_CARD,SUP0016,Prime Facility Care,Facilities Maintenance,Finance,9008.55,INR,CTR0006,ON_CONTRACT,,2026-01-21
TXN001771,CORPORATE_CARD,SUP0014,Skyroute Travel,Travel,Logistics,15763.68,INR,CTR0005,ON_CONTRACT,REQ00282,2026-02-26
TXN001783,CORPORATE_CARD,SUP0021,Pulse Marketing Co,Marketing Services,Finance,19030.93,INR,,OFF_CONTRACT,,2025-11-23
TXN001790,CORPORATE_CARD,SUP0023,FleetBridge Cargo,Logistics & Freight,Finance,13906.23,INR,,OFF_CONTRACT,REQ00027,2026-01-04
TXN001794,CORPORATE_CARD,SUP0001,Nexa Technologies Pvt Ltd,IT Hardware,IT,40131.35,INR,CTR0001,ON_CONTRACT,,2025-10-03
TXN001799,CORPORATE_CARD,SUP0015,Voyager Corporate Travel,Travel,Marketing,4543.23,INR,,OFF_CONTRACT,REQ00843,2025-06-22
TXN001804,CORPORATE_CARD,SUP0005,Cloudspan Software,IT Software & Licences,Finance,9047.45,INR,CTR0002,ON_CONTRACT,,2025-04-21
TXN001814,CORPORATE_CARD,SUP0021,Pulse Marketing Co,Marketing Services,Logistics,5829.19,INR,,OFF_CONTRACT,,2025-12-24
TXN001822,CORPORATE_CARD,SUP0011,Sterling Advisory,Professional Services,Finance,16711.91,INR,CTR0004,ON_CONTRACT,,2025-06-26
TXN001825,CORPORATE_CARD,SUP0021,Pulse Marketing Co,Marketing Services,Facilities,34128.74,INR,,OFF_CONTRACT,,2025-08-29
TXN001834,CORPORATE_CARD,SUP0013,Adept Partners,Professional Services,Operations,87302.98,INR,,OFF_CONTRACT,REQ00589,2025-04-28
TXN001839,CORPORATE_CARD,SUP0023,FleetBridge Cargo,Logistics & Freight,Marketing,21491.92,INR,,OFF_CONTRACT,,2026-03-15
TXN001841,CORPORATE_CARD,SUP0006,Vertex Licensing,IT Software & Licences,Marketing,19996.08,INR,,OFF_CONTRACT,REQ00507,2025-06-01
TXN001856,CORPORATE_CARD,SUP0007,Meridian Softworks,IT Software & Licences,Operations,10212.27,INR,,OFF_CONTRACT,REQ00139,2025-11-16
TXN001857,CORPORATE_CARD,SUP0013,Adept Partners,Professional Services,IT,53863.33,INR,,OFF_CONTRACT,REQ00330,2026-01-13
TXN001860,CORPORATE_CARD,SUP0027,Orion Office Supplies Ltd,Office Supplies,R&D,5819.53,INR,,OFF_CONTRACT,REQ00551,2025-04-27
TXN001866,CORPORATE_CARD,SUP0015,Voyager Corporate Travel,Travel,Human Resources,30810.68,INR,,OFF_CONTRACT,REQ00900,2026-03-01
TXN001874,CORPORATE_CARD,SUP0006,Vertex Licensing,IT Software & Licences,Operations,29064.62,INR,,OFF_CONTRACT,,2025-09-10
TXN001877,CORPORATE_CARD,SUP0005,Cloudspan Software,IT Software & Licences,IT,19305.64,INR,CTR0002,ON_CONTRACT,,2025-05-06
TXN001883,CORPORATE_CARD,SUP0019,Lumen Creative,Marketing Services,Logistics,31077.27,INR,CTR0007,ON_CONTRACT,,2025-09-24
TXN001885,CORPORATE_CARD,SUP0027,Orion Office Supplies Ltd,Office Supplies,Marketing,2493.74,INR,,OFF_CONTRACT,REQ00022,2025-11-08
TXN001894,CORPORATE_CARD,SUP0014,Skyroute Travel,Travel,Marketing,7976.23,INR,CTR0005,ON_CONTRACT,REQ00480,2025-08-04
TXN001916,CORPORATE_CARD,SUP0006,Vertex Licensing,IT Software & Licences,Marketing,33688.83,INR,,OFF_CONTRACT,,2025-11-22
TXN001917,CORPORATE_CARD,SUP0017,GreenEdge Services,Facilities Maintenance,Marketing,10540.2,INR,,OFF_CONTRACT,REQ00094,2025-04-02
TXN001920,CORPORATE_CARD,SUP0023,FleetBridge Cargo,Logistics & Freight,IT,18938.51,INR,,OFF_CONTRACT,REQ00203,2025-08-13
TXN001924,CORPORATE_CARD,SUP0012,Cobalt Consulting,Professional Services,Facilities,50498.2,INR,,OFF_CONTRACT,REQ00506,2025-09-24
TXN001927,CORPORATE_CARD,SUP0007,Meridian Softworks,IT Software & Licences,Finance,18861.71,INR,,OFF_CONTRACT,REQ00782,2025-12-07
TXN001928,CORPORATE_CARD,SUP0018,Urban Upkeep,Facilities Maintenance,R&D,8487.97,INR,,OFF_CONTRACT,REQ00473,2025-09-14
TXN001947,CORPORATE_CARD,SUP0016,Prime Facility Care,Facilities Maintenance,Finance,11599.51,INR,CTR0006,ON_CONTRACT,REQ00322,2026-02-04
TXN001950,CORPORATE_CARD,SUP0015,Voyager Corporate Travel,Travel,Marketing,16507.9,INR,,OFF_CONTRACT,REQ00392,2026-01-10
TXN001952,CORPORATE_CARD,SUP0014,Skyroute Travel,Travel,Finance,6142.38,INR,CTR0005,ON_CONTRACT,,2025-06-03
TXN001954,CORPORATE_CARD,SUP0002,Zenith Computing,IT Hardware,Human Resources,37351.39,INR,,OFF_CONTRACT,REQ00775,2026-01-17
TXN001955,CORPORATE_CARD,SUP0002,Zenith Computing,IT Hardware,Marketing,65444.6,INR,,OFF_CONTRACT,REQ00536,2025-06-23
TXN001959,CORPORATE_CARD,SUP0012,Cobalt Consulting,Professional Services,Logistics,55083.34,INR,,OFF_CONTRACT,REQ00225,2025-07-29
TXN001968,CORPORATE_CARD,SUP0013,Adept Partners,Professional Services,Human Resources,46413.72,INR,,OFF_CONTRACT,REQ00056,2026-02-26
TXN001975,CORPORATE_CARD,SUP0006,Vertex Licensing,IT Software & Licences,Human Resources,11092.69,INR,,OFF_CONTRACT,REQ00468,2025-07-14
TXN001978,CORPORATE_CARD,SUP0014,Skyroute Travel,Travel,Marketing,12706.6,INR,CTR0005,ON_CONTRACT,REQ00408,2026-03-14
TXN001981,CORPORATE_CARD,SUP0013,Adept Partners,Professional Services,IT,34713.28,INR,,OFF_CONTRACT,,2025-04-23
TXN001982,CORPORATE_CARD,SUP0019,Lumen Creative,Marketing Services,IT,51305.2,INR,CTR0007,ON_CONTRACT,REQ00091,2026-02-01
TXN001984,CORPORATE_CARD,SUP0008,Orion Office Supplies,Office Supplies,Finance,3566.77,INR,CTR0003,ON_CONTRACT,REQ00356,2025-08-28
TXN001985,CORPORATE_CARD,SUP0027,Orion Office Supplies Ltd,Office Supplies,Facilities,1380.81,INR,,OFF_CONTRACT,,2025-06-10
TXN001992,CORPORATE_CARD,SUP0005,Cloudspan Software,IT Software & Licences,Operations,6232.84,INR,CTR0002,ON_CONTRACT,,2025-12-15
TXN002002,CORPORATE_CARD,SUP0005,Cloudspan Software,IT Software & Licences,IT,9104.0,INR,CTR0002,ON_CONTRACT,REQ00566,2026-03-27
TXN002005,CORPORATE_CARD,SUP0021,Pulse Marketing Co,Marketing Services,Logistics,9559.65,INR,,OFF_CONTRACT,REQ00463,2025-08-29
TXN002006,CORPORATE_CARD,SUP0008,Orion Office Supplies,Office Supplies,Facilities,5411.97,INR,CTR0003,ON_CONTRACT,REQ00498,2025-08-06
TXN002007,CORPORATE_CARD,SUP0024,Nexa Technologies,IT Hardware,IT,32784.84,INR,,OFF_CONTRACT,REQ00229,2025-09-22
TXN002021,CORPORATE_CARD,SUP0003,BluePeak Systems,IT Hardware,Marketing,45691.7,INR,,OFF_CONTRACT,REQ00810,2025-12-17
TXN002034,CORPORATE_CARD,SUP0016,Prime Facility Care,Facilities Maintenance,R&D,15424.04,INR,CTR0006,ON_CONTRACT,REQ00194,2025-08-09
TXN002043,CORPORATE_CARD,SUP0028,ORION OFFICE SUPPLIES,Office Supplies,Facilities,6227.28,INR,,OFF_CONTRACT,REQ00866,2025-10-26
TXN002044,CORPORATE_CARD,SUP0011,Sterling Advisory,Professional Services,Human Resources,26766.56,INR,CTR0004,ON_CONTRACT,REQ00245,2026-03-10
TXN002067,CORPORATE_CARD,SUP0021,Pulse Marketing Co,Marketing Services,R&D,20078.16,INR,,OFF_CONTRACT,,2025-12-25
TXN002073,CORPORATE_CARD,SUP0023,FleetBridge Cargo,Logistics & Freight,R&D,7583.98,INR,,OFF_CONTRACT,,2025-08-04
TXN002089,CORPORATE_CARD,SUP0014,Skyroute Travel,Travel,Human Resources,20467.9,INR,CTR0005,ON_CONTRACT,,2025-08-10
TXN002091,CORPORATE_CARD,SUP0023,FleetBridge Cargo,Logistics & Freight,R&D,23046.63,INR,,OFF_CONTRACT,,2025-09-01
TXN002092,CORPORATE_CARD,SUP0005,Cloudspan Software,IT Software & Licences,Finance,50524.86,INR,CTR0002,ON_CONTRACT,,2025-04-30
TXN002097,CORPORATE_CARD,SUP0006,Vertex Licensing,IT Software & Licences,Marketing,14752.27,INR,,OFF_CONTRACT,,2025-04-02
TXN002103,CORPORATE_CARD,SUP0008,Orion Office Supplies,Office Supplies,Human Resources,1007.38,INR,CTR0003,ON_CONTRACT,REQ00873,2025-09-21
TXN002115,CORPORATE_CARD,SUP0022,Transcore Logistics,Logistics & Freight,Finance,18258.17,INR,CTR0008,ON_CONTRACT,,2026-02-09
TXN002127,CORPORATE_CARD,SUP0005,Cloudspan Software,IT Software & Licences,Human Resources,18569.78,INR,CTR0002,ON_CONTRACT,REQ00437,2025-07-14
TXN002137,CORPORATE_CARD,SUP0023,FleetBridge Cargo,Logistics & Freight,Operations,3899.11,INR,,OFF_CONTRACT,REQ00364,2025-04-09
TXN002144,CORPORATE_CARD,SUP0007,Meridian Softworks,IT Software & Licences,Finance,13060.78,INR,,OFF_CONTRACT,REQ00096,2025-06-10
TXN002156,CORPORATE_CARD,SUP0014,Skyroute Travel,Travel,Human Resources,11534.67,INR,CTR0005,ON_CONTRACT,,2025-12-11
TXN002160,CORPORATE_CARD,SUP0005,Cloudspan Software,IT Software & Licences,IT,34189.78,INR,CTR0002,ON_CONTRACT,REQ00350,2025-07-15
TXN002161,CORPORATE_CARD,SUP0022,Transcore Logistics,Logistics & Freight,Finance,25472.28,INR,CTR0008,ON_CONTRACT,,2025-10-11
TXN002178,CORPORATE_CARD,SUP0019,Lumen Creative,Marketing Services,Operations,19905.98,INR,CTR0007,ON_CONTRACT,REQ00045,2025-07-14
TXN002183,CORPORATE_CARD,SUP0011,Sterling Advisory,Professional Services,IT,14669.71,INR,CTR0004,ON_CONTRACT,,2025-12-07
TXN002187,CORPORATE_CARD,SUP0009,Paperline Traders,Office Supplies,Operations,8148.04,INR,,OFF_CONTRACT,REQ00303,2025-11-22
TXN002193,CORPORATE_CARD,SUP0015,Voyager Corporate Travel,Travel,Logistics,26154.38,INR,,OFF_CONTRACT,REQ00609,2025-12-29
TXN002201,CORPORATE_CARD,SUP0005,Cloudspan Software,IT Software & Licences,Facilities,20154.07,INR,CTR0002,ON_CONTRACT,,2025-09-12
TXN002205,CORPORATE_CARD,SUP0017,GreenEdge Services,Facilities Maintenance,Finance,23965.73,INR,,OFF_CONTRACT,REQ00689,2025-05-29
TXN002231,CORPORATE_CARD,SUP0006,Vertex Licensing,IT Software & Licences,IT,26647.46,INR,,OFF_CONTRACT,,2025-07-11
TXN002232,CORPORATE_CARD,SUP0013,Adept Partners,Professional Services,Finance,10492.89,INR,,OFF_CONTRACT,,2025-04-21
TXN002239,CORPORATE_CARD,SUP0011,Sterling Advisory,Professional Services,Facilities,14357.38,INR,CTR0004,ON_CONTRACT,REQ00073,2025-06-03
TXN002248,CORPORATE_CARD,SUP0001,Nexa Technologies Pvt Ltd,IT Hardware,Operations,26434.23,INR,CTR0001,ON_CONTRACT,REQ00180,2025-07-21
TXN002263,CORPORATE_CARD,SUP0023,FleetBridge Cargo,Logistics & Freight,Logistics,24718.09,INR,,OFF_CONTRACT,REQ00222,2025-09-06
TXN002270,CORPORATE_CARD,SUP0007,Meridian Softworks,IT Software & Licences,Finance,515172.56,INR,,OFF_CONTRACT,,2025-06-01
TXN002278,CORPORATE_CARD,SUP0012,Cobalt Consulting,Professional Services,Finance,49468.42,INR,,OFF_CONTRACT,REQ00287,2025-08-17
TXN002280,CORPORATE_CARD,SUP0027,Orion Office Supplies Ltd,Office Supplies,Facilities,1194.36,INR,,OFF_CONTRACT,,2025-12-08
TXN002300,CORPORATE_CARD,SUP0028,ORION OFFICE SUPPLIES,Office Supplies,Finance,2432.46,INR,,OFF_CONTRACT,REQ00344,2026-01-02
TXN002305,CORPORATE_CARD,SUP0018,Urban Upkeep,Facilities Maintenance,R&D,14429.27,INR,,OFF_CONTRACT,,2026-02-01
TXN002308,CORPORATE_CARD,SUP0023,FleetBridge Cargo,Logistics & Freight,Operations,17853.71,INR,,OFF_CONTRACT,,2025-10-23
TXN002312,CORPORATE_CARD,SUP0019,Lumen Creative,Marketing Services,Finance,27933.53,INR,CTR0007,ON_CONTRACT,REQ00201,2025-12-09
TXN002314,CORPORATE_CARD,SUP0011,Sterling Advisory,Professional Services,Finance,77784.25,INR,CTR0004,ON_CONTRACT,,2025-10-17
TXN002315,CORPORATE_CARD,SUP0020,BrightArc Media,Marketing Services,Facilities,50998.72,INR,,OFF_CONTRACT,REQ00555,2025-06-30
TXN002318,CORPORATE_CARD,SUP0008,Orion Office Supplies,Office Supplies,Operations,4474.66,INR,CTR0003,ON_CONTRACT,,2025-07-09
TXN002329,CORPORATE_CARD,SUP0011,Sterling Advisory,Professional Services,R&D,45118.52,INR,CTR0004,ON_CONTRACT,REQ00867,2025-12-25
TXN002331,CORPORATE_CARD,SUP0008,Orion Office Supplies,Office Supplies,Facilities,1448.14,INR,CTR0003,ON_CONTRACT,REQ00363,2025-06-30
TXN002333,CORPORATE_CARD,SUP0022,Transcore Logistics,Logistics & Freight,IT,24875.43,INR,CTR0008,ON_CONTRACT,REQ00133,2025-07-30
TXN002344,CORPORATE_CARD,SUP0020,BrightArc Media,Marketing Services,R&D,25430.29,INR,,OFF_CONTRACT,REQ00653,2025-11-12
TXN002348,CORPORATE_CARD,SUP0001,Nexa Technologies Pvt Ltd,IT Hardware,Facilities,13599.69,INR,CTR0001,ON_CONTRACT,REQ00426,2025-08-13
TXN002349,CORPORATE_CARD,SUP0023,FleetBridge Cargo,Logistics & Freight,Logistics,17705.44,INR,,OFF_CONTRACT,REQ00724,2025-05-15
TXN002352,CORPORATE_CARD,SUP0001,Nexa Technologies Pvt Ltd,IT Hardware,Logistics,350417.68,INR,,OFF_CONTRACT,REQ00674,2026-01-09
TXN002359,CORPORATE_CARD,SUP0019,Lumen Creative,Marketing Services,Logistics,27375.63,INR,CTR0007,ON_CONTRACT,REQ00828,2025-10-19
TXN002361,CORPORATE_CARD,SUP0023,FleetBridge Cargo,Logistics & Freight,IT,2648.01,INR,,OFF_CONTRACT,REQ00179,2025-11-12
TXN002363,CORPORATE_CARD,SUP0006,Vertex Licensing,IT Software & Licences,Marketing,18173.31,INR,,OFF_CONTRACT,REQ00832,2026-03-12
TXN002371,CORPORATE_CARD,SUP0028,ORION OFFICE SUPPLIES,Office Supplies,Operations,5937.39,INR,,OFF_CONTRACT,REQ00670,2025-12-18
TXN002374,CORPORATE_CARD,SUP0010,Kanban Stationers,Office Supplies,Facilities,4393.08,INR,,OFF_CONTRACT,,2026-03-25
TXN002384,CORPORATE_CARD,SUP0002,Zenith Computing,IT Hardware,Logistics,29437.55,INR,,OFF_CONTRACT,,2025-05-20
TXN002389,CORPORATE_CARD,SUP0001,Nexa Technologies Pvt Ltd,IT Hardware,Facilities,38016.71,INR,CTR0001,ON_CONTRACT,REQ00883,2026-01-28
TXN002411,CORPORATE_CARD,SUP0015,Voyager Corporate Travel,Travel,Human Resources,14744.06,INR,,OFF_CONTRACT,,2025-09-09
TXN002412,CORPORATE_CARD,SUP0013,Adept Partners,Professional Services,IT,17031.43,INR,,OFF_CONTRACT,,2025-08-31
TXN002417,CORPORATE_CARD,SUP0019,Lumen Creative,Marketing Services,Human Resources,32475.42,INR,CTR0007,ON_CONTRACT,,2025-05-29
TXN002418,CORPORATE_CARD,SUP0023,FleetBridge Cargo,Logistics & Freight,Marketing,6450.01,INR,,OFF_CONTRACT,REQ00479,2025-04-27
TXN002420,CORPORATE_CARD,SUP0001,Nexa Technologies Pvt Ltd,IT Hardware,Facilities,19398.46,INR,CTR0001,ON_CONTRACT,REQ00701,2026-03-26
TXN002427,CORPORATE_CARD,SUP0021,Pulse Marketing Co,Marketing Services,Human Resources,6353.01,INR,,OFF_CONTRACT,,2026-02-02
TXN002433,CORPORATE_CARD,SUP0019,Lumen Creative,,Human Resources,65539.04,INR,CTR0007,ON_CONTRACT,,2025-10-10
TXN002434,CORPORATE_CARD,SUP0021,Pulse Marketing Co,Marketing Services,Logistics,26002.28,INR,,OFF_CONTRACT,REQ00156,2025-05-04
TXN002453,CORPORATE_CARD,SUP0001,Nexa Technologies Pvt Ltd,IT Hardware,IT,40868.45,INR,CTR0001,ON_CONTRACT,,2025-12-01
TXN002455,CORPORATE_CARD,SUP0005,Cloudspan Software,IT Software & Licences,R&D,16566.08,INR,CTR0002,ON_CONTRACT,REQ00322,2025-08-06
TXN002465,CORPORATE_CARD,SUP0012,Cobalt Consulting,Professional Services,Facilities,60058.06,INR,,OFF_CONTRACT,REQ00302,2025-07-02
TXN002472,CORPORATE_CARD,SUP0022,Transcore Logistics,Logistics & Freight,R&D,35679.36,INR,CTR0008,ON_CONTRACT,REQ00748,2025-05-27
TXN002480,CORPORATE_CARD,SUP0023,FleetBridge Cargo,Logistics & Freight,R&D,30753.23,INR,,OFF_CONTRACT,,2025-08-03
TXN002481,CORPORATE_CARD,SUP0015,Voyager Corporate Travel,Travel,R&D,6119.75,INR,,OFF_CONTRACT,,2025-05-08
TXN002488,CORPORATE_CARD,SUP0012,Cobalt Consulting,Professional Services,Logistics,64750.81,INR,,OFF_CONTRACT,,2026-01-08
TXN002489,CORPORATE_CARD,SUP0005,Cloudspan Software,IT Software & Licences,Finance,28936.55,INR,CTR0002,ON_CONTRACT,REQ00611,2025-06-03
TXN002500,CORPORATE_CARD,SUP0002,Zenith Computing,IT Hardware,IT,23435.47,INR,,OFF_CONTRACT,,2025-12-17
TXN002503,CORPORATE_CARD,SUP0015,Voyager Corporate Travel,Travel,Logistics,9658.52,INR,,OFF_CONTRACT,REQ00802,2026-01-07
TXN002505,CORPORATE_CARD,SUP0024,Nexa Technologies,IT Hardware,Marketing,25142.01,INR,,OFF_CONTRACT,REQ00837,2025-08-21
TXN002532,CORPORATE_CARD,SUP0018,Urban Upkeep,Facilities Maintenance,Finance,25951.4,INR,,OFF_CONTRACT,,2026-02-07
TXN002555,CORPORATE_CARD,SUP0008,Orion Office Supplies,Office Supplies,Finance,749.77,INR,CTR0003,ON_CONTRACT,,2025-05-01
TXN002560,CORPORATE_CARD,SUP0025,NEXA TECHNOLOGIES PVT. LTD.,IT Hardware,Operations,36136.78,INR,,OFF_CONTRACT,,2025-05-04
TXN002574,CORPORATE_CARD,SUP0008,Orion Office Supplies,Office Supplies,Marketing,4515.2,INR,CTR0003,ON_CONTRACT,REQ00227,2025-09-05
TXN002586,CORPORATE_CARD,SUP0006,Vertex Licensing,IT Software & Licences,Logistics,28055.73,INR,,OFF_CONTRACT,,2026-03-18
TXN002589,CORPORATE_CARD,SUP0023,FleetBridge Cargo,Logistics & Freight,Finance,8485.76,INR,,OFF_CONTRACT,,2025-12-02
TXN002596,CORPORATE_CARD,SUP0011,Sterling Advisory,Professional Services,Marketing,75189.57,INR,CTR0004,ON_CONTRACT,REQ00213,2025-04-26
TXN002598,CORPORATE_CARD,SUP0017,GreenEdge Services,Facilities Maintenance,IT,7202.94,INR,,OFF_CONTRACT,,2025-06-06
TXN002602,CORPORATE_CARD,SUP0009,Paperline Traders,Office Supplies,Logistics,1453.24,INR,,OFF_CONTRACT,REQ00886,2026-02-06
TXN002610,CORPORATE_CARD,SUP0013,Adept Partners,Professional Services,Finance,10982.22,INR,,OFF_CONTRACT,REQ00663,2026-02-04
TXN002615,CORPORATE_CARD,SUP0008,Orion Office Supplies,Office Supplies,R&D,3915.87,INR,CTR0003,ON_CONTRACT,REQ00206,2026-01-12
TXN002616,CORPORATE_CARD,SUP0018,Urban Upkeep,Facilities Maintenance,Marketing,492896.87,INR,,OFF_CONTRACT,,2026-03-08
TXN002618,CORPORATE_CARD,SUP0011,Sterling Advisory,Professional Services,Logistics,25139.6,INR,CTR0004,ON_CONTRACT,REQ00383,2025-08-15
TXN002622,CORPORATE_CARD,SUP0020,BrightArc Media,Marketing Services,R&D,55493.23,INR,,OFF_CONTRACT,REQ00288,2025-06-04
TXN002628,CORPORATE_CARD,SUP0015,Voyager Corporate Travel,Travel,Operations,14760.61,INR,,OFF_CONTRACT,,2025-06-20
TXN002631,CORPORATE_CARD,SUP0001,Nexa Technologies Pvt Ltd,IT Hardware,Finance,22964.26,INR,CTR0001,ON_CONTRACT,,2025-06-12
TXN002632,CORPORATE_CARD,SUP0005,Cloudspan Software,IT Software & Licences,Human Resources,25248.15,INR,CTR0002,ON_CONTRACT,REQ00215,2025-10-03
TXN002638,CORPORATE_CARD,SUP0025,NEXA TECHNOLOGIES PVT. LTD.,IT Hardware,Facilities,56410.54,INR,,OFF_CONTRACT,REQ00377,2025-09-14
TXN002641,CORPORATE_CARD,SUP0005,Cloudspan Software,IT Software & Licences,Facilities,10093.0,INR,CTR0002,ON_CONTRACT,,2025-07-21
TXN002642,CORPORATE_CARD,SUP0019,Lumen Creative,Marketing Services,IT,6118.05,INR,CTR0007,ON_CONTRACT,REQ00203,2025-10-11
TXN002644,CORPORATE_CARD,SUP0010,Kanban Stationers,Office Supplies,Finance,4967.14,INR,,OFF_CONTRACT,,2025-09-28
TXN002651,CORPORATE_CARD,SUP0013,Adept Partners,Professional Services,Facilities,28483.7,INR,,OFF_CONTRACT,,2025-12-09
TXN002657,CORPORATE_CARD,SUP0018,Urban Upkeep,Facilities Maintenance,Operations,24922.82,INR,,OFF_CONTRACT,REQ00664,2025-05-29
TXN002658,CORPORATE_CARD,SUP0003,BluePeak Systems,IT Hardware,IT,46654.33,INR,,OFF_CONTRACT,REQ00323,2025-07-27
TXN002672,CORPORATE_CARD,SUP0023,FleetBridge Cargo,Logistics & Freight,Operations,12368.45,INR,,OFF_CONTRACT,,2026-03-17
TXN002673,CORPORATE_CARD,SUP0015,Voyager Corporate Travel,Travel,Operations,22537.03,INR,,OFF_CONTRACT,REQ00525,2026-03-11
TXN002682,CORPORATE_CARD,SUP0007,Meridian Softworks,IT Software & Licences,Operations,35442.55,INR,,OFF_CONTRACT,REQ00051,2026-03-22
TXN002683,CORPORATE_CARD,SUP0017,GreenEdge Services,Facilities Maintenance,Marketing,2217.39,INR,,OFF_CONTRACT,REQ00691,2025-07-15
TXN002687,CORPORATE_CARD,SUP0015,Voyager Corporate Travel,Travel,Operations,4889.07,INR,,OFF_CONTRACT,,2025-08-03
TXN002692,CORPORATE_CARD,SUP0023,FleetBridge Cargo,Logistics & Freight,Logistics,11330.19,INR,,OFF_CONTRACT,REQ00873,2025-12-22
TXN002693,CORPORATE_CARD,SUP0018,Urban Upkeep,Facilities Maintenance,Marketing,4082.53,INR,,OFF_CONTRACT,,2025-06-04
TXN002695,CORPORATE_CARD,SUP0020,BrightArc Media,Marketing Services,Marketing,33616.34,INR,,OFF_CONTRACT,,2025-09-30
TXN002706,CORPORATE_CARD,SUP0027,Orion Office Supplies Ltd,Office Supplies,Facilities,9083.04,INR,,OFF_CONTRACT,REQ00193,2025-04-20
TXN002712,CORPORATE_CARD,SUP0006,Vertex Licensing,IT Software & Licences,Logistics,19312.37,INR,,OFF_CONTRACT,,2025-06-12
TXN002717,CORPORATE_CARD,SUP0001,Nexa Technologies Pvt Ltd,IT Hardware,Marketing,54748.38,INR,CTR0001,ON_CONTRACT,REQ00383,2025-04-30
TXN002730,CORPORATE_CARD,SUP0007,Meridian Softworks,IT Software & Licences,Facilities,14847.25,INR,,OFF_CONTRACT,REQ00177,2025-06-29
TXN002731,CORPORATE_CARD,SUP0027,Orion Office Supplies Ltd,Office Supplies,Marketing,4316.72,INR,,OFF_CONTRACT,REQ00370,2025-08-27
TXN002733,CORPORATE_CARD,SUP0015,Voyager Corporate Travel,Travel,IT,5161.0,INR,,OFF_CONTRACT,,2025-07-10
TXN002738,CORPORATE_CARD,SUP0023,FleetBridge Cargo,Logistics & Freight,Marketing,11695.64,INR,,OFF_CONTRACT,,2026-02-01
TXN002749,CORPORATE_CARD,SUP0010,Kanban Stationers,Office Supplies,Facilities,6267.16,INR,,OFF_CONTRACT,,2026-01-01
TXN002782,CORPORATE_CARD,SUP0001,Nexa Technologies Pvt Ltd,IT Hardware,R&D,30034.09,INR,CTR0001,ON_CONTRACT,,2025-09-03
TXN002783,CORPORATE_CARD,SUP0007,Meridian Softworks,IT Software & Licences,Logistics,34856.31,INR,,OFF_CONTRACT,REQ00697,2025-12-11
TXN002784,CORPORATE_CARD,SUP0015,Voyager Corporate Travel,Travel,Facilities,29593.6,INR,,OFF_CONTRACT,,2025-07-09
TXN002786,CORPORATE_CARD,SUP0018,Urban Upkeep,Facilities Maintenance,Human Resources,7623.59,INR,,OFF_CONTRACT,,2025-12-30
TXN002792,CORPORATE_CARD,SUP0018,Urban Upkeep,Facilities Maintenance,Human Resources,21504.72,INR,,OFF_CONTRACT,,2025-05-25
TXN002799,CORPORATE_CARD,SUP0021,Pulse Marketing Co,Marketing Services,Human Resources,25852.16,INR,,OFF_CONTRACT,,2025-08-08
TXN002821,CORPORATE_CARD,SUP0011,Sterling Advisory,Professional Services,R&D,99787.87,INR,CTR0004,ON_CONTRACT,,2025-12-19
TXN002827,CORPORATE_CARD,SUP0006,Vertex Licensing,IT Software & Licences,R&D,39363.09,INR,,OFF_CONTRACT,,2025-05-04
TXN002831,CORPORATE_CARD,SUP0013,Adept Partners,Professional Services,R&D,28073.0,INR,,OFF_CONTRACT,,2025-08-27
TXN002846,CORPORATE_CARD,SUP0016,Prime Facility Care,Facilities Maintenance,Facilities,4902.42,INR,CTR0006,ON_CONTRACT,,2026-01-25
TXN002849,CORPORATE_CARD,SUP0002,Zenith Computing,IT Hardware,Facilities,27931.02,INR,,OFF_CONTRACT,REQ00336,2025-05-02
TXN002850,CORPORATE_CARD,SUP0027,Orion Office Supplies Ltd,Office Supplies,Logistics,2172.17,INR,,OFF_CONTRACT,REQ00776,2025-10-23
TXN002872,CORPORATE_CARD,SUP0023,FleetBridge Cargo,Logistics & Freight,Operations,39712.4,INR,,OFF_CONTRACT,REQ00780,2025-11-30
TXN002876,CORPORATE_CARD,SUP0001,Nexa Technologies Pvt Ltd,IT Hardware,Facilities,19876.68,INR,CTR0001,ON_CONTRACT,,2026-03-01
TXN002878,CORPORATE_CARD,SUP0001,Nexa Technologies Pvt Ltd,IT Hardware,Human Resources,20241.91,INR,CTR0001,ON_CONTRACT,REQ00221,2025-06-21
TXN002880,CORPORATE_CARD,SUP0014,Skyroute Travel,Travel,Logistics,4497.53,INR,CTR0005,ON_CONTRACT,REQ00748,2026-01-11
TXN002887,CORPORATE_CARD,SUP0020,BrightArc Media,Marketing Services,R&D,15557.82,INR,,OFF_CONTRACT,,2026-01-24
TXN002913,CORPORATE_CARD,SUP0023,FleetBridge Cargo,Logistics & Freight,IT,29729.88,INR,,OFF_CONTRACT,,2025-07-21
TXN002917,CORPORATE_CARD,SUP0021,Pulse Marketing Co,Marketing Services,Operations,24238.05,INR,,OFF_CONTRACT,,2026-01-23
TXN002923,CORPORATE_CARD,SUP0009,Paperline Traders,Office Supplies,Facilities,8137.19,INR,,OFF_CONTRACT,REQ00332,2025-08-01
TXN002939,CORPORATE_CARD,SUP0018,Urban Upkeep,Facilities Maintenance,Human Resources,18835.45,INR,,OFF_CONTRACT,REQ00048,2025-09-04
TXN002949,CORPORATE_CARD,SUP0009,Paperline Traders,Office Supplies,Human Resources,2712.37,INR,,OFF_CONTRACT,REQ00495,2025-09-02
TXN002952,CORPORATE_CARD,SUP0005,Cloudspan Software,IT Software & Licences,Finance,35551.21,INR,CTR0002,ON_CONTRACT,REQ00263,2026-01-20
TXN002954,CORPORATE_CARD,SUP0005,Cloudspan Software,IT Software & Licences,Facilities,21185.74,INR,CTR0002,ON_CONTRACT,REQ00475,2025-08-06
TXN002961,CORPORATE_CARD,SUP0009,Paperline Traders,Office Supplies,Operations,2672.08,INR,,OFF_CONTRACT,REQ00716,2025-07-13
TXN002964,CORPORATE_CARD,SUP0006,Vertex Licensing,IT Software & Licences,R&D,38491.86,INR,,OFF_CONTRACT,REQ00768,2025-05-24
TXN002975,CORPORATE_CARD,SUP0003,BluePeak Systems,IT Hardware,Operations,29663.75,INR,,OFF_CONTRACT,,2025-07-05
TXN002978,CORPORATE_CARD,SUP0021,Pulse Marketing Co,Marketing Services,Facilities,3669.33,INR,,OFF_CONTRACT,REQ00871,2025-10-04
TXN002993,CORPORATE_CARD,SUP0023,FleetBridge Cargo,Logistics & Freight,R&D,9008.67,INR,,OFF_CONTRACT,,2025-10-07
TXN002996,CORPORATE_CARD,SUP0022,Transcore Logistics,Logistics & Freight,IT,18353.47,INR,CTR0008,ON_CONTRACT,REQ00499,2025-09-10
TXN002998,CORPORATE_CARD,SUP0017,GreenEdge Services,Facilities Maintenance,Finance,7575.53,INR,,OFF_CONTRACT,REQ00770,2025-10-19
TXN003002,CORPORATE_CARD,SUP0021,Pulse Marketing Co,Marketing Services,Logistics,33862.52,INR,,OFF_CONTRACT,,2025-10-26
TXN003007,CORPORATE_CARD,SUP0018,Urban Upkeep,Facilities Maintenance,Logistics,15866.07,INR,,OFF_CONTRACT,REQ00348,2025-09-24
TXN003024,CORPORATE_CARD,SUP0012,Cobalt Consulting,Professional Services,Marketing,49130.7,INR,,OFF_CONTRACT,,2025-05-31
TXN003025,CORPORATE_CARD,SUP0019,Lumen Creative,Marketing Services,R&D,6688.42,INR,CTR0007,ON_CONTRACT,REQ00851,2025-11-07
TXN003026,CORPORATE_CARD,SUP0020,BrightArc Media,Marketing Services,Human Resources,28738.37,INR,,OFF_CONTRACT,REQ00211,2026-01-27
TXN003027,CORPORATE_CARD,SUP0023,FleetBridge Cargo,Logistics & Freight,R&D,29459.23,INR,,OFF_CONTRACT,REQ00003,2025-11-01
TXN003041,CORPORATE_CARD,SUP0018,Urban Upkeep,Facilities Maintenance,Marketing,3948.27,INR,,OFF_CONTRACT,REQ00509,2025-10-23
TXN003044,CORPORATE_CARD,SUP0012,Cobalt Consulting,Professional Services,Marketing,48536.27,INR,,OFF_CONTRACT,REQ00078,2026-03-26
TXN003046,CORPORATE_CARD,SUP0022,Transcore Logistics,Logistics & Freight,Human Resources,21327.27,INR,CTR0008,ON_CONTRACT,REQ00146,2026-03-26
TXN003049,CORPORATE_CARD,SUP0001,Nexa Technologies Pvt Ltd,IT Hardware,Finance,14626.46,INR,CTR0001,ON_CONTRACT,REQ00326,2025-05-19
TXN003052,CORPORATE_CARD,SUP0008,Orion Office Supplies,Office Supplies,Human Resources,2465.38,INR,CTR0003,ON_CONTRACT,,2025-06-18
TXN003058,CORPORATE_CARD,SUP0003,BluePeak Systems,IT Hardware,Operations,14243.98,INR,,OFF_CONTRACT,,2026-01-03
TXN003059,CORPORATE_CARD,SUP0010,Kanban Stationers,Office Supplies,R&D,1357.72,INR,,OFF_CONTRACT,,2025-04-10
TXN003066,CORPORATE_CARD,SUP0024,Nexa Technologies,IT Hardware,Logistics,18289.73,INR,,OFF_CONTRACT,REQ00420,2025-10-22
TXN003084,CORPORATE_CARD,SUP0006,Vertex Licensing,IT Software & Licences,Marketing,24496.07,INR,,OFF_CONTRACT,REQ00173,2025-08-25
TXN003099,CORPORATE_CARD,SUP0023,FleetBridge Cargo,Logistics & Freight,Finance,4099.8,INR,,OFF_CONTRACT,REQ00466,2026-02-27
TXN003101,CORPORATE_CARD,SUP0016,Prime Facility Care,Facilities Maintenance,Operations,4406.86,INR,CTR0006,ON_CONTRACT,REQ00406,2025-12-04
TXN003106,CORPORATE_CARD,SUP0021,Pulse Marketing Co,Marketing Services,R&D,16223.74,INR,,OFF_CONTRACT,REQ00865,2025-09-09
TXN003107,CORPORATE_CARD,SUP0018,Urban Upkeep,Facilities Maintenance,Facilities,17159.65,INR,,OFF_CONTRACT,,2025-05-01
TXN003115,CORPORATE_CARD,SUP0012,Cobalt Consulting,Professional Services,Facilities,18106.27,INR,,OFF_CONTRACT,REQ00794,2026-01-15
TXN003121,CORPORATE_CARD,SUP0014,Skyroute Travel,Travel,IT,7645.83,INR,CTR0005,ON_CONTRACT,REQ00667,2025-08-08
TXN003128,CORPORATE_CARD,SUP0017,GreenEdge Services,Facilities Maintenance,R&D,4313.16,INR,,OFF_CONTRACT,REQ00434,2026-01-29
TXN003135,CORPORATE_CARD,SUP0009,Paperline Traders,Office Supplies,Facilities,1732.09,INR,,OFF_CONTRACT,,2025-06-19
TXN003140,CORPORATE_CARD,SUP0023,FleetBridge Cargo,Logistics & Freight,Human Resources,7802.55,INR,,OFF_CONTRACT,,2025-12-18
TXN003142,CORPORATE_CARD,SUP0016,Prime Facility Care,Facilities Maintenance,Marketing,17833.96,INR,CTR0006,ON_CONTRACT,REQ00040,2025-10-13
TXN003148,CORPORATE_CARD,SUP0008,Orion Office Supplies,Office Supplies,Operations,6712.04,INR,CTR0003,ON_CONTRACT,REQ00770,2026-01-09
TXN003152,CORPORATE_CARD,SUP0005,Cloudspan Software,IT Software & Licences,Facilities,15356.25,INR,CTR0002,ON_CONTRACT,REQ00130,2025-10-24
TXN003155,CORPORATE_CARD,SUP0012,Cobalt Consulting,Professional Services,Facilities,42433.63,INR,,OFF_CONTRACT,REQ00529,2026-01-20
TXN003168,CORPORATE_CARD,SUP0009,Paperline Traders,Office Supplies,Facilities,1769.61,INR,,OFF_CONTRACT,,2025-12-21
TXN003171,CORPORATE_CARD,SUP0019,Lumen Creative,Marketing Services,Operations,34675.15,INR,CTR0007,ON_CONTRACT,REQ00068,2025-04-03
TXN003187,CORPORATE_CARD,SUP0023,FleetBridge Cargo,Logistics & Freight,Marketing,13799.03,INR,,OFF_CONTRACT,REQ00696,2025-05-31
TXN003188,CORPORATE_CARD,SUP0005,Cloudspan Software,IT Software & Licences,Human Resources,18659.9,INR,CTR0002,ON_CONTRACT,,2025-05-11
TXN003198,CORPORATE_CARD,SUP0012,Cobalt Consulting,Professional Services,Marketing,38555.45,INR,,OFF_CONTRACT,REQ00833,2026-01-10
TXN003204,CORPORATE_CARD,SUP0016,Prime Facility Care,Facilities Maintenance,Logistics,15486.23,INR,CTR0006,ON_CONTRACT,,2026-01-17
TXN003206,CORPORATE_CARD,SUP0021,Pulse Marketing Co,Marketing Services,Finance,42569.87,INR,,OFF_CONTRACT,,2025-12-09
TXN003217,CORPORATE_CARD,SUP0023,FleetBridge Cargo,Logistics & Freight,Finance,11196.3,INR,,OFF_CONTRACT,REQ00356,2025-12-26
TXN003220,CORPORATE_CARD,SUP0016,Prime Facility Care,Facilities Maintenance,Logistics,13268.2,INR,CTR0006,ON_CONTRACT,,2025-09-11
TXN003222,CORPORATE_CARD,SUP0019,Lumen Creative,Marketing Services,Operations,10226.19,INR,CTR0007,ON_CONTRACT,REQ00398,2025-06-03
TXN003227,CORPORATE_CARD,SUP0012,Cobalt Consulting,Professional Services,Operations,30039.33,INR,,OFF_CONTRACT,,2025-10-25
TXN003230,CORPORATE_CARD,SUP0013,Adept Partners,Professional Services,Marketing,18826.04,INR,,OFF_CONTRACT,REQ00245,2026-03-18
TXN003237,CORPORATE_CARD,SUP0014,Skyroute Travel,Travel,Marketing,5338.28,INR,CTR0005,ON_CONTRACT,,2025-12-09
TXN003243,CORPORATE_CARD,SUP0023,FleetBridge Cargo,Logistics & Freight,Marketing,23359.01,INR,,OFF_CONTRACT,REQ00431,2025-06-10
TXN003256,CORPORATE_CARD,SUP0013,Adept Partners,Professional Services,Facilities,24126.46,INR,,OFF_CONTRACT,REQ00051,2025-10-14
TXN003257,CORPORATE_CARD,SUP0005,Cloudspan Software,IT Software & Licences,R&D,19867.73,INR,CTR0002,ON_CONTRACT,REQ00766,2026-01-20
TXN003268,CORPORATE_CARD,SUP0007,Meridian Softworks,IT Software & Licences,Operations,31756.2,INR,,OFF_CONTRACT,REQ00417,2025-12-30
TXN003272,CORPORATE_CARD,SUP0018,Urban Upkeep,Facilities Maintenance,Human Resources,3289.87,INR,,OFF_CONTRACT,,2025-07-18
TXN003278,CORPORATE_CARD,SUP0011,Sterling Advisory,Professional Services,IT,59086.16,INR,CTR0004,ON_CONTRACT,REQ00443,2025-04-01
TXN003292,CORPORATE_CARD,SUP0013,Adept Partners,Professional Services,IT,48440.9,INR,,OFF_CONTRACT,,2025-06-27
TXN003295,CORPORATE_CARD,SUP0023,FleetBridge Cargo,Logistics & Freight,R&D,15808.42,INR,,OFF_CONTRACT,REQ00322,2025-07-13
TXN003307,CORPORATE_CARD,SUP0021,Pulse Marketing Co,Marketing Services,IT,20653.29,INR,,OFF_CONTRACT,REQ00336,2025-11-22
TXN003312,CORPORATE_CARD,SUP0023,FleetBridge Cargo,Logistics & Freight,Human Resources,24724.23,INR,,OFF_CONTRACT,REQ00377,2025-12-17
TXN003316,CORPORATE_CARD,SUP0007,Meridian Softworks,IT Software & Licences,Logistics,34931.38,INR,,OFF_CONTRACT,REQ00895,2025-06-12
TXN003321,CORPORATE_CARD,SUP0022,Transcore Logistics,Logistics & Freight,Marketing,11391.6,INR,CTR0008,ON_CONTRACT,,2025-07-29
TXN003327,CORPORATE_CARD,SUP0010,Kanban Stationers,Office Supplies,Facilities,6584.7,INR,,OFF_CONTRACT,,2025-12-06
TXN003329,CORPORATE_CARD,SUP0008,Orion Office Supplies,Office Supplies,Human Resources,1418.45,INR,CTR0003,ON_CONTRACT,,2025-05-21
TXN003331,CORPORATE_CARD,SUP0015,Voyager Corporate Travel,Travel,Marketing,23154.6,INR,,OFF_CONTRACT,REQ00296,2026-03-07
TXN003340,CORPORATE_CARD,SUP0007,Meridian Softworks,IT Software & Licences,Human Resources,19483.58,INR,,OFF_CONTRACT,REQ00169,2025-07-18
TXN003347,CORPORATE_CARD,SUP0016,Prime Facility Care,Facilities Maintenance,Human Resources,5579.15,INR,CTR0006,ON_CONTRACT,,2026-03-16
TXN003360,CORPORATE_CARD,SUP0017,GreenEdge Services,Facilities Maintenance,Marketing,10352.97,INR,,OFF_CONTRACT,REQ00190,2025-12-14
TXN003361,CORPORATE_CARD,SUP0021,Pulse Marketing Co,Marketing Services,Finance,32939.6,INR,,OFF_CONTRACT,,2025-06-10
TXN003367,CORPORATE_CARD,SUP0007,Meridian Softworks,IT Software & Licences,Operations,8043.54,INR,,OFF_CONTRACT,REQ00315,2025-07-17
TXN003380,CORPORATE_CARD,SUP0019,Lumen Creative,Marketing Services,R&D,29630.46,INR,CTR0007,ON_CONTRACT,REQ00650,2026-01-21
TXN003383,CORPORATE_CARD,SUP0021,Pulse Marketing Co,Marketing Services,Operations,10459.73,INR,,OFF_CONTRACT,,2025-08-25
TXN003385,CORPORATE_CARD,SUP0020,BrightArc Media,Marketing Services,Operations,4797.98,INR,,OFF_CONTRACT,,2026-01-05
TXN003395,CORPORATE_CARD,SUP0015,Voyager Corporate Travel,Travel,R&D,36685.2,INR,,OFF_CONTRACT,,2026-01-16
TXN003397,CORPORATE_CARD,SUP0011,Sterling Advisory,Professional Services,Facilities,34103.77,INR,CTR0004,ON_CONTRACT,REQ00805,2026-01-18
TXN003406,CORPORATE_CARD,SUP0019,Lumen Creative,Marketing Services,IT,22825.43,INR,CTR0007,ON_CONTRACT,REQ00148,2025-06-02
TXN003438,CORPORATE_CARD,SUP0006,Vertex Licensing,IT Software & Licences,Finance,30897.9,INR,,OFF_CONTRACT,REQ00799,2025-11-13
TXN003439,CORPORATE_CARD,SUP0008,Orion Office Supplies,Office Supplies,IT,7649.21,INR,CTR0003,ON_CONTRACT,,2025-11-10
TXN003440,CORPORATE_CARD,SUP0014,Skyroute Travel,Travel,IT,29421.8,INR,CTR0005,ON_CONTRACT,,2025-11-24
TXN003445,CORPORATE_CARD,SUP0001,Nexa Technologies Pvt Ltd,IT Hardware,Operations,62372.36,INR,CTR0001,ON_CONTRACT,REQ00228,2025-09-24
TXN003446,CORPORATE_CARD,SUP0022,Transcore Logistics,Logistics & Freight,Facilities,14381.62,INR,CTR0008,ON_CONTRACT,,2025-05-20
TXN003447,CORPORATE_CARD,SUP0013,Adept Partners,Professional Services,Operations,76387.32,INR,,OFF_CONTRACT,,2025-10-24
TXN003459,CORPORATE_CARD,SUP0008,Orion Office Supplies,Office Supplies,R&D,629152.84,INR,,OFF_CONTRACT,,2025-09-15
TXN003462,CORPORATE_CARD,SUP0011,Sterling Advisory,Professional Services,Finance,18301.4,INR,CTR0004,ON_CONTRACT,REQ00228,2025-05-13
TXN003471,CORPORATE_CARD,SUP0005,Cloudspan Software,IT Software & Licences,Logistics,3631.58,INR,CTR0002,ON_CONTRACT,,2025-05-14
TXN003472,CORPORATE_CARD,SUP0001,Nexa Technologies Pvt Ltd,IT Hardware,Finance,29901.7,INR,CTR0001,ON_CONTRACT,REQ00386,2025-06-14
TXN003473,CORPORATE_CARD,SUP0027,Orion Office Supplies Ltd,Office Supplies,Facilities,5657.81,INR,,OFF_CONTRACT,REQ00378,2025-09-29
TXN003478,CORPORATE_CARD,SUP0013,Adept Partners,Professional Services,Logistics,27660.17,INR,,OFF_CONTRACT,REQ00431,2026-03-31
TXN003483,CORPORATE_CARD,SUP0023,FleetBridge Cargo,Logistics & Freight,Operations,10264.81,INR,,OFF_CONTRACT,REQ00204,2026-03-17
TXN003490,CORPORATE_CARD,SUP0014,Skyroute Travel,Travel,R&D,8991.68,INR,CTR0005,ON_CONTRACT,REQ00074,2025-09-22
TXN003495,CORPORATE_CARD,SUP0023,FleetBridge Cargo,Logistics & Freight,Logistics,16288.64,INR,,OFF_CONTRACT,,2025-08-12
TXN003508,CORPORATE_CARD,SUP0015,Voyager Corporate Travel,Travel,IT,12382.07,INR,,OFF_CONTRACT,REQ00417,2026-02-17
TXN003514,CORPORATE_CARD,SUP0020,BrightArc Media,Marketing Services,Finance,23615.06,INR,,OFF_CONTRACT,,2025-08-08
TXN003519,CORPORATE_CARD,SUP0003,BluePeak Systems,IT Hardware,Facilities,6063.26,INR,,OFF_CONTRACT,REQ00395,2025-12-17
TXN003521,CORPORATE_CARD,SUP0007,Meridian Softworks,IT Software & Licences,IT,11459.0,INR,,OFF_CONTRACT,REQ00640,2026-02-22
TXN003527,CORPORATE_CARD,SUP0022,Transcore Logistics,Logistics & Freight,Marketing,28422.83,INR,CTR0008,ON_CONTRACT,REQ00488,2025-04-22
TXN003533,CORPORATE_CARD,SUP0019,Lumen Creative,Marketing Services,Operations,13949.83,INR,CTR0007,ON_CONTRACT,REQ00808,2025-12-20
TXN003540,CORPORATE_CARD,SUP0023,FleetBridge Cargo,Logistics & Freight,Marketing,6476.57,INR,,OFF_CONTRACT,REQ00710,2025-12-03
TXN003548,CORPORATE_CARD,SUP0027,Orion Office Supplies Ltd,Office Supplies,Operations,720781.88,INR,,OFF_CONTRACT,,2025-07-03
TXN003562,CORPORATE_CARD,SUP0002,Zenith Computing,IT Hardware,IT,40114.17,INR,,OFF_CONTRACT,,2025-09-21
TXN003564,CORPORATE_CARD,SUP0025,NEXA TECHNOLOGIES PVT. LTD.,IT Hardware,R&D,40133.77,INR,,OFF_CONTRACT,,2025-07-21
TXN003568,CORPORATE_CARD,SUP0004,Arcadia IT Traders,IT Hardware,Facilities,55798.43,INR,,OFF_CONTRACT,REQ00615,2025-07-02
TXN003603,CORPORATE_CARD,SUP0014,Skyroute Travel,Travel,Logistics,7636.45,INR,CTR0005,ON_CONTRACT,REQ00738,2025-10-12
TXN003604,CORPORATE_CARD,SUP0023,FleetBridge Cargo,Logistics & Freight,Human Resources,7936.87,INR,,OFF_CONTRACT,REQ00068,2025-08-22
TXN003611,CORPORATE_CARD,SUP0011,Sterling Advisory,Professional Services,R&D,38428.29,INR,CTR0004,ON_CONTRACT,,2026-03-20
TXN003622,CORPORATE_CARD,SUP0012,Cobalt Consulting,Professional Services,Finance,36394.71,INR,,OFF_CONTRACT,,2025-08-19
TXN003628,CORPORATE_CARD,SUP0016,Prime Facility Care,Facilities Maintenance,R&D,22194.29,INR,CTR0006,ON_CONTRACT,REQ00191,2026-01-04
TXN003634,CORPORATE_CARD,SUP0017,GreenEdge Services,Facilities Maintenance,IT,13433.16,INR,,OFF_CONTRACT,,2026-02-10
TXN003657,CORPORATE_CARD,SUP0015,Voyager Corporate Travel,Travel,Marketing,12707.22,INR,,OFF_CONTRACT,REQ00435,2026-01-03
TXN003662,CORPORATE_CARD,SUP0020,BrightArc Media,Marketing Services,Operations,555623.96,INR,,OFF_CONTRACT,REQ00693,2026-03-08
TXN003663,CORPORATE_CARD,SUP0005,Cloudspan Software,IT Software & Licences,IT,9065.33,INR,CTR0002,ON_CONTRACT,REQ00523,2026-01-29
TXN003665,CORPORATE_CARD,SUP0028,ORION OFFICE SUPPLIES,Office Supplies,IT,2640.58,INR,,OFF_CONTRACT,REQ00445,2025-08-02
TXN003671,CORPORATE_CARD,SUP0005,Cloudspan Software,IT Software & Licences,R&D,11986.28,INR,CTR0002,ON_CONTRACT,REQ00363,2025-10-23
TXN003676,CORPORATE_CARD,SUP0022,Transcore Logistics,Logistics & Freight,  it  ,5308.06,INR,CTR0008,ON_CONTRACT,REQ00469,2025-10-31
TXN003681,CORPORATE_CARD,SUP0012,Cobalt Consulting,Professional Services,Facilities,67641.58,INR,,OFF_CONTRACT,,2026-01-21
TXN003701,CORPORATE_CARD,SUP0020,BrightArc Media,Marketing Services,Marketing,44894.84,INR,,OFF_CONTRACT,REQ00286,2025-07-21
TXN003703,CORPORATE_CARD,SUP0007,Meridian Softworks,IT Software & Licences,Facilities,11931.05,INR,,OFF_CONTRACT,,2025-08-09
TXN003708,CORPORATE_CARD,SUP0019,Lumen Creative,Marketing Services,R&D,22511.24,INR,CTR0007,ON_CONTRACT,,2025-09-04
TXN003716,CORPORATE_CARD,SUP0007,Meridian Softworks,IT Software & Licences,Human Resources,11602.66,INR,,OFF_CONTRACT,REQ00685,2025-04-16
TXN003718,CORPORATE_CARD,SUP0023,FleetBridge Cargo,Logistics & Freight,Facilities,8003.21,INR,,OFF_CONTRACT,,2025-10-31
TXN003720,CORPORATE_CARD,SUP0012,Cobalt Consulting,Professional Services,Finance,16070.7,INR,,OFF_CONTRACT,REQ00652,2025-06-08
TXN003721,CORPORATE_CARD,SUP0015,Voyager Corporate Travel,Travel,R&D,12187.92,INR,,OFF_CONTRACT,,2026-03-08
TXN003730,CORPORATE_CARD,SUP0021,Pulse Marketing Co,Marketing Services,Human Resources,38179.99,INR,,OFF_CONTRACT,REQ00256,2026-01-13
TXN003731,CORPORATE_CARD,SUP0009,Paperline Traders,Office Supplies,Logistics,1037.92,INR,,OFF_CONTRACT,REQ00349,2025-04-12
TXN003743,CORPORATE_CARD,SUP0005,Cloudspan Software,IT Software & Licences,Marketing,21565.26,INR,CTR0002,ON_CONTRACT,REQ00711,2025-07-16
TXN003744,CORPORATE_CARD,SUP0017,GreenEdge Services,Facilities Maintenance,Human Resources,3740.59,INR,,OFF_CONTRACT,REQ00018,2026-02-25
TXN003760,CORPORATE_CARD,SUP0023,FleetBridge Cargo,Logistics & Freight,Logistics,33768.65,INR,,OFF_CONTRACT,REQ00714,2025-04-22
TXN003775,CORPORATE_CARD,SUP0007,Meridian Softworks,IT Software & Licences,Human Resources,20659.84,INR,,OFF_CONTRACT,REQ00079,2025-09-07
TXN003777,CORPORATE_CARD,SUP0021,Pulse Marketing Co,Marketing Services,R&D,31602.22,INR,,OFF_CONTRACT,,2025-10-14
TXN003779,CORPORATE_CARD,SUP0020,BrightArc Media,Marketing Services,Human Resources,29393.43,INR,,OFF_CONTRACT,,2026-03-26
TXN003788,CORPORATE_CARD,SUP0005,Cloudspan Software,IT Software & Licences,R&D,22932.42,INR,CTR0002,ON_CONTRACT,REQ00888,2025-12-11
TXN003792,CORPORATE_CARD,SUP0005,Cloudspan Software,IT Software & Licences,IT,5583.68,INR,CTR0002,ON_CONTRACT,,2025-12-24
TXN003793,CORPORATE_CARD,SUP0014,Skyroute Travel,Travel,R&D,25097.91,INR,CTR0005,ON_CONTRACT,REQ00828,2025-12-22
TXN003797,CORPORATE_CARD,SUP0015,Voyager Corporate Travel,Travel,Facilities,20397.27,INR,,OFF_CONTRACT,,2025-10-07
TXN003800,CORPORATE_CARD,SUP0006,Vertex Licensing,IT Software & Licences,Finance,13168.73,INR,,OFF_CONTRACT,,2025-09-30
TXN003806,CORPORATE_CARD,SUP0010,Kanban Stationers,Office Supplies,IT,10242.81,INR,,OFF_CONTRACT,REQ00701,2025-05-13
TXN003810,CORPORATE_CARD,SUP0022,Transcore Logistics,Logistics & Freight,R&D,3294.74,INR,CTR0008,ON_CONTRACT,,2025-04-16
TXN003833,CORPORATE_CARD,SUP0021,Pulse Marketing Co,Marketing Services,R&D,37096.05,INR,,OFF_CONTRACT,,2025-06-16
TXN003834,CORPORATE_CARD,SUP0008,Orion Office Supplies,Office Supplies,Marketing,3782.32,INR,CTR0003,ON_CONTRACT,REQ00169,2025-12-31
TXN003841,CORPORATE_CARD,SUP0023,FleetBridge Cargo,Logistics & Freight,Human Resources,24671.15,INR,,OFF_CONTRACT,,2025-10-15
TXN003849,CORPORATE_CARD,SUP0012,Cobalt Consulting,Professional Services,Human Resources,38061.06,INR,,OFF_CONTRACT,REQ00711,2025-04-26
TXN003855,CORPORATE_CARD,SUP0023,FleetBridge Cargo,Logistics & Freight,Finance,12805.64,INR,,OFF_CONTRACT,,2025-10-20
TXN003857,CORPORATE_CARD,SUP0019,Lumen Creative,Marketing Services,Finance,24715.77,INR,CTR0007,ON_CONTRACT,,2025-06-27
TXN003862,CORPORATE_CARD,SUP0022,Transcore Logistics,Logistics & Freight,Facilities,26249.97,INR,CTR0008,ON_CONTRACT,,2025-05-04
TXN003877,CORPORATE_CARD,SUP0022,Transcore Logistics,Logistics & Freight,Finance,5075.22,INR,CTR0008,ON_CONTRACT,,2025-09-26
TXN003878,CORPORATE_CARD,SUP0025,NEXA TECHNOLOGIES PVT. LTD.,IT Hardware,Logistics,62216.28,INR,,OFF_CONTRACT,,2025-09-02
TXN003887,CORPORATE_CARD,SUP0023,FleetBridge Cargo,Logistics & Freight,Marketing,28390.36,INR,,OFF_CONTRACT,,2025-09-08
TXN003895,CORPORATE_CARD,SUP0012,Cobalt Consulting,Professional Services,Human Resources,71279.86,INR,,OFF_CONTRACT,REQ00023,2025-07-10
TXN003909,CORPORATE_CARD,SUP0005,Cloudspan Software,IT Software & Licences,Human Resources,15014.62,INR,CTR0002,ON_CONTRACT,,2025-08-03
TXN003913,CORPORATE_CARD,SUP0025,NEXA TECHNOLOGIES PVT. LTD.,IT Hardware,Operations,7293.67,INR,,OFF_CONTRACT,,2025-10-11
TXN003916,CORPORATE_CARD,SUP0020,BrightArc Media,Marketing Services,IT,13625.21,INR,,OFF_CONTRACT,REQ00847,2026-03-10
TXN003920,CORPORATE_CARD,SUP0025,NEXA TECHNOLOGIES PVT. LTD.,IT Hardware,Human Resources,44347.56,INR,,OFF_CONTRACT,REQ00834,2026-03-05
TXN003928,CORPORATE_CARD,SUP0013,Adept Partners,Professional Services,Operations,31202.02,INR,,OFF_CONTRACT,,2025-09-15
TXN003939,CORPORATE_CARD,SUP0023,FleetBridge Cargo,Logistics & Freight,Operations,5760.08,INR,,OFF_CONTRACT,REQ00232,2025-06-30
TXN003942,CORPORATE_CARD,SUP0001,Nexa Technologies Pvt Ltd,IT Hardware,Operations,73056.48,INR,CTR0001,ON_CONTRACT,,2026-01-03
TXN003950,CORPORATE_CARD,SUP0004,Arcadia IT Traders,IT Hardware,R&D,22577.97,INR,,OFF_CONTRACT,REQ00532,2025-06-07
TXN003960,CORPORATE_CARD,SUP0021,Pulse Marketing Co,Marketing Services,Finance,5287.16,INR,,OFF_CONTRACT,,2026-02-01
TXN003969,CORPORATE_CARD,SUP0007,Meridian Softworks,IT Software & Licences,Operations,19025.99,INR,,OFF_CONTRACT,,2026-01-21
TXN003975,CORPORATE_CARD,SUP0023,FleetBridge Cargo,Logistics & Freight,IT,6734.75,INR,,OFF_CONTRACT,REQ00501,2025-10-02
TXN003977,CORPORATE_CARD,SUP0008,Orion Office Supplies,Office Supplies,R&D,1769.76,INR,CTR0003,ON_CONTRACT,REQ00896,2025-11-25
TXN003982,CORPORATE_CARD,SUP0012,Cobalt Consulting,Professional Services,Human Resources,32034.72,INR,,OFF_CONTRACT,REQ00609,2025-06-18
TXN003988,CORPORATE_CARD,SUP0024,Nexa Technologies,IT Hardware,Finance,19834.14,INR,,OFF_CONTRACT,REQ00608,2025-05-23
TXN003994,CORPORATE_CARD,SUP0005,Cloudspan Software,IT Software & Licences,Logistics,8882.95,INR,CTR0002,ON_CONTRACT,,2025-07-30
TXN004014,CORPORATE_CARD,SUP0001,Nexa Technologies Pvt Ltd,IT Hardware,R&D,15378.44,INR,CTR0001,ON_CONTRACT,REQ00861,2026-02-25
TXN004016,CORPORATE_CARD,SUP0016,Prime Facility Care,Facilities Maintenance,Marketing,4241.47,INR,CTR0006,ON_CONTRACT,,2025-06-03
TXN004033,CORPORATE_CARD,SUP0012,Cobalt Consulting,Professional Services,Facilities,12905.34,INR,,OFF_CONTRACT,,2025-11-27
TXN004062,CORPORATE_CARD,SUP0007,Meridian Softworks,IT Software & Licences,Finance,7103.29,INR,,OFF_CONTRACT,REQ00674,2025-04-30
TXN004086,CORPORATE_CARD,SUP0020,BrightArc Media,Marketing Services,Operations,6059.59,INR,,OFF_CONTRACT,REQ00288,2025-05-18
TXN004088,CORPORATE_CARD,SUP0011,Sterling Advisory,Professional Services,IT,47414.73,INR,CTR0004,ON_CONTRACT,REQ00462,2025-04-20
TXN004090,CORPORATE_CARD,SUP0023,FleetBridge Cargo,Logistics & Freight,IT,4736.13,INR,,OFF_CONTRACT,REQ00269,2025-09-29
TXN004092,CORPORATE_CARD,SUP0015,Voyager Corporate Travel,Travel,Logistics,5693.19,INR,,OFF_CONTRACT,REQ00634,2026-02-16
TXN004108,CORPORATE_CARD,SUP0014,Skyroute Travel,Travel,Finance,5405.51,INR,CTR0005,ON_CONTRACT,,2025-07-27
TXN004109,CORPORATE_CARD,SUP0005,Cloudspan Software,IT Software & Licences,Finance,42914.77,INR,CTR0002,ON_CONTRACT,REQ00002,2025-04-29
TXN004111,CORPORATE_CARD,SUP0011,Sterling Advisory,Professional Services,Logistics,69258.38,INR,CTR0004,ON_CONTRACT,REQ00466,2025-07-20
TXN004123,CORPORATE_CARD,SUP0001,Nexa Technologies Pvt Ltd,IT Hardware,IT,26911.18,INR,CTR0001,ON_CONTRACT,REQ00083,2025-05-27
TXN004130,CORPORATE_CARD,SUP0022,Transcore Logistics,Logistics & Freight,Finance,3310.96,INR,CTR0008,ON_CONTRACT,,2025-11-01
TXN004135,CORPORATE_CARD,SUP0013,Adept Partners,Professional Services,R&D,53885.09,INR,,OFF_CONTRACT,REQ00857,2025-08-03
TXN004140,CORPORATE_CARD,SUP0014,Skyroute Travel,Travel,R&D,12526.22,INR,CTR0005,ON_CONTRACT,,2026-01-03
TXN004143,CORPORATE_CARD,SUP0006,Vertex Licensing,IT Software & Licences,IT,8175.51,INR,,OFF_CONTRACT,,2025-10-16
TXN004148,CORPORATE_CARD,SUP0017,GreenEdge Services,Facilities Maintenance,Logistics,10930.26,INR,,OFF_CONTRACT,,2026-01-18
TXN004162,CORPORATE_CARD,SUP0006,Vertex Licensing,IT Software & Licences,IT,5938.97,INR,,OFF_CONTRACT,,2025-05-12
TXN004163,CORPORATE_CARD,SUP0001,Nexa Technologies Pvt Ltd,IT Hardware,Marketing,39251.82,INR,CTR0001,ON_CONTRACT,REQ00899,2025-06-28
TXN004169,CORPORATE_CARD,SUP0020,BrightArc Media,Marketing Services,IT,15487.94,INR,,OFF_CONTRACT,REQ00286,2025-08-08
TXN004174,CORPORATE_CARD,SUP0018,Urban Upkeep,Facilities Maintenance,R&D,16421.92,INR,,OFF_CONTRACT,REQ00737,2025-07-09
TXN004180,CORPORATE_CARD,SUP0017,GreenEdge Services,Facilities Maintenance,R&D,11350.53,INR,,OFF_CONTRACT,REQ00085,2025-11-14
TXN004184,CORPORATE_CARD,SUP0017,GreenEdge Services,Facilities Maintenance,IT,7498.64,INR,,OFF_CONTRACT,REQ00813,2025-09-28
TXN004191,CORPORATE_CARD,SUP0014,Skyroute Travel,Travel,Operations,11940.47,INR,CTR0005,ON_CONTRACT,REQ00508,2025-08-22
TXN004200,CORPORATE_CARD,SUP0020,BrightArc Media,Marketing Services,Human Resources,45523.75,INR,,OFF_CONTRACT,,2025-09-29
TXN004204,CORPORATE_CARD,SUP0023,FleetBridge Cargo,Logistics & Freight,Human Resources,35795.23,INR,,OFF_CONTRACT,,2025-07-21
TXN004212,CORPORATE_CARD,SUP0013,Adept Partners,Professional Services,Marketing,40629.98,INR,,OFF_CONTRACT,REQ00707,2025-04-28
TXN004221,CORPORATE_CARD,SUP0013,Adept Partners,Professional Services,Finance,27141.86,INR,,OFF_CONTRACT,REQ00005,2025-08-10
TXN004223,CORPORATE_CARD,SUP0009,Paperline Traders,Office Supplies,Logistics,6311.24,INR,,OFF_CONTRACT,,2026-02-05
TXN004227,CORPORATE_CARD,SUP0001,Nexa Technologies Pvt Ltd,IT Hardware,Finance,15893.6,INR,CTR0001,ON_CONTRACT,,2026-03-13
TXN004231,CORPORATE_CARD,SUP0006,Vertex Licensing,IT Software & Licences,Operations,27967.8,INR,,OFF_CONTRACT,,2026-02-20
TXN004241,CORPORATE_CARD,SUP0022,Transcore Logistics,Logistics & Freight,Marketing,28937.06,INR,CTR0008,ON_CONTRACT,REQ00223,2025-11-18
TXN004248,CORPORATE_CARD,SUP0004,Arcadia IT Traders,IT Hardware,Logistics,19175.58,INR,,OFF_CONTRACT,,2026-01-21
TXN004250,CORPORATE_CARD,SUP0015,Voyager Corporate Travel,Travel,Facilities,19374.88,INR,,OFF_CONTRACT,,2025-04-10
TXN004252,CORPORATE_CARD,SUP0022,Transcore Logistics,Logistics & Freight,R&D,4996.96,INR,CTR0008,ON_CONTRACT,REQ00106,2025-10-05
TXN004270,CORPORATE_CARD,SUP0018,Urban Upkeep,Facilities Maintenance,Human Resources,17756.51,INR,,OFF_CONTRACT,,2025-04-18
TXN004277,CORPORATE_CARD,SUP0019,Lumen Creative,Marketing Services,Operations,12626.7,INR,CTR0007,ON_CONTRACT,,2026-03-21
TXN004279,CORPORATE_CARD,SUP0014,Skyroute Travel,Travel,Marketing,7994.27,INR,CTR0005,ON_CONTRACT,REQ00872,2025-09-17
TXN004282,CORPORATE_CARD,SUP0023,FleetBridge Cargo,Logistics & Freight,R&D,22757.46,INR,,OFF_CONTRACT,REQ00179,2026-01-24
TXN004292,CORPORATE_CARD,SUP0015,Voyager Corporate Travel,Travel,Finance,4010.68,INR,,OFF_CONTRACT,REQ00072,2025-10-02
TXN004312,CORPORATE_CARD,SUP0018,Urban Upkeep,Facilities Maintenance,R&D,19543.88,INR,,OFF_CONTRACT,REQ00666,2025-06-06
TXN004313,CORPORATE_CARD,SUP0023,FleetBridge Cargo,Logistics & Freight,Finance,3592.86,INR,,OFF_CONTRACT,REQ00723,2026-01-25
TXN004320,CORPORATE_CARD,SUP0015,Voyager Corporate Travel,Travel,R&D,11066.4,INR,,OFF_CONTRACT,,2025-08-31
TXN004323,CORPORATE_CARD,SUP0028,ORION OFFICE SUPPLIES,Office Supplies,IT,4464.53,INR,,OFF_CONTRACT,REQ00870,2025-11-03
TXN004324,CORPORATE_CARD,SUP0008,Orion Office Supplies,Office Supplies,Human Resources,5646.04,INR,CTR0003,ON_CONTRACT,,2025-11-02
TXN004345,CORPORATE_CARD,SUP0016,Prime Facility Care,Facilities Maintenance,IT,11595.06,INR,CTR0006,ON_CONTRACT,,2025-08-23
TXN004354,CORPORATE_CARD,SUP0006,Vertex Licensing,IT Software & Licences,Facilities,27810.23,INR,,OFF_CONTRACT,,2025-05-26
TXN004358,CORPORATE_CARD,SUP0002,Zenith Computing,IT Hardware,Facilities,51299.87,INR,,OFF_CONTRACT,,2025-12-02
TXN004373,CORPORATE_CARD,SUP0012,Cobalt Consulting,Professional Services,Logistics,11316.47,INR,,OFF_CONTRACT,REQ00538,2025-09-14
TXN004387,CORPORATE_CARD,SUP0016,Prime Facility Care,Facilities Maintenance,Human Resources,15604.86,INR,CTR0006,ON_CONTRACT,REQ00408,2025-12-13
TXN004390,CORPORATE_CARD,SUP0015,Voyager Corporate Travel,Travel,Operations,4487.17,INR,,OFF_CONTRACT,,2025-05-15
TXN004393,CORPORATE_CARD,SUP0008,Orion Office Supplies,Office Supplies,Operations,6200.69,INR,CTR0003,ON_CONTRACT,REQ00544,2025-07-28
TXN004397,CORPORATE_CARD,SUP0011,Sterling Advisory,Professional Services,IT,23310.2,INR,CTR0004,ON_CONTRACT,REQ00836,2025-12-27
TXN004401,CORPORATE_CARD,SUP0015,Voyager Corporate Travel,Travel,Facilities,5040.25,INR,,OFF_CONTRACT,,2026-03-23
TXN004405,CORPORATE_CARD,SUP0008,Orion Office Supplies,Office Supplies,Operations,9775.55,INR,CTR0003,ON_CONTRACT,,2025-11-03
TXN004406,CORPORATE_CARD,SUP0015,Voyager Corporate Travel,Travel,IT,22828.06,INR,,OFF_CONTRACT,REQ00456,2025-04-07
TXN004410,CORPORATE_CARD,SUP0014,Skyroute Travel,Travel,Operations,18246.36,INR,CTR0005,ON_CONTRACT,REQ00360,2025-06-16
TXN004413,CORPORATE_CARD,SUP0017,GreenEdge Services,Facilities Maintenance,Finance,21857.16,INR,,OFF_CONTRACT,REQ00134,2025-05-04
TXN004417,CORPORATE_CARD,SUP0016,Prime Facility Care,Facilities Maintenance,Operations,8403.06,INR,CTR0006,ON_CONTRACT,,2026-03-10
TXN004422,CORPORATE_CARD,SUP0025,NEXA TECHNOLOGIES PVT. LTD.,IT Hardware,R&D,47409.21,INR,,OFF_CONTRACT,REQ00737,2025-07-14
TXN004429,CORPORATE_CARD,SUP0028,ORION OFFICE SUPPLIES,Office Supplies,R&D,1820.1,INR,,OFF_CONTRACT,,2025-06-30
TXN004438,CORPORATE_CARD,SUP0015,Voyager Corporate Travel,Travel,Marketing,15740.03,INR,,OFF_CONTRACT,,2025-08-18
TXN004440,CORPORATE_CARD,SUP0013,Adept Partners,Professional Services,Operations,29703.4,INR,,OFF_CONTRACT,REQ00786,2025-10-26
TXN004445,CORPORATE_CARD,SUP0001,Nexa Technologies Pvt Ltd,IT Hardware,Human Resources,21563.58,INR,CTR0001,ON_CONTRACT,,2025-04-18
TXN004448,CORPORATE_CARD,SUP0005,Cloudspan Software,IT Software & Licences,IT,41271.41,INR,CTR0002,ON_CONTRACT,REQ00225,2025-11-12
TXN004465,CORPORATE_CARD,SUP0014,Skyroute Travel,Travel,Human Resources,17392.85,INR,CTR0005,ON_CONTRACT,,2026-01-31
TXN004470,CORPORATE_CARD,SUP0022,Transcore Logistics,Logistics & Freight,Operations,17491.56,INR,CTR0008,ON_CONTRACT,REQ00518,2025-11-18
TXN004473,CORPORATE_CARD,SUP0020,BrightArc Media,Marketing Services,R&D,18403.96,INR,,OFF_CONTRACT,REQ00774,2025-11-16
TXN004484,CORPORATE_CARD,SUP0025,NEXA TECHNOLOGIES PVT. LTD.,IT Hardware,R&D,18974.0,INR,,OFF_CONTRACT,REQ00822,2026-02-06
TXN004488,CORPORATE_CARD,SUP0017,GreenEdge Services,Facilities Maintenance,Human Resources,8277.06,INR,,OFF_CONTRACT,,2025-05-01
TXN004492,CORPORATE_CARD,SUP0019,Lumen Creative,Marketing Services,IT,42292.83,INR,CTR0007,ON_CONTRACT,REQ00849,2025-09-02
TXN004493,CORPORATE_CARD,SUP0007,Meridian Softworks,IT Software & Licences,R&D,15993.37,INR,,OFF_CONTRACT,REQ00835,2025-07-24
TXN004499,CORPORATE_CARD,SUP0005,Cloudspan Software,IT Software & Licences,R&D,15783.79,INR,CTR0002,ON_CONTRACT,REQ00084,2025-12-13
TXN004506,CORPORATE_CARD,SUP0018,Urban Upkeep,Facilities Maintenance,Facilities,6145.73,INR,,OFF_CONTRACT,REQ00186,2025-10-30
TXN004509,CORPORATE_CARD,SUP0019,Lumen Creative,Marketing Services,Marketing,31847.7,INR,CTR0007,ON_CONTRACT,,2026-03-30
TXN004511,CORPORATE_CARD,SUP0016,Prime Facility Care,Facilities Maintenance,Marketing,7790.77,INR,CTR0006,ON_CONTRACT,REQ00807,2025-06-17
TXN004513,CORPORATE_CARD,SUP0007,Meridian Softworks,IT Software & Licences,R&D,8363.27,INR,,OFF_CONTRACT,,2025-04-25
TXN004516,CORPORATE_CARD,SUP0001,Nexa Technologies Pvt Ltd,IT Hardware,Facilities,34567.56,INR,CTR0001,ON_CONTRACT,,2025-12-12
TXN004522,CORPORATE_CARD,SUP0014,Skyroute Travel,Travel,Logistics,8565.36,INR,CTR0005,ON_CONTRACT,,2026-02-28
TXN004533,CORPORATE_CARD,SUP0010,Kanban Stationers,Office Supplies,Operations,1491.44,INR,,OFF_CONTRACT,REQ00350,2025-10-17
TXN004540,CORPORATE_CARD,SUP0015,Voyager Corporate Travel,Travel,Human Resources,5894.78,INR,,OFF_CONTRACT,,2026-01-01
TXN004546,CORPORATE_CARD,SUP0022,Transcore Logistics,Logistics & Freight,Finance,31091.87,INR,CTR0008,ON_CONTRACT,REQ00485,2025-11-18
TXN004549,CORPORATE_CARD,SUP0018,Urban Upkeep,Facilities Maintenance,Facilities,9448.91,INR,,OFF_CONTRACT,REQ00478,2025-12-26
TXN004554,CORPORATE_CARD,SUP0023,FleetBridge Cargo,Logistics & Freight,Facilities,14260.24,INR,,OFF_CONTRACT,,2025-07-20
TXN004555,CORPORATE_CARD,SUP0019,Lumen Creative,Marketing Services,Marketing,15223.44,INR,CTR0007,ON_CONTRACT,REQ00098,2026-03-03
TXN004573,CORPORATE_CARD,SUP0022,Transcore Logistics,Logistics & Freight,Marketing,6324.44,INR,CTR0008,ON_CONTRACT,REQ00186,2026-03-18
TXN004578,CORPORATE_CARD,SUP0004,Arcadia IT Traders,IT Hardware,Finance,15475.38,INR,,OFF_CONTRACT,,2025-05-19
TXN004579,CORPORATE_CARD,SUP0008,Orion Office Supplies,Office Supplies,Human Resources,5611.02,INR,CTR0003,ON_CONTRACT,,2026-01-13
TXN004582,CORPORATE_CARD,SUP0011,Sterling Advisory,Professional Services,Human Resources,30299.36,INR,CTR0004,ON_CONTRACT,,2025-07-25
TXN004586,CORPORATE_CARD,SUP0021,Pulse Marketing Co,Marketing Services,R&D,38942.65,INR,,OFF_CONTRACT,REQ00533,2025-12-09
TXN004593,CORPORATE_CARD,SUP0015,Voyager Corporate Travel,Travel,Facilities,13516.71,INR,,OFF_CONTRACT,REQ00600,2026-02-04
TXN004596,CORPORATE_CARD,SUP0003,BluePeak Systems,IT Hardware,R&D,40213.95,INR,,OFF_CONTRACT,REQ00038,2026-01-25
TXN004599,CORPORATE_CARD,SUP0010,Kanban Stationers,Office Supplies,Finance,3291.35,INR,,OFF_CONTRACT,REQ00699,2025-11-14
TXN004601,CORPORATE_CARD,SUP0018,Urban Upkeep,Facilities Maintenance,Operations,8768.5,INR,,OFF_CONTRACT,,2025-07-03
TXN004610,CORPORATE_CARD,SUP0018,Urban Upkeep,Facilities Maintenance,Operations,6158.66,INR,,OFF_CONTRACT,REQ00174,2026-02-02
TXN004615,CORPORATE_CARD,SUP0005,Cloudspan Software,IT Software & Licences,IT,9899.5,INR,CTR0002,ON_CONTRACT,,2025-08-20
TXN004617,CORPORATE_CARD,SUP0007,Meridian Softworks,IT Software & Licences,IT,26570.24,INR,,OFF_CONTRACT,REQ00047,2025-06-12
TXN004632,CORPORATE_CARD,SUP0008,Orion Office Supplies,Office Supplies,Facilities,3916.32,INR,CTR0003,ON_CONTRACT,REQ00504,2025-11-23
TXN004633,CORPORATE_CARD,SUP0015,Voyager Corporate Travel,Travel,Operations,22602.03,INR,,OFF_CONTRACT,,2025-08-06
TXN004642,CORPORATE_CARD,SUP0023,FleetBridge Cargo,Logistics & Freight,Human Resources,11421.04,INR,,OFF_CONTRACT,,2025-04-22
TXN004645,CORPORATE_CARD,SUP0008,Orion Office Supplies,Office Supplies,Marketing,3027.95,INR,CTR0003,ON_CONTRACT,REQ00665,2025-04-20
TXN004648,CORPORATE_CARD,SUP0002,Zenith Computing,IT Hardware,Marketing,11873.06,INR,,OFF_CONTRACT,,2025-07-16
TXN004654,CORPORATE_CARD,SUP0023,FleetBridge Cargo,Logistics & Freight,Marketing,34267.84,INR,,OFF_CONTRACT,REQ00734,2025-09-16
TXN004658,CORPORATE_CARD,SUP0016,Prime Facility Care,Facilities Maintenance,Facilities,16409.66,INR,CTR0006,ON_CONTRACT,REQ00347,2026-01-28
TXN004660,CORPORATE_CARD,SUP0017,GreenEdge Services,Facilities Maintenance,Finance,15224.17,INR,,OFF_CONTRACT,REQ00726,2025-08-29
TXN004668,CORPORATE_CARD,SUP0023,FleetBridge Cargo,Logistics & Freight,Finance,12660.68,INR,,OFF_CONTRACT,,2026-02-02
TXN004673,CORPORATE_CARD,SUP0009,Paperline Traders,Office Supplies,Human Resources,5029.43,INR,,OFF_CONTRACT,,2025-05-28
TXN004682,CORPORATE_CARD,SUP0013,Adept Partners,Professional Services,Finance,14834.5,INR,,OFF_CONTRACT,,2025-04-13
TXN004687,CORPORATE_CARD,SUP0011,Sterling Advisory,Professional Services,Facilities,21162.71,INR,CTR0004,ON_CONTRACT,,2026-02-09
TXN004696,CORPORATE_CARD,SUP0013,Adept Partners,Professional Services,Finance,56305.17,INR,,OFF_CONTRACT,REQ00448,2025-10-24
TXN004706,CORPORATE_CARD,SUP0021,Pulse Marketing Co,Marketing Services,R&D,30633.46,INR,,OFF_CONTRACT,,2025-04-02
TXN004711,CORPORATE_CARD,SUP0009,Paperline Traders,Office Supplies,Finance,3251.04,INR,,OFF_CONTRACT,REQ00256,2025-09-14
TXN004744,CORPORATE_CARD,SUP0014,Skyroute Travel,Travel,Human Resources,14852.13,INR,CTR0005,ON_CONTRACT,REQ00790,2025-08-13
TXN004747,CORPORATE_CARD,SUP0008,Orion Office Supplies,Office Supplies,Logistics,2492.72,INR,CTR0003,ON_CONTRACT,REQ00658,2026-01-02
TXN004750,CORPORATE_CARD,SUP0011,Sterling Advisory,Professional Services,Finance,92640.48,INR,CTR0004,ON_CONTRACT,,2026-01-27
TXN004756,CORPORATE_CARD,SUP0017,GreenEdge Services,Facilities Maintenance,R&D,22701.16,INR,,OFF_CONTRACT,REQ00132,2026-02-18
TXN004758,CORPORATE_CARD,SUP0006,Vertex Licensing,IT Software & Licences,Facilities,41751.61,INR,,OFF_CONTRACT,,2026-01-18
TXN004759,CORPORATE_CARD,SUP0001,Nexa Technologies Pvt Ltd,IT Hardware,Marketing,15878.14,INR,CTR0001,ON_CONTRACT,REQ00416,2026-03-08
TXN004761,CORPORATE_CARD,SUP0001,Nexa Technologies Pvt Ltd,IT Hardware,Marketing,28895.73,INR,CTR0001,ON_CONTRACT,,2025-05-22
TXN004772,CORPORATE_CARD,SUP0020,BrightArc Media,Marketing Services,Logistics,14297.52,INR,,OFF_CONTRACT,REQ00092,2026-01-17
TXN004775,CORPORATE_CARD,SUP0010,Kanban Stationers,Office Supplies,Finance,3755.87,INR,,OFF_CONTRACT,,2025-07-01
TXN004785,CORPORATE_CARD,SUP0022,Transcore Logistics,Logistics & Freight,Operations,14210.99,INR,CTR0008,ON_CONTRACT,REQ00719,2025-10-09
TXN004789,CORPORATE_CARD,SUP0013,Adept Partners,Professional Services,IT,33264.69,INR,,OFF_CONTRACT,,2025-05-05
TXN004809,CORPORATE_CARD,SUP0005,Cloudspan Software,IT Software & Licences,Finance,12878.56,INR,CTR0002,ON_CONTRACT,REQ00823,2025-09-03
TXN004816,CORPORATE_CARD,SUP0019,Lumen Creative,Marketing Services,Marketing,47242.01,INR,CTR0007,ON_CONTRACT,REQ00819,2026-02-02
TXN004822,CORPORATE_CARD,SUP0010,Kanban Stationers,Office Supplies,R&D,3202.87,INR,,OFF_CONTRACT,REQ00084,2026-02-17
TXN004830,CORPORATE_CARD,SUP0005,Cloudspan Software,IT Software & Licences,Logistics,26541.29,INR,CTR0002,ON_CONTRACT,,2025-06-14
TXN004833,CORPORATE_CARD,SUP0021,Pulse Marketing Co,Marketing Services,Marketing,35792.24,INR,,OFF_CONTRACT,REQ00674,2025-05-23
TXN004837,CORPORATE_CARD,SUP0012,Cobalt Consulting,Professional Services,R&D,31023.67,INR,,OFF_CONTRACT,,2026-01-29
TXN004838,CORPORATE_CARD,SUP0028,ORION OFFICE SUPPLIES,Office Supplies,IT,2827.35,INR,,OFF_CONTRACT,REQ00835,2025-11-27
TXN004845,CORPORATE_CARD,SUP0018,Urban Upkeep,Facilities Maintenance,Logistics,8861.57,INR,,OFF_CONTRACT,REQ00110,2026-03-11
TXN004863,CORPORATE_CARD,SUP0023,FleetBridge Cargo,Logistics & Freight,R&D,4291.32,INR,,OFF_CONTRACT,REQ00892,2025-04-24
TXN004866,CORPORATE_CARD,SUP0014,Skyroute Travel,Travel,Marketing,22723.56,INR,CTR0005,ON_CONTRACT,,2026-01-31
TXN004868,CORPORATE_CARD,SUP0019,Lumen Creative,Marketing Services,Logistics,15917.5,INR,CTR0007,ON_CONTRACT,,2025-11-19
TXN004869,CORPORATE_CARD,SUP0022,Transcore Logistics,Logistics & Freight,Operations,788702.02,INR,,OFF_CONTRACT,REQ00476,2026-03-03
TXN004873,CORPORATE_CARD,SUP0019,Lumen Creative,Marketing Services,Operations,18401.78,INR,CTR0007,ON_CONTRACT,REQ00552,2026-01-10
TXN004875,CORPORATE_CARD,SUP0001,Nexa Technologies Pvt Ltd,IT Hardware,Finance,13016.05,INR,CTR0001,ON_CONTRACT,REQ00635,2025-07-08
TXN004876,CORPORATE_CARD,SUP0007,Meridian Softworks,IT Software & Licences,Marketing,18274.6,INR,,OFF_CONTRACT,REQ00286,2025-09-04
TXN004883,CORPORATE_CARD,SUP0020,BrightArc Media,Marketing Services,Marketing,39771.64,INR,,OFF_CONTRACT,,2025-05-25
TXN004895,CORPORATE_CARD,SUP0006,Vertex Licensing,IT Software & Licences,Marketing,22996.99,INR,,OFF_CONTRACT,REQ00862,2026-01-19
TXN004911,CORPORATE_CARD,SUP0027,Orion Office Supplies Ltd,Office Supplies,IT,3753.8,INR,,OFF_CONTRACT,REQ00197,2025-06-08
TXN004925,CORPORATE_CARD,SUP0012,Cobalt Consulting,Professional Services,R&D,11387.32,INR,,OFF_CONTRACT,,2025-10-02
TXN004928,CORPORATE_CARD,SUP0015,Voyager Corporate Travel,Travel,Marketing,8051.66,INR,,OFF_CONTRACT,REQ00587,2025-10-01
TXN004930,CORPORATE_CARD,SUP0014,Skyroute Travel,Travel,Finance,20913.55,INR,CTR0005,ON_CONTRACT,,2025-09-29
TXN004935,CORPORATE_CARD,SUP0020,BrightArc Media,Marketing Services,IT,33611.51,INR,,OFF_CONTRACT,REQ00399,2025-09-20
TXN004938,CORPORATE_CARD,SUP0004,Arcadia IT Traders,IT Hardware,Marketing,40040.44,INR,,OFF_CONTRACT,,2025-12-26
TXN004959,CORPORATE_CARD,SUP0022,Transcore Logistics,Logistics & Freight,Finance,6907.37,INR,CTR0008,ON_CONTRACT,,2025-05-20
TXN004961,CORPORATE_CARD,SUP0021,Pulse Marketing Co,Marketing Services,Finance,18159.43,INR,,OFF_CONTRACT,REQ00128,2025-08-26
TXN004966,CORPORATE_CARD,SUP0019,Lumen Creative,Marketing Services,Finance,20573.41,INR,CTR0007,ON_CONTRACT,REQ00458,2025-08-17
TXN004968,CORPORATE_CARD,SUP0015,Voyager Corporate Travel,Travel,Finance,400423.74,INR,,OFF_CONTRACT,REQ00485,2025-04-27
TXN004973,CORPORATE_CARD,SUP0009,Paperline Traders,Office Supplies,Operations,6116.99,INR,,OFF_CONTRACT,,2025-12-11
TXN004989,CORPORATE_CARD,SUP0006,Vertex Licensing,IT Software & Licences,R&D,571383.59,INR,,OFF_CONTRACT,REQ00265,2026-03-18
TXN004992,CORPORATE_CARD,SUP0011,Sterling Advisory,Professional Services,Human Resources,24390.75,INR,CTR0004,ON_CONTRACT,,2025-09-27
TXN004996,CORPORATE_CARD,SUP0014,Skyroute Travel,Travel,Logistics,24269.16,INR,CTR0005,ON_CONTRACT,,2025-10-22
TXN005003,CORPORATE_CARD,SUP0022,Transcore Logistics,Logistics & Freight,IT,23181.4,INR,CTR0008,ON_CONTRACT,REQ00820,2025-12-02
TXN005013,CORPORATE_CARD,SUP0013,Adept Partners,Professional Services,R&D,49164.1,INR,,OFF_CONTRACT,,2025-05-05
TXN005015,CORPORATE_CARD,SUP0001,Nexa Technologies Pvt Ltd,IT Hardware,R&D,20795.34,INR,CTR0001,ON_CONTRACT,REQ00882,2025-11-04
TXN005026,CORPORATE_CARD,SUP0010,Kanban Stationers,Office Supplies,IT,2507.51,INR,,OFF_CONTRACT,,2025-09-08
TXN005032,CORPORATE_CARD,SUP0022,Transcore Logistics,Logistics & Freight,Operations,11360.8,INR,CTR0008,ON_CONTRACT,,2025-06-06
TXN005033,CORPORATE_CARD,SUP0023,FleetBridge Cargo,Logistics & Freight,Logistics,17468.94,INR,,OFF_CONTRACT,REQ00449,2025-06-05
TXN005038,CORPORATE_CARD,SUP0013,Adept Partners,Professional Services,Finance,78171.19,INR,,OFF_CONTRACT,REQ00295,2025-11-15
TXN005039,CORPORATE_CARD,SUP0023,FleetBridge Cargo,Logistics & Freight,IT,28933.47,INR,,OFF_CONTRACT,REQ00115,2026-03-19
TXN005042,CORPORATE_CARD,SUP0007,Meridian Softworks,IT Software & Licences,Finance,34315.82,INR,,OFF_CONTRACT,,2025-04-24
TXN005048,CORPORATE_CARD,SUP0023,FleetBridge Cargo,Logistics & Freight,Operations,10165.81,INR,,OFF_CONTRACT,REQ00769,2025-10-08
TXN005052,CORPORATE_CARD,SUP0022,Transcore Logistics,Logistics & Freight,Operations,34620.18,INR,CTR0008,ON_CONTRACT,REQ00823,2025-11-02
TXN005053,CORPORATE_CARD,SUP0013,Adept Partners,Professional Services,Human Resources,31290.29,INR,,OFF_CONTRACT,,2025-05-04
TXN005056,CORPORATE_CARD,SUP0018,Urban Upkeep,Facilities Maintenance,Finance,22161.36,INR,,OFF_CONTRACT,,2026-01-15
TXN005059,CORPORATE_CARD,SUP0014,Skyroute Travel,Travel,Marketing,9489.48,INR,CTR0005,ON_CONTRACT,,2025-06-05
TXN005064,CORPORATE_CARD,SUP0008,Orion Office Supplies,Office Supplies,Marketing,2004.58,INR,CTR0003,ON_CONTRACT,REQ00688,2025-07-07
TXN005065,CORPORATE_CARD,SUP0008,Orion Office Supplies,Office Supplies,Human Resources,3030.4,INR,CTR0003,ON_CONTRACT,,2025-06-08
TXN005070,CORPORATE_CARD,SUP0021,Pulse Marketing Co,Marketing Services,Marketing,6927.33,INR,,OFF_CONTRACT,,2025-09-30
TXN005074,CORPORATE_CARD,SUP0021,Pulse Marketing Co,Marketing Services,Human Resources,6381.51,INR,,OFF_CONTRACT,REQ00198,2026-03-11
TXN005082,CORPORATE_CARD,SUP0006,Vertex Licensing,IT Software & Licences,Marketing,6023.1,INR,,OFF_CONTRACT,,2025-07-14
TXN005083,CORPORATE_CARD,SUP0022,Transcore Logistics,Logistics & Freight,Facilities,27140.98,INR,CTR0008,ON_CONTRACT,,2025-06-20
TXN005085,CORPORATE_CARD,SUP0010,Kanban Stationers,Office Supplies,Operations,1440.35,INR,,OFF_CONTRACT,REQ00200,2025-08-03
TXN005086,CORPORATE_CARD,SUP0020,BrightArc Media,Marketing Services,Marketing,32073.19,INR,,OFF_CONTRACT,REQ00497,2025-04-24
TXN005088,CORPORATE_CARD,SUP0008,Orion Office Supplies,Office Supplies,Facilities,1435.9,INR,CTR0003,ON_CONTRACT,,2025-11-20
TXN005090,CORPORATE_CARD,SUP0007,Meridian Softworks,IT Software & Licences,R&D,10333.91,INR,,OFF_CONTRACT,,2025-07-18
TXN005096,CORPORATE_CARD,SUP0012,Cobalt Consulting,Professional Services,Marketing,45189.85,INR,,OFF_CONTRACT,REQ00683,2026-03-15
TXN005098,CORPORATE_CARD,SUP0011,Sterling Advisory,Professional Services,R&D,24260.62,INR,CTR0004,ON_CONTRACT,REQ00152,2026-03-02
TXN005105,CORPORATE_CARD,SUP0015,Voyager Corporate Travel,Travel,Human Resources,14542.69,INR,,OFF_CONTRACT,,2025-04-07
TXN005106,CORPORATE_CARD,SUP0018,Urban Upkeep,Facilities Maintenance,IT,3841.97,INR,,OFF_CONTRACT,REQ00815,2025-09-11
TXN005109,CORPORATE_CARD,SUP0024,Nexa Technologies,IT Hardware,Logistics,31377.23,INR,,OFF_CONTRACT,REQ00676,2025-08-29
TXN005114,CORPORATE_CARD,SUP0004,Arcadia IT Traders,IT Hardware,IT,21630.31,INR,,OFF_CONTRACT,REQ00066,2025-05-04
TXN005138,CORPORATE_CARD,SUP0011,Sterling Advisory,Professional Services,R&D,14355.86,INR,CTR0004,ON_CONTRACT,REQ00176,2025-12-27
TXN005144,CORPORATE_CARD,SUP0015,Voyager Corporate Travel,Travel,Finance,17007.13,INR,,OFF_CONTRACT,REQ00640,2025-05-27
TXN005151,CORPORATE_CARD,SUP0009,Paperline Traders,Office Supplies,Marketing,4098.86,INR,,OFF_CONTRACT,REQ00308,2025-08-01
TXN005152,CORPORATE_CARD,SUP0022,Transcore Logistics,Logistics & Freight,Human Resources,12751.43,INR,CTR0008,ON_CONTRACT,REQ00049,2026-02-20
TXN005161,CORPORATE_CARD,SUP0020,BrightArc Media,Marketing Services,Finance,35633.37,INR,,OFF_CONTRACT,REQ00474,2026-02-11
TXN005162,CORPORATE_CARD,SUP0021,Pulse Marketing Co,Marketing Services,Human Resources,8745.41,INR,,OFF_CONTRACT,REQ00064,2026-02-26
TXN005167,CORPORATE_CARD,SUP0023,FleetBridge Cargo,Logistics & Freight,Finance,5904.22,INR,,OFF_CONTRACT,REQ00589,2025-11-27
TXN005171,CORPORATE_CARD,SUP0017,GreenEdge Services,Facilities Maintenance,R&D,14651.71,INR,,OFF_CONTRACT,,2025-10-14
TXN005175,CORPORATE_CARD,SUP0020,BrightArc Media,Marketing Services,Human Resources,34982.36,INR,,OFF_CONTRACT,REQ00301,2025-05-02
TXN005176,CORPORATE_CARD,SUP0018,Urban Upkeep,Facilities Maintenance,Finance,14543.04,INR,,OFF_CONTRACT,REQ00284,2026-02-23
TXN005191,CORPORATE_CARD,SUP0012,Cobalt Consulting,Professional Services,Logistics,17815.64,INR,,OFF_CONTRACT,REQ00825,2025-10-14
TXN005194,CORPORATE_CARD,SUP0001,Nexa Technologies Pvt Ltd,IT Hardware,Facilities,57333.9,INR,CTR0001,ON_CONTRACT,REQ00567,2026-01-02
TXN004429,CORPORATE_CARD,SUP0028,ORION OFFICE SUPPLIES,Office Supplies,R&D,1820.1,INR,,OFF_CONTRACT,,2025-06-30
TXN000099,CORPORATE_CARD,SUP0006,Vertex Licensing,IT Software & Licences,Marketing,4053.16,INR,,OFF_CONTRACT,,2025-06-20
TXN003857,CORPORATE_CARD,SUP0019,Lumen Creative,Marketing Services,Finance,24715.77,INR,CTR0007,ON_CONTRACT,,2025-06-27
