transaction_id,source_system,supplier_id,supplier_name,category,department,amount,currency,contract_id,contract_status,requisition_id,transaction_date
TXN000004,INVOICE_SYSTEM,SUP0011,Sterling Advisory,Professional Services,IT,165718.28,INR,CTR0004,ON_CONTRACT,REQ00033,2025-09-09
TXN000007,INVOICE_SYSTEM,SUP0019,Lumen Creative,Marketing Services,Marketing,28131.71,INR,CTR0007,ON_CONTRACT,REQ00094,2025-04-25
TXN000013,INVOICE_SYSTEM,SUP0011,Sterling Advisory,Professional Services,IT,214812.95,INR,CTR0004,ON_CONTRACT,,2025-12-07
TXN000017,INVOICE_SYSTEM,SUP0021,Pulse Marketing Co,Marketing Services,Operations,62593.91,INR,,OFF_CONTRACT,,2025-10-22
TXN000020,INVOICE_SYSTEM,SUP0001,Nexa Technologies Pvt Ltd,IT Hardware,Finance,70140.52,INR,CTR0001,ON_CONTRACT,REQ00244,2025-08-21
TXN000024,INVOICE_SYSTEM,SUP0022,Transcore Logistics,Logistics & Freight,Logistics,350982.73,INR,,OFF_CONTRACT,,2026-01-07
TXN000025,INVOICE_SYSTEM,SUP0005,Cloudspan Software,IT Software & Licences,IT,62887.35,INR,CTR0002,ON_CONTRACT,,2025-07-31
TXN000031,INVOICE_SYSTEM,SUP0011,Sterling Advisory,Professional Services,Operations,167584.42,INR,CTR0004,ON_CONTRACT,,2025-04-21
TXN000034,INVOICE_SYSTEM,SUP0001,Nexa Technologies Pvt Ltd,IT Hardware,Facilities,172077.26,INR,CTR0001,ON_CONTRACT,REQ00219,2025-12-16
TXN000036,INVOICE_SYSTEM,SUP0014,Skyroute Travel,Travel,Human Resources,74288.58,INR,CTR0005,ON_CONTRACT,,2026-03-01
TXN000040,INVOICE_SYSTEM,SUP0001,Nexa Technologies Pvt Ltd,IT Hardware,Human Resources,93223.64,INR,CTR0001,ON_CONTRACT,REQ00453,2026-01-08
TXN000044,INVOICE_SYSTEM,SUP0009,Paperline Traders,Office Supplies,Marketing,22914.37,INR,,OFF_CONTRACT,,2025-04-13
TXN000045,INVOICE_SYSTEM,SUP0010,Kanban Stationers,Office Supplies,R&D,7951.94,INR,,OFF_CONTRACT,,2025-08-06
TXN000049,INVOICE_SYSTEM,SUP0014,Skyroute Travel,Travel,Human Resources,52830.24,INR,CTR0005,ON_CONTRACT,REQ00611,2025-11-09
TXN000057,INVOICE_SYSTEM,SUP0001,Nexa Technologies Pvt Ltd,IT Hardware,Facilities,38716.34,INR,CTR0001,ON_CONTRACT,REQ00645,2026-01-20
TXN000059,INVOICE_SYSTEM,SUP0026,Nexa Tech Pvt Ltd,IT Hardware,Facilities,32010.23,INR,,OFF_CONTRACT,,2025-07-22
TXN000065,INVOICE_SYSTEM,SUP0014,Skyroute Travel,Travel,Facilities,31036.63,INR,CTR0005,ON_CONTRACT,REQ00237,2025-10-14
TXN000068,INVOICE_SYSTEM,SUP0019,Lumen Creative,Marketing Services,Human Resources,132307.58,INR,CTR0007,ON_CONTRACT,,2025-11-01
TXN000070,INVOICE_SYSTEM,SUP0020,BrightArc Media,Marketing Services,IT,158164.17,INR,,OFF_CONTRACT,,2026-01-29
TXN000074,INVOICE_SYSTEM,SUP0011,Sterling Advisory,Professional Services,IT,211246.9,INR,CTR0004,ON_CONTRACT,,2025-08-05
TXN000079,INVOICE_SYSTEM,SUP0007,Meridian Softworks,,Finance,52638.9,INR,,OFF_CONTRACT,REQ00678,2025-10-07
TXN000081,INVOICE_SYSTEM,SUP0021,Pulse Marketing Co,Marketing Services,Logistics,140834.48,INR,,OFF_CONTRACT,,2025-11-09
TXN000091,INVOICE_SYSTEM,SUP0015,Voyager Corporate Travel,Travel,Operations,17806.73,INR,,OFF_CONTRACT,REQ00370,2025-07-01
TXN000096,INVOICE_SYSTEM,SUP0001,Nexa Technologies Pvt Ltd,IT Hardware,Human Resources,101538.32,INR,CTR0001,ON_CONTRACT,REQ00255,2025-05-31
TXN000097,INVOICE_SYSTEM,SUP0019,Lumen Creative,Marketing Services,Operations,93182.6,INR,CTR0007,ON_CONTRACT,,2025-10-12
TXN000098,INVOICE_SYSTEM,SUP0023,FleetBridge Cargo,Logistics & Freight,R&D,47485.9,INR,,OFF_CONTRACT,REQ00636,2025-05-01
TXN000101,INVOICE_SYSTEM,SUP0005,Cloudspan Software,IT Software & Licences,Operations,18300.06,INR,CTR0002,ON_CONTRACT,REQ00558,2025-07-25
TXN000106,INVOICE_SYSTEM,SUP0014,Skyroute Travel,Travel,Marketing,28441.96,INR,CTR0005,ON_CONTRACT,REQ00668,2025-11-13
TXN000112,INVOICE_SYSTEM,SUP0022,Transcore Logistics,Logistics & Freight,Operations,25381.37,INR,CTR0008,ON_CONTRACT,REQ00135,2025-08-26
TXN000117,INVOICE_SYSTEM,SUP0019,Lumen Creative,Marketing Services,Human Resources,132514.09,INR,CTR0007,ON_CONTRACT,,2025-08-23
TXN000118,INVOICE_SYSTEM,SUP0015,Voyager Corporate Travel,Travel,Logistics,23298.74,INR,,OFF_CONTRACT,REQ00354,2025-09-18
TXN000120,INVOICE_SYSTEM,SUP0019,Lumen Creative,Marketing Services,IT,95507.91,INR,CTR0007,ON_CONTRACT,REQ00485,2026-03-28
TXN000123,INVOICE_SYSTEM,SUP0008,Orion Office Supplies,Office Supplies,Human Resources,9314.08,INR,CTR0003,ON_CONTRACT,REQ00710,2025-10-21
TXN000124,INVOICE_SYSTEM,SUP0007,Meridian Softworks,IT Software & Licences,R&D,26555.45,INR,,OFF_CONTRACT,,2026-02-15
TXN000136,INVOICE_SYSTEM,SUP0008,Orion Office Supplies,Office Supplies,IT,9433.67,INR,CTR0003,ON_CONTRACT,REQ00452,2025-04-18
TXN000137,INVOICE_SYSTEM,SUP0016,Prime Facility Care,Facilities Maintenance,Finance,41127.44,INR,CTR0006,ON_CONTRACT,,2025-06-29
TXN000139,INVOICE_SYSTEM,SUP0015,Voyager Corporate Travel,Travel,Human Resources,37817.63,INR,,OFF_CONTRACT,,2025-09-21
TXN000143,INVOICE_SYSTEM,SUP0001,Nexa Technologies Pvt Ltd,IT Hardware,Finance,102073.52,INR,CTR0001,ON_CONTRACT,,2025-07-23
TXN000147,INVOICE_SYSTEM,SUP0019,Lumen Creative,Marketing Services,R&D,105339.01,INR,CTR0007,ON_CONTRACT,,2025-08-22
TXN000157,INVOICE_SYSTEM,SUP0014,Skyroute Travel,Travel,IT,63115.11,INR,CTR0005,ON_CONTRACT,,2025-10-23
TXN000164,INVOICE_SYSTEM,SUP0017,GreenEdge Services,Facilities Maintenance,IT,42146.48,INR,,OFF_CONTRACT,,2026-02-02
TXN000167,INVOICE_SYSTEM,SUP0013,Adept Partners,Professional Services,IT,107363.81,INR,,OFF_CONTRACT,,2026-03-03
TXN000175,INVOICE_SYSTEM,SUP0001,Nexa Technologies Pvt Ltd,IT Hardware,Marketing,125001.78,INR,CTR0001,ON_CONTRACT,,2025-08-27
TXN000177,INVOICE_SYSTEM,SUP0011,Sterling Advisory,Professional Services,Finance,185096.93,INR,CTR0004,ON_CONTRACT,REQ00883,2025-04-22
TXN000178,INVOICE_SYSTEM,SUP0019,Lumen Creative,Marketing Services,Finance,74142.95,INR,CTR0007,ON_CONTRACT,,2026-01-19
TXN000183,INVOICE_SYSTEM,SUP0018,Urban Upkeep,Facilities Maintenance,Operations,65481.62,INR,,OFF_CONTRACT,REQ00263,2025-07-11
TXN000184,INVOICE_SYSTEM,SUP0008,Orion Office Supplies,Office Supplies,Facilities,22178.81,INR,CTR0003,ON_CONTRACT,REQ00792,2026-02-16
TXN000191,INVOICE_SYSTEM,SUP0006,Vertex Licensing,IT Software & Licences,Facilities,24775.79,INR,,OFF_CONTRACT,REQ00177,2025-04-21
TXN000192,INVOICE_SYSTEM,SUP0011,Sterling Advisory,Professional Services,Marketing,228415.31,INR,CTR0004,ON_CONTRACT,REQ00290,2025-10-16
TXN000195,INVOICE_SYSTEM,SUP0010,Kanban Stationers,Office Supplies,R&D,9797.69,INR,,OFF_CONTRACT,REQ00726,2025-05-14
TXN000198,INVOICE_SYSTEM,SUP0005,Cloudspan Software,IT Software & Licences,IT,109196.58,INR,CTR0002,ON_CONTRACT,,2026-02-11
TXN000202,INVOICE_SYSTEM,SUP0011,Sterling Advisory,Professional Services,Logistics,57669.39,INR,CTR0004,ON_CONTRACT,REQ00289,2025-10-13
TXN000203,INVOICE_SYSTEM,SUP0019,Lumen Creative,Marketing Services,Marketing,42628.02,INR,CTR0007,ON_CONTRACT,,2025-04-27
TXN000205,INVOICE_SYSTEM,SUP0019,Lumen Creative,Marketing Services,Logistics,104900.07,INR,CTR0007,ON_CONTRACT,,2025-04-14
TXN000207,INVOICE_SYSTEM,SUP0011,Sterling Advisory,Professional Services,Finance,61309.02,INR,CTR0004,ON_CONTRACT,,2025-06-10
TXN000208,INVOICE_SYSTEM,SUP0001,Nexa Technologies Pvt Ltd,IT Hardware,Marketing,127842.77,INR,CTR0001,ON_CONTRACT,,2025-11-27
TXN000209,INVOICE_SYSTEM,SUP0022,Transcore Logistics,Logistics & Freight,IT,12420.11,INR,CTR0008,ON_CONTRACT,REQ00856,2025-06-16
TXN000211,INVOICE_SYSTEM,SUP0022,Transcore Logistics,Logistics & Freight,Logistics,57544.9,INR,CTR0008,ON_CONTRACT,,2025-04-09
TXN000215,INVOICE_SYSTEM,SUP0007,Meridian Softworks,IT Software & Licences,Marketing,89778.82,INR,,OFF_CONTRACT,REQ00560,2025-09-21
TXN000216,INVOICE_SYSTEM,SUP0027,Orion Office Supplies Ltd,Office Supplies,Logistics,7456.73,INR,,OFF_CONTRACT,,2025-06-09
TXN000217,INVOICE_SYSTEM,SUP0005,Cloudspan Software,IT Software & Licences,IT,49166.97,INR,CTR0002,ON_CONTRACT,REQ00045,2025-07-12
TXN000219,INVOICE_SYSTEM,SUP0022,Transcore Logistics,Logistics & Freight,Operations,65919.53,INR,CTR0008,ON_CONTRACT,REQ00883,2025-04-25
TXN000220,INVOICE_SYSTEM,SUP0016,Prime Facility Care,Facilities Maintenance,R&D,60953.4,INR,CTR0006,ON_CONTRACT,,2025-11-12
TXN000225,INVOICE_SYSTEM,SUP0019,Lumen Creative,Marketing Services,IT,57128.33,INR,CTR0007,ON_CONTRACT,REQ00653,2025-10-25
TXN000227,INVOICE_SYSTEM,SUP0016,Prime Facility Care,Facilities Maintenance,IT,68380.63,INR,CTR0006,ON_CONTRACT,,2026-03-14
TXN000231,INVOICE_SYSTEM,SUP0011,Sterling Advisory,Professional Services,Logistics,206910.37,INR,CTR0004,ON_CONTRACT,REQ00731,2025-11-14
TXN000237,INVOICE_SYSTEM,SUP0016,Prime Facility Care,Facilities Maintenance,Marketing,26846.34,INR,CTR0006,ON_CONTRACT,,2025-06-06
TXN000238,INVOICE_SYSTEM,SUP0019,Lumen Creative,Marketing Services,Facilities,23404.24,INR,CTR0007,ON_CONTRACT,REQ00312,2025-06-24
TXN000243,INVOICE_SYSTEM,SUP0014,Skyroute Travel,Travel,R&D,83018.88,INR,CTR0005,ON_CONTRACT,,2025-04-16
TXN000254,INVOICE_SYSTEM,SUP0019,Lumen Creative,Marketing Services,Human Resources,64369.08,INR,CTR0007,ON_CONTRACT,,2026-02-14
TXN000257,INVOICE_SYSTEM,SUP0022,Transcore Logistics,Logistics & Freight,Marketing,89700.85,INR,CTR0008,ON_CONTRACT,REQ00628,2025-09-11
TXN000268,INVOICE_SYSTEM,SUP0014,Skyroute Travel,Travel,Facilities,65603.69,INR,CTR0005,ON_CONTRACT,REQ00453,2026-03-02
TXN000271,INVOICE_SYSTEM,SUP0022,Transcore Logistics,Logistics & Freight,IT,79176.98,INR,CTR0008,ON_CONTRACT,,2025-06-20
TXN000272,INVOICE_SYSTEM,SUP0019,Lumen Creative,Marketing Services,Logistics,133415.88,INR,CTR0007,ON_CONTRACT,REQ00205,2025-08-26
TXN000275,INVOICE_SYSTEM,SUP0019,Lumen Creative,Marketing Services,Human Resources,91587.94,INR,CTR0007,ON_CONTRACT,,2025-04-05
TXN000277,INVOICE_SYSTEM,SUP0022,Transcore Logistics,Logistics & Freight,Logistics,78258.5,INR,CTR0008,ON_CONTRACT,REQ00829,2025-05-28
TXN000284,INVOICE_SYSTEM,SUP0008,Orion Office Supplies,Office Supplies,Finance,4161.58,INR,CTR0003,ON_CONTRACT,REQ00563,2025-11-28
TXN000285,INVOICE_SYSTEM,SUP0013,Adept Partners,Professional Services,Facilities,161438.83,INR,,OFF_CONTRACT,REQ00541,2026-03-27
TXN000293,INVOICE_SYSTEM,SUP0019,Lumen Creative,Marketing Services,Logistics,135164.08,INR,CTR0007,ON_CONTRACT,,2025-10-11
TXN000294,INVOICE_SYSTEM,SUP0019,Lumen Creative,Marketing Services,Marketing,70426.69,INR,CTR0007,ON_CONTRACT,,2025-09-26
TXN000300,INVOICE_SYSTEM,SUP0001,Nexa Technologies Pvt Ltd,IT Hardware,Operations,38228.86,INR,CTR0001,ON_CONTRACT,,2026-01-20
TXN000301,INVOICE_SYSTEM,SUP0016,Prime Facility Care,Facilities Maintenance,Finance,13100.9,INR,CTR0006,ON_CONTRACT,REQ00898,2025-06-13
TXN000305,INVOICE_SYSTEM,SUP0012,Cobalt Consulting,Professional Services,Marketing,192479.18,INR,,OFF_CONTRACT,,2025-04-30
TXN000308,INVOICE_SYSTEM,SUP0002,Zenith Computing,IT Hardware,Operations,75058.25,INR,,OFF_CONTRACT,REQ00891,2025-09-18
TXN000314,INVOICE_SYSTEM,SUP0011,Sterling Advisory,Professional Services,Logistics,242156.17,INR,CTR0004,ON_CONTRACT,,2026-03-17
TXN000315,INVOICE_SYSTEM,SUP0016,Prime Facility Care,Facilities Maintenance,Logistics,60158.81,INR,CTR0006,ON_CONTRACT,REQ00751,2025-09-28
TXN000317,INVOICE_SYSTEM,SUP0001,Nexa Technologies Pvt Ltd,IT Hardware,Facilities,88387.71,INR,CTR0001,ON_CONTRACT,,2026-03-09
TXN000321,INVOICE_SYSTEM,SUP0014,Skyroute Travel,Travel,R&D,53036.59,INR,CTR0005,ON_CONTRACT,,2025-07-01
TXN000326,INVOICE_SYSTEM,SUP0008,Orion Office Supplies,Office Supplies,Finance,18971.63,INR,CTR0003,ON_CONTRACT,,2025-05-19
TXN000327,INVOICE_SYSTEM,SUP0001,Nexa Technologies Pvt Ltd,IT Hardware,Logistics,110924.88,INR,CTR0001,ON_CONTRACT,REQ00077,2026-03-17
TXN000329,INVOICE_SYSTEM,SUP0027,Orion Office Supplies Ltd,Office Supplies,Human Resources,11650.8,INR,,OFF_CONTRACT,REQ00247,2026-01-16
TXN000331,INVOICE_SYSTEM,SUP0005,Cloudspan Software,IT Software & Licences,IT,52377.13,INR,CTR0002,ON_CONTRACT,REQ00238,2025-05-09
TXN000341,INVOICE_SYSTEM,SUP0005,Cloudspan Software,IT Software & Licences,Logistics,66619.67,INR,CTR0002,ON_CONTRACT,,2025-07-10
TXN000347,INVOICE_SYSTEM,SUP0004,Arcadia IT Traders,IT Hardware,Operations,123439.52,INR,,OFF_CONTRACT,REQ00299,2026-03-21
TXN000349,INVOICE_SYSTEM,SUP0019,Lumen Creative,Marketing Services,Logistics,72445.77,INR,CTR0007,ON_CONTRACT,,2025-12-30
TXN000350,INVOICE_SYSTEM,SUP0019,Lumen Creative,Marketing Services,Finance,107620.39,INR,CTR0007,ON_CONTRACT,,2025-12-31
TXN000352,INVOICE_SYSTEM,SUP0020,BrightArc Media,Marketing Services,R&D,139908.58,INR,,OFF_CONTRACT,REQ00101,2025-08-11
TXN000358,INVOICE_SYSTEM,SUP0016,Prime Facility Care,Facilities Maintenance,Operations,45146.53,INR,CTR0006,ON_CONTRACT,,2026-02-17
TXN000369,INVOICE_SYSTEM,SUP0022,Transcore Logistics,Logistics & Freight,Logistics,28250.66,INR,CTR0008,ON_CONTRACT,REQ00116,2026-01-19
TXN000371,INVOICE_SYSTEM,SUP0022,Transcore Logistics,Logistics & Freight,Facilities,20364.57,INR,CTR0008,ON_CONTRACT,,2026-03-01
TXN000372,INVOICE_SYSTEM,SUP0011,Sterling Advisory,Professional Services,Logistics,43826.58,INR,CTR0004,ON_CONTRACT,REQ00883,2025-05-15
TXN000373,INVOICE_SYSTEM,SUP0022,Transcore Logistics,Logistics & Freight,Operations,19838.77,INR,CTR0008,ON_CONTRACT,REQ00756,2026-01-27
TXN000376,INVOICE_SYSTEM,SUP0014,Skyroute Travel,Travel,Facilities,34156.0,INR,CTR0005,ON_CONTRACT,REQ00769,2025-10-28
TXN000379,INVOICE_SYSTEM,SUP0022,Transcore Logistics,Logistics & Freight,Facilities,79600.88,INR,CTR0008,ON_CONTRACT,REQ00768,2025-08-21
TXN000382,INVOICE_SYSTEM,SUP0022,Transcore Logistics,Logistics & Freight,Finance,69829.18,INR,CTR0008,ON_CONTRACT,REQ00134,2026-01-15
TXN000384,INVOICE_SYSTEM,SUP0022,Transcore Logistics,Logistics & Freight,R&D,84830.18,INR,CTR0008,ON_CONTRACT,REQ00706,2025-06-07
TXN000385,INVOICE_SYSTEM,SUP0014,Skyroute Travel,Travel,Human Resources,68275.83,INR,CTR0005,ON_CONTRACT,REQ00370,2025-08-07
TXN000386,INVOICE_SYSTEM,SUP0005,Cloudspan Software,IT Software & Licences,Marketing,99365.5,INR,CTR0002,ON_CONTRACT,REQ00641,2025-09-04
TXN000390,INVOICE_SYSTEM,SUP0005,Cloudspan Software,IT Software & Licences,Marketing,99717.65,INR,CTR0002,ON_CONTRACT,REQ00833,2025-06-08
TXN000397,INVOICE_SYSTEM,SUP0008,Orion Office Supplies,Office Supplies,R&D,21743.49,INR,CTR0003,ON_CONTRACT,REQ00700,2025-06-28
TXN000402,INVOICE_SYSTEM,SUP0001,Nexa Technologies Pvt Ltd,IT Hardware,Facilities,164895.7,INR,CTR0001,ON_CONTRACT,REQ00624,2025-04-29
TXN000407,INVOICE_SYSTEM,SUP0016,Prime Facility Care,Facilities Maintenance,Facilities,33352.1,INR,CTR0006,ON_CONTRACT,REQ00522,2025-04-02
TXN000409,INVOICE_SYSTEM,SUP0001,Nexa Technologies Pvt Ltd,IT Hardware,R&D,165334.21,INR,CTR0001,ON_CONTRACT,REQ00255,2025-10-31
TXN000414,INVOICE_SYSTEM,SUP0011,Sterling Advisory,Professional Services,IT,160421.96,INR,CTR0004,ON_CONTRACT,REQ00355,2026-02-20
TXN000415,INVOICE_SYSTEM,SUP0001,Nexa Technologies Pvt Ltd,IT Hardware,R&D,122934.77,INR,CTR0001,ON_CONTRACT,,2025-09-05
TXN000416,INVOICE_SYSTEM,SUP0005,Cloudspan Software,IT Software & Licences,R&D,62086.78,INR,CTR0002,ON_CONTRACT,REQ00062,2025-06-12
TXN000417,INVOICE_SYSTEM,SUP0014,Skyroute Travel,Travel,R&D,32043.28,INR,CTR0005,ON_CONTRACT,,2025-10-08
TXN000423,INVOICE_SYSTEM,SUP0010,Kanban Stationers,Office Supplies,IT,340352.46,INR,,OFF_CONTRACT,REQ00878,2025-09-15
TXN000425,INVOICE_SYSTEM,SUP0014,Skyroute Travel,Travel,IT,12719.82,INR,CTR0005,ON_CONTRACT,,2025-11-18
TXN000429,INVOICE_SYSTEM,SUP0016,Prime Facility Care,Facilities Maintenance,IT,31054.9,INR,CTR0006,ON_CONTRACT,REQ00588,2025-11-08
TXN000431,INVOICE_SYSTEM,SUP0014,Skyroute Travel,Travel,IT,19725.32,INR,CTR0005,ON_CONTRACT,,2026-02-10
TXN000436,INVOICE_SYSTEM,SUP0016,Prime Facility Care,Facilities Maintenance,Facilities,52058.15,INR,CTR0006,ON_CONTRACT,REQ00247,2025-08-15
TXN000441,INVOICE_SYSTEM,SUP0022,Transcore Logistics,Logistics & Freight,Operations,19041.53,INR,CTR0008,ON_CONTRACT,,2025-09-22
TXN000443,INVOICE_SYSTEM,SUP0006,Vertex Licensing,IT Software & Licences,Finance,54298.43,INR,,OFF_CONTRACT,,2026-03-06
TXN000454,INVOICE_SYSTEM,SUP0005,Cloudspan Software,IT Software & Licences,Logistics,110167.21,INR,CTR0002,ON_CONTRACT,,2025-11-07
TXN000459,INVOICE_SYSTEM,SUP0023,FleetBridge Cargo,Logistics & Freight,Logistics,16673.17,INR,,OFF_CONTRACT,REQ00677,2025-08-14
TXN000463,INVOICE_SYSTEM,SUP0011,Sterling Advisory,Professional Services,R&D,196669.42,INR,CTR0004,ON_CONTRACT,,2026-03-18
TXN000465,INVOICE_SYSTEM,SUP0008,Orion Office Supplies,Office Supplies,Marketing,24129.97,INR,CTR0003,ON_CONTRACT,,2025-06-25
TXN000469,INVOICE_SYSTEM,SUP0022,Transcore Logistics,Logistics & Freight,R&D,30558.45,INR,CTR0008,ON_CONTRACT,REQ00154,2025-06-15
TXN000470,INVOICE_SYSTEM,SUP0007,Meridian Softworks,IT Software & Licences,Human Resources,116138.37,INR,,OFF_CONTRACT,,2025-09-24
TXN000472,INVOICE_SYSTEM,SUP0019,Lumen Creative,Marketing Services,Finance,155783.04,INR,CTR0007,ON_CONTRACT,,2025-04-26
TXN000476,INVOICE_SYSTEM,SUP0023,FleetBridge Cargo,Logistics & Freight,Marketing,94416.08,INR,,OFF_CONTRACT,REQ00727,2025-12-16
TXN000477,INVOICE_SYSTEM,SUP0019,Lumen Creative,Marketing Services,IT,30331.52,INR,CTR0007,ON_CONTRACT,REQ00897,2025-07-12
TXN000481,INVOICE_SYSTEM,SUP0016,Prime Facility Care,Facilities Maintenance,Facilities,47763.92,INR,CTR0006,ON_CONTRACT,REQ00396,2025-04-26
TXN000482,INVOICE_SYSTEM,SUP0009,Paperline Traders,Office Supplies,Operations,18002.22,INR,,OFF_CONTRACT,,2025-08-16
TXN000483,INVOICE_SYSTEM,SUP0019,Lumen Creative,Marketing Services,IT,83635.75,INR,CTR0007,ON_CONTRACT,REQ00136,2026-02-26
TXN000486,INVOICE_SYSTEM,SUP0014,Skyroute Travel,Travel,R&D,81894.96,INR,CTR0005,ON_CONTRACT,,2025-04-04
TXN000497,INVOICE_SYSTEM,SUP0014,Skyroute Travel,Travel,Marketing,55859.8,INR,CTR0005,ON_CONTRACT,REQ00206,2025-09-23
TXN000501,INVOICE_SYSTEM,SUP0019,Lumen Creative,Marketing Services,R&D,117742.64,INR,CTR0007,ON_CONTRACT,REQ00547,2025-07-12
TXN000502,INVOICE_SYSTEM,SUP0017,GreenEdge Services,Facilities Maintenance,Operations,42165.78,INR,,OFF_CONTRACT,REQ00005,2026-02-15
TXN000503,INVOICE_SYSTEM,SUP0011,Sterling Advisory,Professional Services,Human Resources,105000.8,INR,CTR0004,ON_CONTRACT,REQ00393,2025-12-14
TXN000504,INVOICE_SYSTEM,SUP0014,Skyroute Travel,Travel,Human Resources,74731.19,INR,CTR0005,ON_CONTRACT,,2025-11-20
TXN000523,INVOICE_SYSTEM,SUP0016,Prime Facility Care,Facilities Maintenance,Operations,68194.86,INR,CTR0006,ON_CONTRACT,,2026-03-09
TXN000525,INVOICE_SYSTEM,SUP0019,Lumen Creative,Marketing Services,IT,137366.02,INR,CTR0007,ON_CONTRACT,REQ00161,2025-12-15
TXN000536,INVOICE_SYSTEM,SUP0011,Sterling Advisory,Professional Services,Finance,238400.8,INR,CTR0004,ON_CONTRACT,REQ00425,2025-04-24
TXN000540,INVOICE_SYSTEM,SUP0011,Sterling Advisory,Professional Services,Human Resources,67123.48,INR,CTR0004,ON_CONTRACT,REQ00137,2025-06-10
TXN000541,INVOICE_SYSTEM,SUP0019,Lumen Creative,Marketing Services,Human Resources,153567.14,INR,CTR0007,ON_CONTRACT,,2026-01-06
TXN000542,INVOICE_SYSTEM,SUP0016,Prime Facility Care,Facilities Maintenance,Operations,46370.48,INR,CTR0006,ON_CONTRACT,REQ00640,2025-08-27
TXN000543,INVOICE_SYSTEM,SUP0016,Prime Facility Care,Facilities Maintenance,Marketing,23718.57,INR,CTR0006,ON_CONTRACT,REQ00711,2026-02-21
TXN000544,INVOICE_SYSTEM,SUP0016,Prime Facility Care,Facilities Maintenance,Logistics,50302.04,INR,CTR0006,ON_CONTRACT,,2026-03-08
TXN000545,INVOICE_SYSTEM,SUP0019,Lumen Creative,Marketing Services,Human Resources,106537.95,INR,CTR0007,ON_CONTRACT,,2025-11-03
TXN000547,INVOICE_SYSTEM,SUP0014,Skyroute Travel,Travel,Human Resources,17311.72,INR,CTR0005,ON_CONTRACT,REQ00064,2026-03-20
TXN000550,INVOICE_SYSTEM,SUP0019,Lumen Creative,Marketing Services,Finance,128124.57,INR,CTR0007,ON_CONTRACT,,2025-04-28
TXN000555,INVOICE_SYSTEM,SUP0008,Orion Office Supplies,Office Supplies,IT,22163.03,INR,CTR0003,ON_CONTRACT,,2026-02-15
TXN000558,INVOICE_SYSTEM,SUP0005,Cloudspan Software,IT Software & Licences,Finance,18022.18,INR,CTR0002,ON_CONTRACT,REQ00301,2025-07-21
TXN000560,INVOICE_SYSTEM,SUP0013,Adept Partners,Professional Services,R&D,170265.01,INR,,OFF_CONTRACT,,2025-05-29
TXN000564,INVOICE_SYSTEM,SUP0005,Cloudspan Software,IT Software & Licences,R&D,16527.19,INR,CTR0002,ON_CONTRACT,,2025-05-07
TXN000569,INVOICE_SYSTEM,SUP0022,Transcore Logistics,Logistics & Freight,IT,87045.17,INR,CTR0008,ON_CONTRACT,REQ00547,2025-07-22
TXN000572,INVOICE_SYSTEM,SUP0019,Lumen Creative,Marketing Services,Human Resources,129711.42,INR,CTR0007,ON_CONTRACT,REQ00760,2025-09-24
TXN000578,INVOICE_SYSTEM,SUP0001,Nexa Technologies Pvt Ltd,IT Hardware,R&D,168621.08,INR,CTR0001,ON_CONTRACT,REQ00369,2025-06-08
TXN000580,INVOICE_SYSTEM,SUP0005,Cloudspan Software,IT Software & Licences,Operations,42115.66,INR,CTR0002,ON_CONTRACT,REQ00642,2025-05-10
TXN000582,INVOICE_SYSTEM,SUP0014,Skyroute Travel,Travel,Logistics,88362.67,INR,CTR0005,ON_CONTRACT,,2025-06-16
TXN000583,INVOICE_SYSTEM,SUP0016,Prime Facility Care,Facilities Maintenance,Human Resources,39557.09,INR,CTR0006,ON_CONTRACT,REQ00514,2025-12-18
TXN000586,INVOICE_SYSTEM,SUP0027,Orion Office Supplies Ltd,Office Supplies,IT,7523.35,INR,,OFF_CONTRACT,REQ00500,2025-07-28
TXN000591,INVOICE_SYSTEM,SUP0019,Lumen Creative,Marketing Services,Logistics,39435.8,INR,CTR0007,ON_CONTRACT,,2026-02-04
TXN000598,INVOICE_SYSTEM,SUP0022,Transcore Logistics,Logistics & Freight,Marketing,26302.55,INR,CTR0008,ON_CONTRACT,,2025-07-03
TXN000601,INVOICE_SYSTEM,SUP0005,Cloudspan Software,IT Software & Licences,IT,32738.18,INR,CTR0002,ON_CONTRACT,,2025-12-29
TXN000603,INVOICE_SYSTEM,SUP0019,Lumen Creative,Marketing Services,R&D,44781.47,INR,CTR0007,ON_CONTRACT,REQ00824,2026-03-23
TXN000608,INVOICE_SYSTEM,SUP0016,Prime Facility Care,Facilities Maintenance,R&D,31856.19,INR,CTR0006,ON_CONTRACT,,2025-10-29
TXN000612,INVOICE_SYSTEM,SUP0001,Nexa Technologies Pvt Ltd,IT Hardware,IT,148908.61,INR,CTR0001,ON_CONTRACT,,2025-06-14
TXN000623,INVOICE_SYSTEM,SUP0012,Cobalt Consulting,Professional Services,IT,117799.14,INR,,OFF_CONTRACT,,2025-08-13
TXN000625,INVOICE_SYSTEM,SUP0016,Prime Facility Care,Facilities Maintenance,Human Resources,537687.72,INR,,OFF_CONTRACT,REQ00765,2026-03-16
TXN000629,INVOICE_SYSTEM,SUP0016,Prime Facility Care,Facilities Maintenance,Human Resources,12200.99,INR,CTR0006,ON_CONTRACT,REQ00783,2025-12-18
TXN000630,INVOICE_SYSTEM,SUP0014,Skyroute Travel,Travel,Marketing,28699.83,INR,CTR0005,ON_CONTRACT,REQ00819,2025-11-03
TXN000637,INVOICE_SYSTEM,SUP0011,Sterling Advisory,Professional Services,Marketing,151849.63,INR,CTR0004,ON_CONTRACT,REQ00010,2025-06-30
TXN000638,INVOICE_SYSTEM,SUP0019,Lumen Creative,Marketing Services,Finance,53945.87,INR,CTR0007,ON_CONTRACT,,2025-09-01
TXN000640,INVOICE_SYSTEM,SUP0012,Cobalt Consulting,Professional Services,Facilities,119229.67,INR,,OFF_CONTRACT,REQ00343,2025-08-12
TXN000644,INVOICE_SYSTEM,SUP0014,Skyroute Travel,Travel,Marketing,34854.78,INR,CTR0005,ON_CONTRACT,,2025-09-20
TXN000648,INVOICE_SYSTEM,SUP0011,Sterling Advisory,Professional Services,Facilities,182611.49,INR,CTR0004,ON_CONTRACT,REQ00407,2025-05-23
TXN000649,INVOICE_SYSTEM,SUP0005,Cloudspan Software,IT Software & Licences,IT,97862.98,INR,CTR0002,ON_CONTRACT,REQ00407,2025-12-25
TXN000652,INVOICE_SYSTEM,SUP0017,GreenEdge Services,Facilities Maintenance,Human Resources,42226.39,INR,,OFF_CONTRACT,REQ00139,2026-03-24
TXN000657,INVOICE_SYSTEM,SUP0014,Skyroute Travel,Travel,Finance,31269.62,INR,CTR0005,ON_CONTRACT,REQ00575,2025-11-10
TXN000659,INVOICE_SYSTEM,SUP0011,Sterling Advisory,Professional Services,Human Resources,175642.62,INR,CTR0004,ON_CONTRACT,REQ00761,2025-12-29
TXN000660,INVOICE_SYSTEM,SUP0014,Skyroute Travel,Travel,Marketing,54803.82,INR,CTR0005,ON_CONTRACT,REQ00114,2026-02-21
TXN000684,INVOICE_SYSTEM,SUP0016,Prime Facility Care,Facilities Maintenance,Human Resources,50118.59,INR,CTR0006,ON_CONTRACT,REQ00752,2025-05-07
TXN000701,INVOICE_SYSTEM,SUP0019,Lumen Creative,Marketing Services,Marketing,94562.52,INR,CTR0007,ON_CONTRACT,,2025-12-03
TXN000705,INVOICE_SYSTEM,SUP0016,Prime Facility Care,Facilities Maintenance,Logistics,13802.5,INR,CTR0006,ON_CONTRACT,,2025-11-12
TXN000707,INVOICE_SYSTEM,SUP0005,Cloudspan Software,IT Software & Licences,Marketing,48847.15,INR,CTR0002,ON_CONTRACT,,2025-08-26
TXN000708,INVOICE_SYSTEM,SUP0001,Nexa Technologies Pvt Ltd,IT Hardware,Human Resources,150530.54,INR,CTR0001,ON_CONTRACT,REQ00024,2025-09-17
TXN000710,INVOICE_SYSTEM,SUP0001,Nexa Technologies Pvt Ltd,IT Hardware,IT,130632.92,INR,CTR0001,ON_CONTRACT,REQ00062,2025-08-24
TXN000715,INVOICE_SYSTEM,SUP0001,Nexa Technologies Pvt Ltd,IT Hardware,Human Resources,79074.58,INR,CTR0001,ON_CONTRACT,REQ00403,2025-06-20
TXN000717,INVOICE_SYSTEM,SUP0001,Nexa Technologies Pvt Ltd,IT Hardware,IT,153746.01,INR,CTR0001,ON_CONTRACT,,2025-08-22
TXN000718,INVOICE_SYSTEM,SUP0011,Sterling Advisory,Professional Services,Marketing,242655.65,INR,CTR0004,ON_CONTRACT,REQ00392,2025-12-23
TXN000723,INVOICE_SYSTEM,SUP0004,Arcadia IT Traders,IT Hardware,Human Resources,35306.92,INR,,OFF_CONTRACT,REQ00842,2026-02-21
TXN000727,INVOICE_SYSTEM,SUP0011,Sterling Advisory,Professional Services,IT,69352.2,INR,CTR0004,ON_CONTRACT,,2025-10-29
TXN000728,INVOICE_SYSTEM,SUP0011,Sterling Advisory,Professional Services,Facilities,207006.14,INR,CTR0004,ON_CONTRACT,REQ00450,2026-02-10
TXN000729,INVOICE_SYSTEM,SUP0022,Transcore Logistics,Logistics & Freight,Operations,28735.07,INR,CTR0008,ON_CONTRACT,REQ00795,2025-04-22
TXN000744,INVOICE_SYSTEM,SUP0016,Prime Facility Care,Facilities Maintenance,Human Resources,40163.22,INR,CTR0006,ON_CONTRACT,REQ00090,2025-04-26
TXN000747,INVOICE_SYSTEM,SUP0016,Prime Facility Care,Facilities Maintenance,Facilities,33033.47,INR,CTR0006,ON_CONTRACT,REQ00138,2025-06-02
TXN000750,INVOICE_SYSTEM,SUP0014,Skyroute Travel,Travel,Human Resources,59187.52,INR,CTR0005,ON_CONTRACT,REQ00639,2025-09-29
TXN000752,INVOICE_SYSTEM,SUP0011,Sterling Advisory,Professional Services,IT,237364.75,INR,CTR0004,ON_CONTRACT,REQ00477,2026-02-15
TXN000753,INVOICE_SYSTEM,SUP0005,Cloudspan Software,IT Software & Licences,R&D,80909.35,INR,CTR0002,ON_CONTRACT,REQ00342,2025-09-27
TXN000756,INVOICE_SYSTEM,SUP0021,Pulse Marketing Co,Marketing Services,Marketing,131163.53,INR,,OFF_CONTRACT,REQ00854,2025-09-21
TXN000761,INVOICE_SYSTEM,SUP0008,Orion Office Supplies,Office Supplies,Human Resources,5488.52,INR,CTR0003,ON_CONTRACT,,2025-09-09
TXN000767,INVOICE_SYSTEM,SUP0005,CLOUDSPAN SOFTWARE,IT Software & Licences,Facilities,95058.16,INR,CTR0002,ON_CONTRACT,REQ00048,2025-05-23
TXN000768,INVOICE_SYSTEM,SUP0014,Skyroute Travel,Travel,Operations,79894.78,INR,CTR0005,ON_CONTRACT,REQ00198,2025-08-25
TXN000769,INVOICE_SYSTEM,SUP0014,Skyroute Travel,Travel,Facilities,36050.7,INR,CTR0005,ON_CONTRACT,REQ00162,2025-08-19
TXN000781,INVOICE_SYSTEM,SUP0005,Cloudspan Software,IT Software & Licences,R&D,87864.59,INR,CTR0002,ON_CONTRACT,,2025-11-09
TXN000787,INVOICE_SYSTEM,SUP0014,Skyroute Travel,Travel,Human Resources,55838.13,INR,CTR0005,ON_CONTRACT,,2025-11-09
TXN000794,INVOICE_SYSTEM,SUP0022,Transcore Logistics,Logistics & Freight,Marketing,62750.7,INR,CTR0008,ON_CONTRACT,REQ00658,2025-10-30
TXN000802,INVOICE_SYSTEM,SUP0019,Lumen Creative,Marketing Services,Human Resources,41355.47,INR,CTR0007,ON_CONTRACT,REQ00037,2026-03-22
TXN000806,INVOICE_SYSTEM,SUP0005,Cloudspan Software,IT Software & Licences,Marketing,92326.64,INR,CTR0002,ON_CONTRACT,,2025-10-07
TXN000808,INVOICE_SYSTEM,SUP0027,Orion Office Supplies Ltd,Office Supplies,Operations,23288.08,INR,,OFF_CONTRACT,,2026-02-21
TXN000811,INVOICE_SYSTEM,SUP0019,Lumen Creative,Marketing Services,Logistics,157877.77,INR,CTR0007,ON_CONTRACT,REQ00324,2025-12-28
TXN000818,INVOICE_SYSTEM,SUP0019,Lumen Creative,Marketing Services,Marketing,75860.38,INR,CTR0007,ON_CONTRACT,,2026-03-23
TXN000826,INVOICE_SYSTEM,SUP0001,Nexa Technologies Pvt Ltd,IT Hardware,Logistics,167577.62,INR,CTR0001,ON_CONTRACT,REQ00414,2025-05-06
TXN000827,INVOICE_SYSTEM,SUP0011,Sterling Advisory,Professional Services,Logistics,112732.66,INR,CTR0004,ON_CONTRACT,REQ00549,2025-10-01
TXN000835,INVOICE_SYSTEM,SUP0022,Transcore Logistics,Logistics & Freight,Facilities,53364.53,INR,CTR0008,ON_CONTRACT,,2025-05-25
TXN000836,INVOICE_SYSTEM,SUP0005,Cloudspan Software,IT Software & Licences,Operations,58987.17,INR,CTR0002,ON_CONTRACT,REQ00208,2025-11-05
TXN000840,INVOICE_SYSTEM,SUP0008,Orion Office Supplies,Office Supplies,R&D,16542.08,INR,CTR0003,ON_CONTRACT,,2025-04-09
TXN000842,INVOICE_SYSTEM,SUP0014,Skyroute Travel,Travel,Logistics,62410.06,INR,CTR0005,ON_CONTRACT,,2025-07-15
TXN000854,INVOICE_SYSTEM,SUP0014,Skyroute Travel,Travel,Logistics,81640.45,INR,CTR0005,ON_CONTRACT,REQ00779,2025-09-23
TXN000856,INVOICE_SYSTEM,SUP0011,Sterling Advisory,Professional Services,Logistics,80044.42,INR,CTR0004,ON_CONTRACT,,2025-07-20
TXN000859,INVOICE_SYSTEM,SUP0019,Lumen Creative,Marketing Services,IT,99077.76,INR,CTR0007,ON_CONTRACT,REQ00404,2025-12-02
TXN000862,INVOICE_SYSTEM,SUP0008,Orion Office Supplies,Office Supplies,IT,12425.64,INR,CTR0003,ON_CONTRACT,,2025-11-24
TXN000873,INVOICE_SYSTEM,SUP0008,Orion Office Supplies,Office Supplies,IT,16811.99,INR,CTR0003,ON_CONTRACT,REQ00699,2026-01-03
TXN000882,INVOICE_SYSTEM,SUP0019,Lumen Creative,Marketing Services,Finance,114064.98,INR,CTR0007,ON_CONTRACT,REQ00757,2026-01-05
TXN000889,INVOICE_SYSTEM,SUP0019,Lumen Creative,Marketing Services,Finance,33921.79,INR,CTR0007,ON_CONTRACT,REQ00013,2025-08-24
TXN000890,INVOICE_SYSTEM,SUP0016,Prime Facility Care,Facilities Maintenance,Facilities,24590.33,INR,CTR0006,ON_CONTRACT,REQ00455,2025-10-30
TXN000891,INVOICE_SYSTEM,SUP0022,Transcore Logistics,Logistics & Freight,R&D,71948.16,INR,CTR0008,ON_CONTRACT,,2025-10-30
TXN000893,INVOICE_SYSTEM,SUP0016,Prime Facility Care,Facilities Maintenance,R&D,59813.19,INR,CTR0006,ON_CONTRACT,REQ00420,2026-02-22
TXN000898,INVOICE_SYSTEM,SUP0011,Sterling Advisory,Professional Services,Logistics,228230.52,INR,CTR0004,ON_CONTRACT,,2025-05-05
TXN000903,INVOICE_SYSTEM,SUP0018,Urban Upkeep,Facilities Maintenance,Human Resources,20886.13,INR,,OFF_CONTRACT,,2026-03-19
TXN000910,INVOICE_SYSTEM,SUP0005,Cloudspan Software,IT Software & Licences,R&D,54867.7,INR,CTR0002,ON_CONTRACT,REQ00111,2025-04-17
TXN000911,INVOICE_SYSTEM,SUP0001,Nexa Technologies Pvt Ltd,IT Hardware,IT,116495.72,INR,CTR0001,ON_CONTRACT,REQ00684,2025-04-06
TXN000915,INVOICE_SYSTEM,SUP0014,Skyroute Travel,Travel,IT,53267.87,INR,CTR0005,ON_CONTRACT,,2025-05-21
TXN000930,INVOICE_SYSTEM,SUP0001,Nexa Technologies Pvt Ltd,IT Hardware,Facilities,64972.59,INR,CTR0001,ON_CONTRACT,REQ00323,2025-10-10
TXN000950,INVOICE_SYSTEM,SUP0011,Sterling Advisory,Professional Services,Human Resources,165456.75,INR,CTR0004,ON_CONTRACT,REQ00574,2025-11-10
TXN000953,INVOICE_SYSTEM,SUP0001,Nexa Technologies Pvt Ltd,IT Hardware,Finance,52182.55,INR,CTR0001,ON_CONTRACT,,2025-05-03
TXN000955,INVOICE_SYSTEM,SUP0005,Cloudspan Software,IT Software & Licences,Human Resources,58970.91,INR,CTR0002,ON_CONTRACT,REQ00093,2025-07-31
TXN000961,INVOICE_SYSTEM,SUP0001,Nexa Technologies Pvt Ltd,IT Hardware,Operations,37833.79,INR,CTR0001,ON_CONTRACT,REQ00394,2025-09-06
TXN000963,INVOICE_SYSTEM,SUP0004,Arcadia IT Traders,IT Hardware,Human Resources,63029.11,INR,,OFF_CONTRACT,REQ00843,2025-07-30
TXN000964,INVOICE_SYSTEM,SUP0014,Skyroute Travel,Travel,Logistics,39922.24,INR,CTR0005,ON_CONTRACT,,2026-02-24
TXN000965,INVOICE_SYSTEM,SUP0020,BrightArc Media,Marketing Services,Logistics,60417.12,INR,,OFF_CONTRACT,REQ00423,2025-09-18
TXN000966,INVOICE_SYSTEM,SUP0019,Lumen Creative,Marketing Services,Human Resources,69794.18,INR,CTR0007,ON_CONTRACT,REQ00361,2025-11-02
TXN000973,INVOICE_SYSTEM,SUP0011,Sterling Advisory,Professional Services,IT,193840.14,INR,CTR0004,ON_CONTRACT,REQ00440,2026-02-02
TXN000974,INVOICE_SYSTEM,SUP0014,Skyroute Travel,Travel,Marketing,25625.11,INR,CTR0005,ON_CONTRACT,,2025-05-31
TXN000983,INVOICE_SYSTEM,SUP0016,Prime Facility Care,Facilities Maintenance,IT,16395.9,INR,CTR0006,ON_CONTRACT,,2025-08-12
TXN000984,INVOICE_SYSTEM,SUP0008,Orion Office Supplies,Office Supplies,Logistics,3728.17,INR,CTR0003,ON_CONTRACT,REQ00325,2026-03-30
TXN000992,INVOICE_SYSTEM,SUP0011,Sterling Advisory,Professional Services,Marketing,185886.26,INR,CTR0004,ON_CONTRACT,REQ00079,2025-08-05
TXN000993,INVOICE_SYSTEM,SUP0022,Transcore Logistics,Logistics & Freight,IT,34588.05,INR,CTR0008,ON_CONTRACT,REQ00697,2025-06-02
TXN000994,INVOICE_SYSTEM,SUP0019,Lumen Creative,Marketing Services,Facilities,102632.29,INR,CTR0007,ON_CONTRACT,,2025-06-18
TXN000995,INVOICE_SYSTEM,SUP0001,Nexa Technologies Pvt Ltd,IT Hardware,Logistics,80950.95,INR,CTR0001,ON_CONTRACT,REQ00276,2026-01-30
TXN001014,INVOICE_SYSTEM,SUP0022,Transcore Logistics,Logistics & Freight,Finance,15272.43,INR,CTR0008,ON_CONTRACT,,2026-03-20
TXN001017,INVOICE_SYSTEM,SUP0011,Sterling Advisory,Professional Services,Marketing,77920.82,INR,CTR0004,ON_CONTRACT,REQ00023,2025-05-30
TXN001018,INVOICE_SYSTEM,SUP0027,Orion Office Supplies Ltd,Office Supplies,Logistics,15062.74,INR,,OFF_CONTRACT,REQ00461,2026-01-25
TXN001027,INVOICE_SYSTEM,SUP0003,BluePeak Systems,IT Hardware,Finance,158616.61,INR,,OFF_CONTRACT,,2025-06-29
TXN001029,INVOICE_SYSTEM,SUP0015,Voyager Corporate Travel,Travel,Human Resources,34166.24,INR,,OFF_CONTRACT,,2026-03-20
TXN001030,INVOICE_SYSTEM,SUP0005,Cloudspan Software,IT Software & Licences,Logistics,102036.12,INR,CTR0002,ON_CONTRACT,,2025-05-27
TXN001031,INVOICE_SYSTEM,SUP0007,Meridian Softworks,IT Software & Licences,Facilities,18885.8,INR,,OFF_CONTRACT,,2025-04-22
TXN001033,INVOICE_SYSTEM,SUP0014,Skyroute Travel,Travel,Logistics,26860.72,INR,CTR0005,ON_CONTRACT,,2025-05-21
TXN001037,INVOICE_SYSTEM,SUP0019,Lumen Creative,Marketing Services,R&D,67582.49,INR,CTR0007,ON_CONTRACT,,2025-11-21
TXN001040,INVOICE_SYSTEM,SUP0008,Orion Office Supplies,Office Supplies,Human Resources,9251.68,INR,CTR0003,ON_CONTRACT,REQ00698,2026-03-25
TXN001041,INVOICE_SYSTEM,SUP0015,Voyager Corporate Travel,Travel,IT,52238.29,INR,,OFF_CONTRACT,,2025-12-27
TXN001043,INVOICE_SYSTEM,SUP0022,Transcore Logistics,Logistics & Freight,R&D,38456.46,INR,CTR0008,ON_CONTRACT,,2025-09-02
TXN001046,INVOICE_SYSTEM,SUP0001,Nexa Technologies Pvt Ltd,IT Hardware,Human Resources,120458.79,INR,CTR0001,ON_CONTRACT,REQ00793,2025-09-03
TXN001053,INVOICE_SYSTEM,SUP0022,Transcore Logistics,Logistics & Freight,Logistics,89942.62,INR,CTR0008,ON_CONTRACT,,2025-10-31
TXN001058,INVOICE_SYSTEM,SUP0019,Lumen Creative,Marketing Services,Human Resources,76270.33,INR,CTR0007,ON_CONTRACT,REQ00839,2025-12-07
TXN001062,INVOICE_SYSTEM,SUP0019,Lumen Creative,Marketing Services,Finance,157771.69,INR,CTR0007,ON_CONTRACT,REQ00687,2025-11-13
TXN001063,INVOICE_SYSTEM,SUP0014,Skyroute Travel,Travel,IT,70998.42,INR,CTR0005,ON_CONTRACT,,2026-03-29
TXN001066,INVOICE_SYSTEM,SUP0010,Kanban Stationers,Office Supplies,Operations,18964.39,INR,,OFF_CONTRACT,,2026-01-22
TXN001071,INVOICE_SYSTEM,SUP0008,Orion Office Supplies,Office Supplies,Marketing,8815.09,INR,CTR0003,ON_CONTRACT,REQ00060,2025-08-31
TXN001073,INVOICE_SYSTEM,SUP0001,Nexa Technologies Pvt Ltd,IT Hardware,Operations,31524.44,INR,CTR0001,ON_CONTRACT,REQ00771,2025-12-15
TXN001080,INVOICE_SYSTEM,SUP0014,Skyroute Travel,Travel,R&D,85896.82,INR,CTR0005,ON_CONTRACT,,2026-02-18
TXN001086,INVOICE_SYSTEM,SUP0022,Transcore Logistics,Logistics & Freight,Facilities,50794.33,INR,CTR0008,ON_CONTRACT,REQ00853,2026-03-10
TXN001088,INVOICE_SYSTEM,SUP0019,Lumen Creative,Marketing Services,IT,43384.75,INR,CTR0007,ON_CONTRACT,REQ00380,2025-07-08
TXN001094,INVOICE_SYSTEM,SUP0011,Sterling Advisory,Professional Services,Human Resources,147664.59,INR,CTR0004,ON_CONTRACT,,2025-11-19
TXN001104,INVOICE_SYSTEM,SUP0019,Lumen Creative,Marketing Services,Facilities,149885.32,INR,CTR0007,ON_CONTRACT,,2025-05-02
TXN001107,INVOICE_SYSTEM,SUP0005,Cloudspan Software,IT Software & Licences,IT,56605.41,INR,CTR0002,ON_CONTRACT,REQ00337,2026-01-26
TXN001110,INVOICE_SYSTEM,SUP0008,Orion Office Supplies,Office Supplies,IT,5539.61,INR,CTR0003,ON_CONTRACT,REQ00599,2025-11-10
TXN001111,INVOICE_SYSTEM,SUP0016,Prime Facility Care,Facilities Maintenance,Marketing,58949.99,INR,CTR0006,ON_CONTRACT,REQ00317,2026-02-03
TXN001112,INVOICE_SYSTEM,SUP0016,Prime Facility Care,Facilities Maintenance,Marketing,23466.43,INR,CTR0006,ON_CONTRACT,REQ00520,2026-01-12
TXN001122,INVOICE_SYSTEM,SUP0022,Transcore Logistics,Logistics & Freight,Marketing,91319.07,INR,CTR0008,ON_CONTRACT,,2026-02-14
TXN001126,INVOICE_SYSTEM,SUP0011,Sterling Advisory,Professional Services,Marketing,155680.05,INR,CTR0004,ON_CONTRACT,,2026-01-25
TXN001139,INVOICE_SYSTEM,SUP0017,GreenEdge Services,Facilities Maintenance,IT,38835.19,INR,,OFF_CONTRACT,REQ00525,2025-06-16
TXN001141,INVOICE_SYSTEM,SUP0011,Sterling Advisory,Professional Services,R&D,213183.0,INR,CTR0004,ON_CONTRACT,REQ00461,2026-01-11
TXN001145,INVOICE_SYSTEM,SUP0016,Prime Facility Care,Facilities Maintenance,R&D,26021.7,INR,CTR0006,ON_CONTRACT,,2025-07-14
TXN001154,INVOICE_SYSTEM,SUP0011,Sterling Advisory,Professional Services,Logistics,182829.56,INR,CTR0004,ON_CONTRACT,REQ00590,2025-04-21
TXN001155,INVOICE_SYSTEM,SUP0005,Cloudspan Software,IT Software & Licences,Logistics,79954.19,INR,CTR0002,ON_CONTRACT,REQ00863,2026-03-31
TXN001156,INVOICE_SYSTEM,SUP0014,Skyroute Travel,Travel,Marketing,69722.76,INR,CTR0005,ON_CONTRACT,REQ00184,2026-02-11
TXN001157,INVOICE_SYSTEM,SUP0019,Lumen Creative,Marketing Services,Marketing,42204.71,INR,CTR0007,ON_CONTRACT,,2025-05-19
TXN001160,INVOICE_SYSTEM,SUP0005,Cloudspan Software,IT Software & Licences,Finance,18070.96,INR,CTR0002,ON_CONTRACT,REQ00169,2025-08-08
TXN001172,INVOICE_SYSTEM,SUP0011,Sterling Advisory,Professional Services,R&D,246049.1,INR,CTR0004,ON_CONTRACT,,2025-06-01
TXN001175,INVOICE_SYSTEM,SUP0016,Prime Facility Care,Facilities Maintenance,R&D,48040.34,INR,CTR0006,ON_CONTRACT,REQ00614,2025-12-12
TXN001176,INVOICE_SYSTEM,SUP0005,Cloudspan Software,IT Software & Licences,Marketing,71698.46,INR,CTR0002,ON_CONTRACT,REQ00098,2026-02-02
TXN001182,INVOICE_SYSTEM,SUP0013,Adept Partners,Professional Services,Logistics,111793.15,INR,,OFF_CONTRACT,,2025-09-16
TXN001186,INVOICE_SYSTEM,SUP0005,Cloudspan Software,IT Software & Licences,IT,113408.99,INR,CTR0002,ON_CONTRACT,,2025-06-12
TXN001189,INVOICE_SYSTEM,SUP0011,Sterling Advisory,Professional Services,Facilities,103202.35,INR,CTR0004,ON_CONTRACT,,2025-10-02
TXN001200,INVOICE_SYSTEM,SUP0008,Orion Office Supplies,Office Supplies,R&D,4991.98,INR,CTR0003,ON_CONTRACT,REQ00601,2025-05-12
TXN001201,INVOICE_SYSTEM,SUP0011,Sterling Advisory,Professional Services,Human Resources,199235.27,INR,CTR0004,ON_CONTRACT,,2025-12-13
TXN001206,INVOICE_SYSTEM,SUP0005,Cloudspan Software,IT Software & Licences,Marketing,95892.78,INR,CTR0002,ON_CONTRACT,REQ00768,2025-07-03
TXN001207,INVOICE_SYSTEM,SUP0011,Sterling Advisory,Professional Services,R&D,183492.03,INR,CTR0004,ON_CONTRACT,REQ00640,2025-05-26
TXN001210,INVOICE_SYSTEM,SUP0019,Lumen Creative,Marketing Services,Human Resources,159597.43,INR,CTR0007,ON_CONTRACT,,2025-11-29
TXN001213,INVOICE_SYSTEM,SUP0005,Cloudspan Software,IT Software & Licences,R&D,32180.5,INR,CTR0002,ON_CONTRACT,,2025-06-11
TXN001214,INVOICE_SYSTEM,SUP0001,Nexa Technologies Pvt Ltd,IT Hardware,Human Resources,148195.48,INR,CTR0001,ON_CONTRACT,,2025-08-06
TXN001216,INVOICE_SYSTEM,SUP0001,Nexa Technologies Pvt Ltd,IT Hardware,Finance,59219.29,INR,CTR0001,ON_CONTRACT,,2025-07-29
TXN001218,INVOICE_SYSTEM,SUP0011,Sterling Advisory,Professional Services,IT,182904.85,INR,CTR0004,ON_CONTRACT,REQ00816,2025-05-15
TXN001221,INVOICE_SYSTEM,SUP0010,Kanban Stationers,Office Supplies,Human Resources,23869.86,INR,,OFF_CONTRACT,REQ00264,2026-03-07
TXN001227,INVOICE_SYSTEM,SUP0018,Urban Upkeep,Facilities Maintenance,Marketing,33855.66,INR,,OFF_CONTRACT,REQ00617,2026-01-28
TXN001238,INVOICE_SYSTEM,SUP0008,Orion Office Supplies,Office Supplies,Operations,12883.83,INR,CTR0003,ON_CONTRACT,,2025-04-05
TXN001241,INVOICE_SYSTEM,SUP0016,Prime Facility Care,Facilities Maintenance,R&D,62117.39,INR,CTR0006,ON_CONTRACT,REQ00122,2025-08-02
TXN001245,INVOICE_SYSTEM,SUP0008,Orion Office Supplies,Office Supplies,R&D,19503.55,INR,CTR0003,ON_CONTRACT,REQ00129,2025-05-21
TXN001246,INVOICE_SYSTEM,SUP0016,Prime Facility Care,Facilities Maintenance,Marketing,47573.22,INR,CTR0006,ON_CONTRACT,REQ00718,2025-04-11
TXN001248,INVOICE_SYSTEM,SUP0005,Cloudspan Software,IT Software & Licences,Facilities,18415.25,INR,CTR0002,ON_CONTRACT,REQ00614,2026-03-22
TXN001252,INVOICE_SYSTEM,SUP0011,Sterling Advisory,Professional Services,Human Resources,141119.69,INR,CTR0004,ON_CONTRACT,,2025-11-14
TXN001257,INVOICE_SYSTEM,SUP0019,Lumen Creative,Marketing Services,R&D,48073.46,INR,CTR0007,ON_CONTRACT,,2025-06-13
TXN001269,INVOICE_SYSTEM,SUP0011,Sterling Advisory,Professional Services,Human Resources,166004.32,INR,CTR0004,ON_CONTRACT,REQ00321,2025-05-17
TXN001280,INVOICE_SYSTEM,SUP0008,Orion Office Supplies,Office Supplies,IT,13474.43,INR,CTR0003,ON_CONTRACT,REQ00673,2025-08-07
TXN001283,INVOICE_SYSTEM,SUP0001,Nexa Technologies Pvt Ltd,IT Hardware,Operations,111745.55,INR,CTR0001,ON_CONTRACT,REQ00292,2025-04-21
TXN001286,INVOICE_SYSTEM,SUP0019,Lumen Creative,Marketing Services,IT,92479.63,INR,CTR0007,ON_CONTRACT,REQ00353,2025-12-13
TXN001291,INVOICE_SYSTEM,SUP0008,Orion Office Supplies,Office Supplies,Marketing,11129.24,INR,CTR0003,ON_CONTRACT,REQ00136,2025-10-23
TXN001299,INVOICE_SYSTEM,SUP0016,Prime Facility Care,Facilities Maintenance,Finance,48185.81,INR,CTR0006,ON_CONTRACT,REQ00283,2025-07-17
TXN001301,INVOICE_SYSTEM,SUP0011,Sterling Advisory,Professional Services,Facilities,46633.09,INR,CTR0004,ON_CONTRACT,,2026-02-11
TXN001306,INVOICE_SYSTEM,SUP0022,Transcore Logistics,Logistics & Freight,Facilities,84290.44,INR,CTR0008,ON_CONTRACT,REQ00769,2025-12-17
TXN001311,INVOICE_SYSTEM,SUP0008,Orion Office Supplies,Office Supplies,Operations,3842.64,INR,CTR0003,ON_CONTRACT,,2025-07-17
TXN001313,INVOICE_SYSTEM,SUP0015,Voyager Corporate Travel,Travel,Human Resources,52902.57,INR,,OFF_CONTRACT,REQ00059,2026-02-15
TXN001322,INVOICE_SYSTEM,SUP0001,Nexa Technologies Pvt Ltd,IT Hardware,Human Resources,49729.43,INR,CTR0001,ON_CONTRACT,REQ00643,2026-02-02
TXN001323,INVOICE_SYSTEM,SUP0001,Nexa Technologies Pvt Ltd,IT Hardware,Facilities,160126.45,INR,CTR0001,ON_CONTRACT,REQ00838,2025-09-21
TXN001328,INVOICE_SYSTEM,SUP0014,Skyroute Travel,Travel,R&D,72755.28,INR,CTR0005,ON_CONTRACT,,2025-05-28
TXN001333,INVOICE_SYSTEM,SUP0022,Transcore Logistics,Logistics & Freight,Facilities,30961.74,INR,CTR0008,ON_CONTRACT,,2025-06-16
TXN001337,INVOICE_SYSTEM,SUP0016,Prime Facility Care,Facilities Maintenance,Operations,21972.55,INR,CTR0006,ON_CONTRACT,REQ00563,2025-12-11
TXN001338,INVOICE_SYSTEM,SUP0022,Transcore Logistics,Logistics & Freight,R&D,68458.94,INR,CTR0008,ON_CONTRACT,REQ00733,2025-11-02
TXN001340,INVOICE_SYSTEM,SUP0016,Prime Facility Care,Facilities Maintenance,Facilities,11839.15,INR,CTR0006,ON_CONTRACT,REQ00358,2025-10-02
TXN001342,INVOICE_SYSTEM,SUP0001,Nexa Technologies Pvt Ltd,IT Hardware,Marketing,96706.56,INR,CTR0001,ON_CONTRACT,REQ00027,2026-03-23
TXN001347,INVOICE_SYSTEM,SUP0008,Orion Office Supplies,Office Supplies,Logistics,9956.5,INR,CTR0003,ON_CONTRACT,,2025-08-11
TXN001354,INVOICE_SYSTEM,SUP0001,Nexa Technologies Pvt Ltd,IT Hardware,IT,137414.94,INR,CTR0001,ON_CONTRACT,REQ00096,2025-09-06
TXN001367,INVOICE_SYSTEM,SUP0022,Transcore Logistics,Logistics & Freight,IT,71413.47,INR,CTR0008,ON_CONTRACT,,2026-02-24
TXN001374,INVOICE_SYSTEM,SUP0003,BluePeak Systems,IT Hardware,Logistics,101303.07,INR,,OFF_CONTRACT,REQ00217,2025-04-12
TXN001378,INVOICE_SYSTEM,SUP0022,Transcore Logistics,Logistics & Freight,R&D,54729.84,INR,CTR0008,ON_CONTRACT,REQ00710,2026-01-18
TXN001379,INVOICE_SYSTEM,SUP0021,Pulse Marketing Co,Marketing Services,Operations,70292.67,INR,,OFF_CONTRACT,REQ00684,2026-01-22
TXN001380,INVOICE_SYSTEM,SUP0008,Orion Office Supplies,Office Supplies,Finance,15637.87,INR,CTR0003,ON_CONTRACT,REQ00470,2025-06-15
TXN001381,INVOICE_SYSTEM,SUP0022,Transcore Logistics,Logistics & Freight,R&D,25572.48,INR,CTR0008,ON_CONTRACT,REQ00740,2025-04-02
TXN001387,INVOICE_SYSTEM,SUP0019,Lumen Creative,Marketing Services,R&D,128286.24,INR,CTR0007,ON_CONTRACT,,2026-03-26
TXN001389,INVOICE_SYSTEM,SUP0005,Cloudspan Software,IT Software & Licences,Facilities,116831.21,INR,CTR0002,ON_CONTRACT,,2025-12-14
TXN001390,INVOICE_SYSTEM,SUP0001,Nexa Technologies Pvt Ltd,IT Hardware,Operations,95337.38,INR,CTR0001,ON_CONTRACT,REQ00466,2026-01-08
TXN001391,INVOICE_SYSTEM,SUP0019,Lumen Creative,Marketing Services,Facilities,53047.06,INR,CTR0007,ON_CONTRACT,REQ00813,2025-11-24
TXN001395,INVOICE_SYSTEM,SUP0016,Prime Facility Care,Facilities Maintenance,R&D,30220.19,INR,CTR0006,ON_CONTRACT,REQ00401,2025-07-08
TXN001398,INVOICE_SYSTEM,SUP0005,Cloudspan Software,IT Software & Licences,Human Resources,41115.0,INR,CTR0002,ON_CONTRACT,,2025-06-21
TXN001401,INVOICE_SYSTEM,SUP0022,Transcore Logistics,Logistics & Freight,Marketing,25864.48,INR,CTR0008,ON_CONTRACT,REQ00228,2025-08-31
TXN001403,INVOICE_SYSTEM,SUP0001,Nexa Technologies Pvt Ltd,IT Hardware,IT,30684.07,INR,CTR0001,ON_CONTRACT,,2026-01-22
TXN001404,INVOICE_SYSTEM,SUP0005,Cloudspan Software,IT Software & Licences,Facilities,92322.21,INR,CTR0002,ON_CONTRACT,REQ00290,2025-08-13
TXN001406,INVOICE_SYSTEM,SUP0019,Lumen Creative,Marketing Services,R&D,86448.32,INR,CTR0007,ON_CONTRACT,REQ00641,2025-05-10
TXN001411,INVOICE_SYSTEM,SUP0011,Sterling Advisory,Professional Services,IT,83226.65,INR,CTR0004,ON_CONTRACT,REQ00226,2025-05-13
TXN001413,INVOICE_SYSTEM,SUP0014,Skyroute Travel,Travel,R&D,30119.47,INR,CTR0005,ON_CONTRACT,REQ00410,2025-07-08
TXN001427,INVOICE_SYSTEM,SUP0014,Skyroute Travel,Travel,R&D,8405.08,INR,CTR0005,ON_CONTRACT,REQ00794,2025-09-08
TXN001436,INVOICE_SYSTEM,SUP0005,Cloudspan Software,IT Software & Licences,Operations,18147.23,INR,CTR0002,ON_CONTRACT,,2025-07-15
TXN001442,INVOICE_SYSTEM,SUP0005,Cloudspan Software,IT Software & Licences,Facilities,24859.58,INR,CTR0002,ON_CONTRACT,REQ00472,2025-07-05
TXN001447,INVOICE_SYSTEM,SUP0011,Sterling Advisory,Professional Services,Human Resources,185451.45,INR,CTR0004,ON_CONTRACT,REQ00545,2025-05-22
TXN001453,INVOICE_SYSTEM,SUP0001,Nexa Technologies Pvt Ltd,IT Hardware,IT,159680.27,INR,CTR0001,ON_CONTRACT,REQ00254,2025-11-28
TXN001457,INVOICE_SYSTEM,SUP0018,Urban Upkeep,Facilities Maintenance,Logistics,51371.61,INR,,OFF_CONTRACT,REQ00703,2025-12-22
TXN001468,INVOICE_SYSTEM,SUP0011,Sterling Advisory,Professional Services,Operations,125450.67,INR,CTR0004,ON_CONTRACT,,2026-02-21
TXN001469,INVOICE_SYSTEM,SUP0019,Lumen Creative,Marketing Services,Facilities,141905.48,INR,CTR0007,ON_CONTRACT,,2025-09-02
TXN001474,INVOICE_SYSTEM,SUP0001,Nexa Technologies Pvt Ltd,IT Hardware,R&D,87641.75,INR,CTR0001,ON_CONTRACT,REQ00144,2026-02-09
TXN001477,INVOICE_SYSTEM,SUP0001,Nexa Technologies Pvt Ltd,IT Hardware,Facilities,150216.12,INR,CTR0001,ON_CONTRACT,REQ00100,2025-08-27
TXN001478,INVOICE_SYSTEM,SUP0022,Transcore Logistics,Logistics & Freight,Facilities,75269.67,INR,CTR0008,ON_CONTRACT,,2026-03-12
TXN001482,INVOICE_SYSTEM,SUP0005,Cloudspan Software,IT Software & Licences,Logistics,27621.95,INR,CTR0002,ON_CONTRACT,REQ00125,2025-09-01
TXN001484,INVOICE_SYSTEM,SUP0015,Voyager Corporate Travel,Travel,Facilities,478962.58,INR,,OFF_CONTRACT,REQ00652,2025-04-12
TXN001491,INVOICE_SYSTEM,SUP0016,Prime Facility Care,Facilities Maintenance,Marketing,24252.65,INR,CTR0006,ON_CONTRACT,REQ00781,2026-03-04
TXN001492,INVOICE_SYSTEM,SUP0014,Skyroute Travel,Travel,Logistics,38606.65,INR,CTR0005,ON_CONTRACT,REQ00484,2026-02-05
TXN001493,INVOICE_SYSTEM,SUP0008,Orion Office Supplies,Office Supplies,Human Resources,7227.2,INR,CTR0003,ON_CONTRACT,REQ00332,2026-01-27
TXN001494,INVOICE_SYSTEM,SUP0016,Prime Facility Care,Facilities Maintenance,Facilities,14391.76,INR,CTR0006,ON_CONTRACT,REQ00873,2025-06-21
TXN001500,INVOICE_SYSTEM,SUP0005,Cloudspan Software,IT Software & Licences,IT,105650.03,INR,CTR0002,ON_CONTRACT,REQ00418,2026-01-16
TXN001503,INVOICE_SYSTEM,SUP0019,Lumen Creative,Marketing Services,Facilities,23589.89,INR,CTR0007,ON_CONTRACT,REQ00530,2025-08-31
TXN001507,INVOICE_SYSTEM,SUP0005,Cloudspan Software,IT Software & Licences,Human Resources,75918.1,INR,CTR0002,ON_CONTRACT,,2025-04-17
TXN001510,INVOICE_SYSTEM,SUP0006,Vertex Licensing,IT Software & Licences,Human Resources,95312.74,INR,,OFF_CONTRACT,,2025-05-24
TXN001512,INVOICE_SYSTEM,SUP0001,Nexa Technologies Pvt Ltd,IT Hardware,Operations,136309.08,INR,CTR0001,ON_CONTRACT,REQ00881,2025-10-12
TXN001518,INVOICE_SYSTEM,SUP0016,Prime Facility Care,Facilities Maintenance,Human Resources,63881.83,INR,CTR0006,ON_CONTRACT,REQ00408,2025-12-02
TXN001528,INVOICE_SYSTEM,SUP0017,GreenEdge Services,Facilities Maintenance,Operations,28437.4,INR,,OFF_CONTRACT,,2025-09-22
TXN001529,INVOICE_SYSTEM,SUP0021,Pulse Marketing Co,Marketing Services,IT,132423.63,INR,,OFF_CONTRACT,,2026-01-09
TXN001535,INVOICE_SYSTEM,SUP0016,Prime Facility Care,Facilities Maintenance,Operations,34812.95,INR,CTR0006,ON_CONTRACT,REQ00594,2025-05-11
TXN001536,INVOICE_SYSTEM,SUP0015,Voyager Corporate Travel,Travel,Logistics,17994.66,INR,,OFF_CONTRACT,REQ00785,2025-08-20
TXN001539,INVOICE_SYSTEM,SUP0003,BluePeak Systems,IT Hardware,IT,53122.94,INR,,OFF_CONTRACT,,2025-09-28
TXN001545,INVOICE_SYSTEM,SUP0005,Cloudspan Software,IT Software & Licences,Finance,116107.32,INR,CTR0002,ON_CONTRACT,,2025-10-11
TXN001550,INVOICE_SYSTEM,SUP0011,Sterling Advisory,Professional Services,R&D,172961.79,INR,CTR0004,ON_CONTRACT,REQ00361,2026-01-12
TXN001552,INVOICE_SYSTEM,SUP0009,Paperline Traders,Office Supplies,R&D,15837.07,INR,,OFF_CONTRACT,,2026-03-07
TXN001553,INVOICE_SYSTEM,SUP0008,Orion Office Supplies,Office Supplies,Finance,20841.34,INR,CTR0003,ON_CONTRACT,REQ00084,2025-10-27
TXN001556,INVOICE_SYSTEM,SUP0022,Transcore Logistics,Logistics & Freight,R&D,29599.72,INR,CTR0008,ON_CONTRACT,REQ00171,2025-05-08
TXN001564,INVOICE_SYSTEM,SUP0008,Orion Office Supplies,Office Supplies,Operations,8320.54,INR,CTR0003,ON_CONTRACT,REQ00285,2026-01-20
TXN001566,INVOICE_SYSTEM,SUP0012,Cobalt Consulting,Professional Services,Human Resources,128985.03,INR,,OFF_CONTRACT,,2025-05-25
TXN001568,INVOICE_SYSTEM,SUP0008,Orion Office Supplies,Office Supplies,Operations,4197.31,INR,CTR0003,ON_CONTRACT,REQ00853,2025-04-14
TXN001569,INVOICE_SYSTEM,SUP0016,Prime Facility Care,Facilities Maintenance,R&D,47431.56,INR,CTR0006,ON_CONTRACT,,2025-12-23
TXN001570,INVOICE_SYSTEM,SUP0010,Kanban Stationers,Office Supplies,Facilities,12390.66,INR,,OFF_CONTRACT,REQ00443,2025-12-09
TXN001572,INVOICE_SYSTEM,SUP0018,Urban Upkeep,Facilities Maintenance,Facilities,20080.85,INR,,OFF_CONTRACT,REQ00520,2025-09-19
TXN001576,INVOICE_SYSTEM,SUP0022,Transcore Logistics,Logistics & Freight,Logistics,19944.31,INR,CTR0008,ON_CONTRACT,REQ00204,2026-02-20
TXN001586,INVOICE_SYSTEM,SUP0008,Orion Office Supplies,Office Supplies,Facilities,5138.11,INR,CTR0003,ON_CONTRACT,,2026-02-09
TXN001595,INVOICE_SYSTEM,SUP0012,Cobalt Consulting,Professional Services,R&D,192111.15,INR,,OFF_CONTRACT,REQ00024,2025-09-02
TXN001598,INVOICE_SYSTEM,SUP0011,Sterling Advisory,Professional Services,R&D,56678.07,INR,CTR0004,ON_CONTRACT,,2026-01-05
TXN001602,INVOICE_SYSTEM,SUP0008,Orion Office Supplies,Office Supplies,Operations,9437.55,INR,CTR0003,ON_CONTRACT,REQ00506,2025-08-08
TXN001606,INVOICE_SYSTEM,SUP0005,Cloudspan Software,IT Software & Licences,Marketing,69501.28,INR,CTR0002,ON_CONTRACT,REQ00125,2025-06-25
TXN001607,INVOICE_SYSTEM,SUP0011,Sterling Advisory,Professional Services,IT,54198.64,INR,CTR0004,ON_CONTRACT,,2025-12-10
TXN001612,INVOICE_SYSTEM,SUP0008,Orion Office Supplies,Office Supplies,IT,16970.18,INR,CTR0003,ON_CONTRACT,REQ00184,2025-06-16
TXN001613,INVOICE_SYSTEM,SUP0022,Transcore Logistics,Logistics & Freight,Human Resources,56235.5,INR,CTR0008,ON_CONTRACT,,2025-07-12
TXN001616,INVOICE_SYSTEM,SUP0014,Skyroute Travel,Travel,Human Resources,62897.93,INR,CTR0005,ON_CONTRACT,,2026-02-23
TXN001623,INVOICE_SYSTEM,SUP0022,Transcore Logistics,Logistics & Freight,Finance,58670.64,INR,CTR0008,ON_CONTRACT,REQ00620,2025-07-19
TXN001630,INVOICE_SYSTEM,SUP0004,Arcadia IT Traders,IT Hardware,Logistics,94807.5,INR,,OFF_CONTRACT,REQ00485,2026-02-26
TXN001632,INVOICE_SYSTEM,SUP0008,Orion Office Supplies,Office Supplies,Facilities,9994.15,INR,CTR0003,ON_CONTRACT,REQ00653,2026-03-30
TXN001633,INVOICE_SYSTEM,SUP0001,Nexa Technologies Pvt Ltd,IT Hardware,Human Resources,128061.32,INR,CTR0001,ON_CONTRACT,,2025-07-09
TXN001635,INVOICE_SYSTEM,SUP0016,Prime Facility Care,Facilities Maintenance,R&D,65630.67,INR,CTR0006,ON_CONTRACT,REQ00684,2026-03-09
TXN001636,INVOICE_SYSTEM,SUP0001,Nexa Technologies Pvt Ltd,IT Hardware,Marketing,61369.52,INR,CTR0001,ON_CONTRACT,,2025-05-13
TXN001638,INVOICE_SYSTEM,SUP0008,Orion Office Supplies,Office Supplies,IT,5505.57,INR,CTR0003,ON_CONTRACT,REQ00575,2025-09-27
TXN001643,INVOICE_SYSTEM,SUP0016,Prime Facility Care,Facilities Maintenance,Human Resources,41257.48,INR,CTR0006,ON_CONTRACT,,2025-06-30
TXN001653,INVOICE_SYSTEM,SUP0020,BrightArc Media,Marketing Services,Human Resources,56835.76,INR,,OFF_CONTRACT,,2026-02-02
TXN001655,INVOICE_SYSTEM,SUP0005,Cloudspan Software,IT Software & Licences,R&D,24202.49,INR,CTR0002,ON_CONTRACT,,2025-06-23
TXN001656,INVOICE_SYSTEM,SUP0028,ORION OFFICE SUPPLIES,Office Supplies,Operations,23550.03,INR,,OFF_CONTRACT,,2026-01-16
TXN001661,INVOICE_SYSTEM,SUP0019,Lumen Creative,Marketing Services,R&D,104083.21,INR,CTR0007,ON_CONTRACT,,2026-03-28
TXN001663,INVOICE_SYSTEM,SUP0020,BrightArc Media,Marketing Services,R&D,148714.88,INR,,OFF_CONTRACT,,2025-12-30
TXN001665,INVOICE_SYSTEM,SUP0001,Nexa Technologies Pvt Ltd,IT Hardware,Facilities,178784.49,INR,CTR0001,ON_CONTRACT,,2025-06-10
TXN001668,INVOICE_SYSTEM,SUP0001,Nexa Technologies Pvt Ltd,IT Hardware,Marketing,169242.26,INR,CTR0001,ON_CONTRACT,REQ00699,2025-12-21
TXN001672,INVOICE_SYSTEM,SUP0022,Transcore Logistics,Logistics & Freight,Finance,84871.87,INR,CTR0008,ON_CONTRACT,,2025-10-04
TXN001674,INVOICE_SYSTEM,SUP0008,Orion Office Supplies,Office Supplies,Human Resources,20536.28,INR,CTR0003,ON_CONTRACT,REQ00833,2026-02-09
TXN001681,INVOICE_SYSTEM,SUP0001,Nexa Technologies Pvt Ltd,IT Hardware,Facilities,78645.46,INR,CTR0001,ON_CONTRACT,REQ00743,2025-05-11
TXN001683,INVOICE_SYSTEM,SUP0006,Vertex Licensing,IT Software & Licences,Operations,82302.07,INR,,OFF_CONTRACT,,2025-09-03
TXN001691,INVOICE_SYSTEM,SUP0016,Prime Facility Care,Facilities Maintenance,Logistics,20490.32,INR,CTR0006,ON_CONTRACT,,2025-04-16
TXN001694,INVOICE_SYSTEM,SUP0008,Orion Office Supplies,Office Supplies,Facilities,5366.6,INR,CTR0003,ON_CONTRACT,REQ00224,2025-07-18
TXN001698,INVOICE_SYSTEM,SUP0022,Transcore Logistics,Logistics & Freight,Marketing,23218.8,INR,CTR0008,ON_CONTRACT,,2025-06-30
TXN001706,INVOICE_SYSTEM,SUP0006,Vertex Licensing,IT Software & Licences,Marketing,26094.79,INR,,OFF_CONTRACT,REQ00740,2025-05-06
TXN001710,INVOICE_SYSTEM,SUP0028,ORION OFFICE SUPPLIES,Office Supplies,Facilities,16954.63,INR,,OFF_CONTRACT,,2025-10-05
TXN001714,INVOICE_SYSTEM,SUP0014,Skyroute Travel,Travel,Marketing,45703.63,INR,CTR0005,ON_CONTRACT,REQ00027,2025-07-23
TXN001716,INVOICE_SYSTEM,SUP0014,Skyroute Travel,Travel,Marketing,89579.04,INR,CTR0005,ON_CONTRACT,REQ00300,2025-10-14
TXN001726,INVOICE_SYSTEM,SUP0011,Sterling Advisory,Professional Services,Marketing,53081.28,INR,CTR0004,ON_CONTRACT,REQ00063,2025-07-16
TXN001727,INVOICE_SYSTEM,SUP0011,Sterling Advisory,Professional Services,Logistics,146978.65,INR,CTR0004,ON_CONTRACT,REQ00550,2025-04-27
TXN001742,INVOICE_SYSTEM,SUP0022,Transcore Logistics,Logistics & Freight,Operations,72889.99,INR,CTR0008,ON_CONTRACT,REQ00734,2025-08-10
TXN001746,INVOICE_SYSTEM,SUP0022,Transcore Logistics,Logistics & Freight,R&D,51951.56,INR,CTR0008,ON_CONTRACT,REQ00058,2026-02-22
TXN001750,INVOICE_SYSTEM,SUP0014,Skyroute Travel,Travel,IT,19243.0,INR,CTR0005,ON_CONTRACT,REQ00789,2025-05-05
TXN001751,INVOICE_SYSTEM,SUP0017,GreenEdge Services,Facilities Maintenance,Logistics,42118.61,INR,,OFF_CONTRACT,,2025-07-19
TXN001764,INVOICE_SYSTEM,SUP0001,Nexa Technologies Pvt Ltd,IT Hardware,Logistics,100677.38,INR,CTR0001,ON_CONTRACT,REQ00385,2025-04-14
TXN001772,INVOICE_SYSTEM,SUP0016,Prime Facility Care,Facilities Maintenance,Marketing,57100.99,INR,CTR0006,ON_CONTRACT,,2025-06-05
TXN001779,INVOICE_SYSTEM,SUP0011,Sterling Advisory,Professional Services,Facilities,93480.83,INR,CTR0004,ON_CONTRACT,,2025-11-24
TXN001789,INVOICE_SYSTEM,SUP0016,Prime Facility Care,Facilities Maintenance,Human Resources,13999.12,INR,CTR0006,ON_CONTRACT,REQ00893,2025-12-06
TXN001791,INVOICE_SYSTEM,SUP0008,Orion Office Supplies,Office Supplies,Facilities,5453.89,INR,CTR0003,ON_CONTRACT,REQ00730,2025-08-30
TXN001793,INVOICE_SYSTEM,SUP0008,Orion Office Supplies,Office Supplies,Operations,13781.1,INR,CTR0003,ON_CONTRACT,REQ00697,2025-07-23
TXN001795,INVOICE_SYSTEM,SUP0011,Sterling Advisory,Professional Services,Marketing,48751.31,INR,CTR0004,ON_CONTRACT,REQ00103,2026-03-15
TXN001796,INVOICE_SYSTEM,SUP0008,Orion Office Supplies,Office Supplies,Operations,3950.22,INR,CTR0003,ON_CONTRACT,,2025-06-17
TXN001801,INVOICE_SYSTEM,SUP0016,Prime Facility Care,Facilities Maintenance,Human Resources,67390.08,INR,CTR0006,ON_CONTRACT,REQ00412,2025-06-03
TXN001807,INVOICE_SYSTEM,SUP0016,Prime Facility Care,Facilities Maintenance,Logistics,49682.24,INR,CTR0006,ON_CONTRACT,,2025-11-08
TXN001810,INVOICE_SYSTEM,SUP0001,Nexa Technologies Pvt Ltd,IT Hardware,Operations,40251.33,INR,CTR0001,ON_CONTRACT,,2025-07-23
TXN001812,INVOICE_SYSTEM,SUP0019,Lumen Creative,Marketing Services,R&D,127012.17,INR,CTR0007,ON_CONTRACT,REQ00111,2026-01-28
TXN001815,INVOICE_SYSTEM,SUP0026,Nexa Tech Pvt Ltd,IT Hardware,R&D,37736.61,INR,,OFF_CONTRACT,,2025-04-14
TXN001819,INVOICE_SYSTEM,SUP0011,Sterling Advisory,Professional Services,Finance,171179.35,INR,CTR0004,ON_CONTRACT,,2025-09-26
TXN001830,INVOICE_SYSTEM,SUP0019,Lumen Creative,Marketing Services,R&D,60995.09,INR,CTR0007,ON_CONTRACT,,2026-03-28
TXN001838,INVOICE_SYSTEM,SUP0022,Transcore Logistics,Logistics & Freight,Marketing,40076.2,INR,CTR0008,ON_CONTRACT,,2025-07-20
TXN001842,INVOICE_SYSTEM,SUP0016,Prime Facility Care,Facilities Maintenance,R&D,35924.61,INR,CTR0006,ON_CONTRACT,,2025-10-13
TXN001845,INVOICE_SYSTEM,SUP0005,Cloudspan Software,IT Software & Licences,Human Resources,114022.96,INR,CTR0002,ON_CONTRACT,REQ00621,2025-05-02
TXN001850,INVOICE_SYSTEM,SUP0008,Orion Office Supplies,Office Supplies,Logistics,16853.65,INR,CTR0003,ON_CONTRACT,REQ00040,2026-01-01
TXN001851,INVOICE_SYSTEM,SUP0006,Vertex Licensing,IT Software & Licences,Facilities,45020.21,INR,,OFF_CONTRACT,REQ00185,2026-01-28
TXN001853,INVOICE_SYSTEM,SUP0023,FleetBridge Cargo,Logistics & Freight,Facilities,83493.71,INR,,OFF_CONTRACT,,2025-05-04
TXN001855,INVOICE_SYSTEM,SUP0016,Prime Facility Care,Facilities Maintenance,Logistics,65135.59,INR,CTR0006,ON_CONTRACT,,2026-03-04
TXN001861,INVOICE_SYSTEM,SUP0021,Pulse Marketing Co,Marketing Services,Finance,128702.64,INR,,OFF_CONTRACT,,2025-04-23
TXN001862,INVOICE_SYSTEM,SUP0011,Sterling Advisory,Professional Services,Operations,177793.99,INR,CTR0004,ON_CONTRACT,,2025-05-08
TXN001864,INVOICE_SYSTEM,SUP0005,Cloudspan Software,IT Software & Licences,Finance,72227.83,INR,CTR0002,ON_CONTRACT,,2025-10-17
TXN001865,INVOICE_SYSTEM,SUP0011,Sterling Advisory,Professional Services,IT,246780.65,INR,CTR0004,ON_CONTRACT,REQ00614,2025-08-05
TXN001872,INVOICE_SYSTEM,SUP0013,Adept Partners,Professional Services,Operations,84837.39,INR,,OFF_CONTRACT,REQ00037,2025-11-27
TXN001875,INVOICE_SYSTEM,SUP0001,Nexa Technologies Pvt Ltd,IT Hardware,Finance,-138584.24,INR,CTR0001,ON_CONTRACT,,2025-08-07
TXN001884,INVOICE_SYSTEM,SUP0022,Transcore Logistics,Logistics & Freight,Logistics,75173.09,INR,CTR0008,ON_CONTRACT,REQ00369,2025-07-24
TXN001890,INVOICE_SYSTEM,SUP0018,Urban Upkeep,Facilities Maintenance,R&D,69508.6,INR,,OFF_CONTRACT,REQ00315,2025-07-19
TXN001896,INVOICE_SYSTEM,SUP0005,Cloudspan Software,IT Software & Licences,IT,91972.49,INR,CTR0002,ON_CONTRACT,REQ00093,2025-09-08
TXN001898,INVOICE_SYSTEM,SUP0016,Prime Facility Care,Facilities Maintenance,Logistics,21281.48,INR,CTR0006,ON_CONTRACT,REQ00180,2025-08-27
TXN001901,INVOICE_SYSTEM,SUP0013,Adept Partners,Professional Services,Logistics,156387.57,INR,,OFF_CONTRACT,REQ00041,2025-06-09
TXN001904,INVOICE_SYSTEM,SUP0016,Prime Facility Care,Facilities Maintenance,Facilities,12118.68,INR,CTR0006,ON_CONTRACT,REQ00640,2025-09-01
TXN001905,INVOICE_SYSTEM,SUP0019,Lumen Creative,Marketing Services,Operations,124402.73,INR,CTR0007,ON_CONTRACT,,2025-09-12
TXN001906,INVOICE_SYSTEM,SUP0014,Skyroute Travel,Travel,Facilities,24603.41,INR,CTR0005,ON_CONTRACT,REQ00819,2025-12-10
TXN001909,INVOICE_SYSTEM,SUP0014,Skyroute Travel,Travel,Finance,34808.39,INR,CTR0005,ON_CONTRACT,REQ00768,2026-03-03
TXN001914,INVOICE_SYSTEM,SUP0006,Vertex Licensing,IT Software & Licences,Facilities,53672.5,INR,,OFF_CONTRACT,REQ00132,2025-05-25
TXN001921,INVOICE_SYSTEM,SUP0028,ORION OFFICE SUPPLIES,Office Supplies,Facilities,17999.22,INR,,OFF_CONTRACT,,2025-05-09
TXN001925,INVOICE_SYSTEM,SUP0001,Nexa Technologies Pvt Ltd,IT Hardware,Facilities,148100.59,INR,CTR0001,ON_CONTRACT,,2025-11-15
TXN001929,INVOICE_SYSTEM,SUP0019,Lumen Creative,Marketing Services,Logistics,109925.57,INR,CTR0007,ON_CONTRACT,REQ00756,2025-10-15
TXN001930,INVOICE_SYSTEM,SUP0019,Lumen Creative,Marketing Services,R&D,29079.5,INR,CTR0007,ON_CONTRACT,,2026-02-18
TXN001933,INVOICE_SYSTEM,SUP0019,Lumen Creative,Marketing Services,Human Resources,98492.41,INR,CTR0007,ON_CONTRACT,REQ00499,2026-02-05
TXN001934,INVOICE_SYSTEM,SUP0022,Transcore Logistics,Logistics & Freight,Marketing,62089.48,INR,CTR0008,ON_CONTRACT,REQ00682,2025-05-01
TXN001935,INVOICE_SYSTEM,SUP0016,Prime Facility Care,Facilities Maintenance,Logistics,50588.08,INR,CTR0006,ON_CONTRACT,,2025-06-12
TXN001942,INVOICE_SYSTEM,SUP0018,Urban Upkeep,Facilities Maintenance,Operations,30054.3,INR,,OFF_CONTRACT,,2026-02-07
TXN001946,INVOICE_SYSTEM,SUP0008,Orion Office Supplies,Office Supplies,Logistics,13897.19,INR,CTR0003,ON_CONTRACT,REQ00649,2025-04-02
TXN001951,INVOICE_SYSTEM,SUP0008,Orion Office Supplies,Office Supplies,Facilities,4037.81,INR,CTR0003,ON_CONTRACT,,2025-11-20
TXN001961,INVOICE_SYSTEM,SUP0019,Lumen Creative,Marketing Services,Logistics,36567.07,INR,CTR0007,ON_CONTRACT,REQ00732,2026-03-23
TXN001969,INVOICE_SYSTEM,SUP0011,Sterling Advisory,Professional Services,Human Resources,110247.37,INR,CTR0004,ON_CONTRACT,REQ00025,2025-09-06
TXN001973,INVOICE_SYSTEM,SUP0003,BluePeak Systems,IT Hardware,Human Resources,67325.98,INR,,OFF_CONTRACT,REQ00747,2026-01-16
TXN001976,INVOICE_SYSTEM,SUP0007,Meridian Softworks,IT Software & Licences,IT,113771.32,INR,,OFF_CONTRACT,,2025-11-30
TXN001980,INVOICE_SYSTEM,SUP0001,Nexa Technologies Pvt Ltd,IT Hardware,Human Resources,155499.7,INR,CTR0001,ON_CONTRACT,,2025-12-02
TXN001988,INVOICE_SYSTEM,SUP0009,Paperline Traders,Office Supplies,R&D,13418.61,INR,,OFF_CONTRACT,REQ00430,2025-05-28
TXN001991,INVOICE_SYSTEM,SUP0019,Lumen Creative,Marketing Services,Operations,127171.81,INR,CTR0007,ON_CONTRACT,,2025-10-26
TXN001993,INVOICE_SYSTEM,SUP0005,Cloudspan Software,IT Software & Licences,Human Resources,79073.64,INR,CTR0002,ON_CONTRACT,REQ00416,2025-09-03
TXN001995,INVOICE_SYSTEM,SUP0005,Cloudspan Software,IT Software & Licences,Facilities,93894.38,INR,CTR0002,ON_CONTRACT,REQ00464,2025-05-31
TXN001998,INVOICE_SYSTEM,SUP0001,Nexa Technologies Pvt Ltd,IT Hardware,Logistics,35688.49,INR,CTR0001,ON_CONTRACT,REQ00032,2025-08-09
TXN001999,INVOICE_SYSTEM,SUP0023,FleetBridge Cargo,Logistics & Freight,Facilities,16735.54,INR,,OFF_CONTRACT,REQ00602,2026-02-12
TXN002016,INVOICE_SYSTEM,SUP0001,Nexa Technologies Pvt Ltd,IT Hardware,Finance,88719.82,INR,CTR0001,ON_CONTRACT,,2025-12-02
TXN002019,INVOICE_SYSTEM,SUP0022,Transcore Logistics,Logistics & Freight,Marketing,13811.34,INR,CTR0008,ON_CONTRACT,REQ00772,2025-10-29
TXN002022,INVOICE_SYSTEM,SUP0019,Lumen Creative,Marketing Services,Marketing,98423.55,INR,CTR0007,ON_CONTRACT,REQ00534,2025-08-26
TXN002025,INVOICE_SYSTEM,SUP0015,Voyager Corporate Travel,Travel,Logistics,42341.05,INR,,OFF_CONTRACT,REQ00396,2026-03-19
TXN002028,INVOICE_SYSTEM,SUP0011,Sterling Advisory,Professional Services,Operations,246072.39,INR,CTR0004,ON_CONTRACT,,2025-09-26
TXN002030,INVOICE_SYSTEM,SUP0011,Sterling Advisory,Professional Services,Human Resources,542247.38,INR,,OFF_CONTRACT,REQ00703,2025-10-03
TXN002032,INVOICE_SYSTEM,SUP0011,Sterling Advisory,Professional Services,Finance,158719.35,INR,CTR0004,ON_CONTRACT,REQ00664,2025-12-11
TXN002035,INVOICE_SYSTEM,SUP0022,Transcore Logistics,Logistics & Freight,Human Resources,62507.76,INR,CTR0008,ON_CONTRACT,REQ00431,2025-07-11
TXN002039,INVOICE_SYSTEM,SUP0019,Lumen Creative,Marketing Services,IT,51544.37,INR,CTR0007,ON_CONTRACT,REQ00346,2026-02-14
TXN002041,INVOICE_SYSTEM,SUP0015,Voyager Corporate Travel,Travel,Marketing,77750.52,INR,,OFF_CONTRACT,REQ00599,2025-09-10
TXN002042,INVOICE_SYSTEM,SUP0011,Sterling Advisory,Professional Services,R&D,157856.79,INR,CTR0004,ON_CONTRACT,REQ00632,2025-04-09
TXN002045,INVOICE_SYSTEM,SUP0014,Skyroute Travel,Travel,R&D,78531.45,INR,CTR0005,ON_CONTRACT,REQ00238,2025-05-22
TXN002047,INVOICE_SYSTEM,SUP0019,Lumen Creative,Marketing Services,Operations,29473.57,INR,CTR0007,ON_CONTRACT,,2025-12-08
TXN002051,INVOICE_SYSTEM,SUP0011,Sterling Advisory,Professional Services,R&D,136243.13,INR,CTR0004,ON_CONTRACT,,2025-11-27
TXN002055,INVOICE_SYSTEM,SUP0008,Orion Office Supplies,Office Supplies,Operations,21549.43,INR,CTR0003,ON_CONTRACT,,2025-10-13
TXN002058,INVOICE_SYSTEM,SUP0019,Lumen Creative,Marketing Services,Operations,77647.18,INR,CTR0007,ON_CONTRACT,REQ00171,2025-12-23
TXN002060,INVOICE_SYSTEM,SUP0014,Skyroute Travel,Travel,Marketing,52725.41,INR,CTR0005,ON_CONTRACT,REQ00828,2025-07-10
TXN002063,INVOICE_SYSTEM,SUP0028,ORION OFFICE SUPPLIES,Office Supplies,IT,20547.28,INR,,OFF_CONTRACT,REQ00172,2025-04-25
TXN002068,INVOICE_SYSTEM,SUP0019,Lumen Creative,Marketing Services,Marketing,56206.92,INR,CTR0007,ON_CONTRACT,,2025-07-15
TXN002080,INVOICE_SYSTEM,SUP0005,Cloudspan Software,IT Software & Licences,R&D,96061.31,INR,CTR0002,ON_CONTRACT,REQ00732,2025-11-12
TXN002081,INVOICE_SYSTEM,SUP0014,Skyroute Travel,Travel,Operations,10227.73,INR,CTR0005,ON_CONTRACT,REQ00394,2025-08-20
TXN002085,INVOICE_SYSTEM,SUP0011,Sterling Advisory,Professional Services,Logistics,153127.38,INR,CTR0004,ON_CONTRACT,REQ00686,2025-11-22
TXN002086,INVOICE_SYSTEM,SUP0016,Prime Facility Care,Facilities Maintenance,Logistics,39868.75,INR,CTR0006,ON_CONTRACT,,2025-08-11
TXN002095,INVOICE_SYSTEM,SUP0011,Sterling Advisory,Professional Services,Human Resources,100298.97,INR,CTR0004,ON_CONTRACT,REQ00824,2025-06-24
TXN002104,INVOICE_SYSTEM,SUP0008,Orion Office Supplies,Office Supplies,Finance,18005.68,INR,CTR0003,ON_CONTRACT,,2025-09-04
TXN002105,INVOICE_SYSTEM,SUP0014,Skyroute Travel,Travel,R&D,73047.43,INR,CTR0005,ON_CONTRACT,,2025-07-30
TXN002107,INVOICE_SYSTEM,SUP0005,Cloudspan Software,IT Software & Licences,Marketing,105003.82,INR,CTR0002,ON_CONTRACT,REQ00460,2025-06-04
TXN002108,INVOICE_SYSTEM,SUP0010,Kanban Stationers,Office Supplies,Finance,22841.29,INR,,OFF_CONTRACT,,2025-12-03
TXN002109,INVOICE_SYSTEM,SUP0019,Lumen Creative,Marketing Services,Human Resources,58766.63,INR,CTR0007,ON_CONTRACT,,2025-07-17
TXN002113,INVOICE_SYSTEM,SUP0019,Lumen Creative,Marketing Services,Marketing,45791.48,INR,CTR0007,ON_CONTRACT,REQ00803,2025-06-24
TXN002117,INVOICE_SYSTEM,SUP0014,Skyroute Travel,Travel,Operations,44106.52,INR,CTR0005,ON_CONTRACT,REQ00749,2025-04-21
TXN002119,INVOICE_SYSTEM,SUP0019,Lumen Creative,Marketing Services,Facilities,31684.97,INR,CTR0007,ON_CONTRACT,REQ00900,2025-10-31
TXN002120,INVOICE_SYSTEM,SUP0022,Transcore Logistics,Logistics & Freight,Operations,85240.56,INR,CTR0008,ON_CONTRACT,REQ00308,2026-02-28
TXN002121,INVOICE_SYSTEM,SUP0025,NEXA TECHNOLOGIES PVT. LTD.,IT Hardware,Human Resources,149558.55,INR,,OFF_CONTRACT,REQ00005,2025-12-28
TXN002122,INVOICE_SYSTEM,SUP0011,Sterling Advisory,Professional Services,Logistics,146093.42,INR,CTR0004,ON_CONTRACT,REQ00003,2025-11-07
TXN002123,INVOICE_SYSTEM,SUP0026,Nexa Tech Pvt Ltd,IT Hardware,R&D,174904.63,INR,,OFF_CONTRACT,REQ00890,2026-02-22
TXN002128,INVOICE_SYSTEM,SUP0008,Orion Office Supplies,Office Supplies,Human Resources,5816.96,INR,CTR0003,ON_CONTRACT,REQ00556,2026-03-21
TXN002130,INVOICE_SYSTEM,SUP0011,Sterling Advisory,Professional Services,Human Resources,129772.83,INR,CTR0004,ON_CONTRACT,,2025-05-29
TXN002132,INVOICE_SYSTEM,SUP0015,Voyager Corporate Travel,Travel,Finance,9033.82,INR,,OFF_CONTRACT,REQ00826,2025-07-06
TXN002133,INVOICE_SYSTEM,SUP0014,Skyroute Travel,Travel,Marketing,53899.97,INR,CTR0005,ON_CONTRACT,REQ00165,2025-12-24
TXN002134,INVOICE_SYSTEM,SUP0011,Sterling Advisory,Professional Services,Finance,150753.92,INR,CTR0004,ON_CONTRACT,REQ00874,2025-10-17
TXN002136,INVOICE_SYSTEM,SUP0022,Transcore Logistics,Logistics & Freight,Operations,85891.42,INR,CTR0008,ON_CONTRACT,,2025-12-10
TXN002142,INVOICE_SYSTEM,SUP0025,NEXA TECHNOLOGIES PVT. LTD.,IT Hardware,Marketing,108823.03,INR,,OFF_CONTRACT,,2025-10-12
TXN002143,INVOICE_SYSTEM,SUP0008,Orion Office Supplies,Office Supplies,Facilities,18335.58,INR,CTR0003,ON_CONTRACT,,2025-10-04
TXN002147,INVOICE_SYSTEM,SUP0007,Meridian Softworks,IT Software & Licences,Human Resources,63222.85,INR,,OFF_CONTRACT,,2026-03-03
TXN002163,INVOICE_SYSTEM,SUP0011,Sterling Advisory,Professional Services,R&D,113998.74,INR,CTR0004,ON_CONTRACT,REQ00004,2025-11-08
TXN002164,INVOICE_SYSTEM,SUP0022,Transcore Logistics,Logistics & Freight,IT,81840.15,INR,CTR0008,ON_CONTRACT,,2025-12-25
TXN002166,INVOICE_SYSTEM,SUP0020,BrightArc Media,Marketing Services,Facilities,157074.69,INR,,OFF_CONTRACT,,2025-09-26
TXN002169,INVOICE_SYSTEM,SUP0022,Transcore Logistics,Logistics & Freight,Marketing,68122.74,INR,CTR0008,ON_CONTRACT,REQ00739,2025-10-07
TXN002171,INVOICE_SYSTEM,SUP0005,Cloudspan Software,IT Software & Licences,Operations,87064.36,INR,CTR0002,ON_CONTRACT,,2025-08-08
TXN002172,INVOICE_SYSTEM,SUP0013,Adept Partners,Professional Services,Marketing,54624.64,INR,,OFF_CONTRACT,,2025-12-27
TXN002179,INVOICE_SYSTEM,SUP0022,Transcore Logistics,Logistics & Freight,Facilities,69614.5,INR,CTR0008,ON_CONTRACT,REQ00562,2025-11-12
TXN002189,INVOICE_SYSTEM,SUP0016,Prime Facility Care,Facilities Maintenance,Human Resources,57306.84,INR,CTR0006,ON_CONTRACT,,2025-11-08
TXN002190,INVOICE_SYSTEM,SUP0008,Orion Office Supplies,Office Supplies,Marketing,17294.65,INR,CTR0003,ON_CONTRACT,REQ00008,2025-06-27
TXN002196,INVOICE_SYSTEM,SUP0005,Cloudspan Software,IT Software & Licences,Marketing,61940.83,INR,CTR0002,ON_CONTRACT,,2025-07-27
TXN002198,INVOICE_SYSTEM,SUP0011,Sterling Advisory,Professional Services,Facilities,221558.36,INR,CTR0004,ON_CONTRACT,REQ00566,2025-05-13
TXN002200,INVOICE_SYSTEM,SUP0001,Nexa Technologies Pvt Ltd,IT Hardware,Operations,83962.09,INR,CTR0001,ON_CONTRACT,REQ00809,2025-07-22
TXN002211,INVOICE_SYSTEM,SUP0011,Sterling Advisory,Professional Services,Operations,691581.72,INR,,OFF_CONTRACT,,2025-10-07
TXN002212,INVOICE_SYSTEM,SUP0001,Nexa Technologies Pvt Ltd,IT Hardware,R&D,149760.55,INR,CTR0001,ON_CONTRACT,,2026-01-08
TXN002214,INVOICE_SYSTEM,SUP0022,Transcore Logistics,Logistics & Freight,IT,91913.26,INR,CTR0008,ON_CONTRACT,,2026-02-20
TXN002216,INVOICE_SYSTEM,SUP0014,Skyroute Travel,Travel,IT,32989.59,INR,CTR0005,ON_CONTRACT,REQ00751,2025-08-11
TXN002222,INVOICE_SYSTEM,SUP0008,Orion Office Supplies,Office Supplies,Human Resources,14436.06,INR,CTR0003,ON_CONTRACT,,2025-04-22
TXN002224,INVOICE_SYSTEM,SUP0014,Skyroute Travel,Travel,IT,27835.29,INR,CTR0005,ON_CONTRACT,,2025-11-27
TXN002225,INVOICE_SYSTEM,SUP0019,Lumen Creative,Marketing Services,Human Resources,21736.57,INR,CTR0007,ON_CONTRACT,REQ00835,2025-12-28
TXN002229,INVOICE_SYSTEM,SUP0014,Skyroute Travel,Travel,Operations,32373.5,INR,CTR0005,ON_CONTRACT,,2025-09-29
TXN002234,INVOICE_SYSTEM,SUP0023,FleetBridge Cargo,Logistics & Freight,Facilities,82737.9,INR,,OFF_CONTRACT,REQ00513,2025-10-26
TXN002238,INVOICE_SYSTEM,SUP0014,Skyroute Travel,Travel,R&D,23197.07,INR,CTR0005,ON_CONTRACT,,2026-02-12
TXN002241,INVOICE_SYSTEM,SUP0001,Nexa Technologies Pvt Ltd,IT Hardware,R&D,148159.63,INR,CTR0001,ON_CONTRACT,REQ00835,2025-06-20
TXN002250,INVOICE_SYSTEM,SUP0005,Cloudspan Software,IT Software & Licences,R&D,27067.96,INR,CTR0002,ON_CONTRACT,,2026-02-24
TXN002251,INVOICE_SYSTEM,SUP0008,Orion Office Supplies,Office Supplies,Human Resources,4158.72,INR,CTR0003,ON_CONTRACT,REQ00042,2025-05-30
TXN002253,INVOICE_SYSTEM,SUP0014,Skyroute Travel,Travel,Marketing,62874.42,INR,CTR0005,ON_CONTRACT,REQ00218,2025-07-29
TXN002262,INVOICE_SYSTEM,SUP0019,Lumen Creative,Marketing Services,IT,104269.28,INR,CTR0007,ON_CONTRACT,REQ00717,2025-04-12
TXN002266,INVOICE_SYSTEM,SUP0004,Arcadia IT Traders,IT Hardware,Facilities,122852.67,INR,,OFF_CONTRACT,,2026-03-22
TXN002269,INVOICE_SYSTEM,SUP0019,Lumen Creative,Marketing Services,Operations,53240.69,INR,CTR0007,ON_CONTRACT,REQ00494,2025-11-05
TXN002274,INVOICE_SYSTEM,SUP0005,Cloudspan Software,IT Software & Licences,R&D,83483.55,INR,CTR0002,ON_CONTRACT,REQ00077,2025-05-12
TXN002275,INVOICE_SYSTEM,SUP0012,Cobalt Consulting,Professional Services,IT,239611.52,INR,,OFF_CONTRACT,REQ00068,2025-10-10
TXN002281,INVOICE_SYSTEM,SUP0022,Transcore Logistics,Logistics & Freight,Facilities,33114.5,INR,CTR0008,ON_CONTRACT,,2025-08-13
TXN002285,INVOICE_SYSTEM,SUP0005,Cloudspan Software,IT Software & Licences,Logistics,29702.53,INR,CTR0002,ON_CONTRACT,REQ00870,2025-06-24
TXN002291,INVOICE_SYSTEM,SUP0019,Lumen Creative,Marketing Services,Operations,105509.21,INR,CTR0007,ON_CONTRACT,REQ00699,2025-08-07
TXN002304,INVOICE_SYSTEM,SUP0014,Skyroute Travel,Travel,Marketing,32066.08,INR,CTR0005,ON_CONTRACT,,2025-04-20
TXN002317,INVOICE_SYSTEM,SUP0008,Orion Office Supplies,Office Supplies,Human Resources,8318.83,INR,CTR0003,ON_CONTRACT,REQ00253,2026-02-19
TXN002322,INVOICE_SYSTEM,SUP0016,Prime Facility Care,Facilities Maintenance,Finance,52841.96,INR,CTR0006,ON_CONTRACT,REQ00882,2025-12-15
TXN002326,INVOICE_SYSTEM,SUP0005,Cloudspan Software,IT Software & Licences,Logistics,115281.35,INR,CTR0002,ON_CONTRACT,REQ00204,2025-12-24
TXN002334,INVOICE_SYSTEM,SUP0016,Prime Facility Care,Facilities Maintenance,Finance,51195.39,INR,CTR0006,ON_CONTRACT,,2025-11-06
TXN002336,INVOICE_SYSTEM,SUP0022,Transcore Logistics,Logistics & Freight,Marketing,43858.63,INR,CTR0008,ON_CONTRACT,REQ00346,2025-12-18
TXN002338,INVOICE_SYSTEM,SUP0017,GreenEdge Services,Facilities Maintenance,Human Resources,32143.18,INR,,OFF_CONTRACT,REQ00132,2025-09-03
TXN002340,INVOICE_SYSTEM,SUP0001,Nexa Technologies Pvt Ltd,IT Hardware,Finance,89936.91,INR,CTR0001,ON_CONTRACT,,2026-01-26
TXN002347,INVOICE_SYSTEM,SUP0005,Cloudspan Software,IT Software & Licences,Marketing,86260.35,INR,CTR0002,ON_CONTRACT,REQ00147,2026-02-25
TXN002356,INVOICE_SYSTEM,SUP0011,Sterling Advisory,Professional Services,R&D,65317.27,INR,CTR0004,ON_CONTRACT,,2026-03-03
TXN002368,INVOICE_SYSTEM,SUP0011,Sterling Advisory,Professional Services,Operations,157314.9,INR,CTR0004,ON_CONTRACT,,2026-02-25
TXN002370,INVOICE_SYSTEM,SUP0013,Adept Partners,Professional Services,Facilities,193126.43,INR,,OFF_CONTRACT,REQ00153,2026-02-24
TXN002372,INVOICE_SYSTEM,SUP0011,Sterling Advisory,Professional Services,IT,217576.92,INR,CTR0004,ON_CONTRACT,,2025-11-27
TXN002375,INVOICE_SYSTEM,SUP0022,Transcore Logistics,Logistics & Freight,Marketing,67856.23,INR,CTR0008,ON_CONTRACT,REQ00621,2026-03-11
TXN002378,INVOICE_SYSTEM,SUP0022,Transcore Logistics,Logistics & Freight,Operations,77485.77,INR,CTR0008,ON_CONTRACT,REQ00586,2025-07-08
TXN002391,INVOICE_SYSTEM,SUP0016,Prime Facility Care,Facilities Maintenance,IT,32473.17,INR,CTR0006,ON_CONTRACT,REQ00728,2025-08-25
TXN002393,INVOICE_SYSTEM,SUP0022,Transcore Logistics,Logistics & Freight,Logistics,47733.94,INR,CTR0008,ON_CONTRACT,REQ00806,2025-09-05
TXN002395,INVOICE_SYSTEM,SUP0011,Sterling Advisory,Professional Services,Marketing,226920.38,INR,CTR0004,ON_CONTRACT,,2025-08-07
TXN002398,INVOICE_SYSTEM,SUP0022,Transcore Logistics,Logistics & Freight,Facilities,14112.16,INR,CTR0008,ON_CONTRACT,REQ00434,2025-12-21
TXN002400,INVOICE_SYSTEM,SUP0001,Nexa Technologies Pvt Ltd,IT Hardware,IT,123719.86,INR,CTR0001,ON_CONTRACT,REQ00201,2025-12-17
TXN002406,INVOICE_SYSTEM,SUP0019,Lumen Creative,Marketing Services,Logistics,104809.09,INR,CTR0007,ON_CONTRACT,,2025-11-10
TXN002408,INVOICE_SYSTEM,SUP0013,Adept Partners,Professional Services,IT,85757.44,INR,,OFF_CONTRACT,REQ00273,2025-10-24
TXN002413,INVOICE_SYSTEM,SUP0023,FleetBridge Cargo,Logistics & Freight,Logistics,52303.95,INR,,OFF_CONTRACT,,2026-02-26
TXN002415,INVOICE_SYSTEM,SUP0014,Skyroute Travel,Travel,Facilities,49447.32,INR,CTR0005,ON_CONTRACT,REQ00497,2025-08-25
TXN002422,INVOICE_SYSTEM,SUP0014,Skyroute Travel,Travel,Facilities,9914.87,INR,CTR0005,ON_CONTRACT,,2025-10-22
TXN002426,INVOICE_SYSTEM,SUP0005,Cloudspan Software,IT Software & Licences,R&D,109508.73,INR,CTR0002,ON_CONTRACT,,2025-09-01
TXN002430,INVOICE_SYSTEM,SUP0005,Cloudspan Software,IT Software & Licences,R&D,108282.39,INR,CTR0002,ON_CONTRACT,REQ00438,2025-04-23
TXN002439,INVOICE_SYSTEM,SUP0019,Lumen Creative,Marketing Services,Facilities,95797.07,INR,CTR0007,ON_CONTRACT,REQ00220,2025-05-28
TXN002440,INVOICE_SYSTEM,SUP0011,Sterling Advisory,Professional Services,Marketing,72370.46,INR,CTR0004,ON_CONTRACT,,2025-07-14
TXN002442,INVOICE_SYSTEM,SUP0008,Orion Office Supplies,Office Supplies,Finance,14459.21,INR,CTR0003,ON_CONTRACT,,2025-05-19
TXN002443,INVOICE_SYSTEM,SUP0019,Lumen Creative,Marketing Services,IT,126666.25,INR,CTR0007,ON_CONTRACT,,2025-10-02
TXN002445,INVOICE_SYSTEM,SUP0016,Prime Facility Care,Facilities Maintenance,Human Resources,36426.48,INR,CTR0006,ON_CONTRACT,REQ00807,2026-01-16
TXN002449,INVOICE_SYSTEM,SUP0019,Lumen Creative,Marketing Services,Operations,28070.66,INR,CTR0007,ON_CONTRACT,,2026-02-13
TXN002450,INVOICE_SYSTEM,SUP0027,Orion Office Supplies Ltd,Office Supplies,R&D,9876.3,INR,,OFF_CONTRACT,,2026-01-01
TXN002452,INVOICE_SYSTEM,SUP0014,Skyroute Travel,Travel,Finance,87246.23,INR,CTR0005,ON_CONTRACT,REQ00268,2025-09-08
TXN002454,INVOICE_SYSTEM,SUP0016,Prime Facility Care,Facilities Maintenance,IT,30836.62,INR,CTR0006,ON_CONTRACT,REQ00073,2025-11-29
TXN002460,INVOICE_SYSTEM,SUP0014,Skyroute Travel,Travel,Human Resources,40945.86,INR,CTR0005,ON_CONTRACT,REQ00886,2025-10-04
TXN002462,INVOICE_SYSTEM,SUP0016,Prime Facility Care,Facilities Maintenance,IT,62818.89,INR,CTR0006,ON_CONTRACT,REQ00249,2025-10-07
TXN002463,INVOICE_SYSTEM,SUP0015,Voyager Corporate Travel,Travel,Marketing,59119.29,INR,,OFF_CONTRACT,,2025-09-20
TXN002466,INVOICE_SYSTEM,SUP0022,Transcore Logistics,Logistics & Freight,Logistics,508042.56,INR,,OFF_CONTRACT,REQ00138,2025-09-09
TXN002468,INVOICE_SYSTEM,SUP0018,Urban Upkeep,Facilities Maintenance,Human Resources,12367.57,INR,,OFF_CONTRACT,REQ00530,2026-02-22
TXN002469,INVOICE_SYSTEM,SUP0019,Lumen Creative,Marketing Services,IT,86576.45,INR,CTR0007,ON_CONTRACT,REQ00603,2025-12-21
TXN002471,INVOICE_SYSTEM,SUP0016,Prime Facility Care,Facilities Maintenance,IT,23664.98,INR,CTR0006,ON_CONTRACT,,2025-08-18
TXN002490,INVOICE_SYSTEM,SUP0008,Orion Office Supplies,Office Supplies,Human Resources,10632.59,INR,CTR0003,ON_CONTRACT,,2025-10-15
TXN002492,INVOICE_SYSTEM,SUP0001,Nexa Technologies Pvt Ltd,IT Hardware,Logistics,56499.58,INR,CTR0001,ON_CONTRACT,,2025-06-08
TXN002493,INVOICE_SYSTEM,SUP0022,Transcore Logistics,Logistics & Freight,Marketing,75229.25,INR,CTR0008,ON_CONTRACT,REQ00239,2025-04-19
TXN002496,INVOICE_SYSTEM,SUP0011,Sterling Advisory,Professional Services,Marketing,143388.35,INR,CTR0004,ON_CONTRACT,,2026-02-25
TXN002497,INVOICE_SYSTEM,SUP0022,Transcore Logistics,Logistics & Freight,Marketing,59914.16,INR,CTR0008,ON_CONTRACT,,2026-01-16
TXN002498,INVOICE_SYSTEM,SUP0013,Adept Partners,Professional Services,IT,221771.2,INR,,OFF_CONTRACT,,2026-01-11
TXN002507,INVOICE_SYSTEM,SUP0019,Lumen Creative,Marketing Services,R&D,139554.68,INR,CTR0007,ON_CONTRACT,REQ00095,2025-05-08
TXN002508,INVOICE_SYSTEM,SUP0004,Arcadia IT Traders,IT Hardware,Human Resources,93068.22,INR,,OFF_CONTRACT,,2026-03-29
TXN002509,INVOICE_SYSTEM,SUP0005,Cloudspan Software,IT Software & Licences,Operations,103931.73,INR,CTR0002,ON_CONTRACT,,2025-04-01
TXN002515,INVOICE_SYSTEM,SUP0008,Orion Office Supplies,Office Supplies,Logistics,16411.63,INR,CTR0003,ON_CONTRACT,,2025-04-12
TXN002516,INVOICE_SYSTEM,SUP0011,Sterling Advisory,Professional Services,Marketing,234540.35,INR,CTR0004,ON_CONTRACT,REQ00719,2025-10-01
TXN002521,INVOICE_SYSTEM,SUP0005,Cloudspan Software,IT Software & Licences,Marketing,87715.91,INR,CTR0002,ON_CONTRACT,REQ00624,2026-03-31
TXN002523,INVOICE_SYSTEM,SUP0005,Cloudspan Software,IT Software & Licences,Human Resources,46436.54,INR,CTR0002,ON_CONTRACT,,2025-10-05
TXN002524,INVOICE_SYSTEM,SUP0014,Skyroute Travel,Travel,Finance,37414.67,INR,CTR0005,ON_CONTRACT,,2025-10-08
TXN002531,INVOICE_SYSTEM,SUP0005,Cloudspan Software,IT Software & Licences,Finance,86066.24,INR,CTR0002,ON_CONTRACT,REQ00068,2025-05-01
TXN002533,INVOICE_SYSTEM,SUP0008,Orion Office Supplies,Office Supplies,Facilities,8776.25,INR,CTR0003,ON_CONTRACT,REQ00438,2025-05-12
TXN002534,INVOICE_SYSTEM,SUP0002,Zenith Computing,IT Hardware,Logistics,27218.87,INR,,OFF_CONTRACT,REQ00584,2025-06-09
TXN002543,INVOICE_SYSTEM,SUP0022,Transcore Logistics,Logistics & Freight,Finance,82211.48,INR,CTR0008,ON_CONTRACT,REQ00537,2025-08-02
TXN002551,INVOICE_SYSTEM,SUP0014,Skyroute Travel,Travel,Facilities,36603.28,INR,CTR0005,ON_CONTRACT,,2025-05-22
TXN002554,INVOICE_SYSTEM,SUP0017,GreenEdge Services,Facilities Maintenance,Human Resources,66861.28,INR,,OFF_CONTRACT,,2025-05-13
TXN002557,INVOICE_SYSTEM,SUP0011,Sterling Advisory,Professional Services,Finance,149741.09,INR,CTR0004,ON_CONTRACT,,2026-03-02
TXN002558,INVOICE_SYSTEM,SUP0014,Skyroute Travel,Travel,Finance,32564.39,INR,CTR0005,ON_CONTRACT,REQ00290,2025-04-23
TXN002565,INVOICE_SYSTEM,SUP0016,Prime Facility Care,Facilities Maintenance,Finance,34172.4,INR,CTR0006,ON_CONTRACT,REQ00371,2025-10-16
TXN002572,INVOICE_SYSTEM,SUP0008,Orion Office Supplies,Office Supplies,Facilities,22840.55,INR,CTR0003,ON_CONTRACT,REQ00389,2025-09-08
TXN002579,INVOICE_SYSTEM,SUP0015,Voyager Corporate Travel,Travel,Logistics,37340.75,INR,,OFF_CONTRACT,REQ00898,2026-01-14
TXN002582,INVOICE_SYSTEM,SUP0019,Lumen Creative,Marketing Services,IT,144412.27,INR,CTR0007,ON_CONTRACT,,2025-06-12
TXN002590,INVOICE_SYSTEM,SUP0011,Sterling Advisory,Professional Services,Marketing,189930.05,INR,CTR0004,ON_CONTRACT,REQ00596,2025-12-02
TXN002595,INVOICE_SYSTEM,SUP0005,Cloudspan Software,IT Software & Licences,Finance,30001.98,INR,CTR0002,ON_CONTRACT,,2026-03-30
TXN002599,INVOICE_SYSTEM,SUP0005,Cloudspan Software,IT Software & Licences,R&D,44848.78,INR,CTR0002,ON_CONTRACT,REQ00202,2025-04-02
TXN002600,INVOICE_SYSTEM,SUP0001,NEXA TECHNOLOGIES PVT LTD,IT Hardware,Operations,45743.4,INR,CTR0001,ON_CONTRACT,,2025-11-12
TXN002604,INVOICE_SYSTEM,SUP0014,Skyroute Travel,Travel,Human Resources,34042.12,INR,CTR0005,ON_CONTRACT,REQ00397,2025-10-18
TXN002613,INVOICE_SYSTEM,SUP0010,Kanban Stationers,Office Supplies,Finance,7676.95,INR,,OFF_CONTRACT,REQ00155,2025-05-22
TXN002620,INVOICE_SYSTEM,SUP0019,Lumen Creative,Marketing Services,Human Resources,63868.71,INR,CTR0007,ON_CONTRACT,,2026-02-20
TXN002621,INVOICE_SYSTEM,SUP0017,GreenEdge Services,Facilities Maintenance,R&D,57335.95,INR,,OFF_CONTRACT,REQ00484,2025-08-17
TXN002624,INVOICE_SYSTEM,SUP0018,Urban Upkeep,Facilities Maintenance,Human Resources,64596.59,INR,,OFF_CONTRACT,REQ00835,2025-09-22
TXN002627,INVOICE_SYSTEM,SUP0008,Orion Office Supplies,Office Supplies,Facilities,4053.66,INR,CTR0003,ON_CONTRACT,REQ00395,2025-06-02
TXN002629,INVOICE_SYSTEM,SUP0020,BrightArc Media,Marketing Services,Human Resources,89133.97,INR,,OFF_CONTRACT,REQ00830,2025-04-29
TXN002639,INVOICE_SYSTEM,SUP0001,Nexa Technologies Pvt Ltd,IT Hardware,Logistics,172369.77,INR,CTR0001,ON_CONTRACT,,2025-07-01
TXN002648,INVOICE_SYSTEM,SUP0022,Transcore Logistics,Logistics & Freight,Logistics,53533.3,INR,CTR0008,ON_CONTRACT,REQ00192,2025-10-17
TXN002649,INVOICE_SYSTEM,SUP0022,Transcore Logistics,Logistics & Freight,Marketing,47916.52,INR,CTR0008,ON_CONTRACT,,2025-07-12
TXN002653,INVOICE_SYSTEM,SUP0011,Sterling Advisory,Professional Services,Marketing,117660.78,INR,CTR0004,ON_CONTRACT,REQ00222,2026-03-20
TXN002656,INVOICE_SYSTEM,SUP0008,Orion Office Supplies,Office Supplies,R&D,11579.6,INR,CTR0003,ON_CONTRACT,REQ00188,2026-02-11
TXN002667,INVOICE_SYSTEM,SUP0001,Nexa Technologies Pvt Ltd,IT Hardware,Logistics,46173.14,INR,CTR0001,ON_CONTRACT,REQ00747,2026-03-05
TXN002678,INVOICE_SYSTEM,SUP0022,Transcore Logistics,Logistics & Freight,Facilities,16821.63,INR,CTR0008,ON_CONTRACT,REQ00207,2025-10-15
TXN002679,INVOICE_SYSTEM,SUP0016,Prime Facility Care,Facilities Maintenance,Human Resources,16690.73,INR,CTR0006,ON_CONTRACT,,2025-04-17
TXN002684,INVOICE_SYSTEM,SUP0019,Lumen Creative,Marketing Services,Finance,73073.17,INR,CTR0007,ON_CONTRACT,,2025-12-25
TXN002686,INVOICE_SYSTEM,SUP0015,Voyager Corporate Travel,Travel,Human Resources,9584.87,INR,,OFF_CONTRACT,,2025-09-05
TXN002698,INVOICE_SYSTEM,SUP0019,Lumen Creative,Marketing Services,Operations,63660.94,INR,CTR0007,ON_CONTRACT,,2025-08-12
TXN002704,INVOICE_SYSTEM,SUP0021,Pulse Marketing Co,Marketing Services,IT,22372.67,INR,,OFF_CONTRACT,,2026-02-28
TXN002705,INVOICE_SYSTEM,SUP0016,Prime Facility Care,Facilities Maintenance,Human Resources,56209.49,INR,CTR0006,ON_CONTRACT,REQ00597,2025-04-26
TXN002708,INVOICE_SYSTEM,SUP0001,Nexa Technologies Pvt Ltd,IT Hardware,Human Resources,66165.34,INR,CTR0001,ON_CONTRACT,REQ00347,2025-07-02
TXN002718,INVOICE_SYSTEM,SUP0023,FleetBridge Cargo,Logistics & Freight,Human Resources,92858.14,INR,,OFF_CONTRACT,,2026-01-05
TXN002719,INVOICE_SYSTEM,SUP0022,Transcore Logistics,Logistics & Freight,Logistics,82306.05,INR,CTR0008,ON_CONTRACT,,2026-03-20
TXN002723,INVOICE_SYSTEM,SUP0024,Nexa Technologies,IT Hardware,Finance,145958.3,INR,,OFF_CONTRACT,REQ00777,2025-12-30
TXN002724,INVOICE_SYSTEM,SUP0014,Skyroute Travel,Travel,Marketing,45555.65,INR,CTR0005,ON_CONTRACT,,2025-12-05
TXN002726,INVOICE_SYSTEM,SUP0008,Orion Office Supplies,Office Supplies,Facilities,8967.06,INR,CTR0003,ON_CONTRACT,REQ00526,2025-04-22
TXN002727,INVOICE_SYSTEM,SUP0011,Sterling Advisory,Professional Services,R&D,53795.92,INR,CTR0004,ON_CONTRACT,,2026-02-09
TXN002728,INVOICE_SYSTEM,SUP0001,Nexa Technologies Pvt Ltd,IT Hardware,Facilities,60376.48,INR,CTR0001,ON_CONTRACT,REQ00051,2025-12-05
TXN002729,INVOICE_SYSTEM,SUP0014,Skyroute Travel,Travel,Operations,-28221.5,INR,CTR0005,ON_CONTRACT,,2025-09-28
TXN002737,INVOICE_SYSTEM,SUP0016,Prime Facility Care,Facilities Maintenance,Finance,69479.67,INR,CTR0006,ON_CONTRACT,REQ00699,2025-11-16
TXN002740,INVOICE_SYSTEM,SUP0016,Prime Facility Care,Facilities Maintenance,Marketing,14536.3,INR,CTR0006,ON_CONTRACT,REQ00083,2025-10-22
TXN002745,INVOICE_SYSTEM,SUP0014,Skyroute Travel,Travel,IT,59037.92,INR,CTR0005,ON_CONTRACT,REQ00078,2025-09-19
TXN002747,INVOICE_SYSTEM,SUP0011,Sterling Advisory,Professional Services,IT,161442.66,INR,CTR0004,ON_CONTRACT,REQ00588,2025-12-30
TXN002761,INVOICE_SYSTEM,SUP0001,Nexa Technologies Pvt Ltd,IT Hardware,R&D,47831.97,INR,CTR0001,ON_CONTRACT,REQ00756,2026-03-19
TXN002767,INVOICE_SYSTEM,SUP0009,Paperline Traders,Office Supplies,R&D,14182.17,INR,,OFF_CONTRACT,,2025-07-14
TXN002768,INVOICE_SYSTEM,SUP0012,Cobalt Consulting,Professional Services,Facilities,90797.59,INR,,OFF_CONTRACT,REQ00651,2025-05-29
TXN002774,INVOICE_SYSTEM,SUP0001,Nexa Technologies Pvt Ltd,IT Hardware,Facilities,96248.05,INR,CTR0001,ON_CONTRACT,,2025-08-15
TXN002788,INVOICE_SYSTEM,SUP0020,BrightArc Media,Marketing Services,Facilities,47569.6,INR,,OFF_CONTRACT,,2025-04-17
TXN002789,INVOICE_SYSTEM,SUP0008,Orion Office Supplies,Office Supplies,IT,23882.89,INR,CTR0003,ON_CONTRACT,REQ00297,2026-01-09
TXN002793,INVOICE_SYSTEM,SUP0016,Prime Facility Care,Facilities Maintenance,IT,44172.39,INR,CTR0006,ON_CONTRACT,REQ00458,2025-10-07
TXN002795,INVOICE_SYSTEM,SUP0019,Lumen Creative,Marketing Services,Finance,81179.42,INR,CTR0007,ON_CONTRACT,,2025-04-09
TXN002800,INVOICE_SYSTEM,SUP0008,Orion Office Supplies,Office Supplies,R&D,6372.48,INR,CTR0003,ON_CONTRACT,REQ00682,2025-09-23
TXN002801,INVOICE_SYSTEM,SUP0019,Lumen Creative,Marketing Services,Finance,130963.32,INR,CTR0007,ON_CONTRACT,REQ00040,2025-10-11
TXN002803,INVOICE_SYSTEM,SUP0022,Transcore Logistics,Logistics & Freight,Marketing,90327.23,INR,CTR0008,ON_CONTRACT,REQ00876,2025-07-02
TXN002807,INVOICE_SYSTEM,SUP0008,Orion Office Supplies,Office Supplies,Operations,19418.13,INR,CTR0003,ON_CONTRACT,REQ00321,2025-04-04
TXN002811,INVOICE_SYSTEM,SUP0022,Transcore Logistics,Logistics & Freight,Operations,636838.25,INR,,OFF_CONTRACT,,2026-01-10
TXN002813,INVOICE_SYSTEM,SUP0014,Skyroute Travel,Travel,Marketing,62661.24,INR,CTR0005,ON_CONTRACT,,2025-09-08
TXN002814,INVOICE_SYSTEM,SUP0005,Cloudspan Software,IT Software & Licences,Finance,32083.47,INR,CTR0002,ON_CONTRACT,REQ00630,2025-05-14
TXN002818,INVOICE_SYSTEM,SUP0014,Skyroute Travel,Travel,Logistics,8992.46,INR,CTR0005,ON_CONTRACT,REQ00595,2025-09-01
TXN002822,INVOICE_SYSTEM,SUP0022,Transcore Logistics,Logistics & Freight,Facilities,30980.17,INR,CTR0008,ON_CONTRACT,REQ00179,2025-12-02
TXN002828,INVOICE_SYSTEM,SUP0014,Skyroute Travel,Travel,Marketing,15822.74,INR,CTR0005,ON_CONTRACT,,2026-01-20
TXN002833,INVOICE_SYSTEM,SUP0014,Skyroute Travel,Travel,Logistics,17717.22,INR,CTR0005,ON_CONTRACT,,2025-11-11
TXN002834,INVOICE_SYSTEM,SUP0008,Orion Office Supplies,Office Supplies,Logistics,8644.35,INR,CTR0003,ON_CONTRACT,REQ00728,2026-01-18
TXN002835,INVOICE_SYSTEM,SUP0016,Prime Facility Care,Facilities Maintenance,Facilities,33870.2,INR,CTR0006,ON_CONTRACT,,2025-04-27
TXN002838,INVOICE_SYSTEM,SUP0005,Cloudspan Software,IT Software & Licences,Human Resources,19715.69,INR,CTR0002,ON_CONTRACT,,2025-08-13
TXN002839,INVOICE_SYSTEM,SUP0017,GreenEdge Services,Facilities Maintenance,Operations,55660.48,INR,,OFF_CONTRACT,REQ00779,2025-06-21
TXN002845,INVOICE_SYSTEM,SUP0018,Urban Upkeep,Facilities Maintenance,Logistics,44627.36,INR,,OFF_CONTRACT,,2025-04-07
TXN002847,INVOICE_SYSTEM,SUP0005,Cloudspan Software,IT Software & Licences,Marketing,97692.65,INR,CTR0002,ON_CONTRACT,,2025-11-29
TXN002848,INVOICE_SYSTEM,SUP0014,Skyroute Travel,Travel,Finance,28582.11,INR,CTR0005,ON_CONTRACT,REQ00741,2025-11-05
TXN002853,INVOICE_SYSTEM,SUP0016,Prime Facility Care,Facilities Maintenance,R&D,21495.58,INR,CTR0006,ON_CONTRACT,REQ00649,2025-08-28
TXN002860,INVOICE_SYSTEM,SUP0019,Lumen Creative,Marketing Services,Logistics,44531.05,INR,CTR0007,ON_CONTRACT,,2025-09-13
TXN002861,INVOICE_SYSTEM,SUP0011,Sterling Advisory,Professional Services,Human Resources,222021.77,INR,CTR0004,ON_CONTRACT,REQ00272,2025-04-22
TXN002865,INVOICE_SYSTEM,SUP0011,Sterling Advisory,Professional Services,IT,131688.98,INR,CTR0004,ON_CONTRACT,,2026-01-20
TXN002867,INVOICE_SYSTEM,SUP0015,Voyager Corporate Travel,Travel,Finance,50369.27,INR,,OFF_CONTRACT,,2025-09-27
TXN002868,INVOICE_SYSTEM,SUP0005,Cloudspan Software,IT Software & Licences,Finance,94671.51,INR,CTR0002,ON_CONTRACT,REQ00465,2025-06-09
TXN002870,INVOICE_SYSTEM,SUP0006,Vertex Licensing,IT Software & Licences,Human Resources,52070.29,INR,,OFF_CONTRACT,,2025-04-18
TXN002879,INVOICE_SYSTEM,SUP0014,Skyroute Travel,Travel,Facilities,56472.68,INR,CTR0005,ON_CONTRACT,REQ00495,2026-02-10
TXN002886,INVOICE_SYSTEM,SUP0002,Zenith Computing,IT Hardware,IT,587457.76,INR,,OFF_CONTRACT,,2025-07-31
TXN002889,INVOICE_SYSTEM,SUP0011,Sterling Advisory,Professional Services,IT,210284.5,INR,CTR0004,ON_CONTRACT,REQ00473,2025-07-20
TXN002890,INVOICE_SYSTEM,SUP0022,Transcore Logistics,Logistics & Freight,IT,81373.55,INR,CTR0008,ON_CONTRACT,,2025-06-27
TXN002893,INVOICE_SYSTEM,SUP0018,Urban Upkeep,Facilities Maintenance,R&D,550301.41,INR,,OFF_CONTRACT,,2025-12-10
TXN002900,INVOICE_SYSTEM,SUP0016,Prime Facility Care,Facilities Maintenance,Logistics,12254.27,INR,CTR0006,ON_CONTRACT,REQ00668,2025-11-25
TXN002901,INVOICE_SYSTEM,SUP0014,Skyroute Travel,Travel,Marketing,18485.08,INR,CTR0005,ON_CONTRACT,REQ00354,2026-03-21
TXN002903,INVOICE_SYSTEM,SUP0005,Cloudspan Software,IT Software & Licences,Facilities,15001.22,INR,CTR0002,ON_CONTRACT,REQ00441,2026-01-02
TXN002909,INVOICE_SYSTEM,SUP0011,Sterling Advisory,Professional Services,Marketing,103881.73,INR,CTR0004,ON_CONTRACT,,2025-09-14
TXN002925,INVOICE_SYSTEM,SUP0014,Skyroute Travel,Travel,Human Resources,38417.16,INR,CTR0005,ON_CONTRACT,,2025-11-08
TXN002927,INVOICE_SYSTEM,SUP0025,NEXA TECHNOLOGIES PVT. LTD.,IT Hardware,Facilities,150037.5,INR,,OFF_CONTRACT,,2025-06-17
TXN002930,INVOICE_SYSTEM,SUP0008,Orion Office Supplies,Office Supplies,Finance,11043.49,INR,CTR0003,ON_CONTRACT,,2025-07-08
TXN002931,INVOICE_SYSTEM,SUP0019,Lumen Creative,Marketing Services,Operations,102689.3,INR,CTR0007,ON_CONTRACT,REQ00466,2025-04-09
TXN002937,INVOICE_SYSTEM,SUP0001,Nexa Technologies Pvt Ltd,IT Hardware,Marketing,145997.92,INR,CTR0001,ON_CONTRACT,REQ00131,2026-01-16
TXN002942,INVOICE_SYSTEM,SUP0022,Transcore Logistics,Logistics & Freight,Operations,61928.97,INR,CTR0008,ON_CONTRACT,,2025-09-06
TXN002946,INVOICE_SYSTEM,SUP0021,Pulse Marketing Co,Marketing Services,Finance,34352.23,INR,,OFF_CONTRACT,,2025-10-22
TXN002947,INVOICE_SYSTEM,SUP0010,Kanban Stationers,Office Supplies,Logistics,13818.65,INR,,OFF_CONTRACT,,2025-10-27
TXN002948,INVOICE_SYSTEM,SUP0022,Transcore Logistics,Logistics & Freight,Human Resources,54237.92,INR,CTR0008,ON_CONTRACT,REQ00850,2025-05-12
TXN002958,INVOICE_SYSTEM,SUP0008,Orion Office Supplies,Office Supplies,Finance,21818.89,INR,CTR0003,ON_CONTRACT,REQ00673,2025-08-21
TXN002960,INVOICE_SYSTEM,SUP0014,Skyroute Travel,Travel,R&D,74179.81,INR,CTR0005,ON_CONTRACT,REQ00246,2025-12-11
TXN002965,INVOICE_SYSTEM,SUP0019,Lumen Creative,Marketing Services,Finance,139915.21,INR,CTR0007,ON_CONTRACT,,2026-02-10
TXN002967,INVOICE_SYSTEM,SUP0023,FleetBridge Cargo,Logistics & Freight,IT,72345.71,INR,,OFF_CONTRACT,,2025-05-10
TXN002971,INVOICE_SYSTEM,SUP0006,Vertex Licensing,IT Software & Licences,Marketing,54954.36,INR,,OFF_CONTRACT,REQ00208,2026-03-13
TXN002973,INVOICE_SYSTEM,SUP0011,Sterling Advisory,Professional Services,Facilities,205103.19,INR,CTR0004,ON_CONTRACT,,2025-04-04
TXN002977,INVOICE_SYSTEM,SUP0019,Lumen Creative,Marketing Services,Human Resources,137459.63,INR,CTR0007,ON_CONTRACT,REQ00484,2025-04-11
TXN002982,INVOICE_SYSTEM,SUP0005,Cloudspan Software,IT Software & Licences,Marketing,39672.21,INR,CTR0002,ON_CONTRACT,REQ00876,2025-08-28
TXN002984,INVOICE_SYSTEM,SUP0006,Vertex Licensing,IT Software & Licences,IT,100798.45,INR,,OFF_CONTRACT,REQ00378,2025-05-07
TXN002986,INVOICE_SYSTEM,SUP0011,Sterling Advisory,Professional Services,Finance,243077.41,INR,CTR0004,ON_CONTRACT,REQ00564,2025-05-17
TXN002988,INVOICE_SYSTEM,SUP0022,Transcore Logistics,Logistics & Freight,Marketing,53898.03,INR,CTR0008,ON_CONTRACT,REQ00840,2026-01-25
TXN002990,INVOICE_SYSTEM,SUP0005,Cloudspan Software,IT Software & Licences,Logistics,105577.25,INR,CTR0002,ON_CONTRACT,,2025-09-16
TXN002992,INVOICE_SYSTEM,SUP0014,Skyroute Travel,Travel,IT,73600.29,INR,CTR0005,ON_CONTRACT,,2026-02-01
TXN002997,INVOICE_SYSTEM,SUP0014,Skyroute Travel,Travel,Logistics,20896.4,INR,CTR0005,ON_CONTRACT,REQ00075,2025-09-02
TXN003001,INVOICE_SYSTEM,SUP0011,Sterling Advisory,Professional Services,Operations,181267.63,INR,CTR0004,ON_CONTRACT,,2025-07-16
TXN003003,INVOICE_SYSTEM,SUP0024,Nexa Technologies,IT Hardware,R&D,63822.52,INR,,OFF_CONTRACT,,2025-07-29
TXN003008,INVOICE_SYSTEM,SUP0014,Skyroute Travel,Travel,IT,8996.86,INR,CTR0005,ON_CONTRACT,REQ00801,2025-12-26
TXN003011,INVOICE_SYSTEM,SUP0022,Transcore Logistics,Logistics & Freight,Logistics,57555.27,INR,CTR0008,ON_CONTRACT,,2026-02-28
TXN003013,INVOICE_SYSTEM,SUP0014,Skyroute Travel,Travel,Finance,33155.68,INR,CTR0005,ON_CONTRACT,REQ00275,2026-01-08
TXN003015,INVOICE_SYSTEM,SUP0001,Nexa Technologies Pvt Ltd,IT Hardware,Marketing,121300.33,INR,CTR0001,ON_CONTRACT,REQ00185,2025-10-29
TXN003016,INVOICE_SYSTEM,SUP0001,Nexa Technologies Pvt Ltd,IT Hardware,Human Resources,76777.74,INR,CTR0001,ON_CONTRACT,REQ00408,2025-08-16
TXN003018,INVOICE_SYSTEM,SUP0022,Transcore Logistics,Logistics & Freight,Facilities,45575.77,INR,CTR0008,ON_CONTRACT,REQ00199,2025-11-15
TXN003023,INVOICE_SYSTEM,SUP0014,Skyroute Travel,Travel,Finance,64206.4,INR,CTR0005,ON_CONTRACT,REQ00619,2025-07-22
TXN003028,INVOICE_SYSTEM,SUP0023,FleetBridge Cargo,Logistics & Freight,IT,65263.95,INR,,OFF_CONTRACT,REQ00559,2025-04-06
TXN003029,INVOICE_SYSTEM,SUP0005,Cloudspan Software,IT Software & Licences,Marketing,85505.31,INR,CTR0002,ON_CONTRACT,,2025-06-24
TXN003030,INVOICE_SYSTEM,SUP0010,Kanban Stationers,Office Supplies,Human Resources,16542.49,INR,,OFF_CONTRACT,,2025-07-31
TXN003035,INVOICE_SYSTEM,SUP0018,Urban Upkeep,Facilities Maintenance,Operations,26671.17,INR,,OFF_CONTRACT,,2026-01-23
TXN003037,INVOICE_SYSTEM,SUP0012,Cobalt Consulting,Professional Services,R&D,130723.97,INR,,OFF_CONTRACT,,2026-01-29
TXN003038,INVOICE_SYSTEM,SUP0019,Lumen Creative,Marketing Services,IT,157251.62,INR,CTR0007,ON_CONTRACT,REQ00765,2026-01-01
TXN003039,INVOICE_SYSTEM,SUP0011,Sterling Advisory,Professional Services,Human Resources,54175.53,INR,CTR0004,ON_CONTRACT,,2025-05-17
TXN003043,INVOICE_SYSTEM,SUP0019,Lumen Creative,Marketing Services,Human Resources,35862.49,INR,CTR0007,ON_CONTRACT,,2026-01-15
TXN003048,INVOICE_SYSTEM,SUP0008,Orion Office Supplies,Office Supplies,Human Resources,9970.06,INR,CTR0003,ON_CONTRACT,REQ00141,2025-08-17
TXN003050,INVOICE_SYSTEM,SUP0014,Skyroute Travel,Travel,Facilities,29670.65,INR,CTR0005,ON_CONTRACT,,2025-05-24
TXN003051,INVOICE_SYSTEM,SUP0014,Skyroute Travel,Travel,Logistics,24837.3,INR,CTR0005,ON_CONTRACT,REQ00606,2025-11-23
TXN003056,INVOICE_SYSTEM,SUP0011,Sterling Advisory,Professional Services,R&D,243392.84,INR,CTR0004,ON_CONTRACT,REQ00367,2026-02-11
TXN003061,INVOICE_SYSTEM,SUP0016,Prime Facility Care,Facilities Maintenance,R&D,27837.45,INR,CTR0006,ON_CONTRACT,REQ00163,2025-06-28
TXN003062,INVOICE_SYSTEM,SUP0008,Orion Office Supplies,Office Supplies,Marketing,4117.54,INR,CTR0003,ON_CONTRACT,REQ00815,2026-03-06
TXN003063,INVOICE_SYSTEM,SUP0019,Lumen Creative,Marketing Services,Human Resources,103866.24,INR,CTR0007,ON_CONTRACT,REQ00566,2025-10-28
TXN003065,INVOICE_SYSTEM,SUP0009,Paperline Traders,Office Supplies,Facilities,16915.61,INR,,OFF_CONTRACT,REQ00588,2025-06-29
TXN003067,INVOICE_SYSTEM,SUP0001,Nexa Technologies Pvt Ltd,IT Hardware,Finance,27342.16,INR,CTR0001,ON_CONTRACT,,2025-04-27
TXN003070,INVOICE_SYSTEM,SUP0011,Sterling Advisory,Professional Services,Marketing,181965.52,INR,CTR0004,ON_CONTRACT,REQ00306,2025-11-24
TXN003077,INVOICE_SYSTEM,SUP0005,Cloudspan Software,IT Software & Licences,Operations,114407.04,INR,CTR0002,ON_CONTRACT,,2025-05-29
TXN003078,INVOICE_SYSTEM,SUP0001,Nexa Technologies Pvt Ltd,IT Hardware,Human Resources,41415.4,INR,CTR0001,ON_CONTRACT,REQ00096,2025-11-09
TXN003083,INVOICE_SYSTEM,SUP0005,Cloudspan Software,IT Software & Licences,Facilities,36276.43,INR,CTR0002,ON_CONTRACT,REQ00452,2025-04-11
TXN003088,INVOICE_SYSTEM,SUP0017,GreenEdge Services,Facilities Maintenance,Marketing,10923.69,INR,,OFF_CONTRACT,REQ00582,2025-04-22
TXN003090,INVOICE_SYSTEM,SUP0005,Cloudspan Software,IT Software & Licences,IT,41575.66,INR,CTR0002,ON_CONTRACT,,2025-07-26
TXN003097,INVOICE_SYSTEM,SUP0011,Sterling Advisory,Professional Services,Facilities,245171.46,INR,CTR0004,ON_CONTRACT,REQ00305,2026-03-22
TXN003098,INVOICE_SYSTEM,SUP0005,Cloudspan Software,IT Software & Licences,IT,25698.78,INR,CTR0002,ON_CONTRACT,,2025-06-16
TXN003100,INVOICE_SYSTEM,SUP0019,Lumen Creative,Marketing Services,Finance,80701.59,INR,CTR0007,ON_CONTRACT,REQ00439,2025-04-18
TXN003104,INVOICE_SYSTEM,SUP0014,Skyroute Travel,Travel,Logistics,43589.72,INR,CTR0005,ON_CONTRACT,REQ00520,2025-11-07
TXN003105,INVOICE_SYSTEM,SUP0016,Prime Facility Care,Facilities Maintenance,IT,25522.7,INR,CTR0006,ON_CONTRACT,REQ00770,2025-07-15
TXN003110,INVOICE_SYSTEM,SUP0021,Pulse Marketing Co,Marketing Services,IT,105860.84,INR,,OFF_CONTRACT,REQ00830,2026-01-23
TXN003111,INVOICE_SYSTEM,SUP0028,ORION OFFICE SUPPLIES,Office Supplies,Facilities,16666.83,INR,,OFF_CONTRACT,,2026-01-16
TXN003116,INVOICE_SYSTEM,SUP0019,Lumen Creative,Marketing Services,Marketing,142845.81,INR,CTR0007,ON_CONTRACT,REQ00349,2026-01-01
TXN003119,INVOICE_SYSTEM,SUP0001,Nexa Technologies Pvt Ltd,IT Hardware,Facilities,63498.32,INR,CTR0001,ON_CONTRACT,REQ00552,2025-05-28
TXN003120,INVOICE_SYSTEM,SUP0019,Lumen Creative,Marketing Services,IT,50016.91,INR,CTR0007,ON_CONTRACT,REQ00386,2026-02-23
TXN003123,INVOICE_SYSTEM,SUP0005,Cloudspan Software,IT Software & Licences,Marketing,21565.26,INR,CTR0002,ON_CONTRACT,REQ00306,2025-04-22
TXN003126,INVOICE_SYSTEM,SUP0008,Orion Office Supplies,Office Supplies,Human Resources,15954.83,INR,CTR0003,ON_CONTRACT,,2025-09-15
TXN003129,INVOICE_SYSTEM,SUP0005,Cloudspan Software,IT Software & Licences,R&D,114906.52,INR,CTR0002,ON_CONTRACT,,2025-06-27
TXN003132,INVOICE_SYSTEM,SUP0011,Sterling Advisory,Professional Services,Human Resources,212826.6,INR,CTR0004,ON_CONTRACT,REQ00334,2026-01-30
TXN003137,INVOICE_SYSTEM,SUP0022,Transcore Logistics,Logistics & Freight,IT,73659.16,INR,CTR0008,ON_CONTRACT,REQ00386,2026-02-27
TXN003138,INVOICE_SYSTEM,SUP0022,Transcore Logistics,Logistics & Freight,Human Resources,73247.14,INR,CTR0008,ON_CONTRACT,REQ00326,2025-06-08
TXN003141,INVOICE_SYSTEM,SUP0008,Orion Office Supplies,Office Supplies,Logistics,10535.6,INR,CTR0003,ON_CONTRACT,,2025-08-06
TXN003143,INVOICE_SYSTEM,SUP0021,Pulse Marketing Co,Marketing Services,R&D,101822.85,INR,,OFF_CONTRACT,REQ00076,2025-06-06
TXN003150,INVOICE_SYSTEM,SUP0008,Orion Office Supplies,Office Supplies,IT,12449.94,INR,CTR0003,ON_CONTRACT,REQ00253,2025-08-09
TXN003151,INVOICE_SYSTEM,SUP0008,Orion Office Supplies,Office Supplies,Human Resources,16495.69,INR,CTR0003,ON_CONTRACT,,2025-08-05
TXN003153,INVOICE_SYSTEM,SUP0001,Nexa Technologies Pvt Ltd,IT Hardware,Human Resources,134346.43,INR,CTR0001,ON_CONTRACT,REQ00669,2026-03-04
TXN003154,INVOICE_SYSTEM,SUP0022,Transcore Logistics,Logistics & Freight,Facilities,47490.91,INR,CTR0008,ON_CONTRACT,,2025-09-04
TXN003156,INVOICE_SYSTEM,SUP0022,Transcore Logistics,Logistics & Freight,Logistics,65893.75,INR,CTR0008,ON_CONTRACT,REQ00606,2026-02-08
TXN003157,INVOICE_SYSTEM,SUP0019,Lumen Creative,Marketing Services,R&D,151079.29,INR,CTR0007,ON_CONTRACT,REQ00761,2026-03-08
TXN003161,INVOICE_SYSTEM,SUP0001,Nexa Technologies Pvt Ltd,IT Hardware,R&D,93807.52,INR,CTR0001,ON_CONTRACT,REQ00005,2025-05-14
TXN003165,INVOICE_SYSTEM,SUP0008,Orion Office Supplies,Office Supplies,Operations,3292.05,INR,CTR0003,ON_CONTRACT,REQ00634,2025-09-09
TXN003167,INVOICE_SYSTEM,SUP0005,Cloudspan Software,IT Software & Licences,IT,112346.62,INR,CTR0002,ON_CONTRACT,REQ00089,2026-01-20
TXN003180,INVOICE_SYSTEM,SUP0008,Orion Office Supplies,Office Supplies,IT,17758.09,INR,CTR0003,ON_CONTRACT,,2026-01-27
TXN003189,INVOICE_SYSTEM,SUP0005,Cloudspan Software,IT Software & Licences,Marketing,101998.34,INR,CTR0002,ON_CONTRACT,,2025-10-11
TXN003194,INVOICE_SYSTEM,SUP0022,Transcore Logistics,Logistics & Freight,Marketing,39119.63,INR,CTR0008,ON_CONTRACT,,2025-07-10
TXN003199,INVOICE_SYSTEM,SUP0022,Transcore Logistics,Logistics & Freight,R&D,20513.14,INR,CTR0008,ON_CONTRACT,REQ00833,2025-04-27
TXN003203,INVOICE_SYSTEM,SUP0005,Cloudspan Software,IT Software & Licences,Operations,35355.62,INR,CTR0002,ON_CONTRACT,,2025-06-13
TXN003213,INVOICE_SYSTEM,SUP0019,Lumen Creative,Marketing Services,R&D,45095.46,INR,CTR0007,ON_CONTRACT,REQ00431,2025-06-11
TXN003221,INVOICE_SYSTEM,SUP0022,Transcore Logistics,Logistics & Freight,Facilities,54739.47,INR,CTR0008,ON_CONTRACT,,2025-12-25
TXN003224,INVOICE_SYSTEM,SUP0022,Transcore Logistics,Logistics & Freight,Finance,13587.7,INR,CTR0008,ON_CONTRACT,,2025-04-26
TXN003225,INVOICE_SYSTEM,SUP0027,Orion Office Supplies Ltd,Office Supplies,Facilities,5812.21,INR,,OFF_CONTRACT,REQ00251,2025-04-04
TXN003235,INVOICE_SYSTEM,SUP0019,Lumen Creative,Marketing Services,Finance,74744.6,INR,CTR0007,ON_CONTRACT,REQ00707,2026-02-06
TXN003236,INVOICE_SYSTEM,SUP0005,Cloudspan Software,IT Software & Licences,Facilities,39591.35,INR,CTR0002,ON_CONTRACT,REQ00734,2025-10-19
TXN003239,INVOICE_SYSTEM,SUP0004,Arcadia IT Traders,IT Hardware,Logistics,120526.58,INR,,OFF_CONTRACT,REQ00822,2025-11-13
TXN003242,INVOICE_SYSTEM,SUP0001,Nexa Technologies Pvt Ltd,IT Hardware,Human Resources,91486.37,INR,CTR0001,ON_CONTRACT,,2025-06-07
TXN003247,INVOICE_SYSTEM,SUP0011,Sterling Advisory,Professional Services,Logistics,145023.68,INR,CTR0004,ON_CONTRACT,,2026-01-03
TXN003249,INVOICE_SYSTEM,SUP0016,Prime Facility Care,Facilities Maintenance,Operations,62231.62,INR,CTR0006,ON_CONTRACT,REQ00427,2025-11-10
TXN003258,INVOICE_SYSTEM,SUP0014,Skyroute Travel,Travel,Finance,24912.67,INR,CTR0005,ON_CONTRACT,REQ00704,2025-11-14
TXN003259,INVOICE_SYSTEM,SUP0014,Skyroute Travel,Travel,Operations,40132.47,INR,CTR0005,ON_CONTRACT,,2026-01-03
TXN003260,INVOICE_SYSTEM,SUP0013,Adept Partners,Professional Services,Logistics,228091.7,INR,,OFF_CONTRACT,REQ00405,2025-06-01
TXN003264,INVOICE_SYSTEM,SUP0022,Transcore Logistics,Logistics & Freight,Marketing,13504.3,INR,CTR0008,ON_CONTRACT,REQ00442,2025-08-19
TXN003269,INVOICE_SYSTEM,SUP0019,Lumen Creative,Marketing Services,Finance,107979.7,INR,CTR0007,ON_CONTRACT,,2025-04-22
TXN003270,INVOICE_SYSTEM,SUP0005,Cloudspan Software,IT Software & Licences,R&D,87306.32,INR,CTR0002,ON_CONTRACT,REQ00638,2025-08-31
TXN003274,INVOICE_SYSTEM,SUP0022,Transcore Logistics,Logistics & Freight,Logistics,56459.5,INR,CTR0008,ON_CONTRACT,REQ00280,2025-09-20
TXN003276,INVOICE_SYSTEM,SUP0001,Nexa Technologies Pvt Ltd,IT Hardware,Logistics,152315.2,INR,CTR0001,ON_CONTRACT,REQ00772,2025-10-11
TXN003280,INVOICE_SYSTEM,SUP0012,Cobalt Consulting,Professional Services,Marketing,206227.22,INR,,OFF_CONTRACT,REQ00288,2026-02-07
TXN003281,INVOICE_SYSTEM,SUP0001,Nexa Technologies Pvt Ltd,IT Hardware,Marketing,94950.59,INR,CTR0001,ON_CONTRACT,REQ00099,2026-01-14
TXN003285,INVOICE_SYSTEM,SUP0019,Lumen Creative,Marketing Services,Human Resources,85283.37,INR,CTR0007,ON_CONTRACT,REQ00431,2025-06-21
TXN003287,INVOICE_SYSTEM,SUP0019,Lumen Creative,Marketing Services,Marketing,74295.65,INR,CTR0007,ON_CONTRACT,REQ00859,2025-12-03
TXN003293,INVOICE_SYSTEM,SUP0011,Sterling Advisory,Professional Services,IT,121775.04,INR,CTR0004,ON_CONTRACT,REQ00833,2025-11-06
TXN003298,INVOICE_SYSTEM,SUP0014,Skyroute Travel,Travel,R&D,14076.64,INR,CTR0005,ON_CONTRACT,REQ00847,2026-01-07
TXN003301,INVOICE_SYSTEM,SUP0005,Cloudspan Software,IT Software & Licences,IT,60514.58,INR,CTR0002,ON_CONTRACT,,2025-09-18
TXN003302,INVOICE_SYSTEM,SUP0005,Cloudspan Software,IT Software & Licences,Facilities,119704.15,INR,CTR0002,ON_CONTRACT,REQ00581,2026-02-26
TXN003306,INVOICE_SYSTEM,SUP0019,Lumen Creative,Marketing Services,Operations,69072.87,INR,CTR0007,ON_CONTRACT,REQ00724,2025-12-18
TXN003308,INVOICE_SYSTEM,SUP0021,Pulse Marketing Co,Marketing Services,Operations,29619.91,INR,,OFF_CONTRACT,REQ00708,2025-11-15
TXN003314,INVOICE_SYSTEM,SUP0005,Cloudspan Software,IT Software & Licences,Finance,15878.19,INR,CTR0002,ON_CONTRACT,,2025-07-11
TXN003319,INVOICE_SYSTEM,SUP0020,BrightArc Media,Marketing Services,IT,132629.25,INR,,OFF_CONTRACT,REQ00224,2025-06-08
TXN003320,INVOICE_SYSTEM,SUP0016,Prime Facility Care,Facilities Maintenance,Operations,56368.57,INR,CTR0006,ON_CONTRACT,,2025-09-29
TXN003322,INVOICE_SYSTEM,SUP0005,Cloudspan Software,IT Software & Licences,Operations,21978.65,INR,CTR0002,ON_CONTRACT,,2025-06-09
TXN003330,INVOICE_SYSTEM,SUP0012,Cobalt Consulting,Professional Services,Logistics,180943.07,INR,,OFF_CONTRACT,REQ00060,2026-03-28
TXN003332,INVOICE_SYSTEM,SUP0011,Sterling Advisory,Professional Services,R&D,195873.17,INR,CTR0004,ON_CONTRACT,,2026-02-19
TXN003336,INVOICE_SYSTEM,SUP0011,Sterling Advisory,Professional Services,IT,197495.34,INR,CTR0004,ON_CONTRACT,REQ00870,2025-06-05
TXN003337,INVOICE_SYSTEM,SUP0008,Orion Office Supplies,Office Supplies,Human Resources,22889.26,INR,CTR0003,ON_CONTRACT,,2026-01-04
TXN003338,INVOICE_SYSTEM,SUP0001,Nexa Technologies Pvt Ltd,IT Hardware,Logistics,142600.87,INR,CTR0001,ON_CONTRACT,,2026-01-09
TXN003342,INVOICE_SYSTEM,SUP0019,Lumen Creative,Marketing Services,R&D,101032.95,INR,CTR0007,ON_CONTRACT,,2025-05-27
TXN003343,INVOICE_SYSTEM,SUP0019,Lumen Creative,Marketing Services,R&D,108534.79,INR,CTR0007,ON_CONTRACT,REQ00582,2026-01-25
TXN003346,INVOICE_SYSTEM,SUP0001,Nexa Technologies Pvt Ltd,IT Hardware,Finance,136041.55,INR,CTR0001,ON_CONTRACT,REQ00184,2025-09-19
TXN003349,INVOICE_SYSTEM,SUP0001,Nexa Technologies Pvt Ltd,IT Hardware,Operations,73643.16,INR,CTR0001,ON_CONTRACT,REQ00370,2025-08-20
TXN003354,INVOICE_SYSTEM,SUP0001,Nexa Technologies Pvt Ltd,IT Hardware,IT,103594.25,INR,CTR0001,ON_CONTRACT,REQ00741,2026-03-23
TXN003364,INVOICE_SYSTEM,SUP0008,Orion Office Supplies,Office Supplies,R&D,8073.43,INR,CTR0003,ON_CONTRACT,REQ00256,2025-07-15
TXN003365,INVOICE_SYSTEM,SUP0008,Orion Office Supplies,Office Supplies,Human Resources,23598.58,INR,CTR0003,ON_CONTRACT,REQ00328,2025-07-28
TXN003373,INVOICE_SYSTEM,SUP0016,Prime Facility Care,Facilities Maintenance,Logistics,25878.1,INR,CTR0006,ON_CONTRACT,,2025-08-03
TXN003375,INVOICE_SYSTEM,SUP0016,Prime Facility Care,Facilities Maintenance,Finance,58896.38,INR,CTR0006,ON_CONTRACT,,2025-10-14
TXN003379,INVOICE_SYSTEM,SUP0016,Prime Facility Care,Facilities Maintenance,Human Resources,15303.1,INR,CTR0006,ON_CONTRACT,,2025-10-19
TXN003387,INVOICE_SYSTEM,SUP0005,Cloudspan Software,IT Software & Licences,Operations,40556.65,INR,CTR0002,ON_CONTRACT,,2025-05-16
TXN003389,INVOICE_SYSTEM,SUP0022,Transcore Logistics,Logistics & Freight,IT,15235.28,INR,CTR0008,ON_CONTRACT,,2025-08-19
TXN003390,INVOICE_SYSTEM,SUP0021,Pulse Marketing Co,Marketing Services,IT,113358.63,INR,,OFF_CONTRACT,,2025-06-11
TXN003392,INVOICE_SYSTEM,SUP0021,Pulse Marketing Co,Marketing Services,Logistics,145708.69,INR,,OFF_CONTRACT,REQ00332,2026-02-23
TXN003398,INVOICE_SYSTEM,SUP0001,Nexa Technologies Pvt Ltd,IT Hardware,Operations,155955.06,INR,CTR0001,ON_CONTRACT,,2025-08-18
TXN003400,INVOICE_SYSTEM,SUP0023,FleetBridge Cargo,Logistics & Freight,Operations,59866.3,INR,,OFF_CONTRACT,,2025-08-19
TXN003401,INVOICE_SYSTEM,SUP0005,Cloudspan Software,IT Software & Licences,Human Resources,22061.87,INR,CTR0002,ON_CONTRACT,REQ00064,2025-05-07
TXN003404,INVOICE_SYSTEM,SUP0005,Cloudspan Software,IT Software & Licences,Marketing,49297.12,INR,CTR0002,ON_CONTRACT,,2025-04-20
TXN003405,INVOICE_SYSTEM,SUP0008,Orion Office Supplies,Office Supplies,R&D,19208.23,INR,CTR0003,ON_CONTRACT,,2025-05-31
TXN003407,INVOICE_SYSTEM,SUP0011,Sterling Advisory,Professional Services,Finance,220184.89,INR,CTR0004,ON_CONTRACT,REQ00268,2025-06-19
TXN003409,INVOICE_SYSTEM,SUP0005,Cloudspan Software,IT Software & Licences,Facilities,40357.13,INR,CTR0002,ON_CONTRACT,REQ00557,2025-10-13
TXN003410,INVOICE_SYSTEM,SUP0001,Nexa Technologies Pvt Ltd,IT Hardware,Facilities,31254.38,INR,CTR0001,ON_CONTRACT,,2025-05-15
TXN003411,INVOICE_SYSTEM,SUP0022,Transcore Logistics,Logistics & Freight,Facilities,46128.9,INR,CTR0008,ON_CONTRACT,,2025-09-06
TXN003412,INVOICE_SYSTEM,SUP0003,BluePeak Systems,IT Hardware,IT,45162.5,INR,,OFF_CONTRACT,REQ00534,2026-01-10
TXN003415,INVOICE_SYSTEM,SUP0012,Cobalt Consulting,Professional Services,Finance,204585.03,INR,,OFF_CONTRACT,REQ00302,2025-11-06
TXN003425,INVOICE_SYSTEM,SUP0016,Prime Facility Care,Facilities Maintenance,Finance,60227.18,INR,CTR0006,ON_CONTRACT,REQ00357,2026-03-06
TXN003430,INVOICE_SYSTEM,SUP0019,Lumen Creative,Marketing Services,R&D,102171.11,INR,CTR0007,ON_CONTRACT,,2025-08-12
TXN003434,INVOICE_SYSTEM,SUP0005,Cloudspan Software,IT Software & Licences,Marketing,61440.85,INR,CTR0002,ON_CONTRACT,REQ00147,2026-01-08
TXN003441,INVOICE_SYSTEM,SUP0011,Sterling Advisory,Professional Services,IT,111800.11,INR,CTR0004,ON_CONTRACT,,2025-04-13
TXN003443,INVOICE_SYSTEM,SUP0016,Prime Facility Care,Facilities Maintenance,Facilities,22698.15,INR,CTR0006,ON_CONTRACT,,2025-08-13
TXN003450,INVOICE_SYSTEM,SUP0024,Nexa Technologies,IT Hardware,IT,33268.94,INR,,OFF_CONTRACT,,2025-10-01
TXN003451,INVOICE_SYSTEM,SUP0008,Orion Office Supplies,Office Supplies,R&D,12459.58,INR,CTR0003,ON_CONTRACT,REQ00069,2025-04-25
TXN003463,INVOICE_SYSTEM,SUP0016,Prime Facility Care,Facilities Maintenance,Marketing,48156.42,INR,CTR0006,ON_CONTRACT,REQ00232,2025-04-24
TXN003464,INVOICE_SYSTEM,SUP0014,Skyroute Travel,Travel,R&D,57142.77,INR,CTR0005,ON_CONTRACT,REQ00707,2026-02-11
TXN003468,INVOICE_SYSTEM,SUP0011,Sterling Advisory,Professional Services,IT,180229.72,INR,CTR0004,ON_CONTRACT,REQ00130,2025-09-29
TXN003469,INVOICE_SYSTEM,SUP0001,Nexa Technologies Pvt Ltd,IT Hardware,Marketing,154791.9,INR,CTR0001,ON_CONTRACT,REQ00310,2025-12-29
TXN003477,INVOICE_SYSTEM,SUP0011,Sterling Advisory,Professional Services,Facilities,241793.23,INR,CTR0004,ON_CONTRACT,,2025-09-28
TXN003480,INVOICE_SYSTEM,SUP0005,Cloudspan Software,IT Software & Licences,Marketing,57198.16,INR,CTR0002,ON_CONTRACT,,2026-03-25
TXN003493,INVOICE_SYSTEM,SUP0022,Transcore Logistics,Logistics & Freight,Finance,85120.76,INR,CTR0008,ON_CONTRACT,REQ00148,2025-12-06
TXN003494,INVOICE_SYSTEM,SUP0010,Kanban Stationers,Office Supplies,Operations,22307.04,INR,,OFF_CONTRACT,,2025-08-06
TXN003497,INVOICE_SYSTEM,SUP0014,Skyroute Travel,Travel,IT,78765.74,INR,CTR0005,ON_CONTRACT,REQ00641,2025-06-10
TXN003499,INVOICE_SYSTEM,SUP0016,Prime Facility Care,Facilities Maintenance,Facilities,21799.22,INR,CTR0006,ON_CONTRACT,REQ00689,2025-04-28
TXN003500,INVOICE_SYSTEM,SUP0020,BrightArc Media,Marketing Services,Logistics,123239.65,INR,,OFF_CONTRACT,REQ00237,2025-09-11
TXN003505,INVOICE_SYSTEM,SUP0008,Orion Office Supplies,Office Supplies,Human Resources,22639.41,INR,CTR0003,ON_CONTRACT,,2025-04-27
TXN003509,INVOICE_SYSTEM,SUP0011,Sterling Advisory,Professional Services,R&D,217951.47,INR,CTR0004,ON_CONTRACT,REQ00116,2025-05-05
TXN003512,INVOICE_SYSTEM,SUP0011,Sterling Advisory,Professional Services,R&D,54073.47,INR,CTR0004,ON_CONTRACT,,2026-03-12
TXN003513,INVOICE_SYSTEM,SUP0019,Lumen Creative,Marketing Services,Marketing,156548.04,INR,CTR0007,ON_CONTRACT,,2026-03-20
TXN003517,INVOICE_SYSTEM,SUP0011,Sterling Advisory,Professional Services,IT,57871.73,INR,CTR0004,ON_CONTRACT,REQ00340,2025-08-28
TXN003528,INVOICE_SYSTEM,SUP0017,GreenEdge Services,Facilities Maintenance,Operations,55557.55,INR,,OFF_CONTRACT,REQ00262,2025-09-30
TXN003530,INVOICE_SYSTEM,SUP0016,Prime Facility Care,Facilities Maintenance,Operations,36384.43,INR,CTR0006,ON_CONTRACT,,2026-01-29
TXN003534,INVOICE_SYSTEM,SUP0016,Prime Facility Care,Facilities Maintenance,Logistics,27963.0,INR,CTR0006,ON_CONTRACT,REQ00773,2025-10-14
TXN003535,INVOICE_SYSTEM,SUP0019,Lumen Creative,Marketing Services,Operations,52550.84,INR,CTR0007,ON_CONTRACT,REQ00072,2026-02-21
TXN003537,INVOICE_SYSTEM,SUP0014,Skyroute Travel,Travel,IT,29029.97,INR,CTR0005,ON_CONTRACT,,2025-11-26
TXN003541,INVOICE_SYSTEM,SUP0019,Lumen Creative,Marketing Services,IT,49470.97,INR,CTR0007,ON_CONTRACT,REQ00085,2025-06-14
TXN003543,INVOICE_SYSTEM,SUP0014,Skyroute Travel,Travel,IT,20047.6,INR,CTR0005,ON_CONTRACT,REQ00675,2025-12-04
TXN003544,INVOICE_SYSTEM,SUP0022,Transcore Logistics,Logistics & Freight,R&D,40439.55,INR,CTR0008,ON_CONTRACT,,2026-03-14
TXN003554,INVOICE_SYSTEM,SUP0016,Prime Facility Care,Facilities Maintenance,Operations,40330.53,INR,CTR0006,ON_CONTRACT,REQ00296,2025-12-16
TXN003555,INVOICE_SYSTEM,SUP0011,Sterling Advisory,Professional Services,Marketing,70256.55,INR,CTR0004,ON_CONTRACT,REQ00585,2025-10-24
TXN003556,INVOICE_SYSTEM,SUP0022,Transcore Logistics,Logistics & Freight,R&D,63791.87,INR,CTR0008,ON_CONTRACT,REQ00728,2025-12-15
TXN003557,INVOICE_SYSTEM,SUP0020,BrightArc Media,Marketing Services,Operations,58309.66,INR,,OFF_CONTRACT,,2025-04-12
TXN003558,INVOICE_SYSTEM,SUP0011,Sterling Advisory,Professional Services,Logistics,142445.21,INR,CTR0004,ON_CONTRACT,,2026-03-03
TXN003560,INVOICE_SYSTEM,SUP0014,Skyroute Travel,Travel,Logistics,45685.89,INR,CTR0005,ON_CONTRACT,,2025-08-27
TXN003565,INVOICE_SYSTEM,SUP0019,Lumen Creative,Marketing Services,Operations,84180.4,INR,CTR0007,ON_CONTRACT,,2025-05-16
TXN003571,INVOICE_SYSTEM,SUP0001,Nexa Technologies Pvt Ltd,IT Hardware,Marketing,73650.7,INR,CTR0001,ON_CONTRACT,,2026-03-12
TXN003573,INVOICE_SYSTEM,SUP0014,Skyroute Travel,Travel,Operations,76888.86,INR,CTR0005,ON_CONTRACT,REQ00849,2025-05-16
TXN003579,INVOICE_SYSTEM,SUP0022,Transcore Logistics,Logistics & Freight,Marketing,73556.24,INR,CTR0008,ON_CONTRACT,,2026-01-03
TXN003584,INVOICE_SYSTEM,SUP0008,Orion Office Supplies,Office Supplies,IT,21775.28,INR,CTR0003,ON_CONTRACT,REQ00595,2026-01-24
TXN003587,INVOICE_SYSTEM,SUP0012,Cobalt Consulting,Professional Services,IT,135337.88,INR,,OFF_CONTRACT,REQ00075,2026-03-30
TXN003589,INVOICE_SYSTEM,SUP0011,Sterling Advisory,Professional Services,Marketing,66460.43,INR,CTR0004,ON_CONTRACT,,2025-09-28
TXN003591,INVOICE_SYSTEM,SUP0019,Lumen Creative,Marketing Services,Finance,153202.28,INR,CTR0007,ON_CONTRACT,,2025-04-03
TXN003602,INVOICE_SYSTEM,SUP0016,Prime Facility Care,Facilities Maintenance,Facilities,44252.65,INR,CTR0006,ON_CONTRACT,,2025-08-20
TXN003605,INVOICE_SYSTEM,SUP0019,Lumen Creative,Marketing Services,R&D,50619.37,INR,CTR0007,ON_CONTRACT,REQ00895,2025-12-20
TXN003606,INVOICE_SYSTEM,SUP0011,Sterling Advisory,Professional Services,Operations,78395.93,INR,CTR0004,ON_CONTRACT,,2026-01-13
TXN003607,INVOICE_SYSTEM,SUP0011,Sterling Advisory,Professional Services,R&D,213399.3,INR,CTR0004,ON_CONTRACT,,2025-10-31
TXN003608,INVOICE_SYSTEM,SUP0022,Transcore Logistics,Logistics & Freight,Human Resources,35713.73,INR,CTR0008,ON_CONTRACT,REQ00247,2025-06-18
TXN003610,INVOICE_SYSTEM,SUP0014,Skyroute Travel,Travel,R&D,87533.98,INR,CTR0005,ON_CONTRACT,,2026-02-07
TXN003615,INVOICE_SYSTEM,SUP0022,Transcore Logistics,Logistics & Freight,Logistics,42493.43,INR,CTR0008,ON_CONTRACT,,2026-01-28
TXN003616,INVOICE_SYSTEM,SUP0016,Prime Facility Care,Facilities Maintenance,Finance,15221.03,INR,CTR0006,ON_CONTRACT,,2026-03-18
TXN003617,INVOICE_SYSTEM,SUP0001,Nexa Technologies Pvt Ltd,IT Hardware,Facilities,111301.66,INR,CTR0001,ON_CONTRACT,REQ00344,2026-01-12
TXN003621,INVOICE_SYSTEM,SUP0014,Skyroute Travel,Travel,Logistics,63166.7,INR,CTR0005,ON_CONTRACT,,2025-09-17
TXN003624,INVOICE_SYSTEM,SUP0020,BrightArc Media,Marketing Services,Finance,142370.05,INR,,OFF_CONTRACT,REQ00053,2025-12-25
TXN003630,INVOICE_SYSTEM,SUP0005,Cloudspan Software,IT Software & Licences,Finance,80869.54,INR,CTR0002,ON_CONTRACT,,2025-06-25
TXN003632,INVOICE_SYSTEM,SUP0005,Cloudspan Software,IT Software & Licences,Logistics,30965.1,INR,CTR0002,ON_CONTRACT,REQ00015,2026-01-27
TXN003635,INVOICE_SYSTEM,SUP0009,Paperline Traders,Office Supplies,R&D,4156.86,INR,,OFF_CONTRACT,REQ00693,2025-05-22
TXN003639,INVOICE_SYSTEM,SUP0008,Orion Office Supplies,Office Supplies,Operations,8703.6,INR,CTR0003,ON_CONTRACT,REQ00262,2025-06-07
TXN003646,INVOICE_SYSTEM,SUP0008,Orion Office Supplies,Office Supplies,Finance,5553.32,INR,CTR0003,ON_CONTRACT,,2025-11-18
TXN003649,INVOICE_SYSTEM,SUP0011,Sterling Advisory,Professional Services,Finance,165351.25,INR,CTR0004,ON_CONTRACT,REQ00696,2025-11-22
TXN003650,INVOICE_SYSTEM,SUP0019,Lumen Creative,,Finance,159938.08,INR,CTR0007,ON_CONTRACT,REQ00527,2026-03-16
TXN003653,INVOICE_SYSTEM,SUP0008,Orion Office Supplies,Office Supplies,R&D,21033.72,INR,CTR0003,ON_CONTRACT,,2025-12-23
TXN003658,INVOICE_SYSTEM,SUP0005,Cloudspan Software,IT Software & Licences,Marketing,68610.98,INR,CTR0002,ON_CONTRACT,REQ00074,2025-04-25
TXN003666,INVOICE_SYSTEM,SUP0014,Skyroute Travel,Travel,IT,-43930.65,INR,CTR0005,ON_CONTRACT,,2026-03-10
TXN003668,INVOICE_SYSTEM,SUP0005,Cloudspan Software,IT Software & Licences,Human Resources,31871.36,INR,CTR0002,ON_CONTRACT,REQ00373,2025-11-02
TXN003682,INVOICE_SYSTEM,SUP0009,Paperline Traders,Office Supplies,Facilities,4886.18,INR,,OFF_CONTRACT,,2025-06-25
TXN003684,INVOICE_SYSTEM,SUP0001,Nexa Technologies Pvt Ltd,IT Hardware,Marketing,61724.67,INR,CTR0001,ON_CONTRACT,,2025-05-12
TXN003694,INVOICE_SYSTEM,SUP0019,Lumen Creative,Marketing Services,Facilities,52819.58,INR,CTR0007,ON_CONTRACT,REQ00860,2025-07-18
TXN003695,INVOICE_SYSTEM,SUP0001,Nexa Technologies Pvt Ltd,IT Hardware,Marketing,78487.98,INR,CTR0001,ON_CONTRACT,,2025-05-29
TXN003699,INVOICE_SYSTEM,SUP0014,Skyroute Travel,Travel,Operations,84522.82,INR,CTR0005,ON_CONTRACT,REQ00168,2026-02-02
TXN003704,INVOICE_SYSTEM,SUP0022,Transcore Logistics,Logistics & Freight,Facilities,82393.07,INR,CTR0008,ON_CONTRACT,,2025-07-03
TXN003706,INVOICE_SYSTEM,SUP0016,Prime Facility Care,Facilities Maintenance,Human Resources,63091.31,INR,CTR0006,ON_CONTRACT,REQ00097,2025-09-08
TXN003719,INVOICE_SYSTEM,SUP0014,Skyroute Travel,Travel,Human Resources,44309.45,INR,CTR0005,ON_CONTRACT,REQ00507,2025-09-27
TXN003723,INVOICE_SYSTEM,SUP0008,Orion Office Supplies,Office Supplies,Operations,23516.14,INR,CTR0003,ON_CONTRACT,REQ00729,2025-10-13
TXN003724,INVOICE_SYSTEM,SUP0019,Lumen Creative,Marketing Services,R&D,-46002.63,INR,CTR0007,ON_CONTRACT,,2025-06-25
TXN003732,INVOICE_SYSTEM,SUP0016,Prime Facility Care,Facilities Maintenance,Finance,68084.58,INR,CTR0006,ON_CONTRACT,,2025-12-02
TXN003735,INVOICE_SYSTEM,SUP0011,Sterling Advisory,Professional Services,Finance,91798.31,INR,CTR0004,ON_CONTRACT,REQ00564,2025-12-17
TXN003739,INVOICE_SYSTEM,SUP0026,Nexa Tech Pvt Ltd,IT Hardware,IT,141849.55,INR,,OFF_CONTRACT,REQ00268,2026-02-13
TXN003745,INVOICE_SYSTEM,SUP0017,GreenEdge Services,Facilities Maintenance,Operations,10412.68,INR,,OFF_CONTRACT,REQ00319,2025-04-24
TXN003746,INVOICE_SYSTEM,SUP0010,Kanban Stationers,Office Supplies,R&D,6886.29,INR,,OFF_CONTRACT,REQ00852,2026-03-26
TXN003748,INVOICE_SYSTEM,SUP0025,NEXA TECHNOLOGIES PVT. LTD.,IT Hardware,Finance,88735.61,INR,,OFF_CONTRACT,,2025-12-08
TXN003749,INVOICE_SYSTEM,SUP0020,BrightArc Media,Marketing Services,Human Resources,76336.88,INR,,OFF_CONTRACT,REQ00809,2025-05-07
TXN003752,INVOICE_SYSTEM,SUP0026,Nexa Tech Pvt Ltd,IT Hardware,Logistics,165922.17,INR,,OFF_CONTRACT,REQ00387,2026-02-02
TXN003753,INVOICE_SYSTEM,SUP0016,Prime Facility Care,Facilities Maintenance,Operations,28832.68,INR,CTR0006,ON_CONTRACT,REQ00302,2026-02-24
TXN003754,INVOICE_SYSTEM,SUP0016,Prime Facility Care,Facilities Maintenance,Logistics,51463.35,INR,CTR0006,ON_CONTRACT,REQ00537,2025-10-10
TXN003759,INVOICE_SYSTEM,SUP0022,Transcore Logistics,Logistics & Freight,Human Resources,47686.48,INR,CTR0008,ON_CONTRACT,REQ00366,2025-11-23
TXN003761,INVOICE_SYSTEM,SUP0023,FleetBridge Cargo,Logistics & Freight,Finance,21950.96,INR,,OFF_CONTRACT,,2026-03-17
TXN003762,INVOICE_SYSTEM,SUP0014,Skyroute Travel,Travel,Finance,68263.92,INR,CTR0005,ON_CONTRACT,REQ00363,2025-07-07
TXN003763,INVOICE_SYSTEM,SUP0023,FleetBridge Cargo,Logistics & Freight,IT,56110.76,INR,,OFF_CONTRACT,,2025-08-01
TXN003771,INVOICE_SYSTEM,SUP0027,Orion Office Supplies Ltd,Office Supplies,IT,14574.0,INR,,OFF_CONTRACT,,2025-04-19
TXN003772,INVOICE_SYSTEM,SUP0014,Skyroute Travel,Travel,Facilities,81997.87,INR,CTR0005,ON_CONTRACT,REQ00754,2025-08-04
TXN003773,INVOICE_SYSTEM,SUP0014,Skyroute Travel,Travel,Finance,36204.53,INR,CTR0005,ON_CONTRACT,,2025-05-10
TXN003774,INVOICE_SYSTEM,SUP0005,Cloudspan Software,IT Software & Licences,R&D,91965.01,INR,CTR0002,ON_CONTRACT,,2025-05-12
TXN003787,INVOICE_SYSTEM,SUP0009,Paperline Traders,Office Supplies,Logistics,15267.72,INR,,OFF_CONTRACT,,2025-09-30
TXN003791,INVOICE_SYSTEM,SUP0005,Cloudspan Software,IT Software & Licences,Finance,37543.07,INR,CTR0002,ON_CONTRACT,,2026-03-22
TXN003795,INVOICE_SYSTEM,SUP0011,Sterling Advisory,Professional Services,Facilities,46813.12,INR,CTR0004,ON_CONTRACT,REQ00734,2025-04-22
TXN003798,INVOICE_SYSTEM,SUP0022,Transcore Logistics,Logistics & Freight,IT,20571.0,INR,CTR0008,ON_CONTRACT,,2025-05-23
TXN003803,INVOICE_SYSTEM,SUP0007,Meridian Softworks,IT Software & Licences,R&D,100967.72,INR,,OFF_CONTRACT,REQ00563,2025-09-03
TXN003807,INVOICE_SYSTEM,SUP0005,Cloudspan Software,IT Software & Licences,R&D,60279.56,INR,CTR0002,ON_CONTRACT,,2025-10-12
TXN003808,INVOICE_SYSTEM,SUP0005,Cloudspan Software,IT Software & Licences,Marketing,51489.47,INR,CTR0002,ON_CONTRACT,REQ00257,2025-06-08
TXN003815,INVOICE_SYSTEM,SUP0011,Sterling Advisory,Professional Services,Marketing,93100.2,INR,CTR0004,ON_CONTRACT,,2025-05-16
TXN003816,INVOICE_SYSTEM,SUP0014,Skyroute Travel,Travel,IT,55365.8,INR,CTR0005,ON_CONTRACT,REQ00525,2026-02-23
TXN003821,INVOICE_SYSTEM,SUP0016,Prime Facility Care,Facilities Maintenance,Human Resources,31049.15,INR,CTR0006,ON_CONTRACT,REQ00097,2025-10-17
TXN003825,INVOICE_SYSTEM,SUP0007,Meridian Softworks,IT Software & Licences,R&D,36951.23,INR,,OFF_CONTRACT,REQ00287,2025-12-03
TXN003829,INVOICE_SYSTEM,SUP0005,Cloudspan Software,IT Software & Licences,IT,103295.41,INR,CTR0002,ON_CONTRACT,,2025-07-29
TXN003832,INVOICE_SYSTEM,SUP0019,Lumen Creative,Marketing Services,Human Resources,133176.8,INR,CTR0007,ON_CONTRACT,,2025-12-21
TXN003847,INVOICE_SYSTEM,SUP0011,Sterling Advisory,Professional Services,Finance,243941.69,INR,CTR0004,ON_CONTRACT,,2026-02-28
TXN003850,INVOICE_SYSTEM,SUP0007,Meridian Softworks,IT Software & Licences,Human Resources,22187.3,INR,,OFF_CONTRACT,REQ00209,2025-07-10
TXN003852,INVOICE_SYSTEM,SUP0011,Sterling Advisory,Professional Services,R&D,64435.28,INR,CTR0004,ON_CONTRACT,REQ00765,2025-12-05
TXN003854,INVOICE_SYSTEM,SUP0011,STERLING ADVISORY,Professional Services,IT,237081.25,INR,CTR0004,ON_CONTRACT,,2025-11-10
TXN003858,INVOICE_SYSTEM,SUP0006,Vertex Licensing,IT Software & Licences,Operations,72819.65,INR,,OFF_CONTRACT,,2025-04-11
TXN003859,INVOICE_SYSTEM,SUP0022,Transcore Logistics,Logistics & Freight,Marketing,45466.24,INR,CTR0008,ON_CONTRACT,REQ00163,2025-10-15
TXN003864,INVOICE_SYSTEM,SUP0014,Skyroute Travel,Travel,Marketing,28937.58,INR,CTR0005,ON_CONTRACT,REQ00689,2025-05-22
TXN003872,INVOICE_SYSTEM,SUP0001,Nexa Technologies Pvt Ltd,IT Hardware,Human Resources,53175.72,INR,CTR0001,ON_CONTRACT,REQ00880,2025-07-27
TXN003889,INVOICE_SYSTEM,SUP0011,Sterling Advisory,Professional Services,R&D,172262.34,INR,CTR0004,ON_CONTRACT,REQ00694,2025-08-06
TXN003896,INVOICE_SYSTEM,SUP0001,Nexa Technologies Pvt Ltd,IT Hardware,Operations,152793.09,INR,CTR0001,ON_CONTRACT,,2026-02-16
TXN003897,INVOICE_SYSTEM,SUP0021,Pulse Marketing Co,Marketing Services,R&D,40501.08,INR,,OFF_CONTRACT,,2025-12-19
TXN003899,INVOICE_SYSTEM,SUP0014,Skyroute Travel,Travel,Marketing,52304.32,INR,CTR0005,ON_CONTRACT,,2025-12-24
TXN003903,INVOICE_SYSTEM,SUP0014,Skyroute Travel,Travel,Finance,83034.98,INR,CTR0005,ON_CONTRACT,REQ00271,2026-02-17
TXN003912,INVOICE_SYSTEM,SUP0023,FleetBridge Cargo,Logistics & Freight,Logistics,34575.88,INR,,OFF_CONTRACT,,2025-04-24
TXN003922,INVOICE_SYSTEM,SUP0005,Cloudspan Software,IT Software & Licences,Marketing,57022.29,INR,CTR0002,ON_CONTRACT,,2025-11-24
TXN003927,INVOICE_SYSTEM,SUP0011,Sterling Advisory,Professional Services,Operations,166741.05,INR,CTR0004,ON_CONTRACT,,2025-08-31
TXN003930,INVOICE_SYSTEM,SUP0016,Prime Facility Care,Facilities Maintenance,Facilities,17223.25,INR,CTR0006,ON_CONTRACT,REQ00828,2025-05-16
TXN003933,INVOICE_SYSTEM,SUP0022,Transcore Logistics,Logistics & Freight,Facilities,63688.53,INR,CTR0008,ON_CONTRACT,,2026-03-25
TXN003956,INVOICE_SYSTEM,SUP0019,Lumen Creative,Marketing Services,Marketing,141577.33,INR,CTR0007,ON_CONTRACT,REQ00168,2025-07-28
TXN003957,INVOICE_SYSTEM,SUP0011,Sterling Advisory,Professional Services,IT,234557.4,INR,CTR0004,ON_CONTRACT,,2025-07-20
TXN003959,INVOICE_SYSTEM,SUP0019,Lumen Creative,Marketing Services,Operations,27087.15,INR,CTR0007,ON_CONTRACT,,2025-04-02
TXN003962,INVOICE_SYSTEM,SUP0026,Nexa Tech Pvt Ltd,IT Hardware,Human Resources,85898.74,INR,,OFF_CONTRACT,REQ00848,2026-01-10
TXN003965,INVOICE_SYSTEM,SUP0001,Nexa Technologies Pvt Ltd,IT Hardware,R&D,26751.89,INR,CTR0001,ON_CONTRACT,,2025-09-02
TXN003966,INVOICE_SYSTEM,SUP0008,Orion Office Supplies,Office Supplies,Logistics,20109.56,INR,CTR0003,ON_CONTRACT,,2025-11-04
TXN003980,INVOICE_SYSTEM,SUP0001,Nexa Technologies Pvt Ltd,IT Hardware,Finance,91048.79,INR,CTR0001,ON_CONTRACT,REQ00556,2025-07-06
TXN003981,INVOICE_SYSTEM,SUP0011,Sterling Advisory,Professional Services,Logistics,214796.34,INR,CTR0004,ON_CONTRACT,REQ00244,2026-03-19
TXN003989,INVOICE_SYSTEM,SUP0016,Prime Facility Care,Facilities Maintenance,Finance,30247.26,INR,CTR0006,ON_CONTRACT,,2025-06-03
TXN004000,INVOICE_SYSTEM,SUP0014,Skyroute Travel,Travel,IT,21232.12,INR,CTR0005,ON_CONTRACT,,2025-04-26
TXN004010,INVOICE_SYSTEM,SUP0013,Adept Partners,Professional Services,R&D,51902.89,INR,,OFF_CONTRACT,,2026-03-22
TXN004011,INVOICE_SYSTEM,SUP0022,Transcore Logistics,Logistics & Freight,Operations,14877.83,INR,CTR0008,ON_CONTRACT,,2025-04-11
TXN004012,INVOICE_SYSTEM,SUP0008,Orion Office Supplies,Office Supplies,Marketing,11013.94,INR,CTR0003,ON_CONTRACT,,2025-11-25
TXN004018,INVOICE_SYSTEM,SUP0017,GreenEdge Services,Facilities Maintenance,Operations,63741.4,INR,,OFF_CONTRACT,,2025-09-04
TXN004023,INVOICE_SYSTEM,SUP0011,Sterling Advisory,Professional Services,R&D,181200.61,INR,CTR0004,ON_CONTRACT,REQ00866,2025-07-01
TXN004025,INVOICE_SYSTEM,SUP0016,Prime Facility Care,Facilities Maintenance,Marketing,50385.53,INR,CTR0006,ON_CONTRACT,REQ00236,2025-09-25
TXN004032,INVOICE_SYSTEM,SUP0005,Cloudspan Software,IT Software & Licences,Finance,43417.61,INR,CTR0002,ON_CONTRACT,,2025-09-26
TXN004035,INVOICE_SYSTEM,SUP0019,Lumen Creative,Marketing Services,Marketing,41868.21,INR,CTR0007,ON_CONTRACT,,2025-10-27
TXN004036,INVOICE_SYSTEM,SUP0011,Sterling Advisory,Professional Services,Facilities,247568.41,INR,CTR0004,ON_CONTRACT,,2025-06-08
TXN004037,INVOICE_SYSTEM,SUP0005,Cloudspan Software,IT Software & Licences,Finance,117614.39,INR,CTR0002,ON_CONTRACT,,2025-11-08
TXN004041,INVOICE_SYSTEM,SUP0019,Lumen Creative,Marketing Services,IT,141254.22,INR,CTR0007,ON_CONTRACT,,2026-01-29
TXN004046,INVOICE_SYSTEM,SUP0016,Prime Facility Care,Facilities Maintenance,Finance,35649.19,INR,CTR0006,ON_CONTRACT,,2026-01-31
TXN004056,INVOICE_SYSTEM,SUP0016,Prime Facility Care,Facilities Maintenance,Operations,10972.02,INR,CTR0006,ON_CONTRACT,,2025-05-16
TXN004058,INVOICE_SYSTEM,SUP0016,Prime Facility Care,Facilities Maintenance,R&D,12408.33,INR,CTR0006,ON_CONTRACT,REQ00810,2025-07-19
TXN004063,INVOICE_SYSTEM,SUP0016,Prime Facility Care,Facilities Maintenance,IT,55921.8,INR,CTR0006,ON_CONTRACT,,2026-01-26
TXN004066,INVOICE_SYSTEM,SUP0011,Sterling Advisory,Professional Services,IT,61596.94,INR,CTR0004,ON_CONTRACT,REQ00595,2025-05-11
TXN004068,INVOICE_SYSTEM,SUP0001,Nexa Technologies Pvt Ltd,IT Hardware,Human Resources,176768.49,INR,CTR0001,ON_CONTRACT,REQ00582,2026-01-15
TXN004079,INVOICE_SYSTEM,SUP0008,Orion Office Supplies,Office Supplies,Marketing,19677.37,INR,CTR0003,ON_CONTRACT,REQ00558,2025-10-19
TXN004080,INVOICE_SYSTEM,SUP0011,Sterling Advisory,Professional Services,Operations,87517.21,INR,CTR0004,ON_CONTRACT,REQ00308,2025-10-05
TXN004084,INVOICE_SYSTEM,SUP0007,Meridian Softworks,IT Software & Licences,Facilities,93443.22,INR,,OFF_CONTRACT,,2026-01-23
TXN004085,INVOICE_SYSTEM,SUP0027,Orion Office Supplies Ltd,Office Supplies,Marketing,7030.42,INR,,OFF_CONTRACT,,2025-12-05
TXN004093,INVOICE_SYSTEM,SUP0022,Transcore Logistics,Logistics & Freight,Operations,51717.85,INR,CTR0008,ON_CONTRACT,,2026-03-29
TXN004094,INVOICE_SYSTEM,SUP0011,Sterling Advisory,Professional Services,Human Resources,235060.51,INR,CTR0004,ON_CONTRACT,REQ00836,2026-02-17
TXN004096,INVOICE_SYSTEM,SUP0022,Transcore Logistics,Logistics & Freight,IT,50622.97,INR,CTR0008,ON_CONTRACT,REQ00407,2025-08-02
TXN004102,INVOICE_SYSTEM,SUP0019,Lumen Creative,Marketing Services,Logistics,79695.77,INR,CTR0007,ON_CONTRACT,,2025-04-03
TXN004103,INVOICE_SYSTEM,SUP0005,Cloudspan Software,IT Software & Licences,Operations,72555.25,INR,CTR0002,ON_CONTRACT,,2025-09-08
TXN004104,INVOICE_SYSTEM,SUP0014,Skyroute Travel,Travel,IT,22321.07,INR,CTR0005,ON_CONTRACT,REQ00106,2025-05-27
TXN004110,INVOICE_SYSTEM,SUP0014,Skyroute Travel,Travel,Marketing,55304.26,INR,CTR0005,ON_CONTRACT,REQ00414,2025-09-26
TXN004113,INVOICE_SYSTEM,SUP0013,Adept Partners,Professional Services,R&D,54572.76,INR,,OFF_CONTRACT,,2026-03-05
TXN004114,INVOICE_SYSTEM,SUP0011,Sterling Advisory,Professional Services,R&D,58874.14,INR,CTR0004,ON_CONTRACT,,2026-03-06
TXN004119,INVOICE_SYSTEM,SUP0012,Cobalt Consulting,Professional Services,R&D,70089.11,INR,,OFF_CONTRACT,REQ00214,2026-01-29
TXN004120,INVOICE_SYSTEM,SUP0022,Transcore Logistics,Logistics & Freight,Finance,71321.66,INR,CTR0008,ON_CONTRACT,REQ00006,2025-07-28
TXN004122,INVOICE_SYSTEM,SUP0021,Pulse Marketing Co,Marketing Services,Finance,93565.84,INR,,OFF_CONTRACT,REQ00619,2026-02-27
TXN004128,INVOICE_SYSTEM,SUP0025,NEXA TECHNOLOGIES PVT. LTD.,IT Hardware,R&D,171618.32,INR,,OFF_CONTRACT,REQ00202,2026-03-12
TXN004134,INVOICE_SYSTEM,SUP0011,Sterling Advisory,Professional Services,R&D,173079.44,INR,CTR0004,ON_CONTRACT,,2025-11-03
TXN004137,INVOICE_SYSTEM,SUP0009,Paperline Traders,Office Supplies,Marketing,18761.9,INR,,OFF_CONTRACT,,2026-02-20
TXN004139,INVOICE_SYSTEM,SUP0016,Prime Facility Care,Facilities Maintenance,Finance,49903.36,INR,CTR0006,ON_CONTRACT,REQ00630,2025-10-30
TXN004141,INVOICE_SYSTEM,SUP0019,Lumen Creative,Marketing Services,Facilities,67982.33,INR,CTR0007,ON_CONTRACT,REQ00802,2025-07-23
TXN004150,INVOICE_SYSTEM,SUP0016,Prime Facility Care,Facilities Maintenance,Marketing,56789.25,INR,CTR0006,ON_CONTRACT,REQ00463,2025-08-16
TXN004155,INVOICE_SYSTEM,SUP0011,Sterling Advisory,Professional Services,Marketing,93441.08,INR,CTR0004,ON_CONTRACT,,2025-06-25
TXN004158,INVOICE_SYSTEM,SUP0011,Sterling Advisory,Professional Services,Human Resources,218741.65,INR,CTR0004,ON_CONTRACT,REQ00153,2025-07-04
TXN004166,INVOICE_SYSTEM,SUP0014,Skyroute Travel,Travel,Human Resources,39875.56,INR,CTR0005,ON_CONTRACT,REQ00468,2025-09-17
TXN004167,INVOICE_SYSTEM,SUP0011,Sterling Advisory,Professional Services,Marketing,90462.82,INR,CTR0004,ON_CONTRACT,,2026-01-12
TXN004168,INVOICE_SYSTEM,SUP0001,Nexa Technologies Pvt Ltd,IT Hardware,R&D,39719.62,INR,CTR0001,ON_CONTRACT,REQ00433,2025-11-05
TXN004176,INVOICE_SYSTEM,SUP0008,Orion Office Supplies,Office Supplies,IT,24898.08,INR,CTR0003,ON_CONTRACT,REQ00858,2026-01-06
TXN004183,INVOICE_SYSTEM,SUP0006,Vertex Licensing,IT Software & Licences,Marketing,86630.13,INR,,OFF_CONTRACT,REQ00226,2025-10-06
TXN004187,INVOICE_SYSTEM,SUP0014,Skyroute Travel,Travel,Facilities,18522.72,INR,CTR0005,ON_CONTRACT,REQ00399,2025-04-01
TXN004189,INVOICE_SYSTEM,SUP0016,Prime Facility Care,Facilities Maintenance,Marketing,51605.33,INR,CTR0006,ON_CONTRACT,REQ00211,2025-07-13
TXN004193,INVOICE_SYSTEM,SUP0022,Transcore Logistics,Logistics & Freight,Marketing,53496.6,INR,CTR0008,ON_CONTRACT,REQ00649,2025-09-16
TXN004199,INVOICE_SYSTEM,SUP0014,Skyroute Travel,Travel,Logistics,44328.76,INR,CTR0005,ON_CONTRACT,REQ00849,2025-06-27
TXN004203,INVOICE_SYSTEM,SUP0019,Lumen Creative,Marketing Services,Logistics,37576.97,INR,CTR0007,ON_CONTRACT,REQ00229,2026-03-11
TXN004211,INVOICE_SYSTEM,SUP0005,Cloudspan Software,IT Software & Licences,R&D,26075.76,INR,CTR0002,ON_CONTRACT,REQ00163,2025-11-21
TXN004214,INVOICE_SYSTEM,SUP0020,BrightArc Media,Marketing Services,Operations,52723.71,INR,,OFF_CONTRACT,,2025-09-08
TXN004219,INVOICE_SYSTEM,SUP0022,Transcore Logistics,Logistics & Freight,IT,69212.76,INR,CTR0008,ON_CONTRACT,,2025-09-14
TXN004222,INVOICE_SYSTEM,SUP0016,Prime Facility Care,Facilities Maintenance,Finance,46818.27,INR,CTR0006,ON_CONTRACT,,2025-04-27
TXN004225,INVOICE_SYSTEM,SUP0001,Nexa Technologies Pvt Ltd,IT Hardware,IT,115385.18,INR,CTR0001,ON_CONTRACT,REQ00183,2026-03-22
TXN004233,INVOICE_SYSTEM,SUP0008,Orion Office Supplies,Office Supplies,Operations,10248.3,INR,CTR0003,ON_CONTRACT,REQ00088,2025-06-21
TXN004234,INVOICE_SYSTEM,SUP0008,Orion Office Supplies,Office Supplies,Marketing,22960.8,INR,CTR0003,ON_CONTRACT,,2025-12-18
TXN004244,INVOICE_SYSTEM,SUP0019,Lumen Creative,Marketing Services,Logistics,83585.71,INR,CTR0007,ON_CONTRACT,,2025-06-18
TXN004246,INVOICE_SYSTEM,SUP0005,Cloudspan Software,IT Software & Licences,Human Resources,113146.64,INR,CTR0002,ON_CONTRACT,REQ00028,2025-04-01
TXN004259,INVOICE_SYSTEM,SUP0022,Transcore Logistics,Logistics & Freight,Operations,41442.47,INR,CTR0008,ON_CONTRACT,,2026-02-11
TXN004262,INVOICE_SYSTEM,SUP0016,Prime Facility Care,Facilities Maintenance,R&D,62996.42,INR,CTR0006,ON_CONTRACT,REQ00888,2025-11-18
TXN004263,INVOICE_SYSTEM,SUP0014,Skyroute Travel,Travel,Finance,42015.7,INR,CTR0005,ON_CONTRACT,REQ00680,2026-03-14
TXN004266,INVOICE_SYSTEM,SUP0016,Prime Facility Care,Facilities Maintenance,Operations,36522.01,INR,CTR0006,ON_CONTRACT,REQ00800,2026-02-08
TXN004267,INVOICE_SYSTEM,SUP0012,Cobalt Consulting,Professional Services,R&D,176129.03,INR,,OFF_CONTRACT,,2026-03-18
TXN004269,INVOICE_SYSTEM,SUP0016,Prime Facility Care,Facilities Maintenance,Logistics,58823.4,INR,CTR0006,ON_CONTRACT,REQ00674,2025-04-24
TXN004271,INVOICE_SYSTEM,SUP0001,Nexa Technologies Pvt Ltd,IT Hardware,Finance,125558.63,INR,CTR0001,ON_CONTRACT,REQ00176,2025-08-24
TXN004275,INVOICE_SYSTEM,SUP0016,Prime Facility Care,Facilities Maintenance,Human Resources,46108.4,INR,CTR0006,ON_CONTRACT,REQ00435,2025-12-18
TXN004276,INVOICE_SYSTEM,SUP0016,Prime Facility Care,Facilities Maintenance,Facilities,44904.2,INR,CTR0006,ON_CONTRACT,REQ00847,2026-01-21
TXN004278,INVOICE_SYSTEM,SUP0001,Nexa Technologies Pvt Ltd,IT Hardware,Marketing,77403.08,INR,CTR0001,ON_CONTRACT,,2025-11-01
TXN004289,INVOICE_SYSTEM,SUP0011,Sterling Advisory,Professional Services,IT,112550.98,INR,CTR0004,ON_CONTRACT,,2026-02-03
TXN004291,INVOICE_SYSTEM,SUP0011,Sterling Advisory,Professional Services,IT,153458.57,INR,CTR0004,ON_CONTRACT,REQ00861,2025-08-21
TXN004299,INVOICE_SYSTEM,SUP0001,Nexa Technologies Pvt Ltd,IT Hardware,Logistics,92079.58,INR,CTR0001,ON_CONTRACT,REQ00818,2025-04-25
TXN004304,INVOICE_SYSTEM,SUP0014,Skyroute Travel,Travel,Human Resources,686611.66,INR,,OFF_CONTRACT,REQ00514,2025-06-20
TXN004306,INVOICE_SYSTEM,SUP0011,Sterling Advisory,Professional Services,Logistics,56839.22,INR,CTR0004,ON_CONTRACT,REQ00752,2025-06-25
TXN004308,INVOICE_SYSTEM,SUP0019,Lumen Creative,Marketing Services,Logistics,415748.5,INR,,OFF_CONTRACT,REQ00140,2025-11-05
TXN004314,INVOICE_SYSTEM,SUP0022,Transcore Logistics,Logistics & Freight,Logistics,84636.09,INR,CTR0008,ON_CONTRACT,REQ00652,2026-03-09
TXN004316,INVOICE_SYSTEM,SUP0014,Skyroute Travel,Travel,IT,22526.59,INR,CTR0005,ON_CONTRACT,,2025-06-18
TXN004318,INVOICE_SYSTEM,SUP0012,Cobalt Consulting,Professional Services,Logistics,48459.96,INR,,OFF_CONTRACT,,2025-08-29
TXN004321,INVOICE_SYSTEM,SUP0014,Skyroute Travel,Travel,Human Resources,55612.91,INR,CTR0005,ON_CONTRACT,,2025-11-07
TXN004326,INVOICE_SYSTEM,SUP0001,Nexa Technologies Pvt Ltd,IT Hardware,IT,172332.59,INR,CTR0001,ON_CONTRACT,,2025-08-02
TXN004327,INVOICE_SYSTEM,SUP0022,Transcore Logistics,Logistics & Freight,Marketing,13831.49,INR,CTR0008,ON_CONTRACT,REQ00254,2025-09-30
TXN004335,INVOICE_SYSTEM,SUP0017,GreenEdge Services,Facilities Maintenance,Operations,32857.11,INR,,OFF_CONTRACT,,2025-06-22
TXN004336,INVOICE_SYSTEM,SUP0016,Prime Facility Care,Facilities Maintenance,Finance,13273.92,INR,CTR0006,ON_CONTRACT,REQ00064,2025-11-19
TXN004338,INVOICE_SYSTEM,SUP0008,Orion Office Supplies,Office Supplies,Finance,22755.28,INR,CTR0003,ON_CONTRACT,REQ00728,2025-08-30
TXN004339,INVOICE_SYSTEM,SUP0016,Prime Facility Care,Facilities Maintenance,IT,32992.92,INR,CTR0006,ON_CONTRACT,,2026-03-07
TXN004342,INVOICE_SYSTEM,SUP0008,Orion Office Supplies,Office Supplies,Human Resources,3112.34,INR,CTR0003,ON_CONTRACT,,2025-08-25
TXN004344,INVOICE_SYSTEM,SUP0014,Skyroute Travel,Travel,Facilities,75759.95,INR,CTR0005,ON_CONTRACT,,2025-04-20
TXN004352,INVOICE_SYSTEM,SUP0011,Sterling Advisory,Professional Services,IT,165698.23,INR,CTR0004,ON_CONTRACT,REQ00607,2025-09-04
TXN004356,INVOICE_SYSTEM,SUP0011,Sterling Advisory,Professional Services,Operations,167068.8,INR,CTR0004,ON_CONTRACT,,2026-02-15
TXN004357,INVOICE_SYSTEM,SUP0019,Lumen Creative,Marketing Services,Facilities,50868.27,INR,CTR0007,ON_CONTRACT,,2025-05-14
TXN004359,INVOICE_SYSTEM,SUP0014,Skyroute Travel,Travel,IT,54871.83,INR,CTR0005,ON_CONTRACT,REQ00740,2025-07-15
TXN004360,INVOICE_SYSTEM,SUP0008,Orion Office Supplies,Office Supplies,Operations,6251.28,INR,CTR0003,ON_CONTRACT,REQ00819,2025-08-13
TXN004361,INVOICE_SYSTEM,SUP0016,Prime Facility Care,Facilities Maintenance,Facilities,13575.23,INR,CTR0006,ON_CONTRACT,REQ00532,2025-11-30
TXN004362,INVOICE_SYSTEM,SUP0019,Lumen Creative,Marketing Services,Logistics,104610.3,INR,CTR0007,ON_CONTRACT,REQ00770,2026-03-27
TXN004363,INVOICE_SYSTEM,SUP0008,Orion Office Supplies,Office Supplies,Logistics,19564.92,INR,CTR0003,ON_CONTRACT,REQ00078,2025-10-11
TXN004365,INVOICE_SYSTEM,SUP0005,Cloudspan Software,IT Software & Licences,IT,38811.13,INR,CTR0002,ON_CONTRACT,REQ00707,2025-11-12
TXN004366,INVOICE_SYSTEM,SUP0026,Nexa Tech Pvt Ltd,IT Hardware,R&D,128310.91,INR,,OFF_CONTRACT,,2025-07-15
TXN004367,INVOICE_SYSTEM,SUP0001,Nexa Technologies Pvt Ltd,IT Hardware,IT,37416.39,INR,CTR0001,ON_CONTRACT,REQ00609,2026-02-06
TXN004383,INVOICE_SYSTEM,SUP0005,Cloudspan Software,IT Software & Licences,Human Resources,75255.91,INR,CTR0002,ON_CONTRACT,,2025-10-07
TXN004388,INVOICE_SYSTEM,SUP0011,Sterling Advisory,Professional Services,Operations,50225.92,INR,CTR0004,ON_CONTRACT,REQ00092,2025-08-15
TXN004389,INVOICE_SYSTEM,SUP0001,Nexa Technologies Pvt Ltd,IT Hardware,Human Resources,40191.19,INR,CTR0001,ON_CONTRACT,,2025-09-09
TXN004392,INVOICE_SYSTEM,SUP0012,Cobalt Consulting,Professional Services,Logistics,153666.72,INR,,OFF_CONTRACT,,2026-03-18
TXN004394,INVOICE_SYSTEM,SUP0016,Prime Facility Care,Facilities Maintenance,Finance,12735.11,INR,CTR0006,ON_CONTRACT,,2026-02-18
TXN004395,INVOICE_SYSTEM,SUP0022,Transcore Logistics,Logistics & Freight,Operations,90515.58,INR,CTR0008,ON_CONTRACT,REQ00800,2026-02-04
TXN004396,INVOICE_SYSTEM,SUP0005,Cloudspan Software,IT Software & Licences,Finance,103427.36,INR,CTR0002,ON_CONTRACT,REQ00117,2025-05-06
TXN004402,INVOICE_SYSTEM,SUP0023,FleetBridge Cargo,Logistics & Freight,Marketing,55040.62,INR,,OFF_CONTRACT,REQ00173,2025-12-13
TXN004407,INVOICE_SYSTEM,SUP0022,Transcore Logistics,Logistics & Freight,Marketing,90765.4,INR,CTR0008,ON_CONTRACT,,2026-02-13
TXN004409,INVOICE_SYSTEM,SUP0026,Nexa Tech Pvt Ltd,IT Hardware,Human Resources,84231.62,INR,,OFF_CONTRACT,,2025-05-17
TXN004416,INVOICE_SYSTEM,SUP0007,Meridian Softworks,IT Software & Licences,Operations,66412.63,INR,,OFF_CONTRACT,REQ00591,2025-11-21
TXN004420,INVOICE_SYSTEM,SUP0011,Sterling Advisory,Professional Services,Marketing,77187.27,INR,CTR0004,ON_CONTRACT,REQ00666,2026-01-10
TXN004423,INVOICE_SYSTEM,SUP0013,Adept Partners,Professional Services,Logistics,165865.54,INR,,OFF_CONTRACT,REQ00315,2025-10-24
TXN004424,INVOICE_SYSTEM,SUP0008,Orion Office Supplies,Office Supplies,Operations,18759.09,INR,CTR0003,ON_CONTRACT,,2025-11-28
TXN004428,INVOICE_SYSTEM,SUP0001,Nexa Technologies Pvt Ltd,IT Hardware,Operations,40029.68,INR,CTR0001,ON_CONTRACT,REQ00278,2026-01-30
TXN004430,INVOICE_SYSTEM,SUP0019,Lumen Creative,Marketing Services,Human Resources,131651.97,INR,CTR0007,ON_CONTRACT,,2025-08-16
TXN004434,INVOICE_SYSTEM,SUP0011,Sterling Advisory,Professional Services,Marketing,233711.2,INR,CTR0004,ON_CONTRACT,REQ00448,2025-07-01
TXN004435,INVOICE_SYSTEM,SUP0019,Lumen Creative,Marketing Services,IT,30182.89,INR,CTR0007,ON_CONTRACT,REQ00866,2025-10-17
TXN004436,INVOICE_SYSTEM,SUP0014,Skyroute Travel,Travel,Finance,31009.27,INR,CTR0005,ON_CONTRACT,,2025-07-24
TXN004437,INVOICE_SYSTEM,SUP0011,Sterling Advisory,Professional Services,IT,113486.95,INR,CTR0004,ON_CONTRACT,,2025-11-23
TXN004443,INVOICE_SYSTEM,SUP0011,Sterling Advisory,Professional Services,Operations,87178.05,INR,CTR0004,ON_CONTRACT,REQ00181,2025-07-05
TXN004449,INVOICE_SYSTEM,SUP0005,Cloudspan Software,IT Software & Licences,Finance,50090.23,INR,CTR0002,ON_CONTRACT,,2026-03-18
TXN004451,INVOICE_SYSTEM,SUP0019,Lumen Creative,Marketing Services,Finance,78801.54,INR,CTR0007,ON_CONTRACT,REQ00746,2026-03-20
TXN004454,INVOICE_SYSTEM,SUP0011,Sterling Advisory,Professional Services,R&D,208874.77,INR,CTR0004,ON_CONTRACT,REQ00372,2026-02-10
TXN004455,INVOICE_SYSTEM,SUP0011,Sterling Advisory,Professional Services,Operations,221948.87,INR,CTR0004,ON_CONTRACT,,2026-01-18
TXN004460,INVOICE_SYSTEM,SUP0019,Lumen Creative,Marketing Services,R&D,96802.38,INR,CTR0007,ON_CONTRACT,,2025-07-24
TXN004467,INVOICE_SYSTEM,SUP0019,Lumen Creative,Marketing Services,Finance,38621.37,INR,CTR0007,ON_CONTRACT,REQ00482,2025-04-30
TXN004479,INVOICE_SYSTEM,SUP0011,Sterling Advisory,Professional Services,IT,164693.93,INR,CTR0004,ON_CONTRACT,,2026-03-31
TXN004480,INVOICE_SYSTEM,SUP0016,Prime Facility Care,Facilities Maintenance,IT,44535.61,INR,CTR0006,ON_CONTRACT,,2025-10-17
TXN004481,INVOICE_SYSTEM,SUP0019,Lumen Creative,Marketing Services,Operations,42604.1,INR,CTR0007,ON_CONTRACT,REQ00819,2025-09-03
TXN004490,INVOICE_SYSTEM,SUP0005,Cloudspan Software,IT Software & Licences,R&D,74208.76,INR,CTR0002,ON_CONTRACT,REQ00182,2025-05-30
TXN004491,INVOICE_SYSTEM,SUP0016,Prime Facility Care,Facilities Maintenance,R&D,25669.75,INR,CTR0006,ON_CONTRACT,,2025-09-27
TXN004496,INVOICE_SYSTEM,SUP0016,Prime Facility Care,Facilities Maintenance,Facilities,46606.48,INR,CTR0006,ON_CONTRACT,,2026-01-12
TXN004497,INVOICE_SYSTEM,SUP0001,Nexa Technologies Pvt Ltd,IT Hardware,Facilities,100667.54,INR,CTR0001,ON_CONTRACT,,2026-02-06
TXN004502,INVOICE_SYSTEM,SUP0016,Prime Facility Care,Facilities Maintenance,Facilities,40822.47,INR,CTR0006,ON_CONTRACT,,2025-05-13
TXN004505,INVOICE_SYSTEM,SUP0022,Transcore Logistics,Logistics & Freight,Logistics,53187.86,INR,CTR0008,ON_CONTRACT,REQ00535,2026-01-10
TXN004507,INVOICE_SYSTEM,SUP0009,Paperline Traders,Office Supplies,R&D,18895.99,INR,,OFF_CONTRACT,,2025-10-07
TXN004510,INVOICE_SYSTEM,SUP0013,Adept Partners,Professional Services,Operations,237709.59,INR,,OFF_CONTRACT,REQ00187,2025-09-14
TXN004517,INVOICE_SYSTEM,SUP0005,Cloudspan Software,IT Software & Licences,Operations,69744.59,INR,CTR0002,ON_CONTRACT,REQ00578,2025-09-14
TXN004518,INVOICE_SYSTEM,SUP0014,Skyroute Travel,Travel,IT,81519.12,INR,CTR0005,ON_CONTRACT,,2025-04-06
TXN004524,INVOICE_SYSTEM,SUP0014,Skyroute Travel,Travel,Facilities,56949.51,INR,CTR0005,ON_CONTRACT,,2025-09-24
TXN004526,INVOICE_SYSTEM,SUP0019,Lumen Creative,Marketing Services,R&D,80154.27,INR,CTR0007,ON_CONTRACT,,2025-09-11
TXN004527,INVOICE_SYSTEM,SUP0001,Nexa Technologies Pvt Ltd,IT Hardware,R&D,837607.35,INR,,OFF_CONTRACT,REQ00826,2025-11-15
TXN004528,INVOICE_SYSTEM,SUP0019,Lumen Creative,Marketing Services,R&D,147825.81,INR,CTR0007,ON_CONTRACT,REQ00737,2026-01-02
TXN004529,INVOICE_SYSTEM,SUP0019,Lumen Creative,Marketing Services,Human Resources,100097.21,INR,CTR0007,ON_CONTRACT,,2025-06-05
TXN004530,INVOICE_SYSTEM,SUP0015,Voyager Corporate Travel,Travel,R&D,22824.38,INR,,OFF_CONTRACT,REQ00048,2025-06-03
TXN004543,INVOICE_SYSTEM,SUP0001,Nexa Technologies Pvt Ltd,IT Hardware,R&D,58169.18,INR,CTR0001,ON_CONTRACT,,2025-06-15
TXN004547,INVOICE_SYSTEM,SUP0015,Voyager Corporate Travel,Travel,R&D,9136.7,INR,,OFF_CONTRACT,REQ00720,2025-09-01
TXN004548,INVOICE_SYSTEM,SUP0008,Orion Office Supplies,Office Supplies,Logistics,16935.71,INR,CTR0003,ON_CONTRACT,,2025-06-16
TXN004553,INVOICE_SYSTEM,SUP0008,Orion Office Supplies,Office Supplies,Human Resources,5537.03,INR,CTR0003,ON_CONTRACT,REQ00714,2025-12-13
TXN004558,INVOICE_SYSTEM,SUP0008,Orion Office Supplies,Office Supplies,R&D,17618.53,INR,CTR0003,ON_CONTRACT,,2025-09-28
TXN004559,INVOICE_SYSTEM,SUP0022,Transcore Logistics,Logistics & Freight,Operations,89334.45,INR,CTR0008,ON_CONTRACT,REQ00815,2026-02-08
TXN004562,INVOICE_SYSTEM,SUP0001,Nexa Technologies Pvt Ltd,IT Hardware,Operations,69519.29,INR,CTR0001,ON_CONTRACT,,2025-09-02
TXN004567,INVOICE_SYSTEM,SUP0022,Transcore Logistics,Logistics & Freight,Marketing,33263.9,INR,CTR0008,ON_CONTRACT,REQ00296,2026-01-24
TXN004570,INVOICE_SYSTEM,SUP0007,Meridian Softworks,IT Software & Licences,Operations,105206.73,INR,,OFF_CONTRACT,,2026-01-10
TXN004574,INVOICE_SYSTEM,SUP0008,Orion Office Supplies,Office Supplies,Operations,19434.93,INR,CTR0003,ON_CONTRACT,,2025-12-14
TXN004576,INVOICE_SYSTEM,SUP0019,Lumen Creative,Marketing Services,Operations,63763.72,INR,CTR0007,ON_CONTRACT,REQ00012,2025-09-01
TXN004577,INVOICE_SYSTEM,SUP0016,Prime Facility Care,Facilities Maintenance,R&D,34640.96,INR,CTR0006,ON_CONTRACT,,2026-03-06
TXN004581,INVOICE_SYSTEM,SUP0016,Prime Facility Care,Facilities Maintenance,Marketing,66072.63,INR,CTR0006,ON_CONTRACT,REQ00894,2025-10-17
TXN004583,INVOICE_SYSTEM,SUP0019,Lumen Creative,Marketing Services,Facilities,129464.73,INR,CTR0007,ON_CONTRACT,REQ00421,2025-09-21
TXN004584,INVOICE_SYSTEM,SUP0018,Urban Upkeep,Facilities Maintenance,Finance,55951.52,INR,,OFF_CONTRACT,,2025-08-11
TXN004588,INVOICE_SYSTEM,SUP0005,Cloudspan Software,IT Software & Licences,Facilities,28725.32,INR,CTR0002,ON_CONTRACT,REQ00610,2025-05-08
TXN004589,INVOICE_SYSTEM,SUP0016,Prime Facility Care,Facilities Maintenance,IT,50302.53,INR,CTR0006,ON_CONTRACT,,2026-03-01
TXN004590,INVOICE_SYSTEM,SUP0014,Skyroute Travel,Travel,Marketing,67803.4,INR,CTR0005,ON_CONTRACT,REQ00623,2026-02-05
TXN004594,INVOICE_SYSTEM,SUP0001,Nexa Technologies Pvt Ltd,IT Hardware,R&D,73389.41,INR,CTR0001,ON_CONTRACT,REQ00394,2025-08-07
TXN004597,INVOICE_SYSTEM,SUP0019,Lumen Creative,Marketing Services,Operations,124330.06,INR,CTR0007,ON_CONTRACT,REQ00443,2025-09-04
TXN004600,INVOICE_SYSTEM,SUP0011,Sterling Advisory,Professional Services,Logistics,96523.93,INR,CTR0004,ON_CONTRACT,REQ00119,2026-03-15
TXN004602,INVOICE_SYSTEM,SUP0019,Lumen Creative,Marketing Services,R&D,129674.21,INR,CTR0007,ON_CONTRACT,REQ00417,2025-12-17
TXN004603,INVOICE_SYSTEM,SUP0019,Lumen Creative,Marketing Services,Finance,147295.38,INR,CTR0007,ON_CONTRACT,,2025-11-29
TXN004605,INVOICE_SYSTEM,SUP0014,Skyroute Travel,Travel,R&D,69604.87,INR,CTR0005,ON_CONTRACT,REQ00509,2025-04-27
TXN004613,INVOICE_SYSTEM,SUP0014,Skyroute Travel,Travel,Logistics,47866.24,INR,CTR0005,ON_CONTRACT,REQ00384,2025-07-27
TXN004620,INVOICE_SYSTEM,SUP0014,Skyroute Travel,Travel,R&D,78413.25,INR,CTR0005,ON_CONTRACT,,2025-04-20
TXN004621,INVOICE_SYSTEM,SUP0011,Sterling Advisory,Professional Services,Marketing,220018.5,INR,CTR0004,ON_CONTRACT,,2025-07-10
TXN004624,INVOICE_SYSTEM,SUP0019,Lumen Creative,Marketing Services,Facilities,116645.2,INR,CTR0007,ON_CONTRACT,,2026-01-31
TXN004629,INVOICE_SYSTEM,SUP0016,Prime Facility Care,Facilities Maintenance,Marketing,48743.5,INR,CTR0006,ON_CONTRACT,REQ00191,2025-11-26
TXN004631,INVOICE_SYSTEM,SUP0022,Transcore Logistics,Logistics & Freight,Facilities,21956.09,INR,CTR0008,ON_CONTRACT,,2026-02-02
TXN004637,INVOICE_SYSTEM,SUP0022,Transcore Logistics,Logistics & Freight,Human Resources,39292.28,INR,CTR0008,ON_CONTRACT,REQ00749,2025-08-16
TXN004641,INVOICE_SYSTEM,SUP0012,Cobalt Consulting,Professional Services,Human Resources,238607.44,INR,,OFF_CONTRACT,REQ00085,2025-11-06
TXN004644,INVOICE_SYSTEM,SUP0001,Nexa Technologies Pvt Ltd,IT Hardware,R&D,45411.47,INR,CTR0001,ON_CONTRACT,REQ00731,2025-09-23
TXN004647,INVOICE_SYSTEM,SUP0010,Kanban Stationers,Office Supplies,R&D,17587.63,INR,,OFF_CONTRACT,REQ00004,2025-08-04
TXN004651,INVOICE_SYSTEM,SUP0008,Orion Office Supplies,Office Supplies,R&D,3233.6,INR,CTR0003,ON_CONTRACT,,2025-06-04
TXN004652,INVOICE_SYSTEM,SUP0001,Nexa Technologies Pvt Ltd,IT Hardware,IT,136207.07,INR,CTR0001,ON_CONTRACT,,2025-04-29
TXN004655,INVOICE_SYSTEM,SUP0016,Prime Facility Care,Facilities Maintenance,Finance,33003.83,INR,CTR0006,ON_CONTRACT,,2025-12-31
TXN004656,INVOICE_SYSTEM,SUP0008,Orion Office Supplies,Office Supplies,Operations,5870.41,INR,CTR0003,ON_CONTRACT,,2025-06-10
TXN004659,INVOICE_SYSTEM,SUP0001,Nexa Technologies Pvt Ltd,IT Hardware,Facilities,54325.35,INR,CTR0001,ON_CONTRACT,,2026-02-12
TXN004675,INVOICE_SYSTEM,SUP0016,Prime Facility Care,Facilities Maintenance,Finance,34466.68,INR,CTR0006,ON_CONTRACT,REQ00345,2025-10-04
TXN004677,INVOICE_SYSTEM,SUP0022,Transcore Logistics,Logistics & Freight,R&D,15917.33,INR,CTR0008,ON_CONTRACT,REQ00056,2026-01-12
TXN004678,INVOICE_SYSTEM,SUP0017,GreenEdge Services,Facilities Maintenance,Facilities,67685.0,INR,,OFF_CONTRACT,REQ00428,2025-04-27
TXN004680,INVOICE_SYSTEM,SUP0022,Transcore Logistics,Logistics & Freight,Facilities,64404.21,INR,CTR0008,ON_CONTRACT,,2026-01-22
TXN004694,INVOICE_SYSTEM,SUP0022,Transcore Logistics,Logistics & Freight,Human Resources,55205.14,INR,CTR0008,ON_CONTRACT,,2025-06-26
TXN004698,INVOICE_SYSTEM,SUP0021,Pulse Marketing Co,Marketing Services,R&D,91086.1,INR,,OFF_CONTRACT,REQ00604,2025-10-16
TXN004699,INVOICE_SYSTEM,SUP0019,Lumen Creative,Marketing Services,Facilities,39372.02,INR,CTR0007,ON_CONTRACT,,2025-06-02
TXN004700,INVOICE_SYSTEM,SUP0028,ORION OFFICE SUPPLIES,Office Supplies,Marketing,24603.01,INR,,OFF_CONTRACT,REQ00791,2026-02-27
TXN004705,INVOICE_SYSTEM,SUP0019,Lumen Creative,Marketing Services,Finance,78120.39,INR,CTR0007,ON_CONTRACT,,2025-11-17
TXN004710,INVOICE_SYSTEM,SUP0019,Lumen Creative,Marketing Services,Human Resources,110824.6,INR,CTR0007,ON_CONTRACT,REQ00063,2025-08-28
TXN004719,INVOICE_SYSTEM,SUP0014,Skyroute Travel,Travel,Human Resources,43691.51,INR,CTR0005,ON_CONTRACT,,2025-10-26
TXN004722,INVOICE_SYSTEM,SUP0018,Urban Upkeep,Facilities Maintenance,IT,13283.96,INR,,OFF_CONTRACT,REQ00889,2025-04-04
TXN004723,INVOICE_SYSTEM,SUP0022,Transcore Logistics,Logistics & Freight,Finance,28952.09,INR,CTR0008,ON_CONTRACT,REQ00042,2025-11-06
TXN004724,INVOICE_SYSTEM,SUP0005,Cloudspan Software,IT Software & Licences,Marketing,58962.99,INR,CTR0002,ON_CONTRACT,REQ00563,2026-01-26
TXN004725,INVOICE_SYSTEM,SUP0022,Transcore Logistics,Logistics & Freight,Operations,30229.7,INR,CTR0008,ON_CONTRACT,,2025-05-27
TXN004726,INVOICE_SYSTEM,SUP0014,Skyroute Travel,Travel,Marketing,8018.62,INR,CTR0005,ON_CONTRACT,REQ00252,2025-05-13
TXN004731,INVOICE_SYSTEM,SUP0011,Sterling Advisory,Professional Services,IT,65276.35,INR,CTR0004,ON_CONTRACT,REQ00742,2025-09-08
TXN004732,INVOICE_SYSTEM,SUP0005,Cloudspan Software,IT Software & Licences,Finance,22098.5,INR,CTR0002,ON_CONTRACT,,2026-03-17
TXN004736,INVOICE_SYSTEM,SUP0011,Sterling Advisory,Professional Services,Human Resources,65019.54,INR,CTR0004,ON_CONTRACT,REQ00752,2026-01-24
TXN004738,INVOICE_SYSTEM,SUP0014,Skyroute Travel,Travel,Operations,36604.22,INR,CTR0005,ON_CONTRACT,REQ00278,2025-06-30
TXN004743,INVOICE_SYSTEM,SUP0011,Sterling Advisory,Professional Services,IT,47473.95,INR,CTR0004,ON_CONTRACT,REQ00726,2025-10-06
TXN004751,INVOICE_SYSTEM,SUP0007,Meridian Softworks,IT Software & Licences,Operations,50830.67,INR,,OFF_CONTRACT,REQ00667,2025-05-08
TXN004752,INVOICE_SYSTEM,SUP0022,Transcore Logistics,Logistics & Freight,R&D,48867.22,INR,CTR0008,ON_CONTRACT,REQ00512,2025-04-15
TXN004769,INVOICE_SYSTEM,SUP0018,Urban Upkeep,Facilities Maintenance,Finance,52382.32,INR,,OFF_CONTRACT,,2025-09-05
TXN004781,INVOICE_SYSTEM,SUP0001,Nexa Technologies Pvt Ltd,IT Hardware,Logistics,35568.93,INR,CTR0001,ON_CONTRACT,,2026-01-14
TXN004786,INVOICE_SYSTEM,SUP0022,Transcore Logistics,Logistics & Freight,Marketing,43279.95,INR,CTR0008,ON_CONTRACT,,2025-08-10
TXN004790,INVOICE_SYSTEM,SUP0001,Nexa Technologies Pvt Ltd,IT Hardware,Logistics,76174.17,INR,CTR0001,ON_CONTRACT,REQ00198,2025-09-26
TXN004792,INVOICE_SYSTEM,SUP0019,Lumen Creative,Marketing Services,Facilities,153476.4,INR,CTR0007,ON_CONTRACT,REQ00160,2026-02-16
TXN004793,INVOICE_SYSTEM,SUP0011,Sterling Advisory,Professional Services,Finance,52647.66,INR,CTR0004,ON_CONTRACT,REQ00315,2025-12-14
TXN004797,INVOICE_SYSTEM,SUP0016,Prime Facility Care,Facilities Maintenance,IT,19857.21,INR,CTR0006,ON_CONTRACT,,2025-06-03
TXN004802,INVOICE_SYSTEM,SUP0019,Lumen Creative,Marketing Services,Facilities,29874.99,INR,CTR0007,ON_CONTRACT,REQ00592,2025-10-01
TXN004806,INVOICE_SYSTEM,SUP0019,Lumen Creative,Marketing Services,Finance,96248.32,INR,CTR0007,ON_CONTRACT,REQ00197,2025-07-21
TXN004810,INVOICE_SYSTEM,SUP0008,Orion Office Supplies,Office Supplies,Facilities,21771.84,INR,CTR0003,ON_CONTRACT,,2025-05-23
TXN004825,INVOICE_SYSTEM,SUP0019,Lumen Creative,Marketing Services,Operations,96237.75,INR,CTR0007,ON_CONTRACT,,2026-02-19
TXN004826,INVOICE_SYSTEM,SUP0022,Transcore Logistics,Logistics & Freight,R&D,25270.02,INR,CTR0008,ON_CONTRACT,,2025-11-27
TXN004832,INVOICE_SYSTEM,SUP0021,Pulse Marketing Co,Marketing Services,Operations,123525.69,INR,,OFF_CONTRACT,,2025-12-05
TXN004836,INVOICE_SYSTEM,SUP0014,Skyroute Travel,Travel,Finance,15170.61,INR,CTR0005,ON_CONTRACT,,2025-11-20
TXN004842,INVOICE_SYSTEM,SUP0016,Prime Facility Care,Facilities Maintenance,Human Resources,67217.96,INR,CTR0006,ON_CONTRACT,,2025-10-01
TXN004843,INVOICE_SYSTEM,SUP0014,Skyroute Travel,Travel,Finance,36890.82,INR,CTR0005,ON_CONTRACT,REQ00201,2025-07-06
TXN004849,INVOICE_SYSTEM,SUP0002,Zenith Computing,IT Hardware,Marketing,143344.96,INR,,OFF_CONTRACT,REQ00846,2026-01-05
TXN004851,INVOICE_SYSTEM,SUP0011,Sterling Advisory,Professional Services,Logistics,246064.09,INR,CTR0004,ON_CONTRACT,,2025-09-11
TXN004853,INVOICE_SYSTEM,SUP0019,Lumen Creative,Marketing Services,Operations,128532.84,INR,CTR0007,ON_CONTRACT,REQ00314,2026-02-05
TXN004854,INVOICE_SYSTEM,SUP0011,Sterling Advisory,Professional Services,IT,111944.13,INR,CTR0004,ON_CONTRACT,,2025-12-14
TXN004862,INVOICE_SYSTEM,SUP0011,Sterling Advisory,Professional Services,Human Resources,209736.32,INR,CTR0004,ON_CONTRACT,REQ00319,2026-03-07
TXN004867,INVOICE_SYSTEM,SUP0016,Prime Facility Care,Facilities Maintenance,Logistics,31357.47,INR,CTR0006,ON_CONTRACT,REQ00088,2025-12-07
TXN004871,INVOICE_SYSTEM,SUP0022,Transcore Logistics,Logistics & Freight,IT,43716.25,INR,CTR0008,ON_CONTRACT,REQ00488,2025-07-25
TXN004874,INVOICE_SYSTEM,SUP0001,Nexa Technologies Pvt Ltd,IT Hardware,R&D,61809.91,INR,CTR0001,ON_CONTRACT,,2026-03-13
TXN004882,INVOICE_SYSTEM,SUP0016,Prime Facility Care,Facilities Maintenance,IT,38142.44,INR,CTR0006,ON_CONTRACT,REQ00529,2026-03-29
TXN004884,INVOICE_SYSTEM,SUP0004,Arcadia IT Traders,IT Hardware,IT,52924.59,INR,,OFF_CONTRACT,,2025-04-12
TXN004885,INVOICE_SYSTEM,SUP0014,Skyroute Travel,Travel,Facilities,17008.78,INR,CTR0005,ON_CONTRACT,,2025-08-30
TXN004887,INVOICE_SYSTEM,SUP0005,Cloudspan Software,IT Software & Licences,Human Resources,51007.61,INR,CTR0002,ON_CONTRACT,,2025-10-27
TXN004889,INVOICE_SYSTEM,SUP0014,Skyroute Travel,Travel,Logistics,10078.59,INR,CTR0005,ON_CONTRACT,REQ00265,2026-01-14
TXN004893,INVOICE_SYSTEM,SUP0019,Lumen Creative,Marketing Services,Logistics,105373.79,INR,CTR0007,ON_CONTRACT,,2025-08-10
TXN004894,INVOICE_SYSTEM,SUP0025,NEXA TECHNOLOGIES PVT. LTD.,IT Hardware,Human Resources,62324.59,INR,,OFF_CONTRACT,,2025-07-26
TXN004898,INVOICE_SYSTEM,SUP0015,Voyager Corporate Travel,Travel,Facilities,32434.13,INR,,OFF_CONTRACT,REQ00128,2025-06-25
TXN004901,INVOICE_SYSTEM,SUP0022,Transcore Logistics,Logistics & Freight,Finance,12501.9,INR,CTR0008,ON_CONTRACT,REQ00142,2025-09-09
TXN004905,INVOICE_SYSTEM,SUP0003,BluePeak Systems,IT Hardware,Marketing,168539.23,INR,,OFF_CONTRACT,REQ00692,2025-09-06
TXN004906,INVOICE_SYSTEM,SUP0014,Skyroute Travel,Travel,Logistics,21258.95,INR,CTR0005,ON_CONTRACT,,2025-08-04
TXN004908,INVOICE_SYSTEM,SUP0005,Cloudspan Software,IT Software & Licences,Finance,36608.41,INR,CTR0002,ON_CONTRACT,,2026-02-13
TXN004910,INVOICE_SYSTEM,SUP0016,Prime Facility Care,Facilities Maintenance,Finance,42800.64,INR,CTR0006,ON_CONTRACT,REQ00158,2025-10-23
TXN004913,INVOICE_SYSTEM,SUP0001,Nexa Technologies Pvt Ltd,IT Hardware,Finance,107856.68,INR,CTR0001,ON_CONTRACT,,2025-06-27
TXN004914,INVOICE_SYSTEM,SUP0001,Nexa Technologies Pvt Ltd,IT Hardware,Logistics,55295.99,INR,CTR0001,ON_CONTRACT,REQ00894,2025-12-11
TXN004915,INVOICE_SYSTEM,SUP0005,Cloudspan Software,IT Software & Licences,Logistics,32454.08,INR,CTR0002,ON_CONTRACT,,2025-10-02
TXN004916,INVOICE_SYSTEM,SUP0015,Voyager Corporate Travel,Travel,Finance,83152.11,INR,,OFF_CONTRACT,REQ00721,2026-03-26
TXN004921,INVOICE_SYSTEM,SUP0022,Transcore Logistics,Logistics & Freight,Finance,91021.18,INR,CTR0008,ON_CONTRACT,,2025-08-27
TXN004923,INVOICE_SYSTEM,SUP0001,Nexa Technologies Pvt Ltd,IT Hardware,Human Resources,117601.53,INR,CTR0001,ON_CONTRACT,,2025-09-29
TXN004932,INVOICE_SYSTEM,SUP0014,Skyroute Travel,Travel,Marketing,36054.87,INR,CTR0005,ON_CONTRACT,REQ00110,2025-12-27
TXN004937,INVOICE_SYSTEM,SUP0001,Nexa Technologies Pvt Ltd,IT Hardware,Marketing,165980.01,INR,CTR0001,ON_CONTRACT,REQ00618,2025-06-22
TXN004939,INVOICE_SYSTEM,SUP0008,Orion Office Supplies,Office Supplies,R&D,19530.02,INR,CTR0003,ON_CONTRACT,REQ00814,2025-08-18
TXN004941,INVOICE_SYSTEM,SUP0022,Transcore Logistics,Logistics & Freight,Logistics,40373.47,INR,CTR0008,ON_CONTRACT,REQ00222,2026-02-06
TXN004944,INVOICE_SYSTEM,SUP0015,Voyager Corporate Travel,Travel,R&D,37786.94,INR,,OFF_CONTRACT,,2025-09-23
TXN004948,INVOICE_SYSTEM,SUP0011,Sterling Advisory,Professional Services,Operations,195741.73,INR,CTR0004,ON_CONTRACT,REQ00134,2026-02-08
TXN004949,INVOICE_SYSTEM,SUP0023,FleetBridge Cargo,Logistics & Freight,Human Resources,78823.08,INR,,OFF_CONTRACT,REQ00053,2025-06-21
TXN004950,INVOICE_SYSTEM,SUP0022,Transcore Logistics,Logistics & Freight,IT,82138.29,INR,CTR0008,ON_CONTRACT,REQ00422,2026-01-04
TXN004962,INVOICE_SYSTEM,SUP0008,Orion Office Supplies,Office Supplies,Operations,6693.48,INR,CTR0003,ON_CONTRACT,,2025-08-17
TXN004963,INVOICE_SYSTEM,SUP0018,Urban Upkeep,Facilities Maintenance,Human Resources,27514.67,INR,,OFF_CONTRACT,,2025-06-14
TXN004970,INVOICE_SYSTEM,SUP0010,Kanban Stationers,Office Supplies,Logistics,11823.42,INR,,OFF_CONTRACT,REQ00277,2025-11-12
TXN004972,INVOICE_SYSTEM,SUP0022,Transcore Logistics,Logistics & Freight,Marketing,86530.28,INR,CTR0008,ON_CONTRACT,,2026-03-23
TXN004979,INVOICE_SYSTEM,SUP0001,Nexa Technologies Pvt Ltd,IT Hardware,Facilities,25146.23,INR,CTR0001,ON_CONTRACT,,2025-08-04
TXN004981,INVOICE_SYSTEM,SUP0023,FleetBridge Cargo,Logistics & Freight,IT,93114.56,INR,,OFF_CONTRACT,,2025-04-23
TXN004983,INVOICE_SYSTEM,SUP0011,Sterling Advisory,Professional Services,Human Resources,179295.25,INR,CTR0004,ON_CONTRACT,,2025-05-11
TXN004985,INVOICE_SYSTEM,SUP0019,Lumen Creative,Marketing Services,Logistics,97092.46,INR,CTR0007,ON_CONTRACT,REQ00896,2025-05-11
TXN004993,INVOICE_SYSTEM,SUP0019,Lumen Creative,Marketing Services,Facilities,67829.76,INR,CTR0007,ON_CONTRACT,REQ00848,2026-03-08
TXN004994,INVOICE_SYSTEM,SUP0014,Skyroute Travel,Travel,R&D,61174.09,INR,CTR0005,ON_CONTRACT,REQ00304,2025-09-09
TXN004995,INVOICE_SYSTEM,SUP0019,Lumen Creative,Marketing Services,Facilities,-29581.7,INR,CTR0007,ON_CONTRACT,,2025-10-23
TXN005004,INVOICE_SYSTEM,SUP0008,Orion Office Supplies,Office Supplies,R&D,9820.1,INR,CTR0003,ON_CONTRACT,REQ00039,2025-08-04
TXN005012,INVOICE_SYSTEM,SUP0017,GreenEdge Services,Facilities Maintenance,R&D,52396.25,INR,,OFF_CONTRACT,,2025-08-05
TXN005014,INVOICE_SYSTEM,SUP0022,Transcore Logistics,Logistics & Freight,Finance,64731.84,INR,CTR0008,ON_CONTRACT,,2025-10-16
TXN005019,INVOICE_SYSTEM,SUP0008,Orion Office Supplies,Office Supplies,Logistics,14874.13,INR,CTR0003,ON_CONTRACT,,2026-02-05
TXN005020,INVOICE_SYSTEM,SUP0001,Nexa Technologies Pvt Ltd,IT Hardware,Finance,157979.91,INR,CTR0001,ON_CONTRACT,,2026-03-13
TXN005027,INVOICE_SYSTEM,SUP0018,Urban Upkeep,Facilities Maintenance,Human Resources,25534.26,INR,,OFF_CONTRACT,REQ00281,2025-06-21
TXN005030,INVOICE_SYSTEM,SUP0008,Orion Office Supplies,Office Supplies,Logistics,4789.97,INR,CTR0003,ON_CONTRACT,REQ00272,2025-08-17
TXN005031,INVOICE_SYSTEM,SUP0001,Nexa Technologies Pvt Ltd,IT Hardware,Facilities,71930.14,INR,CTR0001,ON_CONTRACT,REQ00635,2025-04-07
TXN005034,INVOICE_SYSTEM,SUP0022,Transcore Logistics,Logistics & Freight,Finance,61848.41,INR,CTR0008,ON_CONTRACT,REQ00571,2025-05-25
TXN005036,INVOICE_SYSTEM,SUP0011,Sterling Advisory,Professional Services,Marketing,119744.86,INR,CTR0004,ON_CONTRACT,,2025-07-01
TXN005037,INVOICE_SYSTEM,SUP0022,Transcore Logistics,Logistics & Freight,Facilities,63227.12,INR,CTR0008,ON_CONTRACT,REQ00658,2025-05-21
TXN005041,INVOICE_SYSTEM,SUP0016,Prime Facility Care,Facilities Maintenance,Human Resources,55732.72,INR,CTR0006,ON_CONTRACT,,2025-05-14
TXN005043,INVOICE_SYSTEM,SUP0001,Nexa Technologies Pvt Ltd,IT Hardware,Operations,54763.62,INR,CTR0001,ON_CONTRACT,REQ00898,2025-07-20
TXN005050,INVOICE_SYSTEM,SUP0019,Lumen Creative,Marketing Services,Finance,92703.78,INR,CTR0007,ON_CONTRACT,REQ00882,2025-11-04
TXN005055,INVOICE_SYSTEM,SUP0022,Transcore Logistics,Logistics & Freight,Facilities,48208.42,INR,CTR0008,ON_CONTRACT,,2025-12-20
TXN005066,INVOICE_SYSTEM,SUP0014,Skyroute Travel,Travel,Finance,11010.46,INR,CTR0005,ON_CONTRACT,REQ00056,2026-01-05
TXN005072,INVOICE_SYSTEM,SUP0008,Orion Office Supplies,Office Supplies,R&D,19035.26,INR,CTR0003,ON_CONTRACT,REQ00769,2025-06-14
TXN005076,INVOICE_SYSTEM,SUP0016,Prime Facility Care,Facilities Maintenance,R&D,41080.63,INR,CTR0006,ON_CONTRACT,REQ00050,2025-10-11
TXN005077,INVOICE_SYSTEM,SUP0019,Lumen Creative,Marketing Services,R&D,105986.07,INR,CTR0007,ON_CONTRACT,,2025-12-23
TXN005079,INVOICE_SYSTEM,SUP0025,NEXA TECHNOLOGIES PVT. LTD.,,Finance,99942.2,INR,,OFF_CONTRACT,REQ00438,2026-02-13
TXN005092,INVOICE_SYSTEM,SUP0022,Transcore Logistics,Logistics & Freight,Finance,16377.75,INR,CTR0008,ON_CONTRACT,REQ00505,2025-09-03
TXN005097,INVOICE_SYSTEM,SUP0001,Nexa Technologies Pvt Ltd,IT Hardware,Operations,155818.99,INR,CTR0001,ON_CONTRACT,REQ00715,2025-05-09
TXN005100,INVOICE_SYSTEM,SUP0014,Skyroute Travel,Travel,Operations,11273.65,INR,CTR0005,ON_CONTRACT,REQ00396,2025-12-09
TXN005101,INVOICE_SYSTEM,SUP0001,Nexa Technologies Pvt Ltd,IT Hardware,R&D,94607.17,INR,CTR0001,ON_CONTRACT,REQ00114,2025-05-28
TXN005102,INVOICE_SYSTEM,SUP0020,BrightArc Media,Marketing Services,R&D,100865.83,INR,,OFF_CONTRACT,,2026-02-01
TXN005108,INVOICE_SYSTEM,SUP0022,Transcore Logistics,Logistics & Freight,Human Resources,20258.06,INR,CTR0008,ON_CONTRACT,REQ00625,2025-12-08
TXN005113,INVOICE_SYSTEM,SUP0005,Cloudspan Software,IT Software & Licences,Human Resources,78083.18,INR,CTR0002,ON_CONTRACT,REQ00201,2025-10-14
TXN005115,INVOICE_SYSTEM,SUP0022,Transcore Logistics,Logistics & Freight,Logistics,35672.08,INR,CTR0008,ON_CONTRACT,,2025-05-16
TXN005118,INVOICE_SYSTEM,SUP0010,Kanban Stationers,Office Supplies,Logistics,13086.4,INR,,OFF_CONTRACT,,2026-02-04
TXN005120,INVOICE_SYSTEM,SUP0005,Cloudspan Software,IT Software & Licences,Facilities,44601.43,INR,CTR0002,ON_CONTRACT,,2025-08-19
TXN005130,INVOICE_SYSTEM,SUP0001,Nexa Technologies Pvt Ltd,IT Hardware,IT,157067.5,INR,CTR0001,ON_CONTRACT,,2026-02-08
TXN005133,INVOICE_SYSTEM,SUP0011,Sterling Advisory,Professional Services,Finance,60911.74,INR,CTR0004,ON_CONTRACT,REQ00246,2026-02-03
TXN005135,INVOICE_SYSTEM,SUP0022,Transcore Logistics,Logistics & Freight,Operations,91985.87,INR,CTR0008,ON_CONTRACT,,2025-09-07
TXN005140,INVOICE_SYSTEM,SUP0014,Skyroute Travel,Travel,Facilities,84470.47,INR,CTR0005,ON_CONTRACT,,2026-03-01
TXN005141,INVOICE_SYSTEM,SUP0014,Skyroute Travel,Travel,Marketing,55204.55,INR,CTR0005,ON_CONTRACT,REQ00108,2025-11-26
TXN005147,INVOICE_SYSTEM,SUP0016,Prime Facility Care,Facilities Maintenance,Logistics,48920.98,INR,CTR0006,ON_CONTRACT,REQ00661,2026-01-17
TXN005148,INVOICE_SYSTEM,SUP0005,Cloudspan Software,IT Software & Licences,IT,109421.14,INR,CTR0002,ON_CONTRACT,REQ00829,2025-06-01
TXN005149,INVOICE_SYSTEM,SUP0014,Skyroute Travel,Travel,Facilities,59127.44,INR,CTR0005,ON_CONTRACT,,2025-07-22
TXN005155,INVOICE_SYSTEM,SUP0005,Cloudspan Software,IT Software & Licences,Facilities,86021.83,INR,CTR0002,ON_CONTRACT,REQ00503,2026-02-01
TXN005158,INVOICE_SYSTEM,SUP0001,Nexa Technologies Pvt Ltd,IT Hardware,Facilities,142249.92,INR,CTR0001,ON_CONTRACT,REQ00002,2025-08-09
TXN005159,INVOICE_SYSTEM,SUP0001,Nexa Technologies Pvt Ltd,IT Hardware,Marketing,98494.48,INR,CTR0001,ON_CONTRACT,,2026-02-12
TXN005160,INVOICE_SYSTEM,SUP0021,Pulse Marketing Co,Marketing Services,Marketing,51610.54,INR,,OFF_CONTRACT,REQ00177,2025-05-01
TXN005165,INVOICE_SYSTEM,SUP0019,Lumen Creative,Marketing Services,Finance,40714.17,INR,CTR0007,ON_CONTRACT,REQ00722,2025-09-12
TXN005170,INVOICE_SYSTEM,SUP0005,Cloudspan Software,IT Software & Licences,Operations,95751.42,INR,CTR0002,ON_CONTRACT,,2025-07-31
TXN005172,INVOICE_SYSTEM,SUP0019,Lumen Creative,Marketing Services,R&D,99158.23,INR,CTR0007,ON_CONTRACT,REQ00315,2026-03-13
TXN005180,INVOICE_SYSTEM,SUP0014,Skyroute Travel,Travel,IT,82884.83,INR,CTR0005,ON_CONTRACT,REQ00504,2025-09-14
TXN005183,INVOICE_SYSTEM,SUP0001,Nexa Technologies Pvt Ltd,IT Hardware,Finance,45722.83,INR,CTR0001,ON_CONTRACT,REQ00449,2025-04-01
TXN005184,INVOICE_SYSTEM,SUP0001,Nexa Technologies Pvt Ltd,IT Hardware,Finance,169986.15,INR,CTR0001,ON_CONTRACT,,2025-05-13
TXN005186,INVOICE_SYSTEM,SUP0016,Prime Facility Care,Facilities Maintenance,Logistics,66480.06,INR,CTR0006,ON_CONTRACT,REQ00254,2025-09-18
TXN005192,INVOICE_SYSTEM,SUP0002,Zenith Computing,IT Hardware,Operations,133625.3,INR,,OFF_CONTRACT,REQ00835,2025-10-09
TXN005195,INVOICE_SYSTEM,SUP0025,NEXA TECHNOLOGIES PVT. LTD.,IT Hardware,IT,700148.79,INR,,OFF_CONTRACT,,2025-10-30
TXN005197,INVOICE_SYSTEM,SUP0012,Cobalt Consulting,Professional Services,Logistics,195094.67,INR,,OFF_CONTRACT,REQ00366,2025-09-26
TXN005198,INVOICE_SYSTEM,SUP0014,Skyroute Travel,Travel,Operations,13231.15,INR,CTR0005,ON_CONTRACT,REQ00517,2025-05-27
TXN002795,INVOICE_SYSTEM,SUP0019,Lumen Creative,Marketing Services,Finance,81179.42,INR,CTR0007,ON_CONTRACT,,2025-04-09
TXN000580,INVOICE_SYSTEM,SUP0005,Cloudspan Software,IT Software & Licences,Operations,42115.66,INR,CTR0002,ON_CONTRACT,REQ00642,2025-05-10
TXN003264,INVOICE_SYSTEM,SUP0022,Transcore Logistics,Logistics & Freight,Marketing,13504.3,INR,CTR0008,ON_CONTRACT,REQ00442,2025-08-19
TXN000974,INVOICE_SYSTEM,SUP0014,Skyroute Travel,Travel,Marketing,25625.11,INR,CTR0005,ON_CONTRACT,,2025-05-31
TXN002811,INVOICE_SYSTEM,SUP0022,Transcore Logistics,Logistics & Freight,Operations,636838.25,INR,,OFF_CONTRACT,,2026-01-10
TXN003001,INVOICE_SYSTEM,SUP0011,Sterling Advisory,Professional Services,Operations,181267.63,INR,CTR0004,ON_CONTRACT,,2025-07-16
TXN003610,INVOICE_SYSTEM,SUP0014,Skyroute Travel,Travel,R&D,87533.98,INR,CTR0005,ON_CONTRACT,,2026-02-07
