transaction_id,source_system,supplier_id,supplier_name,category,department,amount,currency,contract_id,contract_status,requisition_id,transaction_date
TXN000003,ERP_EXPORT,SUP0005,Cloudspan Software,IT Software & Licences,Operations,91859.36,INR,CTR0002,ON_CONTRACT,REQ00389,2025-08-17
TXN000005,ERP_EXPORT,SUP0019,Lumen Creative,Marketing Services,Finance,41842.61,INR,CTR0007,ON_CONTRACT,REQ00512,2025-10-20
TXN000006,ERP_EXPORT,SUP0022,Transcore Logistics,Logistics & Freight,Human Resources,24947.55,INR,CTR0008,ON_CONTRACT,,2025-11-06
TXN000008,ERP_EXPORT,SUP0005,Cloudspan Software,IT Software & Licences,R&D,105948.5,INR,CTR0002,ON_CONTRACT,,2025-10-15
TXN000009,ERP_EXPORT,SUP0019,Lumen Creative,Marketing Services,Human Resources,104156.1,INR,CTR0007,ON_CONTRACT,,2025-04-06
TXN000010,ERP_EXPORT,SUP0005,Cloudspan Software,IT Software & Licences,Human Resources,89347.62,INR,CTR0002,ON_CONTRACT,,2025-09-22
TXN000011,ERP_EXPORT,SUP0005,Cloudspan Software,IT Software & Licences,IT,17161.37,INR,CTR0002,ON_CONTRACT,,2025-08-13
TXN000012,ERP_EXPORT,SUP0008,Orion Office Supplies,Office Supplies,Human Resources,24307.93,INR,CTR0003,ON_CONTRACT,,2025-12-16
TXN000014,ERP_EXPORT,SUP0001,Nexa Technologies Pvt Ltd,IT Hardware,Human Resources,57912.56,INR,CTR0001,ON_CONTRACT,REQ00247,2026-01-16
TXN000015,ERP_EXPORT,SUP0005,Cloudspan Software,IT Software & Licences,Facilities,34091.62,INR,CTR0002,ON_CONTRACT,,2025-12-29
TXN000016,ERP_EXPORT,SUP0008,Orion Office Supplies,Office Supplies,Marketing,6218.3,INR,CTR0003,ON_CONTRACT,REQ00894,2026-02-05
TXN000018,ERP_EXPORT,SUP0016,Prime Facility Care,Facilities Maintenance,Facilities,41485.39,INR,CTR0006,ON_CONTRACT,REQ00066,2025-09-21
TXN000019,ERP_EXPORT,SUP0001,Nexa Technologies Pvt Ltd,IT Hardware,Operations,91951.48,INR,CTR0001,ON_CONTRACT,REQ00725,2026-02-18
TXN000021,ERP_EXPORT,SUP0022,Transcore Logistics,Logistics & Freight,Logistics,62783.79,INR,CTR0008,ON_CONTRACT,REQ00485,2025-10-26
TXN000023,ERP_EXPORT,SUP0005,Cloudspan Software,IT Software & Licences,Logistics,45675.19,INR,CTR0002,ON_CONTRACT,REQ00188,2025-08-21
TXN000026,ERP_EXPORT,SUP0008,Orion Office Supplies,Office Supplies,R&D,20059.05,INR,CTR0003,ON_CONTRACT,,2025-06-24
TXN000027,ERP_EXPORT,SUP0019,Lumen Creative,Marketing Services,Logistics,47954.33,INR,CTR0007,ON_CONTRACT,REQ00714,2026-01-10
TXN000028,ERP_EXPORT,SUP0022,Transcore Logistics,Logistics & Freight,IT,54681.46,INR,CTR0008,ON_CONTRACT,,2026-01-03
TXN000029,ERP_EXPORT,SUP0001,Nexa Technologies Pvt Ltd,IT Hardware,Logistics,116824.26,INR,CTR0001,ON_CONTRACT,REQ00874,2025-12-28
TXN000030,ERP_EXPORT,SUP0008,Orion Office Supplies,Office Supplies,Marketing,3068.36,INR,CTR0003,ON_CONTRACT,REQ00070,2026-03-12
TXN000032,ERP_EXPORT,SUP0005,Cloudspan Software,IT Software & Licences,Finance,32905.03,INR,CTR0002,ON_CONTRACT,,2025-07-14
TXN000033,ERP_EXPORT,SUP0016,Prime Facility Care,Facilities Maintenance,Human Resources,13903.1,INR,CTR0006,ON_CONTRACT,REQ00770,2025-05-08
TXN000035,ERP_EXPORT,SUP0014,Skyroute Travel,Travel,Facilities,87181.83,INR,CTR0005,ON_CONTRACT,,2025-10-07
TXN000037,ERP_EXPORT,SUP0001,Nexa Technologies Pvt Ltd,IT Hardware,Facilities,72215.13,INR,CTR0001,ON_CONTRACT,,2025-06-08
TXN000038,ERP_EXPORT,SUP0014,Skyroute Travel,Travel,Marketing,16009.11,INR,CTR0005,ON_CONTRACT,REQ00620,2025-07-17
TXN000041,ERP_EXPORT,SUP0019,Lumen Creative,Marketing Services,Marketing,37085.35,INR,CTR0007,ON_CONTRACT,REQ00855,2025-10-07
TXN000042,ERP_EXPORT,SUP0008,Orion Office Supplies,Office Supplies,Finance,13389.07,INR,CTR0003,ON_CONTRACT,,2025-04-21
TXN000043,ERP_EXPORT,SUP0016,Prime Facility Care,Facilities Maintenance,Facilities,12063.31,INR,CTR0006,ON_CONTRACT,REQ00574,2025-10-26
TXN000047,ERP_EXPORT,SUP0014,Skyroute Travel,Travel,Operations,33560.31,INR,CTR0005,ON_CONTRACT,REQ00286,2025-05-06
TXN000048,ERP_EXPORT,SUP0014,Skyroute Travel,Travel,Finance,50645.58,INR,CTR0005,ON_CONTRACT,,2025-05-30
TXN000050,ERP_EXPORT,SUP0017,GreenEdge Services,Facilities Maintenance,Facilities,21091.27,INR,,OFF_CONTRACT,REQ00591,2025-07-07
TXN000051,ERP_EXPORT,SUP0014,Skyroute Travel,Travel,Operations,87505.94,INR,CTR0005,ON_CONTRACT,REQ00072,2026-03-07
TXN000053,ERP_EXPORT,SUP0019,Lumen Creative,Marketing Services,Operations,151529.85,INR,CTR0007,ON_CONTRACT,REQ00389,2026-03-13
TXN000054,ERP_EXPORT,SUP0008,Orion Office Supplies,Office Supplies,IT,22581.03,INR,CTR0003,ON_CONTRACT,REQ00216,2025-11-07
TXN000055,ERP_EXPORT,SUP0016,Prime Facility Care,Facilities Maintenance,Operations,45874.0,INR,CTR0006,ON_CONTRACT,REQ00813,2025-06-26
TXN000058,ERP_EXPORT,SUP0011,Sterling Advisory,Professional Services,R&D,81156.4,INR,CTR0004,ON_CONTRACT,REQ00672,2026-03-19
TXN000060,ERP_EXPORT,SUP0028,ORION OFFICE SUPPLIES,Office Supplies,Operations,9482.6,INR,,OFF_CONTRACT,,2025-06-02
TXN000061,ERP_EXPORT,SUP0022,Transcore Logistics,Logistics & Freight,Finance,44260.22,INR,CTR0008,ON_CONTRACT,,2025-11-13
TXN000062,ERP_EXPORT,SUP0021,Pulse Marketing Co,Marketing Services,Marketing,57988.86,INR,,OFF_CONTRACT,,2025-11-30
TXN000063,ERP_EXPORT,SUP0022,Transcore Logistics,Logistics & Freight,Human Resources,80785.21,INR,CTR0008,ON_CONTRACT,,2025-12-23
TXN000064,ERP_EXPORT,SUP0022,Transcore Logistics,Logistics & Freight,Facilities,41610.53,INR,CTR0008,ON_CONTRACT,,2025-07-30
TXN000066,ERP_EXPORT,SUP0008,Orion Office Supplies,Office Supplies,R&D,14482.01,INR,CTR0003,ON_CONTRACT,REQ00478,2025-10-30
TXN000067,ERP_EXPORT,SUP0001,Nexa Technologies Pvt Ltd,IT Hardware,IT,46843.25,INR,CTR0001,ON_CONTRACT,,2026-01-20
TXN000069,ERP_EXPORT,SUP0011,Sterling Advisory,Professional Services,Logistics,55655.64,INR,CTR0004,ON_CONTRACT,REQ00345,2026-03-09
TXN000071,ERP_EXPORT,SUP0001,Nexa Technologies Pvt Ltd,IT Hardware,Logistics,144697.94,INR,CTR0001,ON_CONTRACT,REQ00267,2025-10-12
TXN000072,ERP_EXPORT,SUP0016,Prime Facility Care,Facilities Maintenance,R&D,21922.94,INR,CTR0006,ON_CONTRACT,REQ00852,2025-11-02
TXN000073,ERP_EXPORT,SUP0015,Voyager Corporate Travel,Travel,IT,8452.81,INR,,OFF_CONTRACT,,2025-09-27
TXN000075,ERP_EXPORT,SUP0013,Adept Partners,Professional Services,Marketing,188440.04,INR,,OFF_CONTRACT,REQ00118,2026-01-14
TXN000076,ERP_EXPORT,SUP0011,Sterling Advisory,Professional Services,Finance,193091.51,INR,CTR0004,ON_CONTRACT,REQ00622,2025-05-29
TXN000077,ERP_EXPORT,SUP0008,Orion Office Supplies,Office Supplies,Human Resources,19739.22,INR,CTR0003,ON_CONTRACT,,2025-10-10
TXN000078,ERP_EXPORT,SUP0019,Lumen Creative,Marketing Services,Operations,30366.25,INR,CTR0007,ON_CONTRACT,REQ00792,2025-09-02
TXN000080,ERP_EXPORT,SUP0005,Cloudspan Software,IT Software & Licences,R&D,840961.85,INR,,OFF_CONTRACT,,2025-05-25
TXN000083,ERP_EXPORT,SUP0014,Skyroute Travel,Travel,Facilities,35133.64,INR,CTR0005,ON_CONTRACT,REQ00462,2025-08-03
TXN000085,ERP_EXPORT,SUP0016,Prime Facility Care,Facilities Maintenance,Human Resources,28658.94,INR,CTR0006,ON_CONTRACT,,2025-12-21
TXN000087,ERP_EXPORT,SUP0022,Transcore Logistics,Logistics & Freight,R&D,72557.31,INR,CTR0008,ON_CONTRACT,,2025-09-04
TXN000088,ERP_EXPORT,SUP0016,Prime Facility Care,Facilities Maintenance,R&D,48253.45,INR,CTR0006,ON_CONTRACT,,2026-01-07
TXN000089,ERP_EXPORT,SUP0016,Prime Facility Care,Facilities Maintenance,Human Resources,63232.76,INR,CTR0006,ON_CONTRACT,REQ00124,2025-07-08
TXN000090,ERP_EXPORT,SUP0016,Prime Facility Care,Facilities Maintenance,Marketing,38332.9,INR,CTR0006,ON_CONTRACT,REQ00757,2025-12-04
TXN000092,ERP_EXPORT,SUP0014,Skyroute Travel,Travel,Human Resources,66486.07,INR,CTR0005,ON_CONTRACT,REQ00056,2026-01-09
TXN000093,ERP_EXPORT,SUP0014,Skyroute Travel,Travel,Logistics,70384.37,INR,CTR0005,ON_CONTRACT,REQ00013,2026-01-19
TXN000094,ERP_EXPORT,SUP0014,Skyroute Travel,Travel,Marketing,54024.73,INR,CTR0005,ON_CONTRACT,,2025-08-08
TXN000095,ERP_EXPORT,SUP0022,Transcore Logistics,Logistics & Freight,Logistics,75990.28,INR,CTR0008,ON_CONTRACT,REQ00645,2026-03-18
TXN000102,ERP_EXPORT,SUP0009,Paperline Traders,Office Supplies,Marketing,16637.44,INR,,OFF_CONTRACT,,2026-01-30
TXN000103,ERP_EXPORT,SUP0014,Skyroute Travel,Travel,Human Resources,33777.19,INR,CTR0005,ON_CONTRACT,,2025-08-18
TXN000104,ERP_EXPORT,SUP0022,Transcore Logistics,Logistics & Freight,R&D,54211.37,INR,CTR0008,ON_CONTRACT,,2026-02-04
TXN000105,ERP_EXPORT,SUP0014,Skyroute Travel,Travel,IT,82420.45,INR,CTR0005,ON_CONTRACT,,2026-03-11
TXN000107,ERP_EXPORT,SUP0014,Skyroute Travel,Travel,Logistics,41651.4,INR,CTR0005,ON_CONTRACT,,2025-11-27
TXN000108,ERP_EXPORT,SUP0016,Prime Facility Care,Facilities Maintenance,Facilities,55333.07,INR,CTR0006,ON_CONTRACT,,2025-09-16
TXN000109,ERP_EXPORT,SUP0019,Lumen Creative,Marketing Services,R&D,52031.74,INR,CTR0007,ON_CONTRACT,,2026-01-07
TXN000110,ERP_EXPORT,SUP0001,Nexa Technologies Pvt Ltd,IT Hardware,Finance,36931.89,INR,CTR0001,ON_CONTRACT,REQ00792,2025-10-24
TXN000111,ERP_EXPORT,SUP0001,Nexa Technologies Pvt Ltd,IT Hardware,R&D,69911.48,INR,CTR0001,ON_CONTRACT,REQ00531,2025-10-03
TXN000113,ERP_EXPORT,SUP0023,FleetBridge Cargo,Logistics & Freight,Operations,89164.91,INR,,OFF_CONTRACT,,2025-09-07
TXN000114,ERP_EXPORT,SUP0001,Nexa Technologies Pvt Ltd,IT Hardware,Facilities,150258.66,INR,CTR0001,ON_CONTRACT,REQ00121,2026-02-26
TXN000116,ERP_EXPORT,SUP0019,Lumen Creative,Marketing Services,Marketing,142004.48,INR,CTR0007,ON_CONTRACT,,2025-08-20
TXN000119,ERP_EXPORT,SUP0019,Lumen Creative,Marketing Services,Operations,144958.26,INR,CTR0007,ON_CONTRACT,,2025-08-01
TXN000122,ERP_EXPORT,SUP0017,GreenEdge Services,Facilities Maintenance,Logistics,63765.48,INR,,OFF_CONTRACT,REQ00148,2025-10-27
TXN000127,ERP_EXPORT,SUP0017,GreenEdge Services,Facilities Maintenance,R&D,59080.89,INR,,OFF_CONTRACT,REQ00544,2025-10-28
TXN000128,ERP_EXPORT,SUP0008,Orion Office Supplies,Office Supplies,R&D,21796.8,INR,CTR0003,ON_CONTRACT,,2025-08-02
TXN000129,ERP_EXPORT,SUP0022,Transcore Logistics,Logistics & Freight,Human Resources,12577.03,INR,CTR0008,ON_CONTRACT,REQ00683,2025-04-05
TXN000130,ERP_EXPORT,SUP0022,Transcore Logistics,Logistics & Freight,Finance,54392.03,INR,CTR0008,ON_CONTRACT,,2025-09-01
TXN000131,ERP_EXPORT,SUP0019,Lumen Creative,Marketing Services,Human Resources,78437.54,INR,CTR0007,ON_CONTRACT,REQ00394,2025-12-04
TXN000132,ERP_EXPORT,SUP0005,Cloudspan Software,IT Software & Licences,Human Resources,38321.32,INR,CTR0002,ON_CONTRACT,,2025-08-30
TXN000133,ERP_EXPORT,SUP0025,NEXA TECHNOLOGIES PVT. LTD.,IT Hardware,IT,43579.13,INR,,OFF_CONTRACT,,2026-03-18
TXN000134,ERP_EXPORT,SUP0025,NEXA TECHNOLOGIES PVT. LTD.,IT Hardware,Human Resources,77330.35,INR,,OFF_CONTRACT,,2025-07-27
TXN000135,ERP_EXPORT,SUP0016,Prime Facility Care,Facilities Maintenance,Human Resources,66574.58,INR,CTR0006,ON_CONTRACT,,2026-03-04
TXN000138,ERP_EXPORT,SUP0011,Sterling Advisory,Professional Services,Finance,187633.98,INR,CTR0004,ON_CONTRACT,REQ00280,2025-06-24
TXN000140,ERP_EXPORT,SUP0005,Cloudspan Software,IT Software & Licences,Operations,117037.12,INR,CTR0002,ON_CONTRACT,,2026-03-12
TXN000141,ERP_EXPORT,SUP0021,Pulse Marketing Co,Marketing Services,R&D,154742.62,INR,,OFF_CONTRACT,REQ00550,2025-06-03
TXN000144,ERP_EXPORT,SUP0005,Cloudspan Software,IT Software & Licences,Human Resources,46592.22,INR,CTR0002,ON_CONTRACT,,2025-05-30
TXN000145,ERP_EXPORT,SUP0008,Orion Office Supplies,Office Supplies,Logistics,8551.33,INR,CTR0003,ON_CONTRACT,REQ00241,2026-01-01
TXN000146,ERP_EXPORT,SUP0008,Orion Office Supplies,Office Supplies,R&D,2848.4,INR,CTR0003,ON_CONTRACT,,2025-06-19
TXN000148,ERP_EXPORT,SUP0001,Nexa Technologies Pvt Ltd,IT Hardware,Logistics,102915.25,INR,CTR0001,ON_CONTRACT,,2025-10-03
TXN000149,ERP_EXPORT,SUP0006,Vertex Licensing,IT Software & Licences,Finance,20405.27,INR,,OFF_CONTRACT,REQ00283,2025-07-07
TXN000150,ERP_EXPORT,SUP0006,Vertex Licensing,IT Software & Licences,Operations,44257.88,INR,,OFF_CONTRACT,,2026-01-31
TXN000151,ERP_EXPORT,SUP0001,Nexa Technologies Pvt Ltd,IT Hardware,Marketing,165781.21,INR,CTR0001,ON_CONTRACT,,2025-07-15
TXN000152,ERP_EXPORT,SUP0007,Meridian Softworks,IT Software & Licences,Operations,40154.0,INR,,OFF_CONTRACT,,2025-07-29
TXN000153,ERP_EXPORT,SUP0018,Urban Upkeep,Facilities Maintenance,Marketing,18693.69,INR,,OFF_CONTRACT,,2026-01-02
TXN000155,ERP_EXPORT,SUP0028,ORION OFFICE SUPPLIES,Office Supplies,Facilities,24669.96,INR,,OFF_CONTRACT,REQ00797,2025-10-03
TXN000156,ERP_EXPORT,SUP0005,Cloudspan Software,IT Software & Licences,IT,40415.8,INR,CTR0002,ON_CONTRACT,,2026-03-04
TXN000158,ERP_EXPORT,SUP0019,Lumen Creative,Marketing Services,Logistics,126626.75,INR,CTR0007,ON_CONTRACT,REQ00083,2025-09-12
TXN000159,ERP_EXPORT,SUP0008,Orion Office Supplies,Office Supplies,Finance,7465.66,INR,CTR0003,ON_CONTRACT,REQ00612,2025-12-28
TXN000161,ERP_EXPORT,SUP0017,GreenEdge Services,Facilities Maintenance,Facilities,32066.99,INR,,OFF_CONTRACT,REQ00321,2026-03-07
TXN000162,ERP_EXPORT,SUP0014,Skyroute Travel,Travel,Logistics,59849.08,INR,CTR0005,ON_CONTRACT,REQ00852,2025-05-14
TXN000165,ERP_EXPORT,SUP0014,Skyroute Travel,Travel,Operations,15403.76,INR,CTR0005,ON_CONTRACT,REQ00494,2025-07-24
TXN000166,ERP_EXPORT,SUP0005,Cloudspan Software,IT Software & Licences,Facilities,102706.76,INR,CTR0002,ON_CONTRACT,,2026-01-19
TXN000168,ERP_EXPORT,SUP0014,Skyroute Travel,Travel,Human Resources,23294.52,INR,CTR0005,ON_CONTRACT,,2025-09-27
TXN000169,ERP_EXPORT,SUP0001,Nexa Technologies Pvt Ltd,IT Hardware,R&D,323897.11,INR,,OFF_CONTRACT,REQ00759,2026-02-19
TXN000170,ERP_EXPORT,SUP0001,Nexa Technologies Pvt Ltd,IT Hardware,R&D,116588.41,INR,CTR0001,ON_CONTRACT,REQ00350,2025-06-20
TXN000171,ERP_EXPORT,SUP0016,Prime Facility Care,Facilities Maintenance,Facilities,50653.86,INR,CTR0006,ON_CONTRACT,,2025-06-19
TXN000173,ERP_EXPORT,SUP0014,Skyroute Travel,Travel,Finance,49991.63,INR,CTR0005,ON_CONTRACT,REQ00291,2026-03-14
TXN000174,ERP_EXPORT,SUP0022,Transcore Logistics,Logistics & Freight,Operations,30799.15,INR,CTR0008,ON_CONTRACT,REQ00614,2025-04-29
TXN000176,ERP_EXPORT,SUP0016,Prime Facility Care,Facilities Maintenance,R&D,20461.99,INR,CTR0006,ON_CONTRACT,REQ00390,2025-12-29
TXN000179,ERP_EXPORT,SUP0019,Lumen Creative,Marketing Services,Facilities,151142.2,INR,CTR0007,ON_CONTRACT,REQ00333,2025-06-27
TXN000180,ERP_EXPORT,SUP0023,FleetBridge Cargo,Logistics & Freight,Facilities,23414.24,INR,,OFF_CONTRACT,REQ00604,2025-10-23
TXN000181,ERP_EXPORT,SUP0005,Cloudspan Software,IT Software & Licences,Finance,50811.97,INR,CTR0002,ON_CONTRACT,REQ00798,2025-06-26
TXN000182,ERP_EXPORT,SUP0005,Cloudspan Software,IT Software & Licences,Operations,26914.72,INR,CTR0002,ON_CONTRACT,,2025-09-26
TXN000185,ERP_EXPORT,SUP0022,Transcore Logistics,Logistics & Freight,Logistics,33409.16,INR,CTR0008,ON_CONTRACT,,2026-01-15
TXN000186,ERP_EXPORT,SUP0018,Urban Upkeep,Facilities Maintenance,Logistics,49599.04,INR,,OFF_CONTRACT,REQ00453,2026-02-18
TXN000187,ERP_EXPORT,SUP0014,Skyroute Travel,Travel,Facilities,75012.22,INR,CTR0005,ON_CONTRACT,REQ00463,2025-04-20
TXN000188,ERP_EXPORT,SUP0001,Nexa Technologies Pvt Ltd,IT Hardware,Facilities,111056.13,INR,CTR0001,ON_CONTRACT,,2025-12-16
TXN000189,ERP_EXPORT,SUP0019,Lumen Creative,Marketing Services,IT,94151.08,INR,CTR0007,ON_CONTRACT,REQ00830,2026-01-18
TXN000190,ERP_EXPORT,SUP0011,Sterling Advisory,Professional Services,Marketing,90788.98,INR,CTR0004,ON_CONTRACT,,2025-11-17
TXN000193,ERP_EXPORT,SUP0021,Pulse Marketing Co,Marketing Services,Finance,146058.53,INR,,OFF_CONTRACT,REQ00097,2026-01-11
TXN000197,ERP_EXPORT,SUP0014,Skyroute Travel,Travel,Logistics,67528.37,INR,CTR0005,ON_CONTRACT,REQ00141,2025-06-19
TXN000199,ERP_EXPORT,SUP0008,Orion Office Supplies,Office Supplies,Marketing,22402.99,INR,CTR0003,ON_CONTRACT,,2026-02-14
TXN000200,ERP_EXPORT,SUP0008,Orion Office Supplies,Office Supplies,Operations,19937.14,INR,CTR0003,ON_CONTRACT,,2026-02-07
TXN000201,ERP_EXPORT,SUP0015,Voyager Corporate Travel,Travel,Operations,60646.59,INR,,OFF_CONTRACT,REQ00829,2025-11-27
TXN000206,ERP_EXPORT,SUP0019,Lumen Creative,Marketing Services,Operations,21287.59,INR,CTR0007,ON_CONTRACT,REQ00084,2025-10-09
TXN000210,ERP_EXPORT,SUP0019,Lumen Creative,Marketing Services,Human Resources,42513.13,INR,CTR0007,ON_CONTRACT,REQ00245,2025-11-01
TXN000212,ERP_EXPORT,SUP0011,Sterling Advisory,Professional Services,IT,185297.99,INR,CTR0004,ON_CONTRACT,,2025-08-02
TXN000218,ERP_EXPORT,SUP0001,Nexa Technologies Pvt Ltd,IT Hardware,R&D,140706.17,INR,CTR0001,ON_CONTRACT,,2026-01-04
TXN000221,ERP_EXPORT,SUP0019,Lumen Creative,Marketing Services,Logistics,112065.8,INR,CTR0007,ON_CONTRACT,REQ00817,2025-12-22
TXN000222,ERP_EXPORT,SUP0015,Voyager Corporate Travel,Travel,Marketing,54601.31,INR,,OFF_CONTRACT,REQ00329,2025-05-23
TXN000223,ERP_EXPORT,SUP0005,Cloudspan Software,IT Software & Licences,Logistics,24835.85,INR,CTR0002,ON_CONTRACT,,2025-11-05
TXN000224,ERP_EXPORT,SUP0008,Orion Office Supplies,Office Supplies,IT,10457.46,INR,CTR0003,ON_CONTRACT,,2025-09-28
TXN000228,ERP_EXPORT,SUP0023,FleetBridge Cargo,Logistics & Freight,Facilities,44627.11,INR,,OFF_CONTRACT,,2025-12-28
TXN000230,ERP_EXPORT,SUP0015,Voyager Corporate Travel,Travel,Human Resources,59753.37,INR,,OFF_CONTRACT,,2025-12-08
TXN000233,ERP_EXPORT,SUP0028,ORION OFFICE SUPPLIES,Office Supplies,Operations,15268.79,INR,,OFF_CONTRACT,,2025-07-31
TXN000234,ERP_EXPORT,SUP0022,Transcore Logistics,Logistics & Freight,Finance,52878.97,INR,CTR0008,ON_CONTRACT,REQ00565,2025-06-06
TXN000235,ERP_EXPORT,SUP0005,Cloudspan Software,IT Software & Licences,Logistics,35500.51,INR,CTR0002,ON_CONTRACT,REQ00788,2025-10-27
TXN000236,ERP_EXPORT,SUP0005,Cloudspan Software,IT Software & Licences,Facilities,90857.47,INR,CTR0002,ON_CONTRACT,REQ00697,2025-12-21
TXN000240,ERP_EXPORT,SUP0011,Sterling Advisory,Professional Services,Marketing,77193.24,INR,CTR0004,ON_CONTRACT,,2026-02-09
TXN000241,ERP_EXPORT,SUP0005,Cloudspan Software,IT Software & Licences,Marketing,113748.15,INR,CTR0002,ON_CONTRACT,REQ00640,2026-02-04
TXN000242,ERP_EXPORT,SUP0018,Urban Upkeep,Facilities Maintenance,IT,67235.71,INR,,OFF_CONTRACT,REQ00657,2026-01-21
TXN000245,ERP_EXPORT,SUP0001,Nexa Technologies Pvt Ltd,IT Hardware,Logistics,27395.78,INR,CTR0001,ON_CONTRACT,REQ00622,2025-06-13
TXN000247,ERP_EXPORT,SUP0005,Cloudspan Software,IT Software & Licences,Human Resources,59959.34,INR,CTR0002,ON_CONTRACT,REQ00145,2025-05-20
TXN000248,ERP_EXPORT,SUP0001,Nexa Technologies Pvt Ltd,IT Hardware,R&D,174831.5,INR,CTR0001,ON_CONTRACT,REQ00887,2025-06-21
TXN000249,ERP_EXPORT,SUP0018,Urban Upkeep,Facilities Maintenance,Marketing,67817.2,INR,,OFF_CONTRACT,REQ00528,2025-11-26
TXN000250,ERP_EXPORT,SUP0023,FleetBridge Cargo,Logistics & Freight,R&D,82799.78,INR,,OFF_CONTRACT,REQ00247,2025-07-20
TXN000251,ERP_EXPORT,SUP0016,Prime Facility Care,Facilities Maintenance,Logistics,27666.93,INR,CTR0006,ON_CONTRACT,REQ00009,2025-05-26
TXN000252,ERP_EXPORT,SUP0019,Lumen Creative,Marketing Services,Finance,73913.68,INR,CTR0007,ON_CONTRACT,,2025-10-05
TXN000253,ERP_EXPORT,SUP0001,Nexa Technologies Pvt Ltd,IT Hardware,Operations,156926.18,INR,CTR0001,ON_CONTRACT,REQ00296,2025-05-08
TXN000255,ERP_EXPORT,SUP0005,Cloudspan Software,IT Software & Licences,Finance,32796.74,INR,CTR0002,ON_CONTRACT,,2025-09-21
TXN000259,ERP_EXPORT,SUP0023,FleetBridge Cargo,Logistics & Freight,Facilities,59315.08,INR,,OFF_CONTRACT,,2026-01-24
TXN000260,ERP_EXPORT,SUP0014,Skyroute Travel,Travel,Human Resources,15968.47,INR,CTR0005,ON_CONTRACT,,2026-01-22
TXN000261,ERP_EXPORT,SUP0013,Adept Partners,Professional Services,R&D,169151.52,INR,,OFF_CONTRACT,REQ00698,2025-08-03
TXN000264,ERP_EXPORT,SUP0023,FleetBridge Cargo,Logistics & Freight,Human Resources,55021.36,INR,,OFF_CONTRACT,,2025-07-08
TXN000265,ERP_EXPORT,SUP0011,Sterling Advisory,Professional Services,Human Resources,224248.35,INR,CTR0004,ON_CONTRACT,,2026-03-27
TXN000266,ERP_EXPORT,SUP0011,Sterling Advisory,Professional Services,Logistics,195561.41,INR,CTR0004,ON_CONTRACT,REQ00815,2025-08-19
TXN000269,ERP_EXPORT,SUP0014,Skyroute Travel,Travel,Human Resources,37478.27,INR,CTR0005,ON_CONTRACT,,2026-03-23
TXN000273,ERP_EXPORT,SUP0016,Prime Facility Care,Facilities Maintenance,Facilities,62024.34,INR,CTR0006,ON_CONTRACT,,2025-07-28
TXN000274,ERP_EXPORT,SUP0002,Zenith Computing,IT Hardware,Marketing,166552.29,INR,,OFF_CONTRACT,,2025-04-19
TXN000276,ERP_EXPORT,SUP0014,Skyroute Travel,Travel,Finance,-49124.34,INR,CTR0005,ON_CONTRACT,REQ00657,2026-01-04
TXN000278,ERP_EXPORT,SUP0016,Prime Facility Care,Facilities Maintenance,Human Resources,48997.84,INR,CTR0006,ON_CONTRACT,,2025-04-08
TXN000281,ERP_EXPORT,SUP0023,FleetBridge Cargo,Logistics & Freight,IT,85870.44,INR,,OFF_CONTRACT,REQ00369,2026-03-21
TXN000282,ERP_EXPORT,SUP0011,Sterling Advisory,Professional Services,Human Resources,110978.98,INR,CTR0004,ON_CONTRACT,REQ00703,2025-12-14
TXN000286,ERP_EXPORT,SUP0016,Prime Facility Care,Facilities Maintenance,IT,12156.54,INR,CTR0006,ON_CONTRACT,,2025-12-15
TXN000287,ERP_EXPORT,SUP0011,Sterling Advisory,Professional Services,Finance,137775.58,INR,CTR0004,ON_CONTRACT,,2025-11-13
TXN000289,ERP_EXPORT,SUP0008,Orion Office Supplies,Office Supplies,IT,8590.45,INR,CTR0003,ON_CONTRACT,,2026-03-11
TXN000290,ERP_EXPORT,SUP0015,Voyager Corporate Travel,Travel,IT,56448.33,INR,,OFF_CONTRACT,,2026-01-22
TXN000291,ERP_EXPORT,SUP0005,Cloudspan Software,IT Software & Licences,Facilities,18202.53,INR,CTR0002,ON_CONTRACT,REQ00062,2025-05-06
TXN000292,ERP_EXPORT,SUP0022,Transcore Logistics,Logistics & Freight,Marketing,15099.9,INR,CTR0008,ON_CONTRACT,,2026-02-25
TXN000295,ERP_EXPORT,SUP0005,Cloudspan Software,IT Software & Licences,Marketing,28341.35,INR,CTR0002,ON_CONTRACT,,2025-07-24
TXN000296,ERP_EXPORT,SUP0003,BluePeak Systems,IT Hardware,R&D,105947.71,INR,,OFF_CONTRACT,REQ00844,2025-07-27
TXN000297,ERP_EXPORT,SUP0011,Sterling Advisory,Professional Services,Operations,201698.65,INR,CTR0004,ON_CONTRACT,,2025-05-28
TXN000302,ERP_EXPORT,SUP0011,Sterling Advisory,Professional Services,Marketing,151584.47,INR,CTR0004,ON_CONTRACT,,2025-11-05
TXN000303,ERP_EXPORT,SUP0022,Transcore Logistics,Logistics & Freight,R&D,56872.72,INR,CTR0008,ON_CONTRACT,,2025-09-11
TXN000304,ERP_EXPORT,SUP0019,Lumen Creative,Marketing Services,Marketing,109240.19,INR,CTR0007,ON_CONTRACT,,2025-11-29
TXN000306,ERP_EXPORT,SUP0021,Pulse Marketing Co,Marketing Services,R&D,156619.29,INR,,OFF_CONTRACT,REQ00209,2025-09-17
TXN000307,ERP_EXPORT,SUP0006,Vertex Licensing,IT Software & Licences,Operations,69211.54,INR,,OFF_CONTRACT,REQ00387,2026-03-11
TXN000309,ERP_EXPORT,SUP0014,Skyroute Travel,Travel,Operations,73205.27,INR,CTR0005,ON_CONTRACT,,2025-05-31
TXN000310,ERP_EXPORT,SUP0022,Transcore Logistics,Logistics & Freight,Operations,34479.08,INR,CTR0008,ON_CONTRACT,,2025-08-23
TXN000312,ERP_EXPORT,SUP0017,GreenEdge Services,Facilities Maintenance,IT,14707.38,INR,,OFF_CONTRACT,,2025-07-23
TXN000313,ERP_EXPORT,SUP0008,Orion Office Supplies,Office Supplies,R&D,2583.07,INR,CTR0003,ON_CONTRACT,REQ00201,2025-09-16
TXN000316,ERP_EXPORT,SUP0008,Orion Office Supplies,Office Supplies,Marketing,18007.41,INR,CTR0003,ON_CONTRACT,,2026-01-03
TXN000318,ERP_EXPORT,SUP0004,Arcadia IT Traders,IT Hardware,Operations,51860.62,INR,,OFF_CONTRACT,REQ00155,2025-04-05
TXN000319,ERP_EXPORT,SUP0011,Sterling Advisory,Professional Services,Logistics,72851.78,INR,CTR0004,ON_CONTRACT,,2025-04-09
TXN000320,ERP_EXPORT,SUP0001,Nexa Technologies Pvt Ltd,IT Hardware,IT,63787.65,INR,CTR0001,ON_CONTRACT,REQ00282,2025-12-31
TXN000322,ERP_EXPORT,SUP0007,Meridian Softworks,IT Software & Licences,Operations,90032.57,INR,,OFF_CONTRACT,,2025-08-08
TXN000323,ERP_EXPORT,SUP0016,Prime Facility Care,Facilities Maintenance,Finance,49611.84,INR,CTR0006,ON_CONTRACT,,2025-11-22
TXN000324,ERP_EXPORT,SUP0011,Sterling Advisory,Professional Services,Facilities,98786.12,INR,CTR0004,ON_CONTRACT,,2026-02-27
TXN000325,ERP_EXPORT,SUP0001,Nexa Technologies Pvt Ltd,IT Hardware,Logistics,173004.12,INR,CTR0001,ON_CONTRACT,REQ00010,2026-03-26
TXN000328,ERP_EXPORT,SUP0014,Skyroute Travel,Travel,Finance,58161.1,INR,CTR0005,ON_CONTRACT,REQ00213,2026-01-26
TXN000330,ERP_EXPORT,SUP0019,Lumen Creative,Marketing Services,R&D,54682.34,INR,CTR0007,ON_CONTRACT,,2025-06-11
TXN000333,ERP_EXPORT,SUP0022,Transcore Logistics,Logistics & Freight,R&D,13194.66,INR,CTR0008,ON_CONTRACT,REQ00697,2026-01-25
TXN000335,ERP_EXPORT,SUP0010,Kanban Stationers,Office Supplies,Facilities,3058.06,INR,,OFF_CONTRACT,REQ00316,2025-11-14
TXN000336,ERP_EXPORT,SUP0016,Prime Facility Care,Facilities Maintenance,Marketing,12443.73,INR,CTR0006,ON_CONTRACT,REQ00571,2026-01-10
TXN000337,ERP_EXPORT,SUP0019,Lumen Creative,Marketing Services,Facilities,139764.48,INR,CTR0007,ON_CONTRACT,,2025-09-14
TXN000338,ERP_EXPORT,SUP0019,Lumen Creative,Marketing Services,Facilities,118512.1,INR,CTR0007,ON_CONTRACT,,2026-01-12
TXN000339,ERP_EXPORT,SUP0011,Sterling Advisory,Professional Services,R&D,139576.5,INR,CTR0004,ON_CONTRACT,REQ00276,2025-09-02
TXN000340,ERP_EXPORT,SUP0014,Skyroute Travel,Travel,R&D,16022.4,INR,CTR0005,ON_CONTRACT,REQ00307,2025-12-04
TXN000342,ERP_EXPORT,SUP0022,Transcore Logistics,Logistics & Freight,R&D,51298.16,INR,CTR0008,ON_CONTRACT,REQ00636,2025-10-12
TXN000343,ERP_EXPORT,SUP0016,PRIME FACILITY CARE,Facilities Maintenance,Marketing,20392.11,INR,CTR0006,ON_CONTRACT,REQ00618,2026-03-22
TXN000344,ERP_EXPORT,SUP0011,Sterling Advisory,Professional Services,R&D,131108.85,INR,CTR0004,ON_CONTRACT,,2025-08-28
TXN000345,ERP_EXPORT,SUP0022,Transcore Logistics,Logistics & Freight,Human Resources,45075.89,INR,CTR0008,ON_CONTRACT,,2025-10-19
TXN000346,ERP_EXPORT,SUP0016,Prime Facility Care,Facilities Maintenance,Marketing,46951.01,INR,CTR0006,ON_CONTRACT,,2026-01-07
TXN000351,ERP_EXPORT,SUP0005,Cloudspan Software,IT Software & Licences,Finance,67829.31,INR,CTR0002,ON_CONTRACT,REQ00628,2025-04-23
TXN000353,ERP_EXPORT,SUP0011,Sterling Advisory,Professional Services,Operations,178325.66,INR,CTR0004,ON_CONTRACT,REQ00401,2025-11-24
TXN000354,ERP_EXPORT,SUP0008,Orion Office Supplies,Office Supplies,Facilities,5747.49,INR,CTR0003,ON_CONTRACT,REQ00088,2025-05-30
TXN000355,ERP_EXPORT,SUP0008,Orion Office Supplies,Office Supplies,Operations,3623.08,INR,CTR0003,ON_CONTRACT,REQ00357,2025-11-30
TXN000357,ERP_EXPORT,SUP0005,Cloudspan Software,IT Software & Licences,Operations,17783.69,INR,CTR0002,ON_CONTRACT,REQ00566,2025-06-21
TXN000360,ERP_EXPORT,SUP0001,Nexa Technologies Pvt Ltd,IT Hardware,Facilities,114198.5,INR,CTR0001,ON_CONTRACT,,2025-12-31
TXN000361,ERP_EXPORT,SUP0008,Orion Office Supplies,Office Supplies,Facilities,10927.91,INR,CTR0003,ON_CONTRACT,REQ00884,2025-12-07
TXN000364,ERP_EXPORT,SUP0019,Lumen Creative,Marketing Services,R&D,96386.35,INR,CTR0007,ON_CONTRACT,REQ00499,2026-02-20
TXN000365,ERP_EXPORT,SUP0008,Orion Office Supplies,Office Supplies,Marketing,23653.69,INR,CTR0003,ON_CONTRACT,REQ00863,2025-11-17
TXN000366,ERP_EXPORT,SUP0001,Nexa Technologies Pvt Ltd,IT Hardware,Operations,84845.91,INR,CTR0001,ON_CONTRACT,,2026-01-13
TXN000367,ERP_EXPORT,SUP0022,Transcore Logistics,Logistics & Freight,Logistics,91778.82,INR,CTR0008,ON_CONTRACT,REQ00085,2026-01-15
TXN000368,ERP_EXPORT,SUP0002,Zenith Computing,IT Hardware,Human Resources,165329.35,INR,,OFF_CONTRACT,REQ00296,2025-06-26
TXN000370,ERP_EXPORT,SUP0005,Cloudspan Software,IT Software & Licences,Finance,22282.94,INR,CTR0002,ON_CONTRACT,REQ00775,2025-04-22
TXN000375,ERP_EXPORT,SUP0016,Prime Facility Care,Facilities Maintenance,Marketing,14271.32,INR,CTR0006,ON_CONTRACT,REQ00721,2025-08-28
TXN000378,ERP_EXPORT,SUP0019,Lumen Creative,Marketing Services,Human Resources,23258.07,INR,CTR0007,ON_CONTRACT,,2025-10-10
TXN000380,ERP_EXPORT,SUP0016,Prime Facility Care,Facilities Maintenance,IT,26911.29,INR,CTR0006,ON_CONTRACT,,2025-05-18
TXN000383,ERP_EXPORT,SUP0022,Transcore Logistics,Logistics & Freight,Logistics,64202.26,INR,CTR0008,ON_CONTRACT,REQ00879,2025-06-20
TXN000387,ERP_EXPORT,SUP0011,Sterling Advisory,Professional Services,Facilities,99227.26,INR,CTR0004,ON_CONTRACT,REQ00489,2025-05-10
TXN000388,ERP_EXPORT,SUP0008,Orion Office Supplies,,Logistics,6081.11,INR,CTR0003,ON_CONTRACT,REQ00713,2025-09-23
TXN000391,ERP_EXPORT,SUP0008,Orion Office Supplies,Office Supplies,Marketing,24781.62,INR,CTR0003,ON_CONTRACT,REQ00740,2025-07-19
TXN000393,ERP_EXPORT,SUP0019,Lumen Creative,Marketing Services,Marketing,72082.53,INR,CTR0007,ON_CONTRACT,REQ00661,2025-05-14
TXN000396,ERP_EXPORT,SUP0022,Transcore Logistics,Logistics & Freight,IT,89252.86,INR,CTR0008,ON_CONTRACT,,2025-09-10
TXN000398,ERP_EXPORT,SUP0022,Transcore Logistics,Logistics & Freight,Facilities,47606.5,INR,CTR0008,ON_CONTRACT,REQ00221,2025-04-21
TXN000399,ERP_EXPORT,SUP0004,Arcadia IT Traders,IT Hardware,R&D,141385.02,INR,,OFF_CONTRACT,REQ00412,2025-05-13
TXN000400,ERP_EXPORT,SUP0008,Orion Office Supplies,Office Supplies,Operations,19354.49,INR,CTR0003,ON_CONTRACT,,2025-06-19
TXN000404,ERP_EXPORT,SUP0014,Skyroute Travel,Travel,Human Resources,75769.51,INR,CTR0005,ON_CONTRACT,,2025-05-31
TXN000405,ERP_EXPORT,SUP0001,Nexa Technologies Pvt Ltd,IT Hardware,Facilities,74607.69,INR,CTR0001,ON_CONTRACT,REQ00591,2026-02-16
TXN000406,ERP_EXPORT,SUP0005,Cloudspan Software,IT Software & Licences,IT,109029.94,INR,CTR0002,ON_CONTRACT,REQ00581,2025-06-25
TXN000408,ERP_EXPORT,SUP0001,Nexa Technologies Pvt Ltd,IT Hardware,Logistics,26679.84,INR,CTR0001,ON_CONTRACT,REQ00154,2025-07-01
TXN000410,ERP_EXPORT,SUP0016,Prime Facility Care,Facilities Maintenance,Finance,15477.2,INR,CTR0006,ON_CONTRACT,REQ00690,2025-04-27
TXN000411,ERP_EXPORT,SUP0008,Orion Office Supplies,Office Supplies,IT,9344.21,INR,CTR0003,ON_CONTRACT,,2025-05-06
TXN000412,ERP_EXPORT,SUP0023,FleetBridge Cargo,Logistics & Freight,Logistics,90855.14,INR,,OFF_CONTRACT,REQ00206,2025-08-28
TXN000413,ERP_EXPORT,SUP0014,Skyroute Travel,Travel,Logistics,85949.79,INR,CTR0005,ON_CONTRACT,,2025-07-10
TXN000418,ERP_EXPORT,SUP0022,Transcore Logistics,Logistics & Freight,Marketing,39279.16,INR,CTR0008,ON_CONTRACT,,2025-10-19
TXN000419,ERP_EXPORT,SUP0005,Cloudspan Software,IT Software & Licences,Marketing,85614.44,INR,CTR0002,ON_CONTRACT,REQ00268,2025-09-09
TXN000421,ERP_EXPORT,SUP0005,Cloudspan Software,IT Software & Licences,Logistics,98115.8,INR,CTR0002,ON_CONTRACT,REQ00124,2025-12-31
TXN000422,ERP_EXPORT,SUP0016,Prime Facility Care,Facilities Maintenance,Logistics,57377.09,INR,CTR0006,ON_CONTRACT,REQ00123,2025-05-17
TXN000424,ERP_EXPORT,SUP0008,Orion Office Supplies,Office Supplies,Finance,13371.67,INR,CTR0003,ON_CONTRACT,REQ00051,2026-03-13
TXN000426,ERP_EXPORT,SUP0011,Sterling Advisory,Professional Services,Marketing,155401.07,INR,CTR0004,ON_CONTRACT,REQ00064,2025-07-23
TXN000427,ERP_EXPORT,SUP0008,Orion Office Supplies,Office Supplies,Facilities,12155.2,INR,CTR0003,ON_CONTRACT,,2025-08-11
TXN000428,ERP_EXPORT,SUP0005,Cloudspan Software,IT Software & Licences,Logistics,108208.94,INR,CTR0002,ON_CONTRACT,,2025-05-18
TXN000430,ERP_EXPORT,SUP0019,Lumen Creative,Marketing Services,R&D,36389.38,INR,CTR0007,ON_CONTRACT,REQ00220,2025-07-05
TXN000432,ERP_EXPORT,SUP0011,Sterling Advisory,Professional Services,Logistics,199917.23,INR,CTR0004,ON_CONTRACT,REQ00287,2025-10-14
TXN000434,ERP_EXPORT,SUP0022,Transcore Logistics,Logistics & Freight,Finance,20393.18,INR,CTR0008,ON_CONTRACT,REQ00185,2025-04-14
TXN000435,ERP_EXPORT,SUP0016,Prime Facility Care,Facilities Maintenance,Human Resources,15046.41,INR,CTR0006,ON_CONTRACT,REQ00484,2025-12-28
TXN000437,ERP_EXPORT,SUP0002,Zenith Computing,IT Hardware,R&D,36278.27,INR,,OFF_CONTRACT,REQ00860,2025-06-28
TXN000438,ERP_EXPORT,SUP0008,Orion Office Supplies,Office Supplies,Finance,20902.78,INR,CTR0003,ON_CONTRACT,,2025-04-15
TXN000439,ERP_EXPORT,SUP0018,Urban Upkeep,Facilities Maintenance,Operations,52374.53,INR,,OFF_CONTRACT,,2025-12-09
TXN000440,ERP_EXPORT,SUP0014,Skyroute Travel,Travel,IT,14670.6,INR,CTR0005,ON_CONTRACT,REQ00225,2025-04-11
TXN000442,ERP_EXPORT,SUP0010,Kanban Stationers,Office Supplies,Marketing,24692.71,INR,,OFF_CONTRACT,,2025-06-12
TXN000444,ERP_EXPORT,SUP0019,Lumen Creative,Marketing Services,Finance,71889.9,INR,CTR0007,ON_CONTRACT,REQ00162,2025-11-10
TXN000445,ERP_EXPORT,SUP0022,Transcore Logistics,Logistics & Freight,Finance,79462.36,INR,CTR0008,ON_CONTRACT,REQ00604,2025-06-29
TXN000447,ERP_EXPORT,SUP0001,Nexa Technologies Pvt Ltd,IT Hardware,Operations,177830.16,INR,CTR0001,ON_CONTRACT,,2025-05-24
TXN000449,ERP_EXPORT,SUP0016,Prime Facility Care,Facilities Maintenance,Operations,32575.58,INR,CTR0006,ON_CONTRACT,,2025-09-27
TXN000450,ERP_EXPORT,SUP0014,Skyroute Travel,Travel,Logistics,14847.06,INR,CTR0005,ON_CONTRACT,,2025-06-25
TXN000451,ERP_EXPORT,SUP0019,Lumen Creative,Marketing Services,R&D,128800.57,INR,CTR0007,ON_CONTRACT,REQ00491,2026-01-21
TXN000452,ERP_EXPORT,SUP0011,Sterling Advisory,Professional Services,IT,157264.89,INR,CTR0004,ON_CONTRACT,REQ00327,2025-08-12
TXN000453,ERP_EXPORT,SUP0005,Cloudspan Software,IT Software & Licences,R&D,59543.31,INR,CTR0002,ON_CONTRACT,REQ00077,2026-01-06
TXN000455,ERP_EXPORT,SUP0008,Orion Office Supplies,Office Supplies,IT,4557.54,INR,CTR0003,ON_CONTRACT,REQ00211,2025-07-07
TXN000457,ERP_EXPORT,SUP0022,Transcore Logistics,Logistics & Freight,R&D,12942.35,INR,CTR0008,ON_CONTRACT,REQ00844,2026-03-05
TXN000458,ERP_EXPORT,SUP0022,Transcore Logistics,Logistics & Freight,Marketing,50898.83,INR,CTR0008,ON_CONTRACT,,2025-05-12
TXN000460,ERP_EXPORT,SUP0005,Cloudspan Software,IT Software & Licences,Finance,27475.88,INR,CTR0002,ON_CONTRACT,,2025-10-07
TXN000461,ERP_EXPORT,SUP0008,Orion Office Supplies,Office Supplies,Logistics,4703.1,INR,CTR0003,ON_CONTRACT,REQ00858,2025-08-16
TXN000464,ERP_EXPORT,SUP0022,Transcore Logistics,Logistics & Freight,Human Resources,60419.61,INR,CTR0008,ON_CONTRACT,REQ00875,2025-04-18
TXN000466,ERP_EXPORT,SUP0011,Sterling Advisory,Professional Services,Facilities,118722.82,INR,CTR0004,ON_CONTRACT,,2025-11-09
TXN000467,ERP_EXPORT,SUP0013,Adept Partners,Professional Services,Human Resources,99999.54,INR,,OFF_CONTRACT,REQ00745,2025-05-05
TXN000468,ERP_EXPORT,SUP0005,Cloudspan Software,IT Software & Licences,Finance,106202.91,INR,CTR0002,ON_CONTRACT,,2025-12-23
TXN000473,ERP_EXPORT,SUP0023,FleetBridge Cargo,Logistics & Freight,Human Resources,15582.27,INR,,OFF_CONTRACT,REQ00864,2025-12-08
TXN000474,ERP_EXPORT,SUP0005,Cloudspan Software,IT Software & Licences,Logistics,108570.03,INR,CTR0002,ON_CONTRACT,,2025-09-12
TXN000475,ERP_EXPORT,SUP0014,Skyroute Travel,Travel,Operations,51271.49,INR,CTR0005,ON_CONTRACT,,2025-10-26
TXN000478,ERP_EXPORT,SUP0001,Nexa Technologies Pvt Ltd,IT Hardware,Finance,110847.41,INR,CTR0001,ON_CONTRACT,,2025-08-19
TXN000479,ERP_EXPORT,SUP0018,Urban Upkeep,Facilities Maintenance,Facilities,68158.15,INR,,OFF_CONTRACT,,2025-08-02
TXN000480,ERP_EXPORT,SUP0016,Prime Facility Care,Facilities Maintenance,Logistics,41385.87,INR,CTR0006,ON_CONTRACT,,2025-09-27
TXN000484,ERP_EXPORT,SUP0008,Orion Office Supplies,Office Supplies,Human Resources,16433.84,INR,CTR0003,ON_CONTRACT,,2025-09-04
TXN000485,ERP_EXPORT,SUP0014,Skyroute Travel,Travel,Finance,55913.77,INR,CTR0005,ON_CONTRACT,REQ00224,2025-11-25
TXN000487,ERP_EXPORT,SUP0016,Prime Facility Care,Facilities Maintenance,Human Resources,12726.78,INR,CTR0006,ON_CONTRACT,REQ00111,2025-12-03
TXN000488,ERP_EXPORT,SUP0005,Cloudspan Software,IT Software & Licences,Finance,44501.13,INR,CTR0002,ON_CONTRACT,,2025-08-12
TXN000489,ERP_EXPORT,SUP0014,Skyroute Travel,Travel,Operations,85933.74,INR,CTR0005,ON_CONTRACT,,2026-02-02
TXN000492,ERP_EXPORT,SUP0023,FleetBridge Cargo,Logistics & Freight,Marketing,63471.01,INR,,OFF_CONTRACT,,2026-01-11
TXN000493,ERP_EXPORT,SUP0008,Orion Office Supplies,Office Supplies,Human Resources,8379.77,INR,CTR0003,ON_CONTRACT,,2026-01-12
TXN000495,ERP_EXPORT,SUP0014,Skyroute Travel,Travel,Facilities,46023.27,INR,CTR0005,ON_CONTRACT,REQ00888,2026-02-19
TXN000496,ERP_EXPORT,SUP0005,Cloudspan Software,IT Software & Licences,Facilities,52101.98,INR,CTR0002,ON_CONTRACT,,2025-10-13
TXN000498,ERP_EXPORT,SUP0020,BrightArc Media,Marketing Services,Marketing,30882.85,INR,,OFF_CONTRACT,,2025-12-06
TXN000499,ERP_EXPORT,SUP0016,Prime Facility Care,Facilities Maintenance,IT,68463.69,INR,CTR0006,ON_CONTRACT,REQ00281,2025-07-17
TXN000500,ERP_EXPORT,SUP0008,Orion Office Supplies,Office Supplies,Facilities,24682.85,INR,CTR0003,ON_CONTRACT,REQ00445,2026-02-19
TXN000506,ERP_EXPORT,SUP0019,Lumen Creative,Marketing Services,Marketing,42766.37,INR,CTR0007,ON_CONTRACT,REQ00023,2026-01-27
TXN000508,ERP_EXPORT,SUP0005,Cloudspan Software,IT Software & Licences,Facilities,101366.41,INR,CTR0002,ON_CONTRACT,REQ00390,2025-06-03
TXN000509,ERP_EXPORT,SUP0014,Skyroute Travel,Travel,IT,85883.59,INR,CTR0005,ON_CONTRACT,REQ00678,2025-05-22
TXN000511,ERP_EXPORT,SUP0022,Transcore Logistics,Logistics & Freight,Human Resources,62913.46,INR,CTR0008,ON_CONTRACT,,2025-07-13
TXN000512,ERP_EXPORT,SUP0016,Prime Facility Care,Facilities Maintenance,IT,35094.58,INR,CTR0006,ON_CONTRACT,REQ00213,2026-03-19
TXN000513,ERP_EXPORT,SUP0022,Transcore Logistics,Logistics & Freight,Facilities,89416.46,INR,CTR0008,ON_CONTRACT,,2026-01-19
TXN000514,ERP_EXPORT,SUP0022,Transcore Logistics,Logistics & Freight,Facilities,83883.3,INR,CTR0008,ON_CONTRACT,,2025-05-22
TXN000515,ERP_EXPORT,SUP0014,Skyroute Travel,Travel,Human Resources,11707.93,INR,CTR0005,ON_CONTRACT,REQ00052,2025-05-22
TXN000516,ERP_EXPORT,SUP0010,Kanban Stationers,Office Supplies,Finance,2606.44,INR,,OFF_CONTRACT,REQ00119,2025-05-19
TXN000517,ERP_EXPORT,SUP0001,Nexa Technologies Pvt Ltd,IT Hardware,Marketing,83351.82,INR,CTR0001,ON_CONTRACT,REQ00449,2026-02-13
TXN000518,ERP_EXPORT,SUP0014,Skyroute Travel,Travel,Finance,74465.37,INR,CTR0005,ON_CONTRACT,REQ00411,2025-10-22
TXN000519,ERP_EXPORT,SUP0022,Transcore Logistics,Logistics & Freight,Logistics,93943.92,INR,CTR0008,ON_CONTRACT,,2026-02-27
TXN000521,ERP_EXPORT,SUP0022,Transcore Logistics,Logistics & Freight,Finance,61312.85,INR,CTR0008,ON_CONTRACT,,2026-03-17
TXN000522,ERP_EXPORT,SUP0008,Orion Office Supplies,Office Supplies,R&D,10760.49,INR,CTR0003,ON_CONTRACT,REQ00065,2025-08-12
TXN000526,ERP_EXPORT,SUP0022,Transcore Logistics,Logistics & Freight,Logistics,50901.53,INR,CTR0008,ON_CONTRACT,REQ00339,2025-08-21
TXN000527,ERP_EXPORT,SUP0001,Nexa Technologies Pvt Ltd,IT Hardware,R&D,89297.02,INR,CTR0001,ON_CONTRACT,REQ00241,2025-05-11
TXN000528,ERP_EXPORT,SUP0022,Transcore Logistics,Logistics & Freight,Facilities,34692.79,INR,CTR0008,ON_CONTRACT,,2025-11-15
TXN000529,ERP_EXPORT,SUP0016,Prime Facility Care,Facilities Maintenance,IT,13382.53,INR,CTR0006,ON_CONTRACT,REQ00423,2025-04-19
TXN000531,ERP_EXPORT,SUP0016,Prime Facility Care,Facilities Maintenance,Operations,58774.06,INR,CTR0006,ON_CONTRACT,,2025-09-17
TXN000532,ERP_EXPORT,SUP0022,Transcore Logistics,Logistics & Freight,Logistics,94976.57,INR,CTR0008,ON_CONTRACT,REQ00778,2026-03-04
TXN000533,ERP_EXPORT,SUP0011,Sterling Advisory,Professional Services,Human Resources,249293.74,INR,CTR0004,ON_CONTRACT,REQ00383,2026-03-26
TXN000534,ERP_EXPORT,SUP0005,Cloudspan Software,IT Software & Licences,Marketing,73320.33,INR,CTR0002,ON_CONTRACT,,2025-10-27
TXN000535,ERP_EXPORT,SUP0005,Cloudspan Software,IT Software & Licences,Facilities,95743.68,INR,CTR0002,ON_CONTRACT,,2025-10-19
TXN000537,ERP_EXPORT,SUP0006,Vertex Licensing,IT Software & Licences,Marketing,104212.98,INR,,OFF_CONTRACT,,2025-04-03
TXN000538,ERP_EXPORT,SUP0001,Nexa Technologies Pvt Ltd,IT Hardware,Logistics,63338.96,INR,CTR0001,ON_CONTRACT,,2025-06-30
TXN000539,ERP_EXPORT,SUP0009,Paperline Traders,Office Supplies,Finance,12362.52,INR,,OFF_CONTRACT,REQ00394,2025-11-01
TXN000546,ERP_EXPORT,SUP0001,Nexa Technologies Pvt Ltd,IT Hardware,Marketing,80515.22,INR,CTR0001,ON_CONTRACT,REQ00058,2025-07-12
TXN000548,ERP_EXPORT,SUP0014,Skyroute Travel,Travel,Finance,63069.0,INR,CTR0005,ON_CONTRACT,,2025-05-23
TXN000549,ERP_EXPORT,SUP0013,Adept Partners,Professional Services,Human Resources,149264.62,INR,,OFF_CONTRACT,,2025-04-25
TXN000553,ERP_EXPORT,SUP0005,Cloudspan Software,IT Software & Licences,Facilities,72950.22,INR,CTR0002,ON_CONTRACT,REQ00439,2025-08-21
TXN000554,ERP_EXPORT,SUP0014,Skyroute Travel,Travel,Human Resources,53996.91,INR,CTR0005,ON_CONTRACT,REQ00478,2026-03-30
TXN000556,ERP_EXPORT,SUP0014,Skyroute Travel,Travel,Finance,41085.6,INR,CTR0005,ON_CONTRACT,REQ00725,2025-09-10
TXN000557,ERP_EXPORT,SUP0013,Adept Partners,Professional Services,Marketing,68143.2,INR,,OFF_CONTRACT,REQ00550,2025-10-24
TXN000559,ERP_EXPORT,SUP0022,Transcore Logistics,Logistics & Freight,Finance,74676.39,INR,CTR0008,ON_CONTRACT,REQ00658,2026-02-09
TXN000562,ERP_EXPORT,SUP0011,Sterling Advisory,Professional Services,Facilities,84722.47,INR,CTR0004,ON_CONTRACT,REQ00792,2026-01-01
TXN000563,ERP_EXPORT,SUP0001,Nexa Technologies Pvt Ltd,IT Hardware,Operations,46137.58,INR,CTR0001,ON_CONTRACT,,2025-11-04
TXN000566,ERP_EXPORT,SUP0012,Cobalt Consulting,Professional Services,R&D,163882.71,INR,,OFF_CONTRACT,REQ00018,2025-10-17
TXN000568,ERP_EXPORT,SUP0016,Prime Facility Care,Facilities Maintenance,Human Resources,36248.5,INR,CTR0006,ON_CONTRACT,,2025-08-23
TXN000570,ERP_EXPORT,SUP0028,ORION OFFICE SUPPLIES,Office Supplies,Marketing,10009.88,INR,,OFF_CONTRACT,REQ00815,2026-02-26
TXN000571,ERP_EXPORT,SUP0016,Prime Facility Care,Facilities Maintenance,Marketing,40839.37,INR,CTR0006,ON_CONTRACT,REQ00006,2026-01-19
TXN000574,ERP_EXPORT,SUP0024,Nexa Technologies,IT Hardware,Facilities,121423.44,INR,,OFF_CONTRACT,REQ00069,2025-08-07
TXN000575,ERP_EXPORT,SUP0005,Cloudspan Software,IT Software & Licences,Finance,105548.19,INR,CTR0002,ON_CONTRACT,REQ00688,2026-03-02
TXN000577,ERP_EXPORT,SUP0008,Orion Office Supplies,Office Supplies,Finance,5382.69,INR,CTR0003,ON_CONTRACT,,2025-06-26
TXN000579,ERP_EXPORT,SUP0017,GreenEdge Services,Facilities Maintenance,Human Resources,39526.98,INR,,OFF_CONTRACT,REQ00112,2025-06-29
TXN000584,ERP_EXPORT,SUP0005,Cloudspan Software,IT Software & Licences,Operations,49518.92,INR,CTR0002,ON_CONTRACT,,2026-02-09
TXN000585,ERP_EXPORT,SUP0009,Paperline Traders,Office Supplies,Marketing,409050.63,INR,,OFF_CONTRACT,,2026-01-15
TXN000587,ERP_EXPORT,SUP0005,Cloudspan Software,IT Software & Licences,Operations,22965.65,INR,CTR0002,ON_CONTRACT,REQ00811,2025-10-02
TXN000588,ERP_EXPORT,SUP0019,Lumen Creative,Marketing Services,IT,38043.16,INR,CTR0007,ON_CONTRACT,REQ00665,2025-09-13
TXN000589,ERP_EXPORT,SUP0005,Cloudspan Software,IT Software & Licences,Human Resources,28444.81,INR,CTR0002,ON_CONTRACT,,2025-08-13
TXN000590,ERP_EXPORT,SUP0008,Orion Office Supplies,Office Supplies,Facilities,5493.76,INR,CTR0003,ON_CONTRACT,REQ00386,2025-07-24
TXN000592,ERP_EXPORT,SUP0001,Nexa Technologies Pvt Ltd,IT Hardware,Marketing,124335.59,INR,CTR0001,ON_CONTRACT,REQ00527,2026-02-24
TXN000593,ERP_EXPORT,SUP0014,Skyroute Travel,Travel,Finance,22914.17,INR,CTR0005,ON_CONTRACT,,2025-05-31
TXN000594,ERP_EXPORT,SUP0011,Sterling Advisory,Professional Services,Facilities,112590.13,INR,CTR0004,ON_CONTRACT,REQ00491,2025-12-02
TXN000596,ERP_EXPORT,SUP0008,Orion Office Supplies,Office Supplies,Marketing,12901.12,INR,CTR0003,ON_CONTRACT,REQ00416,2026-02-01
TXN000600,ERP_EXPORT,SUP0005,Cloudspan Software,IT Software & Licences,R&D,19291.2,INR,CTR0002,ON_CONTRACT,,2026-02-05
TXN000604,ERP_EXPORT,SUP0005,Cloudspan Software,IT Software & Licences,Operations,24313.77,INR,CTR0002,ON_CONTRACT,,2025-05-13
TXN000605,ERP_EXPORT,SUP0014,Skyroute Travel,Travel,Human Resources,17892.14,INR,CTR0005,ON_CONTRACT,REQ00727,2025-04-04
TXN000606,ERP_EXPORT,SUP0005,Cloudspan Software,IT Software & Licences,Operations,63381.77,INR,CTR0002,ON_CONTRACT,,2025-09-09
TXN000607,ERP_EXPORT,SUP0019,Lumen Creative,Marketing Services,Human Resources,48886.72,INR,CTR0007,ON_CONTRACT,REQ00549,2025-11-03
TXN000609,ERP_EXPORT,SUP0022,Transcore Logistics,Logistics & Freight,Logistics,53783.63,INR,CTR0008,ON_CONTRACT,REQ00315,2026-01-21
TXN000611,ERP_EXPORT,SUP0005,Cloudspan Software,IT Software & Licences,Finance,19127.77,INR,CTR0002,ON_CONTRACT,,2026-02-09
TXN000613,ERP_EXPORT,SUP0023,FleetBridge Cargo,Logistics & Freight,Human Resources,64115.73,INR,,OFF_CONTRACT,REQ00082,2026-02-06
TXN000615,ERP_EXPORT,SUP0022,Transcore Logistics,Logistics & Freight,Human Resources,84507.03,INR,CTR0008,ON_CONTRACT,REQ00803,2026-02-01
TXN000617,ERP_EXPORT,SUP0016,Prime Facility Care,Facilities Maintenance,Operations,13664.68,INR,CTR0006,ON_CONTRACT,REQ00755,2026-03-27
TXN000618,ERP_EXPORT,SUP0007,Meridian Softworks,IT Software & Licences,Finance,44072.15,INR,,OFF_CONTRACT,REQ00836,2025-08-20
TXN000619,ERP_EXPORT,SUP0011,Sterling Advisory,Professional Services,R&D,209302.27,INR,CTR0004,ON_CONTRACT,,2025-08-12
TXN000620,ERP_EXPORT,SUP0008,Orion Office Supplies,Office Supplies,Facilities,19209.97,INR,CTR0003,ON_CONTRACT,REQ00349,2025-05-30
TXN000622,ERP_EXPORT,SUP0022,Transcore Logistics,Logistics & Freight,Human Resources,29375.99,INR,CTR0008,ON_CONTRACT,REQ00649,2025-07-22
TXN000624,ERP_EXPORT,SUP0011,Sterling Advisory,Professional Services,Finance,141749.83,INR,CTR0004,ON_CONTRACT,REQ00183,2025-11-30
TXN000626,ERP_EXPORT,SUP0011,Sterling Advisory,Professional Services,Operations,117471.86,INR,CTR0004,ON_CONTRACT,,2025-07-15
TXN000627,ERP_EXPORT,SUP0011,Sterling Advisory,Professional Services,Finance,137132.29,INR,CTR0004,ON_CONTRACT,REQ00110,2025-06-01
TXN000631,ERP_EXPORT,SUP0022,Transcore Logistics,Logistics & Freight,R&D,71208.02,INR,CTR0008,ON_CONTRACT,,2025-06-29
TXN000632,ERP_EXPORT,SUP0023,FleetBridge Cargo,Logistics & Freight,IT,86302.17,INR,,OFF_CONTRACT,REQ00216,2025-10-12
TXN000634,ERP_EXPORT,SUP0016,Prime Facility Care,Facilities Maintenance,R&D,41926.81,INR,CTR0006,ON_CONTRACT,,2025-10-08
TXN000635,ERP_EXPORT,SUP0017,GreenEdge Services,Facilities Maintenance,Marketing,16430.32,INR,,OFF_CONTRACT,,2026-03-18
TXN000636,ERP_EXPORT,SUP0013,Adept Partners,Professional Services,Operations,133956.6,INR,,OFF_CONTRACT,,2025-10-13
TXN000639,ERP_EXPORT,SUP0014,Skyroute Travel,Travel,R&D,30077.94,INR,CTR0005,ON_CONTRACT,REQ00168,2025-05-01
TXN000641,ERP_EXPORT,SUP0016,Prime Facility Care,Facilities Maintenance,Human Resources,11204.27,INR,CTR0006,ON_CONTRACT,REQ00422,2025-06-02
TXN000642,ERP_EXPORT,SUP0018,Urban Upkeep,Facilities Maintenance,Marketing,29324.75,INR,,OFF_CONTRACT,,2025-08-24
TXN000643,ERP_EXPORT,SUP0016,Prime Facility Care,Facilities Maintenance,Logistics,22686.88,INR,CTR0006,ON_CONTRACT,,2025-10-13
TXN000645,ERP_EXPORT,SUP0019,Lumen Creative,Marketing Services,Facilities,36766.7,INR,CTR0007,ON_CONTRACT,REQ00352,2025-07-26
TXN000646,ERP_EXPORT,SUP0016,Prime Facility Care,Facilities Maintenance,Human Resources,63431.64,INR,CTR0006,ON_CONTRACT,,2025-10-20
TXN000651,ERP_EXPORT,SUP0022,Transcore Logistics,Logistics & Freight,Marketing,19214.38,INR,CTR0008,ON_CONTRACT,REQ00680,2025-09-30
TXN000653,ERP_EXPORT,SUP0008,Orion Office Supplies,Office Supplies,R&D,15497.35,INR,CTR0003,ON_CONTRACT,REQ00655,2025-12-30
TXN000654,ERP_EXPORT,SUP0015,Voyager Corporate Travel,Travel,Facilities,69126.04,INR,,OFF_CONTRACT,REQ00375,2025-10-29
TXN000655,ERP_EXPORT,SUP0014,Skyroute Travel,Travel,Marketing,586031.06,INR,,OFF_CONTRACT,REQ00481,2025-12-30
TXN000656,ERP_EXPORT,SUP0001,Nexa Technologies Pvt Ltd,IT Hardware,Logistics,44774.95,INR,CTR0001,ON_CONTRACT,REQ00785,2025-11-07
TXN000661,ERP_EXPORT,SUP0022,Transcore Logistics,Logistics & Freight,Logistics,41556.03,INR,CTR0008,ON_CONTRACT,REQ00020,2025-06-17
TXN000662,ERP_EXPORT,SUP0001,Nexa Technologies Pvt Ltd,IT Hardware,Facilities,177909.86,INR,CTR0001,ON_CONTRACT,REQ00129,2025-11-11
TXN000663,ERP_EXPORT,SUP0001,Nexa Technologies Pvt Ltd,IT Hardware,Logistics,118895.1,INR,CTR0001,ON_CONTRACT,REQ00431,2025-09-07
TXN000665,ERP_EXPORT,SUP0005,Cloudspan Software,IT Software & Licences,Human Resources,25687.16,INR,CTR0002,ON_CONTRACT,,2025-04-07
TXN000666,ERP_EXPORT,SUP0007,Meridian Softworks,IT Software & Licences,Logistics,31050.21,INR,,OFF_CONTRACT,REQ00035,2025-07-11
TXN000667,ERP_EXPORT,SUP0022,Transcore Logistics,Logistics & Freight,Operations,32414.49,INR,CTR0008,ON_CONTRACT,REQ00698,2025-09-07
TXN000669,ERP_EXPORT,SUP0018,Urban Upkeep,Facilities Maintenance,Facilities,21194.02,INR,,OFF_CONTRACT,REQ00445,2025-09-14
TXN000670,ERP_EXPORT,SUP0001,Nexa Technologies Pvt Ltd,IT Hardware,Facilities,69189.75,INR,CTR0001,ON_CONTRACT,REQ00249,2025-04-05
TXN000672,ERP_EXPORT,SUP0018,Urban Upkeep,Facilities Maintenance,Finance,63805.93,INR,,OFF_CONTRACT,,2026-03-26
TXN000673,ERP_EXPORT,SUP0005,Cloudspan Software,IT Software & Licences,Finance,23424.54,INR,CTR0002,ON_CONTRACT,,2025-11-11
TXN000674,ERP_EXPORT,SUP0011,Sterling Advisory,Professional Services,Marketing,150147.39,INR,CTR0004,ON_CONTRACT,REQ00041,2025-12-05
TXN000675,ERP_EXPORT,SUP0022,Transcore Logistics,Logistics & Freight,Logistics,46062.94,INR,CTR0008,ON_CONTRACT,REQ00192,2026-01-04
TXN000676,ERP_EXPORT,SUP0016,Prime Facility Care,Facilities Maintenance,Marketing,68942.72,INR,CTR0006,ON_CONTRACT,REQ00159,2025-11-17
TXN000677,ERP_EXPORT,SUP0015,Voyager Corporate Travel,Travel,  it  ,17187.19,INR,,OFF_CONTRACT,,2025-04-10
TXN000678,ERP_EXPORT,SUP0016,Prime Facility Care,Facilities Maintenance,Facilities,33871.34,INR,CTR0006,ON_CONTRACT,,2026-01-01
TXN000680,ERP_EXPORT,SUP0005,Cloudspan Software,IT Software & Licences,Marketing,105878.25,INR,CTR0002,ON_CONTRACT,REQ00033,2025-07-13
TXN000681,ERP_EXPORT,SUP0005,Cloudspan Software,IT Software & Licences,R&D,100792.57,INR,CTR0002,ON_CONTRACT,,2025-12-26
TXN000682,ERP_EXPORT,SUP0014,Skyroute Travel,Travel,Facilities,29148.03,INR,CTR0005,ON_CONTRACT,REQ00214,2026-03-02
TXN000683,ERP_EXPORT,SUP0022,Transcore Logistics,Logistics & Freight,IT,26183.67,INR,CTR0008,ON_CONTRACT,REQ00762,2025-10-30
TXN000685,ERP_EXPORT,SUP0014,Skyroute Travel,Travel,Facilities,84208.83,INR,CTR0005,ON_CONTRACT,REQ00237,2025-12-29
TXN000686,ERP_EXPORT,SUP0019,Lumen Creative,Marketing Services,Operations,97946.81,INR,CTR0007,ON_CONTRACT,,2025-07-01
TXN000687,ERP_EXPORT,SUP0021,Pulse Marketing Co,Marketing Services,Logistics,100025.78,INR,,OFF_CONTRACT,,2025-11-05
TXN000688,ERP_EXPORT,SUP0005,Cloudspan Software,IT Software & Licences,R&D,44397.8,INR,CTR0002,ON_CONTRACT,REQ00674,2025-06-20
TXN000689,ERP_EXPORT,SUP0023,FleetBridge Cargo,Logistics & Freight,Finance,75867.91,INR,,OFF_CONTRACT,,2025-10-29
TXN000691,ERP_EXPORT,SUP0019,Lumen Creative,Marketing Services,Human Resources,65315.09,INR,CTR0007,ON_CONTRACT,,2025-12-22
TXN000692,ERP_EXPORT,SUP0010,Kanban Stationers,Office Supplies,Operations,11785.04,INR,,OFF_CONTRACT,REQ00323,2025-04-12
TXN000693,ERP_EXPORT,SUP0014,Skyroute Travel,Travel,Logistics,49624.05,INR,CTR0005,ON_CONTRACT,REQ00142,2025-08-14
TXN000694,ERP_EXPORT,SUP0016,Prime Facility Care,Facilities Maintenance,Human Resources,24544.58,INR,CTR0006,ON_CONTRACT,REQ00410,2026-01-17
TXN000695,ERP_EXPORT,SUP0013,Adept Partners,Professional Services,Logistics,64115.73,INR,,OFF_CONTRACT,REQ00846,2026-03-20
TXN000696,ERP_EXPORT,SUP0005,Cloudspan Software,IT Software & Licences,R&D,79115.1,INR,CTR0002,ON_CONTRACT,REQ00058,2025-09-19
TXN000697,ERP_EXPORT,SUP0017,GreenEdge Services,Facilities Maintenance,Facilities,27317.83,INR,,OFF_CONTRACT,,2025-07-26
TXN000700,ERP_EXPORT,SUP0008,Orion Office Supplies,Office Supplies,IT,13066.22,INR,CTR0003,ON_CONTRACT,REQ00269,2025-05-14
TXN000703,ERP_EXPORT,SUP0016,Prime Facility Care,Facilities Maintenance,Facilities,30196.26,INR,CTR0006,ON_CONTRACT,,2025-11-03
TXN000704,ERP_EXPORT,SUP0016,Prime Facility Care,Facilities Maintenance,IT,18064.88,INR,CTR0006,ON_CONTRACT,,2025-06-26
TXN000706,ERP_EXPORT,SUP0002,Zenith Computing,IT Hardware,Finance,178443.84,INR,,OFF_CONTRACT,REQ00746,2025-05-14
TXN000709,ERP_EXPORT,SUP0011,Sterling Advisory,Professional Services,Human Resources,93474.54,INR,CTR0004,ON_CONTRACT,REQ00638,2025-06-12
TXN000711,ERP_EXPORT,SUP0013,Adept Partners,Professional Services,Logistics,199647.85,INR,,OFF_CONTRACT,,2025-04-05
TXN000712,ERP_EXPORT,SUP0005,Cloudspan Software,IT Software & Licences,Finance,77542.07,INR,CTR0002,ON_CONTRACT,,2025-04-10
TXN000713,ERP_EXPORT,SUP0015,Voyager Corporate Travel,Travel,R&D,46669.25,INR,,OFF_CONTRACT,REQ00727,2025-05-21
TXN000714,ERP_EXPORT,SUP0016,Prime Facility Care,Facilities Maintenance,Facilities,34710.45,INR,CTR0006,ON_CONTRACT,REQ00513,2025-11-21
TXN000716,ERP_EXPORT,SUP0001,Nexa Technologies Pvt Ltd,IT Hardware,Human Resources,169077.02,INR,CTR0001,ON_CONTRACT,REQ00514,2025-08-20
TXN000719,ERP_EXPORT,SUP0011,Sterling Advisory,Professional Services,R&D,66102.42,INR,CTR0004,ON_CONTRACT,,2026-02-04
TXN000720,ERP_EXPORT,SUP0016,Prime Facility Care,Facilities Maintenance,Marketing,53852.05,INR,CTR0006,ON_CONTRACT,,2026-03-17
TXN000722,ERP_EXPORT,SUP0008,Orion Office Supplies,Office Supplies,Facilities,780852.85,INR,,OFF_CONTRACT,REQ00860,2025-06-14
TXN000724,ERP_EXPORT,SUP0014,Skyroute Travel,Travel,Marketing,68771.89,INR,CTR0005,ON_CONTRACT,REQ00781,2026-02-08
TXN000731,ERP_EXPORT,SUP0002,Zenith Computing,IT Hardware,R&D,50461.2,INR,,OFF_CONTRACT,,2025-04-21
TXN000733,ERP_EXPORT,SUP0022,Transcore Logistics,Logistics & Freight,IT,67211.37,INR,CTR0008,ON_CONTRACT,,2025-06-12
TXN000734,ERP_EXPORT,SUP0023,FleetBridge Cargo,Logistics & Freight,Facilities,55414.43,INR,,OFF_CONTRACT,REQ00600,2026-03-23
TXN000735,ERP_EXPORT,SUP0008,Orion Office Supplies,Office Supplies,IT,10253.1,INR,CTR0003,ON_CONTRACT,REQ00605,2026-03-31
TXN000736,ERP_EXPORT,SUP0011,Sterling Advisory,Professional Services,Marketing,224212.11,INR,CTR0004,ON_CONTRACT,,2025-06-03
TXN000737,ERP_EXPORT,SUP0005,Cloudspan Software,IT Software & Licences,Finance,56206.74,INR,CTR0002,ON_CONTRACT,REQ00725,2025-10-14
TXN000738,ERP_EXPORT,SUP0008,Orion Office Supplies,Office Supplies,  it  ,20781.79,INR,CTR0003,ON_CONTRACT,,2026-01-15
TXN000739,ERP_EXPORT,SUP0008,Orion Office Supplies,Office Supplies,IT,12100.1,INR,CTR0003,ON_CONTRACT,REQ00317,2025-11-15
TXN000740,ERP_EXPORT,SUP0014,Skyroute Travel,Travel,Marketing,38909.44,INR,CTR0005,ON_CONTRACT,,2025-04-02
TXN000741,ERP_EXPORT,SUP0014,Skyroute Travel,Travel,Logistics,45939.74,INR,CTR0005,ON_CONTRACT,REQ00006,2026-02-06
TXN000742,ERP_EXPORT,SUP0022,Transcore Logistics,Logistics & Freight,Logistics,37014.36,INR,CTR0008,ON_CONTRACT,REQ00453,2025-05-11
TXN000743,ERP_EXPORT,SUP0001,Nexa Technologies Pvt Ltd,,Operations,140879.45,INR,CTR0001,ON_CONTRACT,REQ00152,2025-04-29
TXN000745,ERP_EXPORT,SUP0005,Cloudspan Software,IT Software & Licences,Human Resources,39382.33,INR,CTR0002,ON_CONTRACT,,2026-03-21
TXN000746,ERP_EXPORT,SUP0028,ORION OFFICE SUPPLIES,Office Supplies,IT,22690.22,INR,,OFF_CONTRACT,REQ00307,2025-09-13
TXN000748,ERP_EXPORT,SUP0014,Skyroute Travel,Travel,Operations,52571.33,INR,CTR0005,ON_CONTRACT,,2026-02-08
TXN000751,ERP_EXPORT,SUP0008,Orion Office Supplies,Office Supplies,Logistics,4688.65,INR,CTR0003,ON_CONTRACT,REQ00185,2026-02-07
TXN000754,ERP_EXPORT,SUP0011,Sterling Advisory,Professional Services,Human Resources,110330.18,INR,CTR0004,ON_CONTRACT,REQ00070,2025-09-05
TXN000755,ERP_EXPORT,SUP0014,Skyroute Travel,Travel,IT,19420.31,INR,CTR0005,ON_CONTRACT,REQ00342,2025-09-22
TXN000758,ERP_EXPORT,SUP0003,BluePeak Systems,IT Hardware,Finance,107686.47,INR,,OFF_CONTRACT,,2025-04-10
TXN000759,ERP_EXPORT,SUP0011,Sterling Advisory,Professional Services,Finance,227717.44,INR,CTR0004,ON_CONTRACT,REQ00153,2025-08-22
TXN000760,ERP_EXPORT,SUP0001,Nexa Technologies Pvt Ltd,IT Hardware,Marketing,147232.57,INR,CTR0001,ON_CONTRACT,,2025-10-17
TXN000762,ERP_EXPORT,SUP0001,Nexa Technologies Pvt Ltd,IT Hardware,Operations,73316.92,INR,CTR0001,ON_CONTRACT,REQ00850,2025-09-02
TXN000763,ERP_EXPORT,SUP0011,Sterling Advisory,Professional Services,Finance,92182.72,INR,CTR0004,ON_CONTRACT,,2025-07-13
TXN000764,ERP_EXPORT,SUP0005,Cloudspan Software,IT Software & Licences,Logistics,93114.36,INR,CTR0002,ON_CONTRACT,,2025-06-18
TXN000765,ERP_EXPORT,SUP0011,Sterling Advisory,Professional Services,Human Resources,47041.81,INR,CTR0004,ON_CONTRACT,,2025-06-13
TXN000771,ERP_EXPORT,SUP0011,Sterling Advisory,Professional Services,Finance,63232.66,INR,CTR0004,ON_CONTRACT,REQ00052,2025-06-06
TXN000773,ERP_EXPORT,SUP0022,Transcore Logistics,Logistics & Freight,Operations,22581.56,INR,CTR0008,ON_CONTRACT,,2026-03-10
TXN000774,ERP_EXPORT,SUP0006,Vertex Licensing,IT Software & Licences,Facilities,56715.17,INR,,OFF_CONTRACT,,2026-03-24
TXN000775,ERP_EXPORT,SUP0022,Transcore Logistics,Logistics & Freight,Logistics,78175.52,INR,CTR0008,ON_CONTRACT,REQ00230,2025-06-13
TXN000776,ERP_EXPORT,SUP0015,Voyager Corporate Travel,Travel,Finance,20293.23,INR,,OFF_CONTRACT,,2025-09-14
TXN000777,ERP_EXPORT,SUP0022,Transcore Logistics,Logistics & Freight,Facilities,31027.87,INR,CTR0008,ON_CONTRACT,REQ00473,2025-06-27
TXN000778,ERP_EXPORT,SUP0014,Skyroute Travel,Travel,R&D,67224.71,INR,CTR0005,ON_CONTRACT,,2025-05-25
TXN000779,ERP_EXPORT,SUP0016,Prime Facility Care,Facilities Maintenance,Human Resources,53202.19,INR,CTR0006,ON_CONTRACT,REQ00411,2026-01-28
TXN000780,ERP_EXPORT,SUP0019,Lumen Creative,Marketing Services,Marketing,109760.67,INR,CTR0007,ON_CONTRACT,,2025-10-14
TXN000782,ERP_EXPORT,SUP0016,Prime Facility Care,Facilities Maintenance,Facilities,42563.47,INR,CTR0006,ON_CONTRACT,,2026-03-31
TXN000783,ERP_EXPORT,SUP0022,Transcore Logistics,Logistics & Freight,Finance,32899.32,INR,CTR0008,ON_CONTRACT,,2025-11-14
TXN000784,ERP_EXPORT,SUP0008,Orion Office Supplies,Office Supplies,Facilities,9951.01,INR,CTR0003,ON_CONTRACT,,2026-01-31
TXN000786,ERP_EXPORT,SUP0008,Orion Office Supplies,Office Supplies,Logistics,22894.36,INR,CTR0003,ON_CONTRACT,REQ00698,2025-09-10
TXN000788,ERP_EXPORT,SUP0018,Urban Upkeep,Facilities Maintenance,R&D,34051.09,INR,,OFF_CONTRACT,,2025-08-29
TXN000789,ERP_EXPORT,SUP0001,Nexa Technologies Pvt Ltd,IT Hardware,IT,96610.9,INR,CTR0001,ON_CONTRACT,REQ00574,2025-10-01
TXN000790,ERP_EXPORT,SUP0005,Cloudspan Software,IT Software & Licences,R&D,114464.75,INR,CTR0002,ON_CONTRACT,,2026-03-31
TXN000791,ERP_EXPORT,SUP0019,Lumen Creative,Marketing Services,Operations,41469.2,INR,CTR0007,ON_CONTRACT,,2025-11-30
TXN000792,ERP_EXPORT,SUP0008,Orion Office Supplies,Office Supplies,Finance,15483.29,INR,CTR0003,ON_CONTRACT,,2025-06-18
TXN000793,ERP_EXPORT,SUP0014,Skyroute Travel,Travel,Facilities,49482.87,INR,CTR0005,ON_CONTRACT,,2025-06-13
TXN000796,ERP_EXPORT,SUP0019,Lumen Creative,Marketing Services,Operations,142097.35,INR,CTR0007,ON_CONTRACT,,2025-08-16
TXN000797,ERP_EXPORT,SUP0021,Pulse Marketing Co,Marketing Services,IT,150496.56,INR,,OFF_CONTRACT,,2026-03-27
TXN000798,ERP_EXPORT,SUP0016,Prime Facility Care,Facilities Maintenance,Facilities,43907.99,INR,CTR0006,ON_CONTRACT,REQ00749,2025-12-26
TXN000799,ERP_EXPORT,SUP0014,Skyroute Travel,Travel,Facilities,65125.37,INR,CTR0005,ON_CONTRACT,REQ00646,2026-03-06
TXN000800,ERP_EXPORT,SUP0005,Cloudspan Software,IT Software & Licences,Human Resources,111862.44,INR,CTR0002,ON_CONTRACT,,2025-09-23
TXN000801,ERP_EXPORT,SUP0001,Nexa Technologies Pvt Ltd,IT Hardware,Logistics,134621.99,INR,CTR0001,ON_CONTRACT,,2025-09-17
TXN000803,ERP_EXPORT,SUP0015,Voyager Corporate Travel,Travel,Logistics,55255.65,INR,,OFF_CONTRACT,,2026-01-19
TXN000804,ERP_EXPORT,SUP0001,Nexa Technologies Pvt Ltd,IT Hardware,IT,119040.83,INR,CTR0001,ON_CONTRACT,REQ00085,2025-06-04
TXN000805,ERP_EXPORT,SUP0006,Vertex Licensing,IT Software & Licences,Human Resources,59533.72,INR,,OFF_CONTRACT,REQ00264,2025-04-08
TXN000812,ERP_EXPORT,SUP0001,Nexa Technologies Pvt Ltd,IT Hardware,Finance,155029.2,INR,CTR0001,ON_CONTRACT,,2025-11-08
TXN000813,ERP_EXPORT,SUP0014,Skyroute Travel,Travel,Facilities,18222.34,INR,CTR0005,ON_CONTRACT,REQ00599,2025-10-18
TXN000815,ERP_EXPORT,SUP0001,Nexa Technologies Pvt Ltd,IT Hardware,Facilities,159833.94,INR,CTR0001,ON_CONTRACT,,2025-09-27
TXN000816,ERP_EXPORT,SUP0012,Cobalt Consulting,Professional Services,IT,148955.99,INR,,OFF_CONTRACT,,2025-04-30
TXN000817,ERP_EXPORT,SUP0013,Adept Partners,Professional Services,Facilities,164167.84,INR,,OFF_CONTRACT,REQ00620,2025-06-06
TXN000819,ERP_EXPORT,SUP0008,Orion Office Supplies,Office Supplies,Facilities,3259.52,INR,CTR0003,ON_CONTRACT,,2025-08-20
TXN000821,ERP_EXPORT,SUP0019,Lumen Creative,Marketing Services,Human Resources,132399.48,INR,CTR0007,ON_CONTRACT,REQ00072,2025-12-08
TXN000822,ERP_EXPORT,SUP0011,Sterling Advisory,Professional Services,Logistics,40972.72,INR,CTR0004,ON_CONTRACT,REQ00554,2025-11-07
TXN000823,ERP_EXPORT,SUP0011,Sterling Advisory,Professional Services,Logistics,110034.83,INR,CTR0004,ON_CONTRACT,,2025-05-23
TXN000824,ERP_EXPORT,SUP0001,Nexa Technologies Pvt Ltd,IT Hardware,Human Resources,86716.15,INR,CTR0001,ON_CONTRACT,,2025-04-10
TXN000828,ERP_EXPORT,SUP0016,Prime Facility Care,Facilities Maintenance,Facilities,30817.19,INR,CTR0006,ON_CONTRACT,REQ00874,2025-09-22
TXN000832,ERP_EXPORT,SUP0001,Nexa Technologies Pvt Ltd,IT Hardware,IT,95128.13,INR,CTR0001,ON_CONTRACT,REQ00217,2026-03-01
TXN000838,ERP_EXPORT,SUP0001,Nexa Technologies Pvt Ltd,IT Hardware,Facilities,81171.05,INR,CTR0001,ON_CONTRACT,REQ00776,2025-10-30
TXN000839,ERP_EXPORT,SUP0008,Orion Office Supplies,Office Supplies,Logistics,15353.53,INR,CTR0003,ON_CONTRACT,REQ00596,2025-04-21
TXN000841,ERP_EXPORT,SUP0022,Transcore Logistics,Logistics & Freight,Facilities,13086.84,INR,CTR0008,ON_CONTRACT,,2026-01-29
TXN000843,ERP_EXPORT,SUP0008,Orion Office Supplies,Office Supplies,R&D,6094.83,INR,CTR0003,ON_CONTRACT,REQ00179,2026-02-07
TXN000845,ERP_EXPORT,SUP0011,Sterling Advisory,Professional Services,Facilities,71219.17,INR,CTR0004,ON_CONTRACT,,2026-01-02
TXN000849,ERP_EXPORT,SUP0022,Transcore Logistics,Logistics & Freight,Operations,53682.19,INR,CTR0008,ON_CONTRACT,,2025-09-14
TXN000850,ERP_EXPORT,SUP0012,Cobalt Consulting,Professional Services,Operations,165030.85,INR,,OFF_CONTRACT,,2025-07-12
TXN000851,ERP_EXPORT,SUP0019,Lumen Creative,Marketing Services,Logistics,29390.71,INR,CTR0007,ON_CONTRACT,REQ00447,2025-06-14
TXN000852,ERP_EXPORT,SUP0012,Cobalt Consulting,Professional Services,Finance,197491.7,INR,,OFF_CONTRACT,REQ00738,2025-07-09
TXN000853,ERP_EXPORT,SUP0016,Prime Facility Care,Facilities Maintenance,IT,22594.34,INR,CTR0006,ON_CONTRACT,,2025-05-01
TXN000855,ERP_EXPORT,SUP0013,Adept Partners,Professional Services,Marketing,83079.32,INR,,OFF_CONTRACT,,2026-01-09
TXN000857,ERP_EXPORT,SUP0023,FleetBridge Cargo,Logistics & Freight,R&D,15033.62,INR,,OFF_CONTRACT,,2025-08-05
TXN000858,ERP_EXPORT,SUP0011,Sterling Advisory,Professional Services,Marketing,139134.06,INR,CTR0004,ON_CONTRACT,,2025-04-03
TXN000860,ERP_EXPORT,SUP0005,Cloudspan Software,IT Software & Licences,IT,21899.41,INR,CTR0002,ON_CONTRACT,,2025-10-26
TXN000861,ERP_EXPORT,SUP0011,Sterling Advisory,Professional Services,Facilities,202860.8,INR,CTR0004,ON_CONTRACT,REQ00686,2025-09-04
TXN000863,ERP_EXPORT,SUP0027,Orion Office Supplies Ltd,Office Supplies,Finance,14060.98,INR,,OFF_CONTRACT,,2026-03-27
TXN000864,ERP_EXPORT,SUP0001,Nexa Technologies Pvt Ltd,IT Hardware,Finance,93318.23,INR,CTR0001,ON_CONTRACT,REQ00304,2025-11-05
TXN000866,ERP_EXPORT,SUP0016,Prime Facility Care,Facilities Maintenance,Logistics,43578.42,INR,CTR0006,ON_CONTRACT,,2025-10-05
TXN000867,ERP_EXPORT,SUP0016,Prime Facility Care,Facilities Maintenance,Facilities,19314.41,INR,CTR0006,ON_CONTRACT,,2025-07-14
TXN000868,ERP_EXPORT,SUP0009,Paperline Traders,Office Supplies,Logistics,6184.35,INR,,OFF_CONTRACT,,2026-01-23
TXN000869,ERP_EXPORT,SUP0011,Sterling Advisory,Professional Services,Human Resources,220974.98,INR,CTR0004,ON_CONTRACT,REQ00434,2025-08-20
TXN000870,ERP_EXPORT,SUP0001,Nexa Technologies Pvt Ltd,IT Hardware,Logistics,171647.9,INR,CTR0001,ON_CONTRACT,REQ00850,2025-06-02
TXN000872,ERP_EXPORT,SUP0005,Cloudspan Software,IT Software & Licences,Facilities,43428.19,INR,CTR0002,ON_CONTRACT,REQ00283,2025-05-28
TXN000874,ERP_EXPORT,SUP0008,Orion Office Supplies,Office Supplies,IT,11400.89,INR,CTR0003,ON_CONTRACT,REQ00065,2025-04-12
TXN000876,ERP_EXPORT,SUP0022,Transcore Logistics,Logistics & Freight,Human Resources,24960.67,INR,CTR0008,ON_CONTRACT,REQ00267,2025-07-26
TXN000877,ERP_EXPORT,SUP0022,Transcore Logistics,Logistics & Freight,IT,71425.69,INR,CTR0008,ON_CONTRACT,REQ00292,2025-11-20
TXN000878,ERP_EXPORT,SUP0008,Orion Office Supplies,Office Supplies,Human Resources,17155.25,INR,CTR0003,ON_CONTRACT,REQ00180,2026-03-29
TXN000879,ERP_EXPORT,SUP0008,Orion Office Supplies,Office Supplies,Finance,2623.21,INR,CTR0003,ON_CONTRACT,,2025-11-12
TXN000880,ERP_EXPORT,SUP0014,Skyroute Travel,Travel,IT,26201.72,INR,CTR0005,ON_CONTRACT,,2025-09-24
TXN000881,ERP_EXPORT,SUP0008,Orion Office Supplies,Office Supplies,Marketing,7314.72,INR,CTR0003,ON_CONTRACT,REQ00125,2025-04-13
TXN000883,ERP_EXPORT,SUP0016,Prime Facility Care,Facilities Maintenance,Human Resources,11182.63,INR,CTR0006,ON_CONTRACT,,2026-01-19
TXN000884,ERP_EXPORT,SUP0027,Orion Office Supplies Ltd,Office Supplies,Facilities,4394.5,INR,,OFF_CONTRACT,,2025-04-21
TXN000885,ERP_EXPORT,SUP0008,Orion Office Supplies,Office Supplies,IT,20398.07,INR,CTR0003,ON_CONTRACT,REQ00862,2025-07-22
TXN000886,ERP_EXPORT,SUP0022,Transcore Logistics,Logistics & Freight,Operations,26819.21,INR,CTR0008,ON_CONTRACT,,2025-07-23
TXN000887,ERP_EXPORT,SUP0014,Skyroute Travel,Travel,Logistics,61525.18,INR,CTR0005,ON_CONTRACT,,2025-05-15
TXN000888,ERP_EXPORT,SUP0019,Lumen Creative,Marketing Services,IT,53345.59,INR,CTR0007,ON_CONTRACT,,2025-10-02
TXN000892,ERP_EXPORT,SUP0028,ORION OFFICE SUPPLIES,Office Supplies,Operations,21681.02,INR,,OFF_CONTRACT,REQ00889,2025-12-25
TXN000894,ERP_EXPORT,SUP0014,Skyroute Travel,Travel,Marketing,40569.05,INR,CTR0005,ON_CONTRACT,REQ00853,2025-10-13
TXN000895,ERP_EXPORT,SUP0014,Skyroute Travel,Travel,Human Resources,62782.98,INR,CTR0005,ON_CONTRACT,,2025-09-03
TXN000896,ERP_EXPORT,SUP0022,Transcore Logistics,Logistics & Freight,IT,29013.7,INR,CTR0008,ON_CONTRACT,,2025-06-18
TXN000899,ERP_EXPORT,SUP0016,Prime Facility Care,Facilities Maintenance,Human Resources,10780.12,INR,CTR0006,ON_CONTRACT,,2025-11-30
TXN000901,ERP_EXPORT,SUP0008,Orion Office Supplies,Office Supplies,Finance,6781.38,INR,CTR0003,ON_CONTRACT,REQ00365,2025-04-25
TXN000904,ERP_EXPORT,SUP0016,Prime Facility Care,Facilities Maintenance,Marketing,44982.49,INR,CTR0006,ON_CONTRACT,REQ00531,2025-08-23
TXN000905,ERP_EXPORT,SUP0017,GreenEdge Services,Facilities Maintenance,Marketing,35285.47,INR,,OFF_CONTRACT,REQ00159,2025-12-14
TXN000907,ERP_EXPORT,SUP0027,Orion Office Supplies Ltd,Office Supplies,Finance,20801.2,INR,,OFF_CONTRACT,REQ00453,2026-01-31
TXN000908,ERP_EXPORT,SUP0016,Prime Facility Care,Facilities Maintenance,Facilities,30509.04,INR,CTR0006,ON_CONTRACT,REQ00878,2026-03-22
TXN000909,ERP_EXPORT,SUP0008,Orion Office Supplies,Office Supplies,Operations,7966.74,INR,CTR0003,ON_CONTRACT,REQ00081,2025-11-04
TXN000912,ERP_EXPORT,SUP0007,Meridian Softworks,IT Software & Licences,Operations,43146.68,INR,,OFF_CONTRACT,REQ00360,2025-04-15
TXN000914,ERP_EXPORT,SUP0011,Sterling Advisory,Professional Services,IT,125976.45,INR,CTR0004,ON_CONTRACT,REQ00733,2025-07-08
TXN000916,ERP_EXPORT,SUP0013,Adept Partners,Professional Services,Marketing,131586.57,INR,,OFF_CONTRACT,REQ00110,2025-07-02
TXN000917,ERP_EXPORT,SUP0017,GreenEdge Services,Facilities Maintenance,Operations,27667.95,INR,,OFF_CONTRACT,REQ00780,2025-09-08
TXN000918,ERP_EXPORT,SUP0005,Cloudspan Software,IT Software & Licences,Logistics,114587.6,INR,CTR0002,ON_CONTRACT,,2026-03-27
TXN000919,ERP_EXPORT,SUP0014,Skyroute Travel,Travel,Finance,70615.68,INR,CTR0005,ON_CONTRACT,REQ00395,2025-08-24
TXN000920,ERP_EXPORT,SUP0022,Transcore Logistics,Logistics & Freight,Logistics,23629.39,INR,CTR0008,ON_CONTRACT,REQ00418,2025-08-27
TXN000921,ERP_EXPORT,SUP0019,Lumen Creative,Marketing Services,Logistics,141585.52,INR,CTR0007,ON_CONTRACT,,2025-10-06
TXN000923,ERP_EXPORT,SUP0005,Cloudspan Software,IT Software & Licences,Operations,108927.98,INR,CTR0002,ON_CONTRACT,REQ00610,2025-10-24
TXN000924,ERP_EXPORT,SUP0005,Cloudspan Software,IT Software & Licences,Logistics,98984.8,INR,CTR0002,ON_CONTRACT,REQ00731,2026-01-23
TXN000925,ERP_EXPORT,SUP0015,Voyager Corporate Travel,Travel,R&D,42867.51,INR,,OFF_CONTRACT,,2025-12-18
TXN000926,ERP_EXPORT,SUP0014,Skyroute Travel,Travel,Facilities,9842.48,INR,CTR0005,ON_CONTRACT,REQ00510,2025-07-28
TXN000929,ERP_EXPORT,SUP0014,Skyroute Travel,Travel,Human Resources,59945.21,INR,CTR0005,ON_CONTRACT,REQ00829,2026-01-02
TXN000931,ERP_EXPORT,SUP0022,Transcore Logistics,Logistics & Freight,Human Resources,23566.55,INR,CTR0008,ON_CONTRACT,,2025-06-24
TXN000932,ERP_EXPORT,SUP0022,Transcore Logistics,Logistics & Freight,R&D,81299.21,INR,CTR0008,ON_CONTRACT,REQ00113,2026-01-17
TXN000934,ERP_EXPORT,SUP0019,Lumen Creative,Marketing Services,Human Resources,93596.63,INR,CTR0007,ON_CONTRACT,REQ00029,2026-01-28
TXN000935,ERP_EXPORT,SUP0001,Nexa Technologies Pvt Ltd,IT Hardware,IT,51610.29,INR,CTR0001,ON_CONTRACT,,2026-02-15
TXN000936,ERP_EXPORT,SUP0016,Prime Facility Care,Facilities Maintenance,Finance,26338.44,INR,CTR0006,ON_CONTRACT,REQ00058,2026-03-05
TXN000938,ERP_EXPORT,SUP0016,Prime Facility Care,Facilities Maintenance,IT,64857.93,INR,CTR0006,ON_CONTRACT,REQ00885,2025-11-03
TXN000943,ERP_EXPORT,SUP0005,Cloudspan Software,IT Software & Licences,R&D,83399.14,INR,CTR0002,ON_CONTRACT,REQ00815,2025-05-10
TXN000944,ERP_EXPORT,SUP0014,Skyroute Travel,Travel,Finance,76038.83,INR,CTR0005,ON_CONTRACT,REQ00412,2025-08-07
TXN000945,ERP_EXPORT,SUP0022,Transcore Logistics,Logistics & Freight,IT,29132.97,INR,CTR0008,ON_CONTRACT,,2025-12-21
TXN000946,ERP_EXPORT,SUP0008,Orion Office Supplies,Office Supplies,Logistics,2252.9,INR,CTR0003,ON_CONTRACT,REQ00654,2025-12-29
TXN000948,ERP_EXPORT,SUP0015,Voyager Corporate Travel,Travel,Facilities,81801.53,INR,,OFF_CONTRACT,,2025-10-29
TXN000949,ERP_EXPORT,SUP0014,Skyroute Travel,Travel,Operations,79658.99,INR,CTR0005,ON_CONTRACT,REQ00117,2025-06-16
TXN000951,ERP_EXPORT,SUP0019,Lumen Creative,Marketing Services,Marketing,104072.36,INR,CTR0007,ON_CONTRACT,REQ00030,2025-08-11
TXN000952,ERP_EXPORT,SUP0014,Skyroute Travel,Travel,IT,62533.01,INR,CTR0005,ON_CONTRACT,,2025-12-05
TXN000956,ERP_EXPORT,SUP0006,Vertex Licensing,IT Software & Licences,R&D,55229.55,INR,,OFF_CONTRACT,,2025-07-30
TXN000957,ERP_EXPORT,SUP0019,Lumen Creative,Marketing Services,Operations,92648.48,INR,CTR0007,ON_CONTRACT,,2025-11-12
TXN000958,ERP_EXPORT,SUP0019,Lumen Creative,Marketing Services,Logistics,26575.24,INR,CTR0007,ON_CONTRACT,REQ00717,2025-05-28
TXN000959,ERP_EXPORT,SUP0016,Prime Facility Care,Facilities Maintenance,Operations,19977.0,INR,CTR0006,ON_CONTRACT,,2025-06-14
TXN000960,ERP_EXPORT,SUP0016,Prime Facility Care,Facilities Maintenance,Human Resources,54282.02,INR,CTR0006,ON_CONTRACT,REQ00621,2025-04-18
TXN000962,ERP_EXPORT,SUP0018,Urban Upkeep,Facilities Maintenance,Operations,46189.13,INR,,OFF_CONTRACT,,2025-10-16
TXN000967,ERP_EXPORT,SUP0016,Prime Facility Care,Facilities Maintenance,IT,53142.75,INR,CTR0006,ON_CONTRACT,,2025-07-04
TXN000968,ERP_EXPORT,SUP0022,Transcore Logistics,Logistics & Freight,Operations,36661.1,INR,CTR0008,ON_CONTRACT,,2025-09-08
TXN000969,ERP_EXPORT,SUP0005,Cloudspan Software,IT Software & Licences,Marketing,74472.49,INR,CTR0002,ON_CONTRACT,,2026-03-18
TXN000970,ERP_EXPORT,SUP0020,BrightArc Media,Marketing Services,Marketing,86647.06,INR,,OFF_CONTRACT,REQ00704,2026-01-29
TXN000971,ERP_EXPORT,SUP0016,Prime Facility Care,Facilities Maintenance,Finance,49820.27,INR,CTR0006,ON_CONTRACT,REQ00898,2025-10-11
TXN000972,ERP_EXPORT,SUP0011,Sterling Advisory,Professional Services,Operations,236734.25,INR,CTR0004,ON_CONTRACT,,2025-11-23
TXN000975,ERP_EXPORT,SUP0001,Nexa Technologies Pvt Ltd,IT Hardware,Logistics,29833.39,INR,CTR0001,ON_CONTRACT,,2025-12-10
TXN000976,ERP_EXPORT,SUP0005,Cloudspan Software,IT Software & Licences,Human Resources,42537.72,INR,CTR0002,ON_CONTRACT,REQ00507,2025-10-13
TXN000977,ERP_EXPORT,SUP0008,Orion Office Supplies,Office Supplies,Operations,15686.79,INR,CTR0003,ON_CONTRACT,,2025-08-23
TXN000978,ERP_EXPORT,SUP0011,Sterling Advisory,Professional Services,Marketing,50799.42,INR,CTR0004,ON_CONTRACT,REQ00269,2025-07-30
TXN000979,ERP_EXPORT,SUP0023,FleetBridge Cargo,Logistics & Freight,Logistics,53198.4,INR,,OFF_CONTRACT,REQ00481,2025-06-08
TXN000981,ERP_EXPORT,SUP0001,Nexa Technologies Pvt Ltd,IT Hardware,Finance,76807.8,INR,CTR0001,ON_CONTRACT,,2026-03-10
TXN000982,ERP_EXPORT,SUP0001,Nexa Technologies Pvt Ltd,IT Hardware,R&D,144491.39,INR,CTR0001,ON_CONTRACT,REQ00405,2026-03-10
TXN000985,ERP_EXPORT,SUP0019,Lumen Creative,Marketing Services,IT,121946.43,INR,CTR0007,ON_CONTRACT,,2025-12-12
TXN000986,ERP_EXPORT,SUP0015,Voyager Corporate Travel,Travel,  it  ,48630.29,INR,,OFF_CONTRACT,,2025-08-14
TXN000987,ERP_EXPORT,SUP0016,Prime Facility Care,Facilities Maintenance,Logistics,51304.14,INR,CTR0006,ON_CONTRACT,,2025-06-17
TXN000988,ERP_EXPORT,SUP0022,Transcore Logistics,Logistics & Freight,Operations,48090.67,INR,CTR0008,ON_CONTRACT,REQ00482,2025-08-12
TXN000989,ERP_EXPORT,SUP0008,Orion Office Supplies,Office Supplies,Logistics,7667.25,INR,CTR0003,ON_CONTRACT,REQ00366,2026-03-30
TXN000990,ERP_EXPORT,SUP0022,Transcore Logistics,Logistics & Freight,Marketing,79985.49,INR,CTR0008,ON_CONTRACT,REQ00096,2025-07-14
TXN000991,ERP_EXPORT,SUP0014,Skyroute Travel,Travel,Human Resources,73552.1,INR,CTR0005,ON_CONTRACT,,2026-03-06
TXN000996,ERP_EXPORT,SUP0001,Nexa Technologies Pvt Ltd,IT Hardware,Logistics,39195.22,INR,CTR0001,ON_CONTRACT,REQ00750,2026-01-17
TXN000997,ERP_EXPORT,SUP0008,Orion Office Supplies,Office Supplies,Human Resources,23098.21,INR,CTR0003,ON_CONTRACT,REQ00057,2025-05-07
TXN000998,ERP_EXPORT,SUP0019,Lumen Creative,Marketing Services,Operations,39154.61,INR,CTR0007,ON_CONTRACT,,2025-10-22
TXN000999,ERP_EXPORT,SUP0005,Cloudspan Software,IT Software & Licences,R&D,114774.92,INR,CTR0002,ON_CONTRACT,,2025-08-24
TXN001000,ERP_EXPORT,SUP0008,Orion Office Supplies,Office Supplies,R&D,12258.13,INR,CTR0003,ON_CONTRACT,,2025-09-06
TXN001001,ERP_EXPORT,SUP0008,Orion Office Supplies,Office Supplies,Finance,6258.06,INR,CTR0003,ON_CONTRACT,REQ00502,2025-11-15
TXN001002,ERP_EXPORT,SUP0019,Lumen Creative,Marketing Services,R&D,95866.13,INR,CTR0007,ON_CONTRACT,REQ00433,2025-10-06
TXN001003,ERP_EXPORT,SUP0008,Orion Office Supplies,Office Supplies,IT,22077.75,INR,CTR0003,ON_CONTRACT,REQ00475,2026-03-13
TXN001005,ERP_EXPORT,SUP0014,Skyroute Travel,Travel,Human Resources,74138.01,INR,CTR0005,ON_CONTRACT,,2025-12-24
TXN001006,ERP_EXPORT,SUP0019,Lumen Creative,Marketing Services,Facilities,112229.67,INR,CTR0007,ON_CONTRACT,,2025-12-19
TXN001007,ERP_EXPORT,SUP0005,Cloudspan Software,IT Software & Licences,Logistics,87689.04,INR,CTR0002,ON_CONTRACT,,2026-01-17
TXN001008,ERP_EXPORT,SUP0014,Skyroute Travel,Travel,IT,77634.04,INR,CTR0005,ON_CONTRACT,REQ00678,2025-11-23
TXN001009,ERP_EXPORT,SUP0027,Orion Office Supplies Ltd,Office Supplies,R&D,7742.36,INR,,OFF_CONTRACT,,2025-08-31
TXN001010,ERP_EXPORT,SUP0016,Prime Facility Care,Facilities Maintenance,Logistics,39365.5,INR,CTR0006,ON_CONTRACT,,2025-08-14
TXN001011,ERP_EXPORT,SUP0016,Prime Facility Care,Facilities Maintenance,Facilities,23272.57,INR,CTR0006,ON_CONTRACT,,2026-02-04
TXN001012,ERP_EXPORT,SUP0014,Skyroute Travel,Travel,IT,88988.78,INR,CTR0005,ON_CONTRACT,REQ00120,2025-04-07
TXN001013,ERP_EXPORT,SUP0008,Orion Office Supplies,Office Supplies,R&D,23713.36,INR,CTR0003,ON_CONTRACT,,2026-02-03
TXN001015,ERP_EXPORT,SUP0019,Lumen Creative,Marketing Services,IT,118780.52,INR,CTR0007,ON_CONTRACT,REQ00836,2025-04-09
TXN001016,ERP_EXPORT,SUP0011,Sterling Advisory,Professional Services,Marketing,234302.15,INR,CTR0004,ON_CONTRACT,,2025-11-10
TXN001019,ERP_EXPORT,SUP0011,Sterling Advisory,Professional Services,R&D,232252.54,INR,CTR0004,ON_CONTRACT,REQ00009,2025-05-23
TXN001021,ERP_EXPORT,SUP0022,Transcore Logistics,Logistics & Freight,IT,69885.88,INR,CTR0008,ON_CONTRACT,REQ00324,2026-01-09
TXN001023,ERP_EXPORT,SUP0008,Orion Office Supplies,Office Supplies,Finance,23261.11,INR,CTR0003,ON_CONTRACT,REQ00520,2025-07-22
TXN001026,ERP_EXPORT,SUP0022,Transcore Logistics,Logistics & Freight,Logistics,51359.78,INR,CTR0008,ON_CONTRACT,REQ00215,2026-01-11
TXN001028,ERP_EXPORT,SUP0003,BluePeak Systems,IT Hardware,Operations,155905.16,INR,,OFF_CONTRACT,REQ00230,2025-12-06
TXN001032,ERP_EXPORT,SUP0005,Cloudspan Software,IT Software & Licences,Operations,77608.34,INR,CTR0002,ON_CONTRACT,,2025-06-20
TXN001034,ERP_EXPORT,SUP0008,Orion Office Supplies,Office Supplies,Marketing,4773.04,INR,CTR0003,ON_CONTRACT,REQ00207,2025-11-11
TXN001035,ERP_EXPORT,SUP0019,Lumen Creative,Marketing Services,Logistics,30773.45,INR,CTR0007,ON_CONTRACT,REQ00518,2025-06-27
TXN001038,ERP_EXPORT,SUP0017,GreenEdge Services,Facilities Maintenance,IT,53486.01,INR,,OFF_CONTRACT,,2025-12-21
TXN001039,ERP_EXPORT,SUP0005,Cloudspan Software,IT Software & Licences,Marketing,21862.42,INR,CTR0002,ON_CONTRACT,REQ00403,2025-04-19
TXN001042,ERP_EXPORT,SUP0008,Orion Office Supplies,Office Supplies,Operations,20186.63,INR,CTR0003,ON_CONTRACT,,2026-02-14
TXN001044,ERP_EXPORT,SUP0005,Cloudspan Software,IT Software & Licences,Marketing,80718.59,INR,CTR0002,ON_CONTRACT,REQ00554,2025-08-24
TXN001045,ERP_EXPORT,SUP0011,Sterling Advisory,Professional Services,Finance,226055.33,INR,CTR0004,ON_CONTRACT,,2025-06-21
TXN001049,ERP_EXPORT,SUP0008,Orion Office Supplies,Office Supplies,Operations,22012.27,INR,CTR0003,ON_CONTRACT,REQ00529,2026-01-24
TXN001050,ERP_EXPORT,SUP0012,Cobalt Consulting,Professional Services,Marketing,44466.58,INR,,OFF_CONTRACT,,2025-10-28
TXN001051,ERP_EXPORT,SUP0005,Cloudspan Software,IT Software & Licences,Marketing,106843.68,INR,CTR0002,ON_CONTRACT,REQ00457,2025-05-10
TXN001052,ERP_EXPORT,SUP0016,Prime Facility Care,Facilities Maintenance,R&D,41736.23,INR,CTR0006,ON_CONTRACT,,2026-01-25
TXN001054,ERP_EXPORT,SUP0008,Orion Office Supplies,Office Supplies,Logistics,20372.01,INR,CTR0003,ON_CONTRACT,REQ00722,2025-12-19
TXN001055,ERP_EXPORT,SUP0005,Cloudspan Software,IT Software & Licences,IT,119783.08,INR,CTR0002,ON_CONTRACT,,2026-01-12
TXN001057,ERP_EXPORT,SUP0015,Voyager Corporate Travel,Travel,IT,70909.44,INR,,OFF_CONTRACT,,2025-06-12
TXN001059,ERP_EXPORT,SUP0001,Nexa Technologies Pvt Ltd,IT Hardware,IT,99380.72,INR,CTR0001,ON_CONTRACT,REQ00587,2025-09-06
TXN001060,ERP_EXPORT,SUP0023,FleetBridge Cargo,Logistics & Freight,Marketing,64082.95,INR,,OFF_CONTRACT,,2025-12-15
TXN001061,ERP_EXPORT,SUP0023,FleetBridge Cargo,Logistics & Freight,Finance,84515.2,INR,,OFF_CONTRACT,REQ00640,2026-03-07
TXN001064,ERP_EXPORT,SUP0014,Skyroute Travel,Travel,Facilities,42256.88,INR,CTR0005,ON_CONTRACT,REQ00634,2026-01-03
TXN001065,ERP_EXPORT,SUP0024,Nexa Technologies,IT Hardware,Logistics,90310.34,INR,,OFF_CONTRACT,REQ00020,2025-06-01
TXN001067,ERP_EXPORT,SUP0022,Transcore Logistics,Logistics & Freight,Finance,31818.5,INR,CTR0008,ON_CONTRACT,REQ00047,2025-12-08
TXN001068,ERP_EXPORT,SUP0001,Nexa Technologies Pvt Ltd,IT Hardware,IT,42123.49,INR,CTR0001,ON_CONTRACT,,2025-09-10
TXN001069,ERP_EXPORT,SUP0019,Lumen Creative,Marketing Services,Facilities,69647.1,INR,CTR0007,ON_CONTRACT,REQ00293,2025-06-13
TXN001070,ERP_EXPORT,SUP0008,Orion Office Supplies,Office Supplies,Human Resources,8606.5,INR,CTR0003,ON_CONTRACT,,2026-03-14
TXN001072,ERP_EXPORT,SUP0019,Lumen Creative,Marketing Services,Finance,52705.09,INR,CTR0007,ON_CONTRACT,REQ00848,2025-06-01
TXN001074,ERP_EXPORT,SUP0020,BrightArc Media,Marketing Services,Logistics,22502.35,INR,,OFF_CONTRACT,,2025-05-04
TXN001076,ERP_EXPORT,SUP0008,Orion Office Supplies,Office Supplies,Facilities,11838.78,INR,CTR0003,ON_CONTRACT,,2025-12-13
TXN001077,ERP_EXPORT,SUP0011,Sterling Advisory,Professional Services,Marketing,120708.6,INR,CTR0004,ON_CONTRACT,,2026-01-01
TXN001078,ERP_EXPORT,SUP0021,Pulse Marketing Co,Marketing Services,IT,115150.62,INR,,OFF_CONTRACT,,2026-02-12
TXN001079,ERP_EXPORT,SUP0014,Skyroute Travel,Travel,  it  ,25896.82,INR,CTR0005,ON_CONTRACT,,2025-12-03
TXN001081,ERP_EXPORT,SUP0011,Sterling Advisory,Professional Services,IT,205132.45,INR,CTR0004,ON_CONTRACT,REQ00547,2026-01-14
TXN001082,ERP_EXPORT,SUP0005,Cloudspan Software,IT Software & Licences,Facilities,24388.16,INR,CTR0002,ON_CONTRACT,,2026-01-10
TXN001085,ERP_EXPORT,SUP0001,Nexa Technologies Pvt Ltd,IT Hardware,IT,171433.46,INR,CTR0001,ON_CONTRACT,,2025-10-29
TXN001087,ERP_EXPORT,SUP0022,Transcore Logistics,Logistics & Freight,R&D,62913.15,INR,CTR0008,ON_CONTRACT,,2025-10-01
TXN001090,ERP_EXPORT,SUP0014,Skyroute Travel,Travel,Logistics,26997.08,INR,CTR0005,ON_CONTRACT,,2025-04-19
TXN001092,ERP_EXPORT,SUP0022,Transcore Logistics,Logistics & Freight,Marketing,65920.67,INR,CTR0008,ON_CONTRACT,REQ00132,2025-05-04
TXN001093,ERP_EXPORT,SUP0008,Orion Office Supplies,Office Supplies,Operations,15977.95,INR,CTR0003,ON_CONTRACT,,2025-08-19
TXN001096,ERP_EXPORT,SUP0005,Cloudspan Software,IT Software & Licences,Finance,33535.44,INR,CTR0002,ON_CONTRACT,REQ00045,2025-07-24
TXN001097,ERP_EXPORT,SUP0001,Nexa Technologies Pvt Ltd,IT Hardware,Logistics,59175.36,INR,CTR0001,ON_CONTRACT,REQ00402,2025-07-09
TXN001098,ERP_EXPORT,SUP0016,Prime Facility Care,Facilities Maintenance,IT,21186.3,INR,CTR0006,ON_CONTRACT,,2025-07-25
TXN001099,ERP_EXPORT,SUP0019,Lumen Creative,Marketing Services,Finance,129141.83,INR,CTR0007,ON_CONTRACT,REQ00642,2026-02-15
TXN001100,ERP_EXPORT,SUP0005,Cloudspan Software,IT Software & Licences,IT,51763.15,INR,CTR0002,ON_CONTRACT,,2026-02-15
TXN001101,ERP_EXPORT,SUP0016,Prime Facility Care,Facilities Maintenance,Operations,13470.56,INR,CTR0006,ON_CONTRACT,,2025-04-28
TXN001102,ERP_EXPORT,SUP0016,Prime Facility Care,Facilities Maintenance,Facilities,68146.16,INR,CTR0006,ON_CONTRACT,,2026-02-12
TXN001103,ERP_EXPORT,SUP0023,FleetBridge Cargo,Logistics & Freight,Facilities,85354.23,INR,,OFF_CONTRACT,,2025-04-18
TXN001106,ERP_EXPORT,SUP0005,Cloudspan Software,IT Software & Licences,IT,33259.0,INR,CTR0002,ON_CONTRACT,REQ00476,2025-11-06
TXN001108,ERP_EXPORT,SUP0011,Sterling Advisory,Professional Services,Facilities,199230.08,INR,CTR0004,ON_CONTRACT,,2025-07-09
TXN001109,ERP_EXPORT,SUP0008,Orion Office Supplies,Office Supplies,R&D,18008.47,INR,CTR0003,ON_CONTRACT,REQ00636,2025-11-14
TXN001113,ERP_EXPORT,SUP0001,Nexa Technologies Pvt Ltd,IT Hardware,Operations,59691.73,INR,CTR0001,ON_CONTRACT,,2025-07-13
TXN001115,ERP_EXPORT,SUP0016,Prime Facility Care,Facilities Maintenance,Marketing,45576.4,INR,CTR0006,ON_CONTRACT,REQ00898,2025-04-22
TXN001116,ERP_EXPORT,SUP0022,Transcore Logistics,Logistics & Freight,Operations,60147.16,INR,CTR0008,ON_CONTRACT,,2025-11-25
TXN001118,ERP_EXPORT,SUP0016,Prime Facility Care,Facilities Maintenance,Facilities,62647.65,INR,CTR0006,ON_CONTRACT,REQ00451,2025-07-09
TXN001119,ERP_EXPORT,SUP0016,Prime Facility Care,Facilities Maintenance,Operations,25936.0,INR,CTR0006,ON_CONTRACT,REQ00225,2025-08-13
TXN001120,ERP_EXPORT,SUP0008,Orion Office Supplies,Office Supplies,Marketing,4978.84,INR,CTR0003,ON_CONTRACT,REQ00181,2025-08-13
TXN001123,ERP_EXPORT,SUP0019,Lumen Creative,Marketing Services,Marketing,140697.87,INR,CTR0007,ON_CONTRACT,,2025-07-08
TXN001124,ERP_EXPORT,SUP0019,Lumen Creative,Marketing Services,R&D,133332.25,INR,CTR0007,ON_CONTRACT,,2025-08-04
TXN001125,ERP_EXPORT,SUP0024,Nexa Technologies,IT Hardware,Human Resources,126562.51,INR,,OFF_CONTRACT,,2025-09-15
TXN001127,ERP_EXPORT,SUP0022,Transcore Logistics,Logistics & Freight,Logistics,481379.92,INR,,OFF_CONTRACT,,2026-02-09
TXN001128,ERP_EXPORT,SUP0005,Cloudspan Software,IT Software & Licences,Finance,-57887.59,INR,CTR0002,ON_CONTRACT,REQ00476,2025-07-01
TXN001129,ERP_EXPORT,SUP0016,Prime Facility Care,Facilities Maintenance,Logistics,32361.31,INR,CTR0006,ON_CONTRACT,,2025-12-10
TXN001130,ERP_EXPORT,SUP0022,Transcore Logistics,Logistics & Freight,IT,33559.56,INR,CTR0008,ON_CONTRACT,REQ00208,2025-11-18
TXN001131,ERP_EXPORT,SUP0011,Sterling Advisory,Professional Services,R&D,191918.22,INR,CTR0004,ON_CONTRACT,,2025-10-09
TXN001132,ERP_EXPORT,SUP0014,Skyroute Travel,Travel,Facilities,48661.81,INR,CTR0005,ON_CONTRACT,REQ00532,2025-09-28
TXN001133,ERP_EXPORT,SUP0011,Sterling Advisory,Professional Services,Finance,57019.71,INR,CTR0004,ON_CONTRACT,REQ00479,2025-11-08
TXN001134,ERP_EXPORT,SUP0019,Lumen Creative,Marketing Services,Human Resources,50825.65,INR,CTR0007,ON_CONTRACT,REQ00184,2025-11-13
TXN001135,ERP_EXPORT,SUP0011,Sterling Advisory,Professional Services,Facilities,183484.34,INR,CTR0004,ON_CONTRACT,REQ00514,2025-12-19
TXN001136,ERP_EXPORT,SUP0005,Cloudspan Software,IT Software & Licences,Facilities,22993.74,INR,CTR0002,ON_CONTRACT,REQ00560,2025-07-12
TXN001137,ERP_EXPORT,SUP0016,Prime Facility Care,Facilities Maintenance,Human Resources,61072.41,INR,CTR0006,ON_CONTRACT,,2026-03-16
TXN001142,ERP_EXPORT,SUP0001,Nexa Technologies Pvt Ltd,IT Hardware,Marketing,78910.43,INR,CTR0001,ON_CONTRACT,REQ00756,2025-04-05
TXN001143,ERP_EXPORT,SUP0023,FleetBridge Cargo,Logistics & Freight,R&D,68275.34,INR,,OFF_CONTRACT,REQ00771,2025-10-24
TXN001144,ERP_EXPORT,SUP0014,Skyroute Travel,Travel,IT,54390.02,INR,CTR0005,ON_CONTRACT,,2025-06-18
TXN001146,ERP_EXPORT,SUP0019,Lumen Creative,Marketing Services,Logistics,143008.2,INR,CTR0007,ON_CONTRACT,REQ00584,2025-11-18
TXN001147,ERP_EXPORT,SUP0014,Skyroute Travel,Travel,Marketing,-73388.93,INR,CTR0005,ON_CONTRACT,REQ00706,2026-02-03
TXN001148,ERP_EXPORT,SUP0022,Transcore Logistics,Logistics & Freight,R&D,66651.5,INR,CTR0008,ON_CONTRACT,REQ00239,2025-08-28
TXN001149,ERP_EXPORT,SUP0005,Cloudspan Software,IT Software & Licences,IT,104311.08,INR,CTR0002,ON_CONTRACT,REQ00881,2025-10-28
TXN001150,ERP_EXPORT,SUP0019,Lumen Creative,Marketing Services,R&D,141421.19,INR,CTR0007,ON_CONTRACT,REQ00071,2025-10-17
TXN001151,ERP_EXPORT,SUP0011,Sterling Advisory,Professional Services,R&D,188756.23,INR,CTR0004,ON_CONTRACT,,2026-03-07
TXN001152,ERP_EXPORT,SUP0022,Transcore Logistics,Logistics & Freight,Human Resources,81472.11,INR,CTR0008,ON_CONTRACT,,2025-12-14
TXN001153,ERP_EXPORT,SUP0022,Transcore Logistics,Logistics & Freight,Marketing,69890.13,INR,CTR0008,ON_CONTRACT,REQ00845,2025-10-22
TXN001158,ERP_EXPORT,SUP0019,Lumen Creative,Marketing Services,Marketing,143321.91,INR,CTR0007,ON_CONTRACT,REQ00644,2026-01-01
TXN001159,ERP_EXPORT,SUP0014,Skyroute Travel,Travel,Operations,79491.17,INR,CTR0005,ON_CONTRACT,,2025-10-28
TXN001161,ERP_EXPORT,SUP0011,Sterling Advisory,Professional Services,Facilities,213421.52,INR,CTR0004,ON_CONTRACT,,2026-03-12
TXN001163,ERP_EXPORT,SUP0022,Transcore Logistics,Logistics & Freight,Operations,39814.86,INR,CTR0008,ON_CONTRACT,,2025-11-11
TXN001164,ERP_EXPORT,SUP0008,Orion Office Supplies,Office Supplies,Marketing,19100.69,INR,CTR0003,ON_CONTRACT,REQ00019,2026-02-05
TXN001165,ERP_EXPORT,SUP0005,Cloudspan Software,IT Software & Licences,R&D,31879.79,INR,CTR0002,ON_CONTRACT,REQ00688,2025-04-06
TXN001166,ERP_EXPORT,SUP0014,Skyroute Travel,Travel,Operations,75073.3,INR,CTR0005,ON_CONTRACT,,2026-03-12
TXN001167,ERP_EXPORT,SUP0011,Sterling Advisory,Professional Services,Facilities,214748.18,INR,CTR0004,ON_CONTRACT,REQ00316,2025-11-14
TXN001168,ERP_EXPORT,SUP0001,Nexa Technologies Pvt Ltd,IT Hardware,R&D,103657.5,INR,CTR0001,ON_CONTRACT,,2025-08-06
TXN001169,ERP_EXPORT,SUP0016,Prime Facility Care,Facilities Maintenance,R&D,10383.15,INR,CTR0006,ON_CONTRACT,REQ00015,2025-09-20
TXN001170,ERP_EXPORT,SUP0011,Sterling Advisory,Professional Services,Facilities,100278.01,INR,CTR0004,ON_CONTRACT,,2026-03-07
TXN001171,ERP_EXPORT,SUP0008,Orion Office Supplies,Office Supplies,Facilities,16189.32,INR,CTR0003,ON_CONTRACT,,2025-09-13
TXN001173,ERP_EXPORT,SUP0011,Sterling Advisory,Professional Services,Marketing,172680.84,INR,CTR0004,ON_CONTRACT,REQ00670,2025-09-09
TXN001174,ERP_EXPORT,SUP0001,Nexa Technologies Pvt Ltd,IT Hardware,Facilities,65269.56,INR,CTR0001,ON_CONTRACT,,2025-08-21
TXN001177,ERP_EXPORT,SUP0018,Urban Upkeep,Facilities Maintenance,Marketing,56790.72,INR,,OFF_CONTRACT,REQ00651,2026-03-19
TXN001178,ERP_EXPORT,SUP0018,Urban Upkeep,Facilities Maintenance,Finance,16418.84,INR,,OFF_CONTRACT,REQ00600,2025-11-16
TXN001180,ERP_EXPORT,SUP0014,Skyroute Travel,Travel,Operations,52383.86,INR,CTR0005,ON_CONTRACT,,2025-05-01
TXN001181,ERP_EXPORT,SUP0008,Orion Office Supplies,Office Supplies,Marketing,24148.82,INR,CTR0003,ON_CONTRACT,REQ00658,2025-04-20
TXN001184,ERP_EXPORT,SUP0016,Prime Facility Care,Facilities Maintenance,IT,65921.69,INR,CTR0006,ON_CONTRACT,,2026-03-07
TXN001187,ERP_EXPORT,SUP0011,Sterling Advisory,Professional Services,Operations,184456.0,INR,CTR0004,ON_CONTRACT,REQ00081,2025-11-05
TXN001190,ERP_EXPORT,SUP0019,Lumen Creative,Marketing Services,R&D,119144.09,INR,CTR0007,ON_CONTRACT,REQ00753,2025-11-08
TXN001191,ERP_EXPORT,SUP0027,Orion Office Supplies Ltd,Office Supplies,R&D,3549.06,INR,,OFF_CONTRACT,REQ00086,2025-09-01
TXN001192,ERP_EXPORT,SUP0008,Orion Office Supplies,Office Supplies,R&D,15389.92,INR,CTR0003,ON_CONTRACT,REQ00465,2025-08-24
TXN001193,ERP_EXPORT,SUP0019,Lumen Creative,Marketing Services,Finance,68423.63,INR,CTR0007,ON_CONTRACT,REQ00481,2025-07-10
TXN001194,ERP_EXPORT,SUP0008,Orion Office Supplies,Office Supplies,Finance,16281.06,INR,CTR0003,ON_CONTRACT,REQ00426,2025-10-20
TXN001195,ERP_EXPORT,SUP0016,Prime Facility Care,Facilities Maintenance,Facilities,12744.52,INR,CTR0006,ON_CONTRACT,REQ00040,2025-06-03
TXN001196,ERP_EXPORT,SUP0019,Lumen Creative,Marketing Services,R&D,142015.15,INR,CTR0007,ON_CONTRACT,,2025-09-26
TXN001197,ERP_EXPORT,SUP0022,Transcore Logistics,Logistics & Freight,IT,92799.58,INR,CTR0008,ON_CONTRACT,,2025-11-04
TXN001198,ERP_EXPORT,SUP0011,Sterling Advisory,Professional Services,Finance,243464.35,INR,CTR0004,ON_CONTRACT,,2026-03-13
TXN001203,ERP_EXPORT,SUP0008,Orion Office Supplies,Office Supplies,R&D,2508.84,INR,CTR0003,ON_CONTRACT,,2025-04-04
TXN001204,ERP_EXPORT,SUP0008,Orion Office Supplies,Office Supplies,R&D,9443.04,INR,CTR0003,ON_CONTRACT,REQ00671,2025-08-26
TXN001205,ERP_EXPORT,SUP0019,Lumen Creative,Marketing Services,Marketing,88410.05,INR,CTR0007,ON_CONTRACT,REQ00187,2025-12-14
TXN001208,ERP_EXPORT,SUP0008,Orion Office Supplies,Office Supplies,Facilities,12255.76,INR,CTR0003,ON_CONTRACT,REQ00351,2025-04-16
TXN001211,ERP_EXPORT,SUP0016,Prime Facility Care,Facilities Maintenance,Finance,35570.88,INR,CTR0006,ON_CONTRACT,,2025-08-01
TXN001212,ERP_EXPORT,SUP0016,Prime Facility Care,Facilities Maintenance,IT,37083.22,INR,CTR0006,ON_CONTRACT,,2025-09-17
TXN001219,ERP_EXPORT,SUP0015,Voyager Corporate Travel,Travel,Logistics,61669.92,INR,,OFF_CONTRACT,,2025-12-03
TXN001220,ERP_EXPORT,SUP0011,Sterling Advisory,Professional Services,Facilities,97384.5,INR,CTR0004,ON_CONTRACT,REQ00733,2025-04-15
TXN001223,ERP_EXPORT,SUP0013,Adept Partners,Professional Services,Finance,130790.31,INR,,OFF_CONTRACT,REQ00735,2025-10-13
TXN001224,ERP_EXPORT,SUP0019,Lumen Creative,Marketing Services,Human Resources,152106.23,INR,CTR0007,ON_CONTRACT,REQ00092,2025-09-22
TXN001225,ERP_EXPORT,SUP0011,Sterling Advisory,Professional Services,Marketing,128142.74,INR,CTR0004,ON_CONTRACT,,2025-10-12
TXN001226,ERP_EXPORT,SUP0001,Nexa Technologies Pvt Ltd,IT Hardware,Operations,123971.52,INR,CTR0001,ON_CONTRACT,,2025-11-03
TXN001228,ERP_EXPORT,SUP0011,Sterling Advisory,Professional Services,Logistics,97585.19,INR,CTR0004,ON_CONTRACT,REQ00836,2025-08-30
TXN001229,ERP_EXPORT,SUP0011,Sterling Advisory,Professional Services,Human Resources,246635.31,INR,CTR0004,ON_CONTRACT,REQ00682,2026-03-26
TXN001230,ERP_EXPORT,SUP0001,Nexa Technologies Pvt Ltd,IT Hardware,Facilities,88446.77,INR,CTR0001,ON_CONTRACT,REQ00869,2026-03-28
TXN001231,ERP_EXPORT,SUP0022,Transcore Logistics,Logistics & Freight,Human Resources,86210.23,INR,CTR0008,ON_CONTRACT,,2025-10-10
TXN001232,ERP_EXPORT,SUP0003,BluePeak Systems,IT Hardware,Operations,542990.38,INR,,OFF_CONTRACT,,2025-07-25
TXN001233,ERP_EXPORT,SUP0026,Nexa Tech Pvt Ltd,IT Hardware,Logistics,58031.23,INR,,OFF_CONTRACT,,2025-09-01
TXN001234,ERP_EXPORT,SUP0028,ORION OFFICE SUPPLIES,Office Supplies,R&D,2716.08,INR,,OFF_CONTRACT,,2025-09-26
TXN001235,ERP_EXPORT,SUP0019,Lumen Creative,Marketing Services,Human Resources,111233.36,INR,CTR0007,ON_CONTRACT,REQ00200,2026-03-25
TXN001236,ERP_EXPORT,SUP0019,Lumen Creative,Marketing Services,IT,71593.69,INR,CTR0007,ON_CONTRACT,,2026-03-30
TXN001237,ERP_EXPORT,SUP0014,Skyroute Travel,Travel,Marketing,78877.38,INR,CTR0005,ON_CONTRACT,REQ00495,2025-08-28
TXN001239,ERP_EXPORT,SUP0018,Urban Upkeep,Facilities Maintenance,Marketing,68091.61,INR,,OFF_CONTRACT,REQ00438,2026-03-14
TXN001240,ERP_EXPORT,SUP0008,Orion Office Supplies,Office Supplies,Logistics,6267.09,INR,CTR0003,ON_CONTRACT,REQ00054,2025-05-31
TXN001243,ERP_EXPORT,SUP0007,Meridian Softworks,IT Software & Licences,Logistics,95946.79,INR,,OFF_CONTRACT,REQ00123,2025-05-30
TXN001247,ERP_EXPORT,SUP0019,Lumen Creative,Marketing Services,Logistics,38374.28,INR,CTR0007,ON_CONTRACT,REQ00858,2026-01-25
TXN001249,ERP_EXPORT,SUP0008,Orion Office Supplies,Office Supplies,Finance,23179.5,INR,CTR0003,ON_CONTRACT,REQ00132,2026-01-20
TXN001250,ERP_EXPORT,SUP0011,Sterling Advisory,Professional Services,Human Resources,169496.57,INR,CTR0004,ON_CONTRACT,,2025-04-18
TXN001251,ERP_EXPORT,SUP0007,Meridian Softworks,IT Software & Licences,Marketing,98636.42,INR,,OFF_CONTRACT,REQ00674,2025-04-01
TXN001255,ERP_EXPORT,SUP0008,Orion Office Supplies,Office Supplies,Finance,17768.0,INR,CTR0003,ON_CONTRACT,REQ00747,2026-02-13
TXN001256,ERP_EXPORT,SUP0019,Lumen Creative,Marketing Services,R&D,80242.83,INR,CTR0007,ON_CONTRACT,,2025-06-23
TXN001259,ERP_EXPORT,SUP0008,Orion Office Supplies,Office Supplies,R&D,3476.81,INR,CTR0003,ON_CONTRACT,REQ00619,2025-08-05
TXN001260,ERP_EXPORT,SUP0005,Cloudspan Software,IT Software & Licences,R&D,76107.0,INR,CTR0002,ON_CONTRACT,REQ00656,2025-05-16
TXN001261,ERP_EXPORT,SUP0017,GreenEdge Services,Facilities Maintenance,Operations,26139.6,INR,,OFF_CONTRACT,REQ00101,2025-10-11
TXN001262,ERP_EXPORT,SUP0011,Sterling Advisory,Professional Services,Facilities,207487.41,INR,CTR0004,ON_CONTRACT,REQ00746,2025-09-04
TXN001263,ERP_EXPORT,SUP0022,Transcore Logistics,,Human Resources,37760.04,INR,CTR0008,ON_CONTRACT,,2026-02-06
TXN001264,ERP_EXPORT,SUP0005,Cloudspan Software,IT Software & Licences,R&D,62798.12,INR,CTR0002,ON_CONTRACT,REQ00826,2026-03-14
TXN001265,ERP_EXPORT,SUP0019,Lumen Creative,Marketing Services,IT,21626.88,INR,CTR0007,ON_CONTRACT,,2025-06-19
TXN001266,ERP_EXPORT,SUP0008,Orion Office Supplies,Office Supplies,Human Resources,3666.28,INR,CTR0003,ON_CONTRACT,REQ00743,2026-02-22
TXN001267,ERP_EXPORT,SUP0016,Prime Facility Care,Facilities Maintenance,R&D,33549.61,INR,CTR0006,ON_CONTRACT,,2025-07-03
TXN001268,ERP_EXPORT,SUP0023,FleetBridge Cargo,Logistics & Freight,Human Resources,51834.92,INR,,OFF_CONTRACT,,2025-12-23
TXN001270,ERP_EXPORT,SUP0005,Cloudspan Software,IT Software & Licences,Facilities,45624.57,INR,CTR0002,ON_CONTRACT,REQ00059,2025-05-14
TXN001271,ERP_EXPORT,SUP0014,Skyroute Travel,Travel,IT,64988.51,INR,CTR0005,ON_CONTRACT,,2025-11-04
TXN001272,ERP_EXPORT,SUP0008,Orion Office Supplies,Office Supplies,Facilities,21782.82,INR,CTR0003,ON_CONTRACT,REQ00632,2025-07-07
TXN001274,ERP_EXPORT,SUP0011,Sterling Advisory,Professional Services,Marketing,48319.95,INR,CTR0004,ON_CONTRACT,REQ00053,2025-11-03
TXN001275,ERP_EXPORT,SUP0022,Transcore Logistics,Logistics & Freight,Facilities,51882.08,INR,CTR0008,ON_CONTRACT,REQ00696,2025-08-06
TXN001276,ERP_EXPORT,SUP0005,Cloudspan Software,IT Software & Licences,Human Resources,26017.67,INR,CTR0002,ON_CONTRACT,REQ00756,2026-02-18
TXN001277,ERP_EXPORT,SUP0019,Lumen Creative,Marketing Services,IT,53886.3,INR,CTR0007,ON_CONTRACT,,2026-02-11
TXN001278,ERP_EXPORT,SUP0022,Transcore Logistics,Logistics & Freight,Logistics,93893.0,INR,CTR0008,ON_CONTRACT,REQ00363,2025-05-25
TXN001281,ERP_EXPORT,SUP0011,Sterling Advisory,Professional Services,Finance,169812.7,INR,CTR0004,ON_CONTRACT,REQ00187,2025-12-31
TXN001282,ERP_EXPORT,SUP0014,Skyroute Travel,Travel,Logistics,65602.13,INR,CTR0005,ON_CONTRACT,REQ00363,2025-11-09
TXN001285,ERP_EXPORT,SUP0005,Cloudspan Software,IT Software & Licences,Marketing,49278.44,INR,CTR0002,ON_CONTRACT,REQ00783,2025-10-22
TXN001287,ERP_EXPORT,SUP0002,Zenith Computing,IT Hardware,Finance,38619.31,INR,,OFF_CONTRACT,REQ00612,2025-04-05
TXN001288,ERP_EXPORT,SUP0019,Lumen Creative,Marketing Services,Facilities,69087.77,INR,CTR0007,ON_CONTRACT,,2025-08-05
TXN001289,ERP_EXPORT,SUP0009,Paperline Traders,Office Supplies,Facilities,2763.67,INR,,OFF_CONTRACT,,2026-03-25
TXN001290,ERP_EXPORT,SUP0011,Sterling Advisory,Professional Services,Logistics,56501.48,INR,CTR0004,ON_CONTRACT,,2025-05-23
TXN001292,ERP_EXPORT,SUP0001,Nexa Technologies Pvt Ltd,,Marketing,45570.94,INR,CTR0001,ON_CONTRACT,REQ00632,2025-07-12
TXN001293,ERP_EXPORT,SUP0006,Vertex Licensing,IT Software & Licences,Human Resources,74591.79,INR,,OFF_CONTRACT,,2025-07-28
TXN001294,ERP_EXPORT,SUP0011,Sterling Advisory,Professional Services,R&D,184787.64,INR,CTR0004,ON_CONTRACT,,2025-09-03
TXN001295,ERP_EXPORT,SUP0005,Cloudspan Software,IT Software & Licences,Finance,99061.6,INR,CTR0002,ON_CONTRACT,,2025-08-05
TXN001296,ERP_EXPORT,SUP0016,Prime Facility Care,Facilities Maintenance,IT,22009.01,INR,CTR0006,ON_CONTRACT,,2025-09-12
TXN001297,ERP_EXPORT,SUP0011,Sterling Advisory,Professional Services,Facilities,75171.34,INR,CTR0004,ON_CONTRACT,REQ00259,2025-12-08
TXN001298,ERP_EXPORT,SUP0016,Prime Facility Care,Facilities Maintenance,IT,16274.07,INR,CTR0006,ON_CONTRACT,,2025-06-06
TXN001300,ERP_EXPORT,SUP0019,Lumen Creative,Marketing Services,Facilities,118906.6,INR,CTR0007,ON_CONTRACT,REQ00671,2025-07-07
TXN001302,ERP_EXPORT,SUP0016,Prime Facility Care,Facilities Maintenance,Operations,66172.73,INR,CTR0006,ON_CONTRACT,REQ00158,2025-04-23
TXN001303,ERP_EXPORT,SUP0008,Orion Office Supplies,Office Supplies,Human Resources,3195.34,INR,CTR0003,ON_CONTRACT,,2026-01-12
TXN001307,ERP_EXPORT,SUP0019,Lumen Creative,Marketing Services,Human Resources,119972.17,INR,CTR0007,ON_CONTRACT,REQ00004,2025-06-21
TXN001308,ERP_EXPORT,SUP0011,Sterling Advisory,Professional Services,Logistics,208362.9,INR,CTR0004,ON_CONTRACT,REQ00738,2025-12-25
TXN001309,ERP_EXPORT,SUP0014,Skyroute Travel,Travel,Human Resources,35834.92,INR,CTR0005,ON_CONTRACT,,2025-06-27
TXN001310,ERP_EXPORT,SUP0011,Sterling Advisory,Professional Services,IT,211113.27,INR,CTR0004,ON_CONTRACT,,2025-08-21
TXN001312,ERP_EXPORT,SUP0005,Cloudspan Software,IT Software & Licences,Finance,108955.75,INR,CTR0002,ON_CONTRACT,REQ00723,2026-01-07
TXN001315,ERP_EXPORT,SUP0007,Meridian Softworks,IT Software & Licences,Human Resources,62493.42,INR,,OFF_CONTRACT,,2026-02-19
TXN001316,ERP_EXPORT,SUP0011,Sterling Advisory,Professional Services,Operations,175151.32,INR,CTR0004,ON_CONTRACT,,2025-10-20
TXN001318,ERP_EXPORT,SUP0008,Orion Office Supplies,Office Supplies,Marketing,18826.56,INR,CTR0003,ON_CONTRACT,,2025-04-11
TXN001319,ERP_EXPORT,SUP0014,Skyroute Travel,Travel,R&D,14693.66,INR,CTR0005,ON_CONTRACT,,2025-07-06
TXN001320,ERP_EXPORT,SUP0005,Cloudspan Software,IT Software & Licences,Logistics,21336.97,INR,CTR0002,ON_CONTRACT,,2025-10-24
TXN001324,ERP_EXPORT,SUP0005,Cloudspan Software,IT Software & Licences,Logistics,38017.47,INR,CTR0002,ON_CONTRACT,,2025-09-05
TXN001325,ERP_EXPORT,SUP0016,Prime Facility Care,Facilities Maintenance,Human Resources,68551.92,INR,CTR0006,ON_CONTRACT,,2025-06-03
TXN001326,ERP_EXPORT,SUP0001,Nexa Technologies Pvt Ltd,IT Hardware,Facilities,77218.85,INR,CTR0001,ON_CONTRACT,REQ00857,2025-10-30
TXN001327,ERP_EXPORT,SUP0008,Orion Office Supplies,Office Supplies,Operations,6188.71,INR,CTR0003,ON_CONTRACT,REQ00151,2025-09-28
TXN001329,ERP_EXPORT,SUP0022,Transcore Logistics,Logistics & Freight,Facilities,66672.75,INR,CTR0008,ON_CONTRACT,,2025-08-23
TXN001330,ERP_EXPORT,SUP0016,Prime Facility Care,Facilities Maintenance,Finance,39891.74,INR,CTR0006,ON_CONTRACT,,2025-05-14
TXN001331,ERP_EXPORT,SUP0001,Nexa Technologies Pvt Ltd,IT Hardware,Finance,111081.35,INR,CTR0001,ON_CONTRACT,,2026-03-14
TXN001334,ERP_EXPORT,SUP0008,Orion Office Supplies,Office Supplies,Logistics,24915.68,INR,CTR0003,ON_CONTRACT,,2025-05-28
TXN001335,ERP_EXPORT,SUP0020,BrightArc Media,Marketing Services,Finance,156471.04,INR,,OFF_CONTRACT,,2025-07-03
TXN001336,ERP_EXPORT,SUP0019,Lumen Creative,Marketing Services,Logistics,111045.6,INR,CTR0007,ON_CONTRACT,,2025-10-29
TXN001339,ERP_EXPORT,SUP0011,Sterling Advisory,Professional Services,IT,55161.67,INR,CTR0004,ON_CONTRACT,REQ00872,2025-04-09
TXN001341,ERP_EXPORT,SUP0008,Orion Office Supplies,Office Supplies,R&D,7926.71,INR,CTR0003,ON_CONTRACT,REQ00848,2025-07-24
TXN001344,ERP_EXPORT,SUP0011,Sterling Advisory,Professional Services,R&D,192705.5,INR,CTR0004,ON_CONTRACT,REQ00187,2025-11-27
TXN001345,ERP_EXPORT,SUP0010,Kanban Stationers,Office Supplies,Finance,435949.01,INR,,OFF_CONTRACT,REQ00661,2026-03-22
TXN001346,ERP_EXPORT,SUP0001,Nexa Technologies Pvt Ltd,IT Hardware,IT,90951.47,INR,CTR0001,ON_CONTRACT,,2025-06-28
TXN001348,ERP_EXPORT,SUP0014,Skyroute Travel,Travel,Marketing,38425.18,INR,CTR0005,ON_CONTRACT,REQ00095,2025-12-24
TXN001350,ERP_EXPORT,SUP0006,Vertex Licensing,IT Software & Licences,R&D,19211.47,INR,,OFF_CONTRACT,,2025-06-24
TXN001351,ERP_EXPORT,SUP0025,NEXA TECHNOLOGIES PVT. LTD.,IT Hardware,Human Resources,159389.88,INR,,OFF_CONTRACT,REQ00080,2025-10-03
TXN001352,ERP_EXPORT,SUP0016,Prime Facility Care,Facilities Maintenance,Facilities,44720.52,INR,CTR0006,ON_CONTRACT,REQ00612,2025-04-06
TXN001353,ERP_EXPORT,SUP0014,Skyroute Travel,Travel,IT,43966.46,INR,CTR0005,ON_CONTRACT,REQ00088,2026-01-17
TXN001355,ERP_EXPORT,SUP0026,Nexa Tech Pvt Ltd,IT Hardware,R&D,100433.69,INR,,OFF_CONTRACT,REQ00323,2025-10-18
TXN001357,ERP_EXPORT,SUP0001,Nexa Technologies Pvt Ltd,IT Hardware,IT,164608.79,INR,CTR0001,ON_CONTRACT,REQ00156,2026-03-16
TXN001359,ERP_EXPORT,SUP0016,Prime Facility Care,Facilities Maintenance,Human Resources,26609.67,INR,CTR0006,ON_CONTRACT,REQ00877,2025-11-07
TXN001361,ERP_EXPORT,SUP0022,Transcore Logistics,Logistics & Freight,Human Resources,87726.16,INR,CTR0008,ON_CONTRACT,REQ00817,2025-05-15
TXN001362,ERP_EXPORT,SUP0022,Transcore Logistics,Logistics & Freight,Human Resources,29484.96,INR,CTR0008,ON_CONTRACT,REQ00287,2026-01-21
TXN001363,ERP_EXPORT,SUP0016,Prime Facility Care,Facilities Maintenance,Logistics,47378.0,INR,CTR0006,ON_CONTRACT,REQ00485,2025-08-10
TXN001364,ERP_EXPORT,SUP0022,Transcore Logistics,Logistics & Freight,Facilities,64419.5,INR,CTR0008,ON_CONTRACT,,2025-12-06
TXN001365,ERP_EXPORT,SUP0001,Nexa Technologies Pvt Ltd,IT Hardware,R&D,138632.52,INR,CTR0001,ON_CONTRACT,,2026-03-15
TXN001366,ERP_EXPORT,SUP0008,Orion Office Supplies,Office Supplies,Finance,5026.06,INR,CTR0003,ON_CONTRACT,REQ00699,2025-10-29
TXN001369,ERP_EXPORT,SUP0019,Lumen Creative,Marketing Services,Logistics,45155.64,INR,CTR0007,ON_CONTRACT,,2025-09-26
TXN001370,ERP_EXPORT,SUP0022,Transcore Logistics,Logistics & Freight,Logistics,31716.1,INR,CTR0008,ON_CONTRACT,REQ00185,2025-05-26
TXN001371,ERP_EXPORT,SUP0019,Lumen Creative,Marketing Services,Facilities,155995.31,INR,CTR0007,ON_CONTRACT,REQ00619,2025-12-05
TXN001372,ERP_EXPORT,SUP0011,Sterling Advisory,Professional Services,Human Resources,78005.16,INR,CTR0004,ON_CONTRACT,REQ00559,2025-06-19
TXN001373,ERP_EXPORT,SUP0022,Transcore Logistics,Logistics & Freight,IT,82913.96,INR,CTR0008,ON_CONTRACT,,2025-10-12
TXN001377,ERP_EXPORT,SUP0017,GreenEdge Services,Facilities Maintenance,Finance,36718.32,INR,,OFF_CONTRACT,,2025-12-03
TXN001383,ERP_EXPORT,SUP0008,Orion Office Supplies,Office Supplies,Operations,24296.48,INR,CTR0003,ON_CONTRACT,,2026-03-14
TXN001384,ERP_EXPORT,SUP0001,Nexa Technologies Pvt Ltd,IT Hardware,Human Resources,65010.68,INR,CTR0001,ON_CONTRACT,,2025-12-14
TXN001386,ERP_EXPORT,SUP0006,Vertex Licensing,IT Software & Licences,Marketing,49144.96,INR,,OFF_CONTRACT,,2025-06-23
TXN001388,ERP_EXPORT,SUP0005,Cloudspan Software,IT Software & Licences,IT,28741.73,INR,CTR0002,ON_CONTRACT,,2025-10-28
TXN001394,ERP_EXPORT,SUP0019,Lumen Creative,Marketing Services,Finance,92768.35,INR,CTR0007,ON_CONTRACT,,2025-12-22
TXN001396,ERP_EXPORT,SUP0021,Pulse Marketing Co,Marketing Services,R&D,136043.67,INR,,OFF_CONTRACT,,2025-06-28
TXN001397,ERP_EXPORT,SUP0021,Pulse Marketing Co,Marketing Services,Operations,80324.25,INR,,OFF_CONTRACT,REQ00821,2025-06-04
TXN001399,ERP_EXPORT,SUP0016,Prime Facility Care,Facilities Maintenance,R&D,47028.7,INR,CTR0006,ON_CONTRACT,REQ00789,2026-01-29
TXN001402,ERP_EXPORT,SUP0011,Sterling Advisory,Professional Services,R&D,75200.04,INR,CTR0004,ON_CONTRACT,,2026-03-04
TXN001405,ERP_EXPORT,SUP0008,Orion Office Supplies,Office Supplies,Finance,17267.5,INR,CTR0003,ON_CONTRACT,,2025-07-16
TXN001407,ERP_EXPORT,SUP0011,Sterling Advisory,Professional Services,Finance,217275.79,INR,CTR0004,ON_CONTRACT,,2025-11-17
TXN001408,ERP_EXPORT,SUP0008,Orion Office Supplies,Office Supplies,Marketing,20530.41,INR,CTR0003,ON_CONTRACT,,2026-02-18
TXN001409,ERP_EXPORT,SUP0001,Nexa Technologies Pvt Ltd,IT Hardware,Finance,115729.93,INR,CTR0001,ON_CONTRACT,REQ00629,2026-02-02
TXN001412,ERP_EXPORT,SUP0008,Orion Office Supplies,Office Supplies,Facilities,4574.15,INR,CTR0003,ON_CONTRACT,REQ00565,2026-02-28
TXN001415,ERP_EXPORT,SUP0014,Skyroute Travel,Travel,Logistics,51555.9,INR,CTR0005,ON_CONTRACT,REQ00457,2025-11-03
TXN001417,ERP_EXPORT,SUP0022,Transcore Logistics,Logistics & Freight,Human Resources,15265.51,INR,CTR0008,ON_CONTRACT,,2025-08-29
TXN001418,ERP_EXPORT,SUP0016,Prime Facility Care,Facilities Maintenance,Finance,17326.59,INR,CTR0006,ON_CONTRACT,REQ00191,2025-10-01
TXN001420,ERP_EXPORT,SUP0016,Prime Facility Care,Facilities Maintenance,Finance,66032.5,INR,CTR0006,ON_CONTRACT,,2026-01-13
TXN001422,ERP_EXPORT,SUP0019,Lumen Creative,Marketing Services,Finance,91012.87,INR,CTR0007,ON_CONTRACT,REQ00051,2025-12-09
TXN001423,ERP_EXPORT,SUP0022,Transcore Logistics,Logistics & Freight,Facilities,15450.55,INR,CTR0008,ON_CONTRACT,REQ00176,2026-02-02
TXN001424,ERP_EXPORT,SUP0016,Prime Facility Care,Facilities Maintenance,IT,18900.59,INR,CTR0006,ON_CONTRACT,REQ00660,2026-01-20
TXN001425,ERP_EXPORT,SUP0003,BluePeak Systems,IT Hardware,R&D,177927.67,INR,,OFF_CONTRACT,REQ00547,2025-12-27
TXN001426,ERP_EXPORT,SUP0001,Nexa Technologies Pvt Ltd,IT Hardware,Logistics,174593.4,INR,CTR0001,ON_CONTRACT,REQ00822,2025-10-30
TXN001428,ERP_EXPORT,SUP0022,Transcore Logistics,Logistics & Freight,Logistics,91000.38,INR,CTR0008,ON_CONTRACT,REQ00657,2025-06-02
TXN001429,ERP_EXPORT,SUP0016,Prime Facility Care,Facilities Maintenance,IT,48347.2,INR,CTR0006,ON_CONTRACT,,2025-06-11
TXN001431,ERP_EXPORT,SUP0026,Nexa Tech Pvt Ltd,IT Hardware,IT,95484.68,INR,,OFF_CONTRACT,REQ00312,2025-05-09
TXN001433,ERP_EXPORT,SUP0008,Orion Office Supplies,Office Supplies,R&D,13243.47,INR,CTR0003,ON_CONTRACT,,2026-03-09
TXN001434,ERP_EXPORT,SUP0005,Cloudspan Software,IT Software & Licences,Logistics,85020.75,INR,CTR0002,ON_CONTRACT,,2025-08-22
TXN001435,ERP_EXPORT,SUP0017,GreenEdge Services,Facilities Maintenance,Human Resources,18379.08,INR,,OFF_CONTRACT,,2026-03-31
TXN001437,ERP_EXPORT,SUP0005,Cloudspan Software,IT Software & Licences,Operations,47332.64,INR,CTR0002,ON_CONTRACT,REQ00222,2025-11-26
TXN001438,ERP_EXPORT,SUP0019,Lumen Creative,Marketing Services,Operations,118655.31,INR,CTR0007,ON_CONTRACT,,2025-12-27
TXN001440,ERP_EXPORT,SUP0016,Prime Facility Care,Facilities Maintenance,Operations,50405.95,INR,CTR0006,ON_CONTRACT,,2025-07-06
TXN001441,ERP_EXPORT,SUP0005,Cloudspan Software,IT Software & Licences,Human Resources,116840.76,INR,CTR0002,ON_CONTRACT,,2026-01-21
TXN001444,ERP_EXPORT,SUP0019,Lumen Creative,Marketing Services,Human Resources,82125.03,INR,CTR0007,ON_CONTRACT,REQ00051,2026-02-27
TXN001445,ERP_EXPORT,SUP0020,BrightArc Media,Marketing Services,Operations,141539.92,INR,,OFF_CONTRACT,REQ00609,2025-08-20
TXN001446,ERP_EXPORT,SUP0022,Transcore Logistics,Logistics & Freight,IT,26703.43,INR,CTR0008,ON_CONTRACT,,2025-05-27
TXN001449,ERP_EXPORT,SUP0014,Skyroute Travel,Travel,Operations,85458.37,INR,CTR0005,ON_CONTRACT,REQ00295,2026-03-28
TXN001450,ERP_EXPORT,SUP0014,Skyroute Travel,Travel,Logistics,64026.34,INR,CTR0005,ON_CONTRACT,,2026-03-19
TXN001452,ERP_EXPORT,SUP0022,Transcore Logistics,Logistics & Freight,Human Resources,63281.32,INR,CTR0008,ON_CONTRACT,,2025-06-27
TXN001454,ERP_EXPORT,SUP0005,Cloudspan Software,IT Software & Licences,Human Resources,74914.02,INR,CTR0002,ON_CONTRACT,,2025-12-25
TXN001455,ERP_EXPORT,SUP0008,Orion Office Supplies,Office Supplies,Finance,2698.9,INR,CTR0003,ON_CONTRACT,REQ00753,2025-09-27
TXN001456,ERP_EXPORT,SUP0014,Skyroute Travel,Travel,Logistics,84337.79,INR,CTR0005,ON_CONTRACT,REQ00362,2025-09-02
TXN001458,ERP_EXPORT,SUP0001,Nexa Technologies Pvt Ltd,IT Hardware,Operations,129859.57,INR,CTR0001,ON_CONTRACT,,2025-06-12
TXN001459,ERP_EXPORT,SUP0016,Prime Facility Care,Facilities Maintenance,R&D,22940.51,INR,CTR0006,ON_CONTRACT,REQ00763,2025-05-16
TXN001462,ERP_EXPORT,SUP0016,Prime Facility Care,Facilities Maintenance,Logistics,49073.98,INR,CTR0006,ON_CONTRACT,,2025-09-25
TXN001463,ERP_EXPORT,SUP0014,Skyroute Travel,Travel,Marketing,16740.63,INR,CTR0005,ON_CONTRACT,REQ00154,2025-12-24
TXN001465,ERP_EXPORT,SUP0005,Cloudspan Software,IT Software & Licences,R&D,119938.44,INR,CTR0002,ON_CONTRACT,REQ00855,2025-04-01
TXN001466,ERP_EXPORT,SUP0001,Nexa Technologies Pvt Ltd,IT Hardware,Human Resources,32472.87,INR,CTR0001,ON_CONTRACT,,2025-12-14
TXN001467,ERP_EXPORT,SUP0010,Kanban Stationers,Office Supplies,Operations,24475.01,INR,,OFF_CONTRACT,REQ00083,2025-08-27
TXN001470,ERP_EXPORT,SUP0014,Skyroute Travel,Travel,Finance,72155.61,INR,CTR0005,ON_CONTRACT,,2025-06-11
TXN001471,ERP_EXPORT,SUP0011,Sterling Advisory,Professional Services,Operations,159073.41,INR,CTR0004,ON_CONTRACT,REQ00088,2025-08-31
TXN001472,ERP_EXPORT,SUP0022,Transcore Logistics,Logistics & Freight,R&D,73291.28,INR,CTR0008,ON_CONTRACT,REQ00540,2025-11-13
TXN001475,ERP_EXPORT,SUP0015,Voyager Corporate Travel,Travel,Human Resources,34816.72,INR,,OFF_CONTRACT,REQ00866,2025-10-19
TXN001476,ERP_EXPORT,SUP0008,Orion Office Supplies,Office Supplies,Logistics,17354.65,INR,CTR0003,ON_CONTRACT,,2025-05-14
TXN001479,ERP_EXPORT,SUP0001,Nexa Technologies Pvt Ltd,IT Hardware,Logistics,148661.12,INR,CTR0001,ON_CONTRACT,REQ00692,2026-02-22
TXN001480,ERP_EXPORT,SUP0008,Orion Office Supplies,Office Supplies,IT,12018.42,INR,CTR0003,ON_CONTRACT,,2026-02-14
TXN001481,ERP_EXPORT,SUP0011,Sterling Advisory,Professional Services,Facilities,211745.19,INR,CTR0004,ON_CONTRACT,REQ00254,2025-07-14
TXN001483,ERP_EXPORT,SUP0019,Lumen Creative,Marketing Services,Operations,96228.47,INR,CTR0007,ON_CONTRACT,,2026-01-05
TXN001486,ERP_EXPORT,SUP0006,Vertex Licensing,IT Software & Licences,Human Resources,53478.46,INR,,OFF_CONTRACT,REQ00715,2025-05-25
TXN001487,ERP_EXPORT,SUP0022,Transcore Logistics,Logistics & Freight,IT,44882.33,INR,CTR0008,ON_CONTRACT,REQ00124,2026-01-14
TXN001488,ERP_EXPORT,SUP0019,Lumen Creative,Marketing Services,Logistics,117365.41,INR,CTR0007,ON_CONTRACT,REQ00364,2025-06-11
TXN001489,ERP_EXPORT,SUP0023,FleetBridge Cargo,Logistics & Freight,Marketing,44250.32,INR,,OFF_CONTRACT,REQ00877,2025-12-14
TXN001495,ERP_EXPORT,SUP0011,Sterling Advisory,Professional Services,Logistics,166724.2,INR,CTR0004,ON_CONTRACT,REQ00238,2025-07-31
TXN001497,ERP_EXPORT,SUP0001,Nexa Technologies Pvt Ltd,IT Hardware,Finance,121021.0,INR,CTR0001,ON_CONTRACT,,2025-04-16
TXN001502,ERP_EXPORT,SUP0022,Transcore Logistics,Logistics & Freight,Marketing,51772.1,INR,CTR0008,ON_CONTRACT,,2025-11-11
TXN001504,ERP_EXPORT,SUP0005,Cloudspan Software,IT Software & Licences,Finance,50831.02,INR,CTR0002,ON_CONTRACT,REQ00842,2025-08-27
TXN001505,ERP_EXPORT,SUP0014,Skyroute Travel,Travel,Marketing,39176.04,INR,CTR0005,ON_CONTRACT,,2025-05-09
TXN001506,ERP_EXPORT,SUP0013,Adept Partners,Professional Services,R&D,123752.78,INR,,OFF_CONTRACT,,2026-01-05
TXN001508,ERP_EXPORT,SUP0016,Prime Facility Care,Facilities Maintenance,IT,42016.15,INR,CTR0006,ON_CONTRACT,REQ00561,2025-09-16
TXN001509,ERP_EXPORT,SUP0001,Nexa Technologies Pvt Ltd,IT Hardware,IT,119225.29,INR,CTR0001,ON_CONTRACT,REQ00073,2025-10-31
TXN001511,ERP_EXPORT,SUP0001,Nexa Technologies Pvt Ltd,IT Hardware,Finance,151012.79,INR,CTR0001,ON_CONTRACT,REQ00311,2025-07-26
TXN001513,ERP_EXPORT,SUP0001,Nexa Technologies Pvt Ltd,IT Hardware,R&D,173106.17,INR,CTR0001,ON_CONTRACT,,2025-11-07
TXN001514,ERP_EXPORT,SUP0019,Lumen Creative,Marketing Services,Facilities,22552.56,INR,CTR0007,ON_CONTRACT,,2025-10-06
TXN001515,ERP_EXPORT,SUP0016,Prime Facility Care,Facilities Maintenance,IT,21746.68,INR,CTR0006,ON_CONTRACT,REQ00095,2026-01-27
TXN001517,ERP_EXPORT,SUP0011,Sterling Advisory,Professional Services,Logistics,175969.69,INR,CTR0004,ON_CONTRACT,REQ00045,2025-09-08
TXN001519,ERP_EXPORT,SUP0005,Cloudspan Software,IT Software & Licences,Operations,40565.64,INR,CTR0002,ON_CONTRACT,REQ00753,2025-09-30
TXN001520,ERP_EXPORT,SUP0011,Sterling Advisory,Professional Services,Finance,234677.25,INR,CTR0004,ON_CONTRACT,,2025-08-28
TXN001521,ERP_EXPORT,SUP0011,Sterling Advisory,Professional Services,Facilities,52656.15,INR,CTR0004,ON_CONTRACT,REQ00421,2026-03-28
TXN001522,ERP_EXPORT,SUP0022,Transcore Logistics,Logistics & Freight,Marketing,89558.19,INR,CTR0008,ON_CONTRACT,,2025-12-23
TXN001523,ERP_EXPORT,SUP0011,Sterling Advisory,Professional Services,Facilities,113840.76,INR,CTR0004,ON_CONTRACT,REQ00836,2025-06-12
TXN001524,ERP_EXPORT,SUP0025,NEXA TECHNOLOGIES PVT. LTD.,IT Hardware,Logistics,40720.23,INR,,OFF_CONTRACT,,2025-04-11
TXN001525,ERP_EXPORT,SUP0023,FleetBridge Cargo,Logistics & Freight,R&D,52327.36,INR,,OFF_CONTRACT,REQ00087,2025-05-01
TXN001526,ERP_EXPORT,SUP0015,Voyager Corporate Travel,Travel,R&D,29055.68,INR,,OFF_CONTRACT,REQ00046,2025-07-24
TXN001530,ERP_EXPORT,SUP0021,Pulse Marketing Co,Marketing Services,Logistics,95482.58,INR,,OFF_CONTRACT,REQ00737,2026-01-16
TXN001531,ERP_EXPORT,SUP0014,Skyroute Travel,Travel,Operations,33527.23,INR,CTR0005,ON_CONTRACT,REQ00016,2025-08-22
TXN001532,ERP_EXPORT,SUP0014,Skyroute Travel,Travel,Human Resources,58047.37,INR,CTR0005,ON_CONTRACT,REQ00405,2025-04-20
TXN001534,ERP_EXPORT,SUP0016,Prime Facility Care,Facilities Maintenance,IT,26357.44,INR,CTR0006,ON_CONTRACT,REQ00478,2025-04-19
TXN001537,ERP_EXPORT,SUP0014,Skyroute Travel,Travel,Marketing,22854.25,INR,CTR0005,ON_CONTRACT,REQ00633,2026-03-02
TXN001540,ERP_EXPORT,SUP0001,Nexa Technologies Pvt Ltd,IT Hardware,Facilities,106400.32,INR,CTR0001,ON_CONTRACT,REQ00116,2025-12-18
TXN001541,ERP_EXPORT,SUP0005,Cloudspan Software,IT Software & Licences,Finance,89449.86,INR,CTR0002,ON_CONTRACT,,2026-03-15
TXN001542,ERP_EXPORT,SUP0019,Lumen Creative,Marketing Services,Human Resources,34962.77,INR,CTR0007,ON_CONTRACT,REQ00335,2026-02-05
TXN001543,ERP_EXPORT,SUP0016,PRIME FACILITY CARE,Facilities Maintenance,Finance,44038.73,INR,CTR0006,ON_CONTRACT,REQ00302,2026-02-13
TXN001544,ERP_EXPORT,SUP0001,Nexa Technologies Pvt Ltd,IT Hardware,Marketing,64767.23,INR,CTR0001,ON_CONTRACT,,2025-04-14
TXN001546,ERP_EXPORT,SUP0001,Nexa Technologies Pvt Ltd,IT Hardware,Facilities,99949.58,INR,CTR0001,ON_CONTRACT,,2025-07-24
TXN001547,ERP_EXPORT,SUP0019,Lumen Creative,Marketing Services,IT,132838.96,INR,CTR0007,ON_CONTRACT,,2026-03-04
TXN001548,ERP_EXPORT,SUP0022,Transcore Logistics,Logistics & Freight,Human Resources,57668.8,INR,CTR0008,ON_CONTRACT,,2025-09-16
TXN001549,ERP_EXPORT,SUP0012,Cobalt Consulting,Professional Services,Finance,49116.63,INR,,OFF_CONTRACT,,2025-05-30
TXN001551,ERP_EXPORT,SUP0007,Meridian Softworks,IT Software & Licences,Operations,114897.35,INR,,OFF_CONTRACT,REQ00429,2025-07-27
TXN001554,ERP_EXPORT,SUP0019,Lumen Creative,Marketing Services,Logistics,143788.9,INR,CTR0007,ON_CONTRACT,,2025-07-11
TXN001555,ERP_EXPORT,SUP0008,Orion Office Supplies,Office Supplies,R&D,7245.83,INR,CTR0003,ON_CONTRACT,REQ00568,2026-03-31
TXN001557,ERP_EXPORT,SUP0008,Orion Office Supplies,Office Supplies,R&D,16052.56,INR,CTR0003,ON_CONTRACT,,2025-09-29
TXN001558,ERP_EXPORT,SUP0008,Orion Office Supplies,Office Supplies,Human Resources,11453.65,INR,CTR0003,ON_CONTRACT,REQ00845,2025-09-20
TXN001559,ERP_EXPORT,SUP0005,Cloudspan Software,IT Software & Licences,Finance,103185.44,INR,CTR0002,ON_CONTRACT,,2025-10-27
TXN001560,ERP_EXPORT,SUP0023,FleetBridge Cargo,Logistics & Freight,Logistics,86701.92,INR,,OFF_CONTRACT,,2025-07-03
TXN001561,ERP_EXPORT,SUP0005,Cloudspan Software,IT Software & Licences,Finance,52109.24,INR,CTR0002,ON_CONTRACT,,2025-11-19
TXN001562,ERP_EXPORT,SUP0019,Lumen Creative,Marketing Services,Human Resources,53161.88,INR,CTR0007,ON_CONTRACT,,2025-05-20
TXN001563,ERP_EXPORT,SUP0011,Sterling Advisory,Professional Services,R&D,203910.36,INR,CTR0004,ON_CONTRACT,REQ00394,2025-09-11
TXN001565,ERP_EXPORT,SUP0016,Prime Facility Care,Facilities Maintenance,Facilities,59356.86,INR,CTR0006,ON_CONTRACT,REQ00499,2025-11-11
TXN001567,ERP_EXPORT,SUP0011,Sterling Advisory,Professional Services,Operations,180185.48,INR,CTR0004,ON_CONTRACT,,2025-12-17
TXN001571,ERP_EXPORT,SUP0014,Skyroute Travel,Travel,Human Resources,56101.89,INR,CTR0005,ON_CONTRACT,,2025-05-30
TXN001574,ERP_EXPORT,SUP0016,Prime Facility Care,Facilities Maintenance,IT,61767.82,INR,CTR0006,ON_CONTRACT,,2026-02-16
TXN001575,ERP_EXPORT,SUP0001,Nexa Technologies Pvt Ltd,IT Hardware,Operations,58594.67,INR,CTR0001,ON_CONTRACT,,2025-08-14
TXN001579,ERP_EXPORT,SUP0013,Adept Partners,Professional Services,R&D,167489.75,INR,,OFF_CONTRACT,,2026-01-04
TXN001580,ERP_EXPORT,SUP0022,Transcore Logistics,Logistics & Freight,Human Resources,57375.89,INR,CTR0008,ON_CONTRACT,REQ00458,2025-09-14
TXN001581,ERP_EXPORT,SUP0011,Sterling Advisory,Professional Services,Logistics,88708.89,INR,CTR0004,ON_CONTRACT,,2026-03-05
TXN001582,ERP_EXPORT,SUP0005,Cloudspan Software,IT Software & Licences,Marketing,56045.13,INR,CTR0002,ON_CONTRACT,,2025-12-04
TXN001584,ERP_EXPORT,SUP0014,Skyroute Travel,Travel,Logistics,48734.88,INR,CTR0005,ON_CONTRACT,REQ00267,2025-04-28
TXN001585,ERP_EXPORT,SUP0014,Skyroute Travel,Travel,IT,88998.41,INR,CTR0005,ON_CONTRACT,REQ00420,2025-07-23
TXN001587,ERP_EXPORT,SUP0016,Prime Facility Care,Facilities Maintenance,IT,51708.67,INR,CTR0006,ON_CONTRACT,,2025-05-17
TXN001588,ERP_EXPORT,SUP0018,Urban Upkeep,Facilities Maintenance,IT,34259.13,INR,,OFF_CONTRACT,REQ00371,2025-12-31
TXN001589,ERP_EXPORT,SUP0013,Adept Partners,Professional Services,Operations,129921.92,INR,,OFF_CONTRACT,REQ00166,2025-10-09
TXN001590,ERP_EXPORT,SUP0016,Prime Facility Care,Facilities Maintenance,Operations,53055.87,INR,CTR0006,ON_CONTRACT,,2025-04-19
TXN001591,ERP_EXPORT,SUP0024,Nexa Technologies,IT Hardware,R&D,132327.6,INR,,OFF_CONTRACT,,2025-04-22
TXN001592,ERP_EXPORT,SUP0008,Orion Office Supplies,Office Supplies,Operations,24798.89,INR,CTR0003,ON_CONTRACT,REQ00768,2025-06-03
TXN001593,ERP_EXPORT,SUP0019,Lumen Creative,Marketing Services,Human Resources,822273.67,INR,,OFF_CONTRACT,,2025-05-10
TXN001596,ERP_EXPORT,SUP0014,Skyroute Travel,Travel,Logistics,713456.07,INR,,OFF_CONTRACT,REQ00440,2025-05-18
TXN001597,ERP_EXPORT,SUP0013,Adept Partners,Professional Services,Human Resources,97573.74,INR,,OFF_CONTRACT,,2025-12-30
TXN001599,ERP_EXPORT,SUP0005,Cloudspan Software,IT Software & Licences,IT,23994.12,INR,CTR0002,ON_CONTRACT,REQ00238,2025-11-15
TXN001600,ERP_EXPORT,SUP0016,Prime Facility Care,Facilities Maintenance,Human Resources,63651.45,INR,CTR0006,ON_CONTRACT,REQ00830,2026-02-17
TXN001601,ERP_EXPORT,SUP0005,Cloudspan Software,IT Software & Licences,Logistics,35146.07,INR,CTR0002,ON_CONTRACT,,2025-05-13
TXN001603,ERP_EXPORT,SUP0019,Lumen Creative,Marketing Services,Marketing,51731.9,INR,CTR0007,ON_CONTRACT,REQ00706,2026-01-15
TXN001605,ERP_EXPORT,SUP0016,Prime Facility Care,Facilities Maintenance,Facilities,14165.43,INR,CTR0006,ON_CONTRACT,,2025-11-04
TXN001608,ERP_EXPORT,SUP0008,Orion Office Supplies,Office Supplies,Marketing,20408.2,INR,CTR0003,ON_CONTRACT,,2026-01-06
TXN001609,ERP_EXPORT,SUP0019,Lumen Creative,Marketing Services,R&D,52719.69,INR,CTR0007,ON_CONTRACT,,2026-03-13
TXN001611,ERP_EXPORT,SUP0016,Prime Facility Care,Facilities Maintenance,Logistics,62804.75,INR,CTR0006,ON_CONTRACT,REQ00339,2025-06-09
TXN001614,ERP_EXPORT,SUP0005,Cloudspan Software,IT Software & Licences,IT,49055.04,INR,CTR0002,ON_CONTRACT,,2026-01-30
TXN001617,ERP_EXPORT,SUP0011,Sterling Advisory,Professional Services,Operations,248769.27,INR,CTR0004,ON_CONTRACT,REQ00270,2026-01-14
TXN001618,ERP_EXPORT,SUP0005,Cloudspan Software,IT Software & Licences,R&D,84493.11,INR,CTR0002,ON_CONTRACT,REQ00791,2026-01-29
TXN001619,ERP_EXPORT,SUP0015,Voyager Corporate Travel,Travel,IT,53738.24,INR,,OFF_CONTRACT,,2025-07-20
TXN001620,ERP_EXPORT,SUP0007,Meridian Softworks,IT Software & Licences,Marketing,91718.3,INR,,OFF_CONTRACT,REQ00001,2025-09-13
TXN001621,ERP_EXPORT,SUP0005,Cloudspan Software,IT Software & Licences,Logistics,63846.59,INR,CTR0002,ON_CONTRACT,REQ00484,2025-09-15
TXN001622,ERP_EXPORT,SUP0014,Skyroute Travel,Travel,R&D,12931.67,INR,CTR0005,ON_CONTRACT,REQ00395,2026-03-28
TXN001625,ERP_EXPORT,SUP0005,Cloudspan Software,IT Software & Licences,Finance,33406.81,INR,CTR0002,ON_CONTRACT,REQ00887,2025-10-05
TXN001627,ERP_EXPORT,SUP0011,Sterling Advisory,Professional Services,IT,82196.07,INR,CTR0004,ON_CONTRACT,,2025-09-16
TXN001628,ERP_EXPORT,SUP0006,Vertex Licensing,IT Software & Licences,IT,71261.91,INR,,OFF_CONTRACT,,2025-04-18
TXN001629,ERP_EXPORT,SUP0014,Skyroute Travel,Travel,Human Resources,15927.47,INR,CTR0005,ON_CONTRACT,REQ00059,2026-01-18
TXN001631,ERP_EXPORT,SUP0005,Cloudspan Software,IT Software & Licences,Marketing,94397.15,INR,CTR0002,ON_CONTRACT,,2025-06-30
TXN001637,ERP_EXPORT,SUP0008,Orion Office Supplies,Office Supplies,Operations,11184.27,INR,CTR0003,ON_CONTRACT,,2025-10-27
TXN001639,ERP_EXPORT,SUP0005,Cloudspan Software,IT Software & Licences,Facilities,119210.77,INR,CTR0002,ON_CONTRACT,,2025-11-24
TXN001640,ERP_EXPORT,SUP0005,Cloudspan Software,IT Software & Licences,Facilities,112335.1,INR,CTR0002,ON_CONTRACT,REQ00606,2026-02-15
TXN001641,ERP_EXPORT,SUP0026,Nexa Tech Pvt Ltd,IT Hardware,Finance,108693.36,INR,,OFF_CONTRACT,REQ00899,2025-08-05
TXN001644,ERP_EXPORT,SUP0014,Skyroute Travel,Travel,Facilities,59134.03,INR,CTR0005,ON_CONTRACT,REQ00593,2025-10-04
TXN001645,ERP_EXPORT,SUP0018,Urban Upkeep,Facilities Maintenance,Marketing,15347.47,INR,,OFF_CONTRACT,REQ00855,2026-01-25
TXN001646,ERP_EXPORT,SUP0019,Lumen Creative,Marketing Services,R&D,125737.86,INR,CTR0007,ON_CONTRACT,REQ00831,2026-03-16
TXN001648,ERP_EXPORT,SUP0014,Skyroute Travel,Travel,Facilities,75737.55,INR,CTR0005,ON_CONTRACT,REQ00647,2025-07-05
TXN001649,ERP_EXPORT,SUP0022,Transcore Logistics,Logistics & Freight,Finance,76908.33,INR,CTR0008,ON_CONTRACT,,2026-03-04
TXN001650,ERP_EXPORT,SUP0001,Nexa Technologies Pvt Ltd,IT Hardware,Finance,134855.43,INR,CTR0001,ON_CONTRACT,,2025-04-05
TXN001651,ERP_EXPORT,SUP0008,Orion Office Supplies,Office Supplies,Facilities,2831.69,INR,CTR0003,ON_CONTRACT,REQ00367,2025-09-04
TXN001652,ERP_EXPORT,SUP0008,Orion Office Supplies,Office Supplies,IT,8971.95,INR,CTR0003,ON_CONTRACT,REQ00632,2025-11-20
TXN001654,ERP_EXPORT,SUP0016,Prime Facility Care,Facilities Maintenance,IT,31608.18,INR,CTR0006,ON_CONTRACT,,2025-07-29
TXN001657,ERP_EXPORT,SUP0008,Orion Office Supplies,Office Supplies,IT,14737.45,INR,CTR0003,ON_CONTRACT,,2025-09-06
TXN001658,ERP_EXPORT,SUP0027,Orion Office Supplies Ltd,Office Supplies,Logistics,9027.06,INR,,OFF_CONTRACT,REQ00152,2025-07-12
TXN001659,ERP_EXPORT,SUP0008,Orion Office Supplies,Office Supplies,Operations,11130.57,INR,CTR0003,ON_CONTRACT,,2025-11-10
TXN001662,ERP_EXPORT,SUP0011,Sterling Advisory,Professional Services,Finance,148292.68,INR,CTR0004,ON_CONTRACT,,2025-06-08
TXN001666,ERP_EXPORT,SUP0022,Transcore Logistics,Logistics & Freight,R&D,82668.27,INR,CTR0008,ON_CONTRACT,REQ00394,2026-03-01
TXN001667,ERP_EXPORT,SUP0008,Orion Office Supplies,Office Supplies,R&D,6795.74,INR,CTR0003,ON_CONTRACT,,2025-12-03
TXN001669,ERP_EXPORT,SUP0005,Cloudspan Software,IT Software & Licences,Facilities,27218.47,INR,CTR0002,ON_CONTRACT,,2025-10-25
TXN001670,ERP_EXPORT,SUP0001,Nexa Technologies Pvt Ltd,IT Hardware,R&D,151704.7,INR,CTR0001,ON_CONTRACT,,2025-04-06
TXN001673,ERP_EXPORT,SUP0006,Vertex Licensing,IT Software & Licences,R&D,106145.95,INR,,OFF_CONTRACT,,2025-05-11
TXN001675,ERP_EXPORT,SUP0022,Transcore Logistics,Logistics & Freight,IT,77572.53,INR,CTR0008,ON_CONTRACT,REQ00502,2025-11-22
TXN001676,ERP_EXPORT,SUP0016,Prime Facility Care,Facilities Maintenance,Finance,28280.75,INR,CTR0006,ON_CONTRACT,REQ00346,2026-03-12
TXN001677,ERP_EXPORT,SUP0014,Skyroute Travel,Travel,Marketing,14635.38,INR,CTR0005,ON_CONTRACT,REQ00428,2025-04-09
TXN001679,ERP_EXPORT,SUP0005,Cloudspan Software,IT Software & Licences,Logistics,33220.07,INR,CTR0002,ON_CONTRACT,REQ00282,2025-09-24
TXN001680,ERP_EXPORT,SUP0022,Transcore Logistics,Logistics & Freight,Logistics,69680.94,INR,CTR0008,ON_CONTRACT,REQ00335,2025-10-08
TXN001682,ERP_EXPORT,SUP0018,Urban Upkeep,Facilities Maintenance,R&D,68536.61,INR,,OFF_CONTRACT,REQ00765,2025-08-10
TXN001684,ERP_EXPORT,SUP0011,Sterling Advisory,Professional Services,Logistics,212720.92,INR,CTR0004,ON_CONTRACT,REQ00448,2025-08-19
TXN001686,ERP_EXPORT,SUP0025,NEXA TECHNOLOGIES PVT. LTD.,IT Hardware,Human Resources,158612.24,INR,,OFF_CONTRACT,REQ00810,2026-02-20
TXN001687,ERP_EXPORT,SUP0016,Prime Facility Care,Facilities Maintenance,Finance,65365.43,INR,CTR0006,ON_CONTRACT,REQ00627,2025-08-26
TXN001690,ERP_EXPORT,SUP0005,Cloudspan Software,IT Software & Licences,Finance,95305.03,INR,CTR0002,ON_CONTRACT,REQ00766,2025-12-28
TXN001692,ERP_EXPORT,SUP0008,Orion Office Supplies,Office Supplies,Finance,13559.02,INR,CTR0003,ON_CONTRACT,,2025-10-30
TXN001693,ERP_EXPORT,SUP0003,BluePeak Systems,IT Hardware,Logistics,86792.77,INR,,OFF_CONTRACT,,2025-10-10
TXN001695,ERP_EXPORT,SUP0005,Cloudspan Software,IT Software & Licences,Marketing,53591.11,INR,CTR0002,ON_CONTRACT,,2025-10-23
TXN001696,ERP_EXPORT,SUP0019,Lumen Creative,Marketing Services,Human Resources,29544.12,INR,CTR0007,ON_CONTRACT,REQ00372,2026-02-17
TXN001699,ERP_EXPORT,SUP0019,Lumen Creative,Marketing Services,Finance,154836.12,INR,CTR0007,ON_CONTRACT,,2026-03-02
TXN001700,ERP_EXPORT,SUP0008,Orion Office Supplies,Office Supplies,R&D,14639.18,INR,CTR0003,ON_CONTRACT,,2025-10-28
TXN001702,ERP_EXPORT,SUP0001,Nexa Technologies Pvt Ltd,IT Hardware,Logistics,92037.17,INR,CTR0001,ON_CONTRACT,,2025-10-07
TXN001705,ERP_EXPORT,SUP0011,Sterling Advisory,Professional Services,Operations,132297.45,INR,CTR0004,ON_CONTRACT,,2025-11-23
TXN001709,ERP_EXPORT,SUP0014,Skyroute Travel,Travel,Logistics,58806.21,INR,CTR0005,ON_CONTRACT,REQ00128,2025-05-24
TXN001711,ERP_EXPORT,SUP0019,Lumen Creative,Marketing Services,Operations,41283.48,INR,CTR0007,ON_CONTRACT,,2025-07-17
TXN001713,ERP_EXPORT,SUP0016,Prime Facility Care,Facilities Maintenance,Logistics,56845.7,INR,CTR0006,ON_CONTRACT,,2026-01-16
TXN001717,ERP_EXPORT,SUP0014,Skyroute Travel,Travel,Operations,12738.01,INR,CTR0005,ON_CONTRACT,,2025-06-15
TXN001719,ERP_EXPORT,SUP0008,Orion Office Supplies,Office Supplies,Finance,24624.62,INR,CTR0003,ON_CONTRACT,REQ00497,2026-02-26
TXN001720,ERP_EXPORT,SUP0027,Orion Office Supplies Ltd,Office Supplies,R&D,7501.14,INR,,OFF_CONTRACT,REQ00067,2025-09-23
TXN001721,ERP_EXPORT,SUP0011,Sterling Advisory,Professional Services,Human Resources,69872.37,INR,CTR0004,ON_CONTRACT,,2025-06-01
TXN001722,ERP_EXPORT,SUP0011,Sterling Advisory,Professional Services,  it  ,65490.84,INR,CTR0004,ON_CONTRACT,,2025-12-25
TXN001724,ERP_EXPORT,SUP0005,Cloudspan Software,IT Software & Licences,Operations,25609.81,INR,CTR0002,ON_CONTRACT,REQ00817,2025-07-03
TXN001728,ERP_EXPORT,SUP0016,Prime Facility Care,Facilities Maintenance,Facilities,69801.81,INR,CTR0006,ON_CONTRACT,REQ00488,2025-07-11
TXN001729,ERP_EXPORT,SUP0005,Cloudspan Software,IT Software & Licences,Logistics,100466.88,INR,CTR0002,ON_CONTRACT,REQ00010,2026-01-23
TXN001731,ERP_EXPORT,SUP0019,Lumen Creative,Marketing Services,Marketing,62875.51,INR,CTR0007,ON_CONTRACT,REQ00495,2025-12-20
TXN001732,ERP_EXPORT,SUP0015,Voyager Corporate Travel,Travel,Operations,59159.46,INR,,OFF_CONTRACT,REQ00695,2026-01-13
TXN001733,ERP_EXPORT,SUP0014,Skyroute Travel,Travel,Marketing,51217.4,INR,CTR0005,ON_CONTRACT,REQ00327,2025-12-17
TXN001734,ERP_EXPORT,SUP0022,Transcore Logistics,Logistics & Freight,R&D,47364.92,INR,CTR0008,ON_CONTRACT,,2025-05-19
TXN001736,ERP_EXPORT,SUP0017,GreenEdge Services,Facilities Maintenance,Human Resources,63196.25,INR,,OFF_CONTRACT,,2025-07-17
TXN001737,ERP_EXPORT,SUP0008,Orion Office Supplies,Office Supplies,R&D,700368.36,INR,,OFF_CONTRACT,,2025-06-20
TXN001738,ERP_EXPORT,SUP0008,Orion Office Supplies,Office Supplies,Logistics,6476.32,INR,CTR0003,ON_CONTRACT,,2025-10-31
TXN001739,ERP_EXPORT,SUP0014,Skyroute Travel,Travel,Human Resources,38156.27,INR,CTR0005,ON_CONTRACT,REQ00314,2025-09-18
TXN001740,ERP_EXPORT,SUP0017,GreenEdge Services,Facilities Maintenance,R&D,34847.79,INR,,OFF_CONTRACT,,2025-10-31
TXN001741,ERP_EXPORT,SUP0004,Arcadia IT Traders,IT Hardware,R&D,153268.37,INR,,OFF_CONTRACT,REQ00825,2025-06-11
TXN001743,ERP_EXPORT,SUP0014,Skyroute Travel,Travel,R&D,71083.0,INR,CTR0005,ON_CONTRACT,REQ00574,2025-07-12
TXN001744,ERP_EXPORT,SUP0011,Sterling Advisory,Professional Services,Human Resources,42316.57,INR,CTR0004,ON_CONTRACT,REQ00249,2025-06-22
TXN001745,ERP_EXPORT,SUP0018,Urban Upkeep,Facilities Maintenance,IT,34969.24,INR,,OFF_CONTRACT,,2025-10-17
TXN001747,ERP_EXPORT,SUP0016,Prime Facility Care,Facilities Maintenance,Human Resources,11151.54,INR,CTR0006,ON_CONTRACT,REQ00138,2025-05-08
TXN001748,ERP_EXPORT,SUP0018,Urban Upkeep,Facilities Maintenance,Marketing,25588.79,INR,,OFF_CONTRACT,,2026-01-27
TXN001749,ERP_EXPORT,SUP0014,Skyroute Travel,Travel,Logistics,70343.77,INR,CTR0005,ON_CONTRACT,REQ00587,2026-01-05
TXN001752,ERP_EXPORT,SUP0008,Orion Office Supplies,Office Supplies,Finance,6949.64,INR,CTR0003,ON_CONTRACT,REQ00694,2026-03-27
TXN001754,ERP_EXPORT,SUP0024,Nexa Technologies,IT Hardware,R&D,62386.23,INR,,OFF_CONTRACT,,2025-12-15
TXN001755,ERP_EXPORT,SUP0017,GreenEdge Services,Facilities Maintenance,Finance,68552.43,INR,,OFF_CONTRACT,,2025-05-09
TXN001756,ERP_EXPORT,SUP0005,Cloudspan Software,IT Software & Licences,Facilities,99161.4,INR,CTR0002,ON_CONTRACT,,2025-11-26
TXN001757,ERP_EXPORT,SUP0013,Adept Partners,Professional Services,Human Resources,241511.1,INR,,OFF_CONTRACT,REQ00757,2025-06-17
TXN001759,ERP_EXPORT,SUP0019,Lumen Creative,Marketing Services,R&D,35363.07,INR,CTR0007,ON_CONTRACT,REQ00877,2025-07-24
TXN001761,ERP_EXPORT,SUP0008,Orion Office Supplies,Office Supplies,Human Resources,12450.68,INR,CTR0003,ON_CONTRACT,REQ00027,2025-12-30
TXN001762,ERP_EXPORT,SUP0024,Nexa Technologies,IT Hardware,Facilities,155875.35,INR,,OFF_CONTRACT,REQ00323,2025-07-27
TXN001763,ERP_EXPORT,SUP0011,Sterling Advisory,Professional Services,Human Resources,60597.34,INR,CTR0004,ON_CONTRACT,REQ00223,2025-09-29
TXN001765,ERP_EXPORT,SUP0022,Transcore Logistics,Logistics & Freight,Logistics,24454.04,INR,CTR0008,ON_CONTRACT,REQ00204,2025-07-15
TXN001766,ERP_EXPORT,SUP0019,Lumen Creative,Marketing Services,Marketing,65454.63,INR,CTR0007,ON_CONTRACT,REQ00593,2025-12-21
TXN001767,ERP_EXPORT,SUP0005,Cloudspan Software,IT Software & Licences,Logistics,92422.49,INR,CTR0002,ON_CONTRACT,,2025-10-01
TXN001768,ERP_EXPORT,SUP0016,Prime Facility Care,Facilities Maintenance,Facilities,38561.09,INR,CTR0006,ON_CONTRACT,,2025-10-02
TXN001769,ERP_EXPORT,SUP0022,Transcore Logistics,Logistics & Freight,Logistics,43198.73,INR,CTR0008,ON_CONTRACT,REQ00390,2025-11-02
TXN001770,ERP_EXPORT,SUP0019,Lumen Creative,Marketing Services,Human Resources,75226.68,INR,CTR0007,ON_CONTRACT,,2025-11-09
TXN001773,ERP_EXPORT,SUP0008,Orion Office Supplies,Office Supplies,IT,22517.95,INR,CTR0003,ON_CONTRACT,REQ00822,2025-07-17
TXN001774,ERP_EXPORT,SUP0014,Skyroute Travel,Travel,Marketing,86337.44,INR,CTR0005,ON_CONTRACT,REQ00179,2025-12-22
TXN001775,ERP_EXPORT,SUP0009,Paperline Traders,Office Supplies,Facilities,20098.78,INR,,OFF_CONTRACT,,2025-04-16
TXN001776,ERP_EXPORT,SUP0022,Transcore Logistics,Logistics & Freight,Finance,38178.77,INR,CTR0008,ON_CONTRACT,,2025-08-14
TXN001777,ERP_EXPORT,SUP0016,Prime Facility Care,Facilities Maintenance,IT,51288.08,INR,CTR0006,ON_CONTRACT,,2025-04-18
TXN001778,ERP_EXPORT,SUP0008,Orion Office Supplies,Office Supplies,Marketing,12064.87,INR,CTR0003,ON_CONTRACT,REQ00016,2025-09-26
TXN001780,ERP_EXPORT,SUP0021,Pulse Marketing Co,Marketing Services,IT,137722.02,INR,,OFF_CONTRACT,REQ00481,2025-08-10
TXN001781,ERP_EXPORT,SUP0008,Orion Office Supplies,Office Supplies,Facilities,2883.81,INR,CTR0003,ON_CONTRACT,REQ00767,2026-01-18
TXN001782,ERP_EXPORT,SUP0011,Sterling Advisory,Professional Services,Marketing,229370.02,INR,CTR0004,ON_CONTRACT,REQ00085,2025-05-19
TXN001784,ERP_EXPORT,SUP0014,Skyroute Travel,Travel,Finance,60250.52,INR,CTR0005,ON_CONTRACT,,2026-01-22
TXN001785,ERP_EXPORT,SUP0026,Nexa Tech Pvt Ltd,IT Hardware,IT,127199.86,INR,,OFF_CONTRACT,,2025-07-03
TXN001786,ERP_EXPORT,SUP0001,Nexa Technologies Pvt Ltd,IT Hardware,Operations,163743.25,INR,CTR0001,ON_CONTRACT,REQ00331,2025-04-06
TXN001787,ERP_EXPORT,SUP0022,Transcore Logistics,Logistics & Freight,R&D,64843.58,INR,CTR0008,ON_CONTRACT,REQ00220,2025-11-19
TXN001788,ERP_EXPORT,SUP0014,Skyroute Travel,Travel,Human Resources,58342.55,INR,CTR0005,ON_CONTRACT,,2025-12-20
TXN001792,ERP_EXPORT,SUP0010,Kanban Stationers,Office Supplies,Facilities,18960.98,INR,,OFF_CONTRACT,,2025-12-15
TXN001797,ERP_EXPORT,SUP0020,BrightArc Media,Marketing Services,R&D,120285.27,INR,,OFF_CONTRACT,REQ00535,2025-11-02
TXN001798,ERP_EXPORT,SUP0022,Transcore Logistics,Logistics & Freight,Human Resources,17983.0,INR,CTR0008,ON_CONTRACT,REQ00258,2026-03-29
TXN001800,ERP_EXPORT,SUP0011,Sterling Advisory,Professional Services,R&D,42542.78,INR,CTR0004,ON_CONTRACT,REQ00199,2025-08-06
TXN001802,ERP_EXPORT,SUP0008,Orion Office Supplies,Office Supplies,Human Resources,18962.69,INR,CTR0003,ON_CONTRACT,,2025-04-06
TXN001803,ERP_EXPORT,SUP0005,Cloudspan Software,IT Software & Licences,Logistics,52091.4,INR,CTR0002,ON_CONTRACT,REQ00449,2025-08-31
TXN001805,ERP_EXPORT,SUP0020,BrightArc Media,Marketing Services,Logistics,68958.45,INR,,OFF_CONTRACT,REQ00173,2026-03-30
TXN001806,ERP_EXPORT,SUP0022,Transcore Logistics,Logistics & Freight,Facilities,76296.24,INR,CTR0008,ON_CONTRACT,,2026-02-03
TXN001808,ERP_EXPORT,SUP0019,Lumen Creative,Marketing Services,Human Resources,45927.38,INR,CTR0007,ON_CONTRACT,,2025-08-20
TXN001809,ERP_EXPORT,SUP0014,Skyroute Travel,Travel,Human Resources,22276.97,INR,CTR0005,ON_CONTRACT,,2025-05-13
TXN001811,ERP_EXPORT,SUP0019,Lumen Creative,Marketing Services,Logistics,112442.38,INR,CTR0007,ON_CONTRACT,,2026-01-15
TXN001813,ERP_EXPORT,SUP0005,Cloudspan Software,IT Software & Licences,Operations,42829.87,INR,CTR0002,ON_CONTRACT,REQ00689,2026-03-30
TXN001816,ERP_EXPORT,SUP0011,Sterling Advisory,Professional Services,Finance,243250.61,INR,CTR0004,ON_CONTRACT,REQ00423,2025-04-15
TXN001817,ERP_EXPORT,SUP0023,FleetBridge Cargo,Logistics & Freight,Finance,36521.92,INR,,OFF_CONTRACT,REQ00255,2025-08-20
TXN001818,ERP_EXPORT,SUP0023,FleetBridge Cargo,Logistics & Freight,Human Resources,75845.52,INR,,OFF_CONTRACT,,2025-06-22
TXN001820,ERP_EXPORT,SUP0008,Orion Office Supplies,Office Supplies,Operations,10784.61,INR,CTR0003,ON_CONTRACT,REQ00314,2025-05-22
TXN001821,ERP_EXPORT,SUP0005,Cloudspan Software,IT Software & Licences,Logistics,36597.16,INR,CTR0002,ON_CONTRACT,,2025-10-13
TXN001823,ERP_EXPORT,SUP0016,Prime Facility Care,Facilities Maintenance,Human Resources,46900.78,INR,CTR0006,ON_CONTRACT,,2026-03-25
TXN001824,ERP_EXPORT,SUP0014,Skyroute Travel,Travel,Facilities,71519.97,INR,CTR0005,ON_CONTRACT,REQ00093,2026-03-31
TXN001826,ERP_EXPORT,SUP0005,Cloudspan Software,IT Software & Licences,IT,70681.72,INR,CTR0002,ON_CONTRACT,REQ00159,2026-03-08
TXN001827,ERP_EXPORT,SUP0014,Skyroute Travel,Travel,Operations,11440.0,INR,CTR0005,ON_CONTRACT,REQ00232,2025-11-12
TXN001828,ERP_EXPORT,SUP0011,Sterling Advisory,Professional Services,IT,243382.64,INR,CTR0004,ON_CONTRACT,,2025-12-04
TXN001829,ERP_EXPORT,SUP0022,Transcore Logistics,Logistics & Freight,Operations,78293.28,INR,CTR0008,ON_CONTRACT,REQ00869,2025-12-22
TXN001831,ERP_EXPORT,SUP0017,GreenEdge Services,Facilities Maintenance,Finance,68798.22,INR,,OFF_CONTRACT,,2025-07-30
TXN001832,ERP_EXPORT,SUP0016,Prime Facility Care,Facilities Maintenance,Marketing,46112.9,INR,CTR0006,ON_CONTRACT,REQ00848,2026-03-26
TXN001833,ERP_EXPORT,SUP0013,Adept Partners,Professional Services,Logistics,162308.76,INR,,OFF_CONTRACT,REQ00108,2026-02-04
TXN001835,ERP_EXPORT,SUP0022,Transcore Logistics,Logistics & Freight,R&D,79376.89,INR,CTR0008,ON_CONTRACT,REQ00176,2025-04-12
TXN001836,ERP_EXPORT,SUP0022,Transcore Logistics,Logistics & Freight,Finance,66487.72,INR,CTR0008,ON_CONTRACT,REQ00724,2025-06-15
TXN001837,ERP_EXPORT,SUP0005,Cloudspan Software,IT Software & Licences,Human Resources,28450.05,INR,CTR0002,ON_CONTRACT,,2025-04-15
TXN001840,ERP_EXPORT,SUP0018,Urban Upkeep,Facilities Maintenance,Finance,23476.94,INR,,OFF_CONTRACT,,2025-05-07
TXN001843,ERP_EXPORT,SUP0022,Transcore Logistics,Logistics & Freight,Facilities,48470.61,INR,CTR0008,ON_CONTRACT,REQ00182,2026-03-29
TXN001844,ERP_EXPORT,SUP0020,BrightArc Media,Marketing Services,Human Resources,105811.54,INR,,OFF_CONTRACT,REQ00233,2025-09-27
TXN001846,ERP_EXPORT,SUP0001,Nexa Technologies Pvt Ltd,IT Hardware,IT,62307.37,INR,CTR0001,ON_CONTRACT,,2025-12-27
TXN001847,ERP_EXPORT,SUP0001,Nexa Technologies Pvt Ltd,IT Hardware,IT,43832.71,INR,CTR0001,ON_CONTRACT,,2026-01-16
TXN001848,ERP_EXPORT,SUP0016,Prime Facility Care,Facilities Maintenance,Logistics,21848.23,INR,CTR0006,ON_CONTRACT,REQ00224,2025-09-24
TXN001849,ERP_EXPORT,SUP0005,Cloudspan Software,IT Software & Licences,Marketing,108127.11,INR,CTR0002,ON_CONTRACT,,2026-03-28
TXN001852,ERP_EXPORT,SUP0027,Orion Office Supplies Ltd,Office Supplies,Marketing,20766.78,INR,,OFF_CONTRACT,,2025-09-20
TXN001854,ERP_EXPORT,SUP0016,Prime Facility Care,Facilities Maintenance,Logistics,60790.86,INR,CTR0006,ON_CONTRACT,REQ00414,2025-04-22
TXN001858,ERP_EXPORT,SUP0022,Transcore Logistics,Logistics & Freight,Human Resources,50224.78,INR,CTR0008,ON_CONTRACT,,2026-03-24
TXN001859,ERP_EXPORT,SUP0001,Nexa Technologies Pvt Ltd,IT Hardware,Facilities,155509.78,INR,CTR0001,ON_CONTRACT,REQ00602,2026-01-18
TXN001863,ERP_EXPORT,SUP0011,Sterling Advisory,Professional Services,IT,77260.04,INR,CTR0004,ON_CONTRACT,REQ00391,2025-07-15
TXN001867,ERP_EXPORT,SUP0014,Skyroute Travel,Travel,R&D,11540.25,INR,CTR0005,ON_CONTRACT,REQ00863,2025-07-07
TXN001868,ERP_EXPORT,SUP0022,Transcore Logistics,Logistics & Freight,R&D,25679.63,INR,CTR0008,ON_CONTRACT,REQ00786,2025-11-16
TXN001869,ERP_EXPORT,SUP0008,Orion Office Supplies,Office Supplies,Facilities,5029.76,INR,CTR0003,ON_CONTRACT,REQ00811,2025-12-07
TXN001870,ERP_EXPORT,SUP0005,Cloudspan Software,IT Software & Licences,Human Resources,91227.89,INR,CTR0002,ON_CONTRACT,,2026-03-22
TXN001871,ERP_EXPORT,SUP0019,Lumen Creative,Marketing Services,Human Resources,134489.95,INR,CTR0007,ON_CONTRACT,REQ00123,2025-10-20
TXN001873,ERP_EXPORT,SUP0022,Transcore Logistics,Logistics & Freight,R&D,53985.77,INR,CTR0008,ON_CONTRACT,REQ00781,2026-03-22
TXN001876,ERP_EXPORT,SUP0008,Orion Office Supplies,Office Supplies,IT,14471.46,INR,CTR0003,ON_CONTRACT,REQ00157,2025-08-28
TXN001878,ERP_EXPORT,SUP0011,Sterling Advisory,Professional Services,Marketing,146755.71,INR,CTR0004,ON_CONTRACT,REQ00326,2025-04-30
TXN001879,ERP_EXPORT,SUP0005,Cloudspan Software,IT Software & Licences,IT,46242.59,INR,CTR0002,ON_CONTRACT,,2025-06-26
TXN001880,ERP_EXPORT,SUP0016,Prime Facility Care,Facilities Maintenance,Facilities,43901.32,INR,CTR0006,ON_CONTRACT,,2025-04-04
TXN001881,ERP_EXPORT,SUP0019,Lumen Creative,Marketing Services,R&D,116443.94,INR,CTR0007,ON_CONTRACT,,2025-06-01
TXN001882,ERP_EXPORT,SUP0011,Sterling Advisory,Professional Services,Facilities,223397.81,INR,CTR0004,ON_CONTRACT,REQ00844,2025-11-30
TXN001886,ERP_EXPORT,SUP0014,Skyroute Travel,Travel,Operations,45847.71,INR,CTR0005,ON_CONTRACT,,2025-06-04
TXN001887,ERP_EXPORT,SUP0016,Prime Facility Care,Facilities Maintenance,R&D,10559.9,INR,CTR0006,ON_CONTRACT,REQ00464,2025-11-14
TXN001888,ERP_EXPORT,SUP0019,Lumen Creative,Marketing Services,R&D,54535.04,INR,CTR0007,ON_CONTRACT,REQ00543,2025-07-15
TXN001889,ERP_EXPORT,SUP0011,Sterling Advisory,Professional Services,Operations,192556.96,INR,CTR0004,ON_CONTRACT,,2026-03-04
TXN001891,ERP_EXPORT,SUP0019,Lumen Creative,Marketing Services,Logistics,33884.93,INR,CTR0007,ON_CONTRACT,REQ00853,2026-02-14
TXN001892,ERP_EXPORT,SUP0019,Lumen Creative,Marketing Services,Marketing,76209.2,INR,CTR0007,ON_CONTRACT,,2025-12-21
TXN001893,ERP_EXPORT,SUP0019,Lumen Creative,Marketing Services,Operations,132009.94,INR,CTR0007,ON_CONTRACT,REQ00684,2025-06-28
TXN001895,ERP_EXPORT,SUP0027,Orion Office Supplies Ltd,Office Supplies,IT,14766.95,INR,,OFF_CONTRACT,,2025-05-04
TXN001897,ERP_EXPORT,SUP0016,Prime Facility Care,Facilities Maintenance,Operations,46959.13,INR,CTR0006,ON_CONTRACT,REQ00068,2025-10-03
TXN001899,ERP_EXPORT,SUP0014,Skyroute Travel,Travel,Marketing,37141.53,INR,CTR0005,ON_CONTRACT,REQ00122,2025-12-29
TXN001900,ERP_EXPORT,SUP0019,Lumen Creative,Marketing Services,Logistics,129730.85,INR,CTR0007,ON_CONTRACT,,2025-08-22
TXN001902,ERP_EXPORT,SUP0019,Lumen Creative,Marketing Services,IT,20732.15,INR,CTR0007,ON_CONTRACT,,2025-10-03
TXN001903,ERP_EXPORT,SUP0022,Transcore Logistics,Logistics & Freight,IT,75162.23,INR,CTR0008,ON_CONTRACT,,2026-03-10
TXN001907,ERP_EXPORT,SUP0001,Nexa Technologies Pvt Ltd,IT Hardware,Marketing,173501.39,INR,CTR0001,ON_CONTRACT,REQ00259,2025-07-08
TXN001908,ERP_EXPORT,SUP0014,Skyroute Travel,Travel,Marketing,38171.14,INR,CTR0005,ON_CONTRACT,REQ00245,2026-03-25
TXN001910,ERP_EXPORT,SUP0022,Transcore Logistics,Logistics & Freight,IT,24357.71,INR,CTR0008,ON_CONTRACT,REQ00640,2025-04-06
TXN001911,ERP_EXPORT,SUP0001,Nexa Technologies Pvt Ltd,IT Hardware,Logistics,72368.65,INR,CTR0001,ON_CONTRACT,REQ00037,2026-03-22
TXN001912,ERP_EXPORT,SUP0014,Skyroute Travel,Travel,R&D,79885.36,INR,CTR0005,ON_CONTRACT,REQ00351,2025-06-07
TXN001913,ERP_EXPORT,SUP0016,Prime Facility Care,Facilities Maintenance,Logistics,69780.06,INR,CTR0006,ON_CONTRACT,REQ00086,2025-11-17
TXN001915,ERP_EXPORT,SUP0011,Sterling Advisory,Professional Services,Marketing,134208.23,INR,CTR0004,ON_CONTRACT,,2025-07-31
TXN001918,ERP_EXPORT,SUP0019,Lumen Creative,Marketing Services,Facilities,103026.21,INR,CTR0007,ON_CONTRACT,REQ00641,2025-12-28
TXN001919,ERP_EXPORT,SUP0011,Sterling Advisory,Professional Services,Logistics,122220.4,INR,CTR0004,ON_CONTRACT,,2025-07-05
TXN001922,ERP_EXPORT,SUP0011,Sterling Advisory,Professional Services,Operations,40675.84,INR,CTR0004,ON_CONTRACT,REQ00651,2026-01-29
TXN001923,ERP_EXPORT,SUP0014,Skyroute Travel,Travel,Human Resources,58806.33,INR,CTR0005,ON_CONTRACT,REQ00257,2025-09-24
TXN001926,ERP_EXPORT,SUP0025,NEXA TECHNOLOGIES PVT. LTD.,,Finance,39413.55,INR,,OFF_CONTRACT,,2026-02-05
TXN001931,ERP_EXPORT,SUP0008,Orion Office Supplies,Office Supplies,Marketing,15339.63,INR,CTR0003,ON_CONTRACT,REQ00189,2025-07-21
TXN001932,ERP_EXPORT,SUP0005,Cloudspan Software,IT Software & Licences,Human Resources,73955.88,INR,CTR0002,ON_CONTRACT,REQ00023,2025-12-11
TXN001936,ERP_EXPORT,SUP0011,Sterling Advisory,Professional Services,Operations,209047.69,INR,CTR0004,ON_CONTRACT,REQ00014,2025-09-05
TXN001937,ERP_EXPORT,SUP0008,Orion Office Supplies,Office Supplies,R&D,8205.88,INR,CTR0003,ON_CONTRACT,,2026-02-01
TXN001938,ERP_EXPORT,SUP0008,Orion Office Supplies,Office Supplies,Finance,20976.14,INR,CTR0003,ON_CONTRACT,,2025-06-05
TXN001939,ERP_EXPORT,SUP0016,Prime Facility Care,Facilities Maintenance,IT,39895.34,INR,CTR0006,ON_CONTRACT,REQ00428,2025-08-05
TXN001940,ERP_EXPORT,SUP0013,Adept Partners,Professional Services,Finance,56182.24,INR,,OFF_CONTRACT,,2025-11-30
TXN001941,ERP_EXPORT,SUP0014,Skyroute Travel,Travel,Finance,12801.18,INR,CTR0005,ON_CONTRACT,,2025-06-05
TXN001943,ERP_EXPORT,SUP0011,Sterling Advisory,Professional Services,Logistics,204828.37,INR,CTR0004,ON_CONTRACT,,2025-09-08
TXN001944,ERP_EXPORT,SUP0005,Cloudspan Software,IT Software & Licences,Finance,89306.5,INR,CTR0002,ON_CONTRACT,REQ00503,2025-11-23
TXN001945,ERP_EXPORT,SUP0014,Skyroute Travel,Travel,Operations,72666.43,INR,CTR0005,ON_CONTRACT,,2025-08-20
TXN001948,ERP_EXPORT,SUP0013,Adept Partners,Professional Services,Facilities,70965.03,INR,,OFF_CONTRACT,REQ00063,2025-07-09
TXN001949,ERP_EXPORT,SUP0014,Skyroute Travel,Travel,IT,34911.81,INR,CTR0005,ON_CONTRACT,REQ00210,2025-06-13
TXN001953,ERP_EXPORT,SUP0024,Nexa Technologies,IT Hardware,Marketing,117724.92,INR,,OFF_CONTRACT,REQ00738,2025-10-10
TXN001956,ERP_EXPORT,SUP0011,Sterling Advisory,Professional Services,Finance,235953.8,INR,CTR0004,ON_CONTRACT,REQ00423,2025-09-23
TXN001957,ERP_EXPORT,SUP0005,Cloudspan Software,IT Software & Licences,R&D,82469.35,INR,CTR0002,ON_CONTRACT,,2025-10-20
TXN001958,ERP_EXPORT,SUP0008,Orion Office Supplies,Office Supplies,Operations,11688.71,INR,CTR0003,ON_CONTRACT,REQ00119,2025-08-12
TXN001960,ERP_EXPORT,SUP0009,Paperline Traders,Office Supplies,Finance,20069.99,INR,,OFF_CONTRACT,REQ00650,2026-03-10
TXN001962,ERP_EXPORT,SUP0019,Lumen Creative,Marketing Services,IT,77386.68,INR,CTR0007,ON_CONTRACT,REQ00597,2025-12-08
TXN001963,ERP_EXPORT,SUP0001,Nexa Technologies Pvt Ltd,IT Hardware,Finance,155169.35,INR,CTR0001,ON_CONTRACT,REQ00849,2025-06-24
TXN001964,ERP_EXPORT,SUP0019,Lumen Creative,Marketing Services,Human Resources,73736.61,INR,CTR0007,ON_CONTRACT,REQ00384,2025-12-18
TXN001965,ERP_EXPORT,SUP0019,Lumen Creative,Marketing Services,Human Resources,100062.12,INR,CTR0007,ON_CONTRACT,REQ00335,2025-08-12
TXN001966,ERP_EXPORT,SUP0019,Lumen Creative,Marketing Services,IT,102287.71,INR,CTR0007,ON_CONTRACT,REQ00668,2026-03-10
TXN001967,ERP_EXPORT,SUP0019,Lumen Creative,Marketing Services,R&D,45826.68,INR,CTR0007,ON_CONTRACT,,2025-07-15
TXN001970,ERP_EXPORT,SUP0001,Nexa Technologies Pvt Ltd,IT Hardware,Finance,29060.49,INR,CTR0001,ON_CONTRACT,REQ00738,2025-10-16
TXN001971,ERP_EXPORT,SUP0016,Prime Facility Care,Facilities Maintenance,Marketing,11451.51,INR,CTR0006,ON_CONTRACT,,2025-12-02
TXN001972,ERP_EXPORT,SUP0014,Skyroute Travel,Travel,Facilities,76199.16,INR,CTR0005,ON_CONTRACT,,2025-04-16
TXN001974,ERP_EXPORT,SUP0008,Orion Office Supplies,Office Supplies,Operations,13915.81,INR,CTR0003,ON_CONTRACT,,2025-10-08
TXN001977,ERP_EXPORT,SUP0008,Orion Office Supplies,Office Supplies,Operations,7963.83,INR,CTR0003,ON_CONTRACT,REQ00594,2026-03-22
TXN001979,ERP_EXPORT,SUP0019,Lumen Creative,Marketing Services,Logistics,142182.24,INR,CTR0007,ON_CONTRACT,REQ00014,2026-01-21
TXN001983,ERP_EXPORT,SUP0016,Prime Facility Care,Facilities Maintenance,Marketing,37491.21,INR,CTR0006,ON_CONTRACT,REQ00381,2026-01-08
TXN001986,ERP_EXPORT,SUP0018,Urban Upkeep,Facilities Maintenance,Marketing,14836.09,INR,,OFF_CONTRACT,,2025-09-23
TXN001987,ERP_EXPORT,SUP0008,Orion Office Supplies,Office Supplies,Marketing,18742.6,INR,CTR0003,ON_CONTRACT,,2026-01-19
TXN001989,ERP_EXPORT,SUP0001,Nexa Technologies Pvt Ltd,IT Hardware,Human Resources,92711.86,INR,CTR0001,ON_CONTRACT,,2026-03-07
TXN001990,ERP_EXPORT,SUP0010,Kanban Stationers,Office Supplies,Finance,18778.69,INR,,OFF_CONTRACT,,2025-10-09
TXN001994,ERP_EXPORT,SUP0011,Sterling Advisory,Professional Services,Operations,68424.36,INR,CTR0004,ON_CONTRACT,REQ00032,2025-08-30
TXN001996,ERP_EXPORT,SUP0021,Pulse Marketing Co,Marketing Services,Human Resources,111973.72,INR,,OFF_CONTRACT,REQ00384,2025-07-16
TXN001997,ERP_EXPORT,SUP0014,Skyroute Travel,Travel,Logistics,86442.4,INR,CTR0005,ON_CONTRACT,,2026-01-29
TXN002000,ERP_EXPORT,SUP0018,Urban Upkeep,Facilities Maintenance,IT,26931.22,INR,,OFF_CONTRACT,REQ00500,2025-05-15
TXN002001,ERP_EXPORT,SUP0022,Transcore Logistics,Logistics & Freight,Operations,33721.57,INR,CTR0008,ON_CONTRACT,,2026-02-18
TXN002003,ERP_EXPORT,SUP0022,Transcore Logistics,Logistics & Freight,IT,87219.13,INR,CTR0008,ON_CONTRACT,,2026-01-29
TXN002004,ERP_EXPORT,SUP0004,Arcadia IT Traders,IT Hardware,Marketing,63679.66,INR,,OFF_CONTRACT,REQ00714,2026-01-15
TXN002008,ERP_EXPORT,SUP0022,Transcore Logistics,Logistics & Freight,Facilities,76466.98,INR,CTR0008,ON_CONTRACT,REQ00143,2025-06-07
TXN002009,ERP_EXPORT,SUP0001,Nexa Technologies Pvt Ltd,IT Hardware,R&D,35131.75,INR,CTR0001,ON_CONTRACT,REQ00538,2026-03-22
TXN002010,ERP_EXPORT,SUP0016,Prime Facility Care,Facilities Maintenance,Logistics,39254.27,INR,CTR0006,ON_CONTRACT,REQ00447,2026-01-11
TXN002011,ERP_EXPORT,SUP0019,Lumen Creative,Marketing Services,Finance,24705.9,INR,CTR0007,ON_CONTRACT,REQ00520,2025-08-03
TXN002012,ERP_EXPORT,SUP0008,Orion Office Supplies,Office Supplies,Marketing,3441.02,INR,CTR0003,ON_CONTRACT,,2025-11-15
TXN002013,ERP_EXPORT,SUP0016,Prime Facility Care,Facilities Maintenance,Marketing,64386.25,INR,CTR0006,ON_CONTRACT,,2025-05-30
TXN002014,ERP_EXPORT,SUP0001,Nexa Technologies Pvt Ltd,IT Hardware,Marketing,46583.03,INR,CTR0001,ON_CONTRACT,,2025-10-18
TXN002015,ERP_EXPORT,SUP0001,Nexa Technologies Pvt Ltd,IT Hardware,IT,107525.21,INR,CTR0001,ON_CONTRACT,REQ00682,2025-08-15
TXN002017,ERP_EXPORT,SUP0011,Sterling Advisory,Professional Services,Logistics,112942.1,INR,CTR0004,ON_CONTRACT,REQ00177,2025-10-16
TXN002018,ERP_EXPORT,SUP0005,Cloudspan Software,IT Software & Licences,Marketing,109482.5,INR,CTR0002,ON_CONTRACT,,2025-05-05
TXN002020,ERP_EXPORT,SUP0017,GreenEdge Services,Facilities Maintenance,R&D,49827.38,INR,,OFF_CONTRACT,REQ00329,2025-10-20
TXN002023,ERP_EXPORT,SUP0023,FleetBridge Cargo,Logistics & Freight,R&D,89756.26,INR,,OFF_CONTRACT,REQ00087,2026-03-27
TXN002024,ERP_EXPORT,SUP0008,Orion Office Supplies,Office Supplies,R&D,3201.93,INR,CTR0003,ON_CONTRACT,REQ00666,2025-09-22
TXN002026,ERP_EXPORT,SUP0008,Orion Office Supplies,Office Supplies,Logistics,7983.63,INR,CTR0003,ON_CONTRACT,,2025-12-29
TXN002027,ERP_EXPORT,SUP0005,Cloudspan Software,IT Software & Licences,Human Resources,91736.2,INR,CTR0002,ON_CONTRACT,,2026-01-30
TXN002029,ERP_EXPORT,SUP0014,Skyroute Travel,Travel,R&D,29035.47,INR,CTR0005,ON_CONTRACT,REQ00613,2025-11-04
TXN002031,ERP_EXPORT,SUP0016,Prime Facility Care,Facilities Maintenance,Marketing,21885.86,INR,CTR0006,ON_CONTRACT,REQ00741,2025-08-28
TXN002033,ERP_EXPORT,SUP0016,Prime Facility Care,Facilities Maintenance,Human Resources,37835.95,INR,CTR0006,ON_CONTRACT,,2025-11-22
TXN002036,ERP_EXPORT,SUP0014,Skyroute Travel,Travel,Logistics,36659.52,INR,CTR0005,ON_CONTRACT,,2025-11-30
TXN002037,ERP_EXPORT,SUP0019,Lumen Creative,Marketing Services,Marketing,35973.41,INR,CTR0007,ON_CONTRACT,REQ00779,2025-04-28
TXN002038,ERP_EXPORT,SUP0003,BluePeak Systems,IT Hardware,Human Resources,48443.26,INR,,OFF_CONTRACT,REQ00099,2026-03-18
TXN002040,ERP_EXPORT,SUP0014,Skyroute Travel,Travel,Operations,28579.27,INR,CTR0005,ON_CONTRACT,,2026-01-18
TXN002046,ERP_EXPORT,SUP0005,Cloudspan Software,IT Software & Licences,Marketing,90895.5,INR,CTR0002,ON_CONTRACT,,2025-10-14
TXN002048,ERP_EXPORT,SUP0021,Pulse Marketing Co,Marketing Services,IT,119096.91,INR,,OFF_CONTRACT,REQ00631,2025-10-16
TXN002049,ERP_EXPORT,SUP0022,Transcore Logistics,Logistics & Freight,Facilities,57113.67,INR,CTR0008,ON_CONTRACT,,2026-03-24
TXN002050,ERP_EXPORT,SUP0019,Lumen Creative,Marketing Services,Operations,31441.55,INR,CTR0007,ON_CONTRACT,REQ00415,2025-08-19
TXN002052,ERP_EXPORT,SUP0001,Nexa Technologies Pvt Ltd,IT Hardware,Facilities,100127.92,INR,CTR0001,ON_CONTRACT,REQ00820,2025-04-12
TXN002053,ERP_EXPORT,SUP0019,Lumen Creative,Marketing Services,IT,43208.44,INR,CTR0007,ON_CONTRACT,REQ00742,2025-11-15
TXN002054,ERP_EXPORT,SUP0019,Lumen Creative,Marketing Services,Operations,152397.74,INR,CTR0007,ON_CONTRACT,REQ00267,2025-12-02
TXN002056,ERP_EXPORT,SUP0016,Prime Facility Care,Facilities Maintenance,Marketing,50141.34,INR,CTR0006,ON_CONTRACT,REQ00713,2026-01-09
TXN002057,ERP_EXPORT,SUP0001,Nexa Technologies Pvt Ltd,IT Hardware,Human Resources,96655.81,INR,CTR0001,ON_CONTRACT,REQ00301,2025-06-12
TXN002059,ERP_EXPORT,SUP0005,Cloudspan Software,IT Software & Licences,IT,83352.21,INR,CTR0002,ON_CONTRACT,,2025-06-30
TXN002061,ERP_EXPORT,SUP0005,Cloudspan Software,IT Software & Licences,Marketing,21538.68,INR,CTR0002,ON_CONTRACT,REQ00798,2025-11-23
TXN002062,ERP_EXPORT,SUP0016,Prime Facility Care,Facilities Maintenance,Marketing,40750.16,INR,CTR0006,ON_CONTRACT,REQ00009,2025-09-14
TXN002064,ERP_EXPORT,SUP0022,Transcore Logistics,Logistics & Freight,Finance,50116.91,INR,CTR0008,ON_CONTRACT,,2025-08-21
TXN002065,ERP_EXPORT,SUP0022,Transcore Logistics,Logistics & Freight,Facilities,16312.4,INR,CTR0008,ON_CONTRACT,,2025-06-22
TXN002066,ERP_EXPORT,SUP0001,Nexa Technologies Pvt Ltd,IT Hardware,IT,146873.12,INR,CTR0001,ON_CONTRACT,REQ00542,2025-12-07
TXN002069,ERP_EXPORT,SUP0005,Cloudspan Software,IT Software & Licences,Human Resources,32294.17,INR,CTR0002,ON_CONTRACT,REQ00423,2025-10-13
TXN002070,ERP_EXPORT,SUP0019,Lumen Creative,Marketing Services,Logistics,66230.11,INR,CTR0007,ON_CONTRACT,REQ00017,2025-07-20
TXN002071,ERP_EXPORT,SUP0019,Lumen Creative,Marketing Services,Marketing,125945.21,INR,CTR0007,ON_CONTRACT,,2025-09-02
TXN002072,ERP_EXPORT,SUP0019,Lumen Creative,Marketing Services,Operations,92714.02,INR,CTR0007,ON_CONTRACT,,2025-08-08
TXN002074,ERP_EXPORT,SUP0008,Orion Office Supplies,Office Supplies,IT,22190.09,INR,CTR0003,ON_CONTRACT,REQ00396,2026-03-01
TXN002075,ERP_EXPORT,SUP0019,Lumen Creative,Marketing Services,Logistics,143141.46,INR,CTR0007,ON_CONTRACT,REQ00890,2025-12-02
TXN002076,ERP_EXPORT,SUP0005,Cloudspan Software,IT Software & Licences,Marketing,106410.73,INR,CTR0002,ON_CONTRACT,REQ00104,2025-06-14
TXN002077,ERP_EXPORT,SUP0014,Skyroute Travel,Travel,Finance,27581.29,INR,CTR0005,ON_CONTRACT,REQ00414,2025-09-19
TXN002078,ERP_EXPORT,SUP0022,Transcore Logistics,Logistics & Freight,Finance,49452.87,INR,CTR0008,ON_CONTRACT,REQ00530,2026-01-25
TXN002079,ERP_EXPORT,SUP0006,Vertex Licensing,IT Software & Licences,IT,118423.91,INR,,OFF_CONTRACT,,2026-01-06
TXN002082,ERP_EXPORT,SUP0019,Lumen Creative,Marketing Services,IT,29128.64,INR,CTR0007,ON_CONTRACT,,2025-07-09
TXN002083,ERP_EXPORT,SUP0019,Lumen Creative,Marketing Services,Marketing,84950.39,INR,CTR0007,ON_CONTRACT,REQ00582,2025-08-09
TXN002084,ERP_EXPORT,SUP0011,Sterling Advisory,Professional Services,IT,230936.24,INR,CTR0004,ON_CONTRACT,REQ00495,2025-05-04
TXN002087,ERP_EXPORT,SUP0016,Prime Facility Care,Facilities Maintenance,Marketing,16328.42,INR,CTR0006,ON_CONTRACT,,2026-01-27
TXN002088,ERP_EXPORT,SUP0014,Skyroute Travel,Travel,IT,61855.97,INR,CTR0005,ON_CONTRACT,REQ00279,2025-09-16
TXN002090,ERP_EXPORT,SUP0007,Meridian Softworks,IT Software & Licences,Operations,54944.1,INR,,OFF_CONTRACT,,2025-08-06
TXN002093,ERP_EXPORT,SUP0019,Lumen Creative,Marketing Services,R&D,48527.3,INR,CTR0007,ON_CONTRACT,REQ00032,2025-09-18
TXN002094,ERP_EXPORT,SUP0016,Prime Facility Care,Facilities Maintenance,Logistics,41399.78,INR,CTR0006,ON_CONTRACT,,2025-10-20
TXN002096,ERP_EXPORT,SUP0016,Prime Facility Care,Facilities Maintenance,R&D,57571.27,INR,CTR0006,ON_CONTRACT,,2025-05-22
TXN002098,ERP_EXPORT,SUP0022,Transcore Logistics,Logistics & Freight,Finance,64670.34,INR,CTR0008,ON_CONTRACT,,2026-03-25
TXN002099,ERP_EXPORT,SUP0016,Prime Facility Care,Facilities Maintenance,Marketing,57874.85,INR,CTR0006,ON_CONTRACT,,2025-09-17
TXN002100,ERP_EXPORT,SUP0005,Cloudspan Software,IT Software & Licences,IT,56576.9,INR,CTR0002,ON_CONTRACT,,2025-07-08
TXN002101,ERP_EXPORT,SUP0027,Orion Office Supplies Ltd,Office Supplies,Human Resources,23047.07,INR,,OFF_CONTRACT,,2025-12-26
TXN002102,ERP_EXPORT,SUP0006,Vertex Licensing,IT Software & Licences,Logistics,70968.03,INR,,OFF_CONTRACT,,2025-08-12
TXN002106,ERP_EXPORT,SUP0014,Skyroute Travel,Travel,Logistics,33974.46,INR,CTR0005,ON_CONTRACT,REQ00159,2025-04-19
TXN002110,ERP_EXPORT,SUP0022,Transcore Logistics,Logistics & Freight,R&D,93632.28,INR,CTR0008,ON_CONTRACT,REQ00068,2025-04-26
TXN002111,ERP_EXPORT,SUP0026,Nexa Tech Pvt Ltd,IT Hardware,Marketing,46810.29,INR,,OFF_CONTRACT,,2025-11-24
TXN002112,ERP_EXPORT,SUP0020,BrightArc Media,Marketing Services,Finance,48282.19,INR,,OFF_CONTRACT,,2026-03-29
TXN002114,ERP_EXPORT,SUP0014,Skyroute Travel,Travel,Finance,81307.16,INR,CTR0005,ON_CONTRACT,REQ00144,2025-08-01
TXN002116,ERP_EXPORT,SUP0016,Prime Facility Care,Facilities Maintenance,Operations,19126.26,INR,CTR0006,ON_CONTRACT,REQ00341,2026-03-15
TXN002118,ERP_EXPORT,SUP0023,FleetBridge Cargo,Logistics & Freight,Logistics,63069.74,INR,,OFF_CONTRACT,REQ00341,2025-04-10
TXN002124,ERP_EXPORT,SUP0014,Skyroute Travel,Travel,Operations,42256.4,INR,CTR0005,ON_CONTRACT,REQ00566,2025-08-26
TXN002125,ERP_EXPORT,SUP0006,Vertex Licensing,IT Software & Licences,Finance,118331.58,INR,,OFF_CONTRACT,REQ00672,2025-07-12
TXN002126,ERP_EXPORT,SUP0001,Nexa Technologies Pvt Ltd,IT Hardware,Operations,128527.6,INR,CTR0001,ON_CONTRACT,,2025-04-11
TXN002129,ERP_EXPORT,SUP0005,Cloudspan Software,IT Software & Licences,Facilities,107602.41,INR,CTR0002,ON_CONTRACT,,2025-04-02
TXN002131,ERP_EXPORT,SUP0022,Transcore Logistics,Logistics & Freight,Logistics,25465.37,INR,CTR0008,ON_CONTRACT,REQ00493,2026-03-09
TXN002135,ERP_EXPORT,SUP0019,Lumen Creative,Marketing Services,R&D,120709.51,INR,CTR0007,ON_CONTRACT,REQ00195,2026-02-12
TXN002138,ERP_EXPORT,SUP0016,Prime Facility Care,Facilities Maintenance,IT,53889.79,INR,CTR0006,ON_CONTRACT,,2025-11-24
TXN002139,ERP_EXPORT,SUP0005,Cloudspan Software,IT Software & Licences,Facilities,34678.25,INR,CTR0002,ON_CONTRACT,,2025-11-29
TXN002140,ERP_EXPORT,SUP0022,Transcore Logistics,Logistics & Freight,Finance,83228.7,INR,CTR0008,ON_CONTRACT,REQ00831,2025-04-17
TXN002141,ERP_EXPORT,SUP0016,Prime Facility Care,Facilities Maintenance,R&D,59143.81,INR,CTR0006,ON_CONTRACT,REQ00880,2025-05-25
TXN002145,ERP_EXPORT,SUP0005,Cloudspan Software,IT Software & Licences,Human Resources,64472.63,INR,CTR0002,ON_CONTRACT,,2025-09-10
TXN002146,ERP_EXPORT,SUP0005,Cloudspan Software,IT Software & Licences,Facilities,101271.87,INR,CTR0002,ON_CONTRACT,REQ00284,2025-09-07
TXN002148,ERP_EXPORT,SUP0014,Skyroute Travel,Travel,IT,37339.46,INR,CTR0005,ON_CONTRACT,REQ00900,2025-11-02
TXN002149,ERP_EXPORT,SUP0005,Cloudspan Software,IT Software & Licences,IT,66892.31,INR,CTR0002,ON_CONTRACT,REQ00097,2026-01-27
TXN002150,ERP_EXPORT,SUP0001,Nexa Technologies Pvt Ltd,IT Hardware,Logistics,153378.63,INR,CTR0001,ON_CONTRACT,,2025-10-25
TXN002151,ERP_EXPORT,SUP0005,Cloudspan Software,IT Software & Licences,Operations,50196.84,INR,CTR0002,ON_CONTRACT,REQ00173,2025-07-04
TXN002152,ERP_EXPORT,SUP0005,Cloudspan Software,IT Software & Licences,Operations,33244.97,INR,CTR0002,ON_CONTRACT,,2025-06-04
TXN002153,ERP_EXPORT,SUP0028,ORION OFFICE SUPPLIES,Office Supplies,R&D,18376.32,INR,,OFF_CONTRACT,REQ00536,2025-08-18
TXN002154,ERP_EXPORT,SUP0011,Sterling Advisory,Professional Services,R&D,213455.42,INR,CTR0004,ON_CONTRACT,REQ00683,2025-10-16
TXN002155,ERP_EXPORT,SUP0012,Cobalt Consulting,Professional Services,R&D,61133.87,INR,,OFF_CONTRACT,,2025-10-28
TXN002157,ERP_EXPORT,SUP0004,Arcadia IT Traders,IT Hardware,Human Resources,47005.66,INR,,OFF_CONTRACT,,2026-01-21
TXN002158,ERP_EXPORT,SUP0028,ORION OFFICE SUPPLIES,Office Supplies,Operations,10002.65,INR,,OFF_CONTRACT,REQ00042,2025-07-28
TXN002159,ERP_EXPORT,SUP0013,Adept Partners,Professional Services,R&D,134573.71,INR,,OFF_CONTRACT,REQ00224,2025-08-20
TXN002162,ERP_EXPORT,SUP0014,Skyroute Travel,Travel,Marketing,58916.14,INR,CTR0005,ON_CONTRACT,REQ00362,2025-07-06
TXN002165,ERP_EXPORT,SUP0014,Skyroute Travel,Travel,Human Resources,46645.55,INR,CTR0005,ON_CONTRACT,REQ00287,2025-06-30
TXN002167,ERP_EXPORT,SUP0014,Skyroute Travel,Travel,Human Resources,59999.66,INR,CTR0005,ON_CONTRACT,,2025-10-17
TXN002168,ERP_EXPORT,SUP0014,Skyroute Travel,Travel,Marketing,18353.71,INR,CTR0005,ON_CONTRACT,REQ00241,2026-02-25
TXN002170,ERP_EXPORT,SUP0014,Skyroute Travel,Travel,Human Resources,34658.53,INR,CTR0005,ON_CONTRACT,,2025-04-11
TXN002173,ERP_EXPORT,SUP0001,Nexa Technologies Pvt Ltd,IT Hardware,R&D,52106.62,INR,CTR0001,ON_CONTRACT,,2025-04-01
TXN002174,ERP_EXPORT,SUP0022,Transcore Logistics,Logistics & Freight,Human Resources,83026.19,INR,CTR0008,ON_CONTRACT,,2025-11-04
TXN002175,ERP_EXPORT,SUP0014,Skyroute Travel,Travel,Operations,26628.72,INR,CTR0005,ON_CONTRACT,,2026-03-09
TXN002176,ERP_EXPORT,SUP0016,Prime Facility Care,Facilities Maintenance,Operations,60222.47,INR,CTR0006,ON_CONTRACT,,2025-09-14
TXN002177,ERP_EXPORT,SUP0003,BluePeak Systems,IT Hardware,Operations,68287.79,INR,,OFF_CONTRACT,REQ00505,2025-07-26
TXN002180,ERP_EXPORT,SUP0008,Orion Office Supplies,Office Supplies,Finance,13791.06,INR,CTR0003,ON_CONTRACT,REQ00263,2025-04-06
TXN002181,ERP_EXPORT,SUP0019,Lumen Creative,Marketing Services,Logistics,62743.49,INR,CTR0007,ON_CONTRACT,,2025-05-18
TXN002182,ERP_EXPORT,SUP0018,Urban Upkeep,Facilities Maintenance,Human Resources,22758.66,INR,,OFF_CONTRACT,,2025-12-31
TXN002184,ERP_EXPORT,SUP0012,Cobalt Consulting,Professional Services,Operations,103828.74,INR,,OFF_CONTRACT,,2025-08-21
TXN002185,ERP_EXPORT,SUP0001,Nexa Technologies Pvt Ltd,IT Hardware,Finance,126240.23,INR,CTR0001,ON_CONTRACT,,2026-01-10
TXN002186,ERP_EXPORT,SUP0008,Orion Office Supplies,Office Supplies,IT,23581.01,INR,CTR0003,ON_CONTRACT,,2025-07-08
TXN002188,ERP_EXPORT,SUP0001,Nexa Technologies Pvt Ltd,IT Hardware,Marketing,528690.23,INR,,OFF_CONTRACT,REQ00744,2025-07-14
TXN002191,ERP_EXPORT,SUP0016,Prime Facility Care,Facilities Maintenance,R&D,25617.21,INR,CTR0006,ON_CONTRACT,REQ00783,2025-06-20
TXN002192,ERP_EXPORT,SUP0011,Sterling Advisory,Professional Services,R&D,230510.96,INR,CTR0004,ON_CONTRACT,REQ00833,2025-06-25
TXN002194,ERP_EXPORT,SUP0012,Cobalt Consulting,Professional Services,Logistics,157692.53,INR,,OFF_CONTRACT,REQ00267,2026-02-05
TXN002195,ERP_EXPORT,SUP0011,Sterling Advisory,Professional Services,Human Resources,63307.79,INR,CTR0004,ON_CONTRACT,REQ00549,2025-11-25
TXN002197,ERP_EXPORT,SUP0005,Cloudspan Software,IT Software & Licences,Marketing,63337.62,INR,CTR0002,ON_CONTRACT,REQ00185,2026-01-01
TXN002199,ERP_EXPORT,SUP0016,Prime Facility Care,Facilities Maintenance,Human Resources,42798.89,INR,CTR0006,ON_CONTRACT,REQ00140,2025-07-01
TXN002202,ERP_EXPORT,SUP0022,Transcore Logistics,Logistics & Freight,Finance,21189.81,INR,CTR0008,ON_CONTRACT,REQ00784,2025-04-06
TXN002203,ERP_EXPORT,SUP0025,NEXA TECHNOLOGIES PVT. LTD.,IT Hardware,IT,90495.01,INR,,OFF_CONTRACT,REQ00169,2026-02-21
TXN002204,ERP_EXPORT,SUP0005,Cloudspan Software,IT Software & Licences,Facilities,19412.59,INR,CTR0002,ON_CONTRACT,REQ00552,2026-02-26
TXN002206,ERP_EXPORT,SUP0015,Voyager Corporate Travel,Travel,Marketing,83282.28,INR,,OFF_CONTRACT,,2026-01-21
TXN002207,ERP_EXPORT,SUP0022,Transcore Logistics,Logistics & Freight,Facilities,35243.1,INR,CTR0008,ON_CONTRACT,REQ00845,2025-08-26
TXN002208,ERP_EXPORT,SUP0001,Nexa Technologies Pvt Ltd,IT Hardware,R&D,158042.96,INR,CTR0001,ON_CONTRACT,REQ00046,2026-02-01
TXN002209,ERP_EXPORT,SUP0001,Nexa Technologies Pvt Ltd,IT Hardware,Operations,70293.83,INR,CTR0001,ON_CONTRACT,REQ00652,2025-09-22
TXN002210,ERP_EXPORT,SUP0005,Cloudspan Software,IT Software & Licences,Marketing,110630.87,INR,CTR0002,ON_CONTRACT,REQ00577,2025-06-02
TXN002213,ERP_EXPORT,SUP0001,Nexa Technologies Pvt Ltd,IT Hardware,Operations,27791.02,INR,CTR0001,ON_CONTRACT,REQ00617,2026-02-09
TXN002215,ERP_EXPORT,SUP0008,Orion Office Supplies,Office Supplies,IT,18713.43,INR,CTR0003,ON_CONTRACT,,2025-10-18
TXN002217,ERP_EXPORT,SUP0008,Orion Office Supplies,Office Supplies,Operations,21076.08,INR,CTR0003,ON_CONTRACT,REQ00388,2025-07-06
TXN002218,ERP_EXPORT,SUP0005,Cloudspan Software,IT Software & Licences,Facilities,44559.73,INR,CTR0002,ON_CONTRACT,REQ00410,2026-02-11
TXN002219,ERP_EXPORT,SUP0015,Voyager Corporate Travel,Travel,Marketing,79565.81,INR,,OFF_CONTRACT,REQ00430,2025-06-06
TXN002220,ERP_EXPORT,SUP0018,Urban Upkeep,Facilities Maintenance,Facilities,16754.82,INR,,OFF_CONTRACT,REQ00797,2025-08-07
TXN002221,ERP_EXPORT,SUP0005,Cloudspan Software,IT Software & Licences,R&D,88887.03,INR,CTR0002,ON_CONTRACT,REQ00647,2025-10-17
TXN002223,ERP_EXPORT,SUP0008,Orion Office Supplies,Office Supplies,Finance,4220.29,INR,CTR0003,ON_CONTRACT,REQ00700,2025-07-05
TXN002226,ERP_EXPORT,SUP0025,NEXA TECHNOLOGIES PVT. LTD.,IT Hardware,Operations,97659.03,INR,,OFF_CONTRACT,,2025-12-13
TXN002227,ERP_EXPORT,SUP0010,Kanban Stationers,Office Supplies,Marketing,8929.1,INR,,OFF_CONTRACT,REQ00852,2026-03-23
TXN002228,ERP_EXPORT,SUP0001,Nexa Technologies Pvt Ltd,IT Hardware,Human Resources,117745.41,INR,CTR0001,ON_CONTRACT,,2025-04-30
TXN002230,ERP_EXPORT,SUP0012,Cobalt Consulting,Professional Services,Facilities,102983.01,INR,,OFF_CONTRACT,REQ00228,2025-06-12
TXN002233,ERP_EXPORT,SUP0021,Pulse Marketing Co,Marketing Services,Facilities,146405.3,INR,,OFF_CONTRACT,,2026-02-08
TXN002235,ERP_EXPORT,SUP0001,Nexa Technologies Pvt Ltd,IT Hardware,IT,128509.73,INR,CTR0001,ON_CONTRACT,,2025-04-16
TXN002236,ERP_EXPORT,SUP0005,Cloudspan Software,IT Software & Licences,Marketing,77288.26,INR,CTR0002,ON_CONTRACT,,2025-12-25
TXN002237,ERP_EXPORT,SUP0001,Nexa Technologies Pvt Ltd,IT Hardware,Logistics,163306.89,INR,CTR0001,ON_CONTRACT,,2025-12-11
TXN002240,ERP_EXPORT,SUP0014,Skyroute Travel,Travel,Operations,27639.83,INR,CTR0005,ON_CONTRACT,REQ00489,2025-09-23
TXN002242,ERP_EXPORT,SUP0011,Sterling Advisory,Professional Services,Facilities,47280.76,INR,CTR0004,ON_CONTRACT,REQ00282,2025-09-19
TXN002243,ERP_EXPORT,SUP0016,Prime Facility Care,Facilities Maintenance,IT,44968.41,INR,CTR0006,ON_CONTRACT,,2025-08-29
TXN002244,ERP_EXPORT,SUP0008,Orion Office Supplies,Office Supplies,IT,24895.06,INR,CTR0003,ON_CONTRACT,,2026-02-17
TXN002245,ERP_EXPORT,SUP0003,BluePeak Systems,IT Hardware,R&D,157632.89,INR,,OFF_CONTRACT,REQ00810,2025-04-24
TXN002246,ERP_EXPORT,SUP0005,Cloudspan Software,IT Software & Licences,IT,69751.8,INR,CTR0002,ON_CONTRACT,,2025-07-08
TXN002247,ERP_EXPORT,SUP0001,Nexa Technologies Pvt Ltd,IT Hardware,R&D,34864.34,INR,CTR0001,ON_CONTRACT,REQ00623,2025-05-16
TXN002249,ERP_EXPORT,SUP0015,Voyager Corporate Travel,Travel,R&D,57116.24,INR,,OFF_CONTRACT,REQ00188,2025-11-10
TXN002252,ERP_EXPORT,SUP0011,Sterling Advisory,Professional Services,Logistics,231021.63,INR,CTR0004,ON_CONTRACT,,2025-09-23
TXN002254,ERP_EXPORT,SUP0016,Prime Facility Care,Facilities Maintenance,Facilities,59757.21,INR,CTR0006,ON_CONTRACT,,2025-11-18
TXN002255,ERP_EXPORT,SUP0001,Nexa Technologies Pvt Ltd,IT Hardware,Finance,161241.73,INR,CTR0001,ON_CONTRACT,,2026-01-23
TXN002256,ERP_EXPORT,SUP0006,Vertex Licensing,IT Software & Licences,IT,75036.1,INR,,OFF_CONTRACT,,2025-11-18
TXN002257,ERP_EXPORT,SUP0014,Skyroute Travel,Travel,R&D,50430.6,INR,CTR0005,ON_CONTRACT,,2026-01-19
TXN002258,ERP_EXPORT,SUP0021,Pulse Marketing Co,Marketing Services,Logistics,80259.84,INR,,OFF_CONTRACT,REQ00535,2025-08-30
TXN002259,ERP_EXPORT,SUP0008,Orion Office Supplies,Office Supplies,R&D,9289.77,INR,CTR0003,ON_CONTRACT,,2026-01-17
TXN002260,ERP_EXPORT,SUP0011,Sterling Advisory,Professional Services,Human Resources,131265.15,INR,CTR0004,ON_CONTRACT,REQ00513,2025-09-06
TXN002261,ERP_EXPORT,SUP0011,Sterling Advisory,Professional Services,Operations,202514.73,INR,CTR0004,ON_CONTRACT,REQ00145,2025-11-07
TXN002264,ERP_EXPORT,SUP0011,Sterling Advisory,Professional Services,Finance,133109.8,INR,CTR0004,ON_CONTRACT,,2025-12-23
TXN002265,ERP_EXPORT,SUP0008,Orion Office Supplies,Office Supplies,IT,15963.06,INR,CTR0003,ON_CONTRACT,,2025-08-24
TXN002267,ERP_EXPORT,SUP0019,Lumen Creative,Marketing Services,Marketing,102837.6,INR,CTR0007,ON_CONTRACT,REQ00782,2025-10-01
TXN002268,ERP_EXPORT,SUP0008,Orion Office Supplies,Office Supplies,R&D,18160.58,INR,CTR0003,ON_CONTRACT,,2025-09-24
TXN002271,ERP_EXPORT,SUP0015,Voyager Corporate Travel,Travel,Marketing,16546.43,INR,,OFF_CONTRACT,REQ00816,2025-09-07
TXN002272,ERP_EXPORT,SUP0014,Skyroute Travel,Travel,IT,39529.93,INR,CTR0005,ON_CONTRACT,,2025-06-24
TXN002273,ERP_EXPORT,SUP0022,Transcore Logistics,Logistics & Freight,R&D,52476.37,INR,CTR0008,ON_CONTRACT,,2025-10-17
TXN002276,ERP_EXPORT,SUP0001,Nexa Technologies Pvt Ltd,IT Hardware,Human Resources,118100.92,INR,CTR0001,ON_CONTRACT,,2025-05-08
TXN002277,ERP_EXPORT,SUP0016,Prime Facility Care,Facilities Maintenance,Marketing,54615.63,INR,CTR0006,ON_CONTRACT,,2025-12-24
TXN002279,ERP_EXPORT,SUP0004,Arcadia IT Traders,IT Hardware,Human Resources,123286.12,INR,,OFF_CONTRACT,REQ00060,2025-11-16
TXN002282,ERP_EXPORT,SUP0001,Nexa Technologies Pvt Ltd,IT Hardware,Human Resources,81087.23,INR,CTR0001,ON_CONTRACT,REQ00200,2025-07-11
TXN002283,ERP_EXPORT,SUP0011,Sterling Advisory,Professional Services,Marketing,139223.6,INR,CTR0004,ON_CONTRACT,,2025-09-08
TXN002284,ERP_EXPORT,SUP0016,Prime Facility Care,Facilities Maintenance,Finance,12738.92,INR,CTR0006,ON_CONTRACT,,2025-10-23
TXN002286,ERP_EXPORT,SUP0005,Cloudspan Software,IT Software & Licences,R&D,44065.5,INR,CTR0002,ON_CONTRACT,REQ00769,2025-11-03
TXN002287,ERP_EXPORT,SUP0013,Adept Partners,Professional Services,Logistics,244021.87,INR,,OFF_CONTRACT,REQ00588,2025-09-24
TXN002288,ERP_EXPORT,SUP0019,Lumen Creative,Marketing Services,Facilities,66388.58,INR,CTR0007,ON_CONTRACT,,2026-01-05
TXN002289,ERP_EXPORT,SUP0014,Skyroute Travel,Travel,Marketing,47527.37,INR,CTR0005,ON_CONTRACT,,2025-09-13
TXN002290,ERP_EXPORT,SUP0001,Nexa Technologies Pvt Ltd,IT Hardware,IT,55395.15,INR,CTR0001,ON_CONTRACT,,2025-05-19
TXN002292,ERP_EXPORT,SUP0005,Cloudspan Software,IT Software & Licences,Marketing,44471.74,INR,CTR0002,ON_CONTRACT,,2025-12-12
TXN002293,ERP_EXPORT,SUP0008,Orion Office Supplies,Office Supplies,Marketing,672311.78,INR,,OFF_CONTRACT,,2025-12-08
TXN002294,ERP_EXPORT,SUP0008,Orion Office Supplies,Office Supplies,R&D,13881.17,INR,CTR0003,ON_CONTRACT,REQ00560,2025-09-22
TXN002295,ERP_EXPORT,SUP0023,FleetBridge Cargo,Logistics & Freight,R&D,12456.98,INR,,OFF_CONTRACT,,2025-07-28
TXN002296,ERP_EXPORT,SUP0013,Adept Partners,Professional Services,Finance,41609.45,INR,,OFF_CONTRACT,REQ00347,2025-07-27
TXN002297,ERP_EXPORT,SUP0022,Transcore Logistics,Logistics & Freight,R&D,30182.71,INR,CTR0008,ON_CONTRACT,REQ00122,2025-11-19
TXN002298,ERP_EXPORT,SUP0022,Transcore Logistics,Logistics & Freight,Logistics,15047.87,INR,CTR0008,ON_CONTRACT,REQ00415,2025-12-22
TXN002299,ERP_EXPORT,SUP0008,Orion Office Supplies,Office Supplies,IT,4484.59,INR,CTR0003,ON_CONTRACT,REQ00148,2025-05-14
TXN002301,ERP_EXPORT,SUP0023,FleetBridge Cargo,Logistics & Freight,Marketing,78614.61,INR,,OFF_CONTRACT,,2025-12-24
TXN002302,ERP_EXPORT,SUP0008,Orion Office Supplies,Office Supplies,Finance,15157.12,INR,CTR0003,ON_CONTRACT,,2025-11-20
TXN002303,ERP_EXPORT,SUP0001,Nexa Technologies Pvt Ltd,IT Hardware,Human Resources,104463.5,INR,CTR0001,ON_CONTRACT,REQ00639,2026-02-06
TXN002306,ERP_EXPORT,SUP0014,Skyroute Travel,Travel,Marketing,40555.23,INR,CTR0005,ON_CONTRACT,REQ00621,2025-09-20
TXN002307,ERP_EXPORT,SUP0005,Cloudspan Software,IT Software & Licences,Logistics,24144.74,INR,CTR0002,ON_CONTRACT,,2025-12-16
TXN002309,ERP_EXPORT,SUP0022,Transcore Logistics,Logistics & Freight,Marketing,21448.59,INR,CTR0008,ON_CONTRACT,REQ00631,2025-11-18
TXN002310,ERP_EXPORT,SUP0014,Skyroute Travel,Travel,Facilities,36308.3,INR,CTR0005,ON_CONTRACT,,2026-03-06
TXN002311,ERP_EXPORT,SUP0022,Transcore Logistics,Logistics & Freight,R&D,54115.19,INR,CTR0008,ON_CONTRACT,REQ00878,2026-02-14
TXN002313,ERP_EXPORT,SUP0024,Nexa Technologies,IT Hardware,IT,101499.72,INR,,OFF_CONTRACT,REQ00191,2026-03-16
TXN002316,ERP_EXPORT,SUP0017,GreenEdge Services,Facilities Maintenance,R&D,17889.35,INR,,OFF_CONTRACT,REQ00404,2025-07-10
TXN002319,ERP_EXPORT,SUP0005,Cloudspan Software,IT Software & Licences,Facilities,59291.96,INR,CTR0002,ON_CONTRACT,,2025-09-15
TXN002320,ERP_EXPORT,SUP0008,Orion Office Supplies,Office Supplies,Logistics,11453.48,INR,CTR0003,ON_CONTRACT,REQ00352,2025-10-17
TXN002321,ERP_EXPORT,SUP0009,Paperline Traders,Office Supplies,Operations,22875.05,INR,,OFF_CONTRACT,,2025-07-23
TXN002323,ERP_EXPORT,SUP0005,Cloudspan Software,IT Software & Licences,Finance,78830.05,INR,CTR0002,ON_CONTRACT,REQ00662,2025-12-07
TXN002324,ERP_EXPORT,SUP0015,Voyager Corporate Travel,Travel,Finance,33368.56,INR,,OFF_CONTRACT,,2026-03-15
TXN002325,ERP_EXPORT,SUP0014,Skyroute Travel,Travel,Human Resources,75550.81,INR,CTR0005,ON_CONTRACT,,2025-06-01
TXN002327,ERP_EXPORT,SUP0016,Prime Facility Care,Facilities Maintenance,IT,59271.9,INR,CTR0006,ON_CONTRACT,REQ00373,2025-07-17
TXN002328,ERP_EXPORT,SUP0019,Lumen Creative,Marketing Services,Logistics,20219.11,INR,CTR0007,ON_CONTRACT,REQ00848,2025-09-15
TXN002330,ERP_EXPORT,SUP0005,Cloudspan Software,IT Software & Licences,Finance,20369.22,INR,CTR0002,ON_CONTRACT,REQ00636,2025-08-15
TXN002332,ERP_EXPORT,SUP0022,Transcore Logistics,Logistics & Freight,Facilities,16940.55,INR,CTR0008,ON_CONTRACT,,2025-12-25
TXN002335,ERP_EXPORT,SUP0019,Lumen Creative,Marketing Services,R&D,36028.27,INR,CTR0007,ON_CONTRACT,,2025-11-17
TXN002337,ERP_EXPORT,SUP0018,Urban Upkeep,Facilities Maintenance,Finance,37374.19,INR,,OFF_CONTRACT,,2025-11-03
TXN002339,ERP_EXPORT,SUP0007,Meridian Softworks,,Finance,27707.63,INR,,OFF_CONTRACT,REQ00872,2025-04-04
TXN002341,ERP_EXPORT,SUP0011,Sterling Advisory,Professional Services,Facilities,197747.39,INR,CTR0004,ON_CONTRACT,,2025-09-10
TXN002342,ERP_EXPORT,SUP0005,Cloudspan Software,IT Software & Licences,Logistics,22455.8,INR,CTR0002,ON_CONTRACT,REQ00209,2026-02-19
TXN002343,ERP_EXPORT,SUP0019,Lumen Creative,Marketing Services,Facilities,31225.2,INR,CTR0007,ON_CONTRACT,REQ00292,2025-12-23
TXN002345,ERP_EXPORT,SUP0014,Skyroute Travel,Travel,IT,85221.51,INR,CTR0005,ON_CONTRACT,REQ00867,2025-12-20
TXN002346,ERP_EXPORT,SUP0010,Kanban Stationers,Office Supplies,Facilities,17377.17,INR,,OFF_CONTRACT,REQ00825,2025-06-28
TXN002350,ERP_EXPORT,SUP0022,Transcore Logistics,Logistics & Freight,Finance,12840.89,INR,CTR0008,ON_CONTRACT,REQ00329,2025-08-12
TXN002351,ERP_EXPORT,SUP0016,Prime Facility Care,Facilities Maintenance,  it  ,48165.76,INR,CTR0006,ON_CONTRACT,REQ00884,2026-01-18
TXN002353,ERP_EXPORT,SUP0012,Cobalt Consulting,,Marketing,168640.43,INR,,OFF_CONTRACT,,2025-06-01
TXN002354,ERP_EXPORT,SUP0022,Transcore Logistics,Logistics & Freight,Operations,84516.98,INR,CTR0008,ON_CONTRACT,REQ00807,2025-07-21
TXN002355,ERP_EXPORT,SUP0008,Orion Office Supplies,Office Supplies,Marketing,18651.38,INR,CTR0003,ON_CONTRACT,REQ00581,2026-02-09
TXN002357,ERP_EXPORT,SUP0005,Cloudspan Software,IT Software & Licences,Marketing,109757.6,INR,CTR0002,ON_CONTRACT,REQ00171,2025-09-14
TXN002358,ERP_EXPORT,SUP0016,Prime Facility Care,Facilities Maintenance,Operations,13986.63,INR,CTR0006,ON_CONTRACT,REQ00316,2025-08-15
TXN002360,ERP_EXPORT,SUP0014,Skyroute Travel,Travel,Finance,19655.24,INR,CTR0005,ON_CONTRACT,REQ00260,2026-01-21
TXN002362,ERP_EXPORT,SUP0005,Cloudspan Software,IT Software & Licences,Logistics,59313.6,INR,CTR0002,ON_CONTRACT,,2025-12-11
TXN002364,ERP_EXPORT,SUP0005,Cloudspan Software,IT Software & Licences,IT,66030.05,INR,CTR0002,ON_CONTRACT,REQ00178,2025-04-20
TXN002365,ERP_EXPORT,SUP0001,Nexa Technologies Pvt Ltd,IT Hardware,Logistics,114465.98,INR,CTR0001,ON_CONTRACT,REQ00519,2026-01-17
TXN002366,ERP_EXPORT,SUP0022,Transcore Logistics,Logistics & Freight,Finance,15630.34,INR,CTR0008,ON_CONTRACT,,2025-09-30
TXN002367,ERP_EXPORT,SUP0008,Orion Office Supplies,Office Supplies,IT,4829.08,INR,CTR0003,ON_CONTRACT,,2025-04-21
TXN002369,ERP_EXPORT,SUP0007,Meridian Softworks,IT Software & Licences,Logistics,51032.57,INR,,OFF_CONTRACT,REQ00856,2025-06-23
TXN002373,ERP_EXPORT,SUP0005,Cloudspan Software,IT Software & Licences,Facilities,87711.75,INR,CTR0002,ON_CONTRACT,,2025-05-29
TXN002376,ERP_EXPORT,SUP0005,Cloudspan Software,IT Software & Licences,Facilities,43915.02,INR,CTR0002,ON_CONTRACT,REQ00186,2025-04-22
TXN002377,ERP_EXPORT,SUP0005,Cloudspan Software,IT Software & Licences,Marketing,47162.92,INR,CTR0002,ON_CONTRACT,,2026-03-05
TXN002379,ERP_EXPORT,SUP0019,Lumen Creative,Marketing Services,IT,82498.73,INR,CTR0007,ON_CONTRACT,,2025-11-20
TXN002380,ERP_EXPORT,SUP0014,Skyroute Travel,Travel,Human Resources,73467.19,INR,CTR0005,ON_CONTRACT,REQ00093,2025-08-24
TXN002381,ERP_EXPORT,SUP0025,NEXA TECHNOLOGIES PVT. LTD.,IT Hardware,Marketing,152475.47,INR,,OFF_CONTRACT,,2025-04-05
TXN002382,ERP_EXPORT,SUP0016,Prime Facility Care,Facilities Maintenance,R&D,61453.74,INR,CTR0006,ON_CONTRACT,REQ00861,2026-01-28
TXN002383,ERP_EXPORT,SUP0011,Sterling Advisory,Professional Services,Finance,232493.4,INR,CTR0004,ON_CONTRACT,,2025-05-04
TXN002385,ERP_EXPORT,SUP0011,Sterling Advisory,Professional Services,Operations,106962.03,INR,CTR0004,ON_CONTRACT,REQ00368,2026-01-07
TXN002386,ERP_EXPORT,SUP0016,Prime Facility Care,Facilities Maintenance,Marketing,44931.92,INR,CTR0006,ON_CONTRACT,REQ00028,2025-08-11
TXN002387,ERP_EXPORT,SUP0005,Cloudspan Software,IT Software & Licences,Logistics,53973.1,INR,CTR0002,ON_CONTRACT,,2025-11-03
TXN002388,ERP_EXPORT,SUP0005,Cloudspan Software,IT Software & Licences,Operations,78112.79,INR,CTR0002,ON_CONTRACT,,2025-08-21
TXN002390,ERP_EXPORT,SUP0001,Nexa Technologies Pvt Ltd,IT Hardware,Human Resources,131702.78,INR,CTR0001,ON_CONTRACT,REQ00110,2025-09-23
TXN002392,ERP_EXPORT,SUP0001,Nexa Technologies Pvt Ltd,IT Hardware,Finance,50863.33,INR,CTR0001,ON_CONTRACT,,2025-10-25
TXN002394,ERP_EXPORT,SUP0005,Cloudspan Software,IT Software & Licences,Finance,29972.39,INR,CTR0002,ON_CONTRACT,REQ00436,2025-06-28
TXN002396,ERP_EXPORT,SUP0022,Transcore Logistics,Logistics & Freight,IT,40707.83,INR,CTR0008,ON_CONTRACT,,2025-12-20
TXN002397,ERP_EXPORT,SUP0005,Cloudspan Software,IT Software & Licences,R&D,31218.27,INR,CTR0002,ON_CONTRACT,,2025-05-22
TXN002399,ERP_EXPORT,SUP0001,Nexa Technologies Pvt Ltd,IT Hardware,Finance,125102.47,INR,CTR0001,ON_CONTRACT,REQ00152,2026-01-29
TXN002401,ERP_EXPORT,SUP0001,Nexa Technologies Pvt Ltd,IT Hardware,IT,77793.65,INR,CTR0001,ON_CONTRACT,REQ00235,2025-09-18
TXN002402,ERP_EXPORT,SUP0006,Vertex Licensing,IT Software & Licences,Human Resources,22529.75,INR,,OFF_CONTRACT,REQ00205,2025-10-23
TXN002403,ERP_EXPORT,SUP0008,Orion Office Supplies,Office Supplies,IT,11421.46,INR,CTR0003,ON_CONTRACT,,2025-07-03
TXN002404,ERP_EXPORT,SUP0016,Prime Facility Care,Facilities Maintenance,Finance,28673.05,INR,CTR0006,ON_CONTRACT,REQ00721,2025-11-06
TXN002405,ERP_EXPORT,SUP0014,Skyroute Travel,Travel,IT,63523.89,INR,CTR0005,ON_CONTRACT,REQ00688,2025-07-12
TXN002407,ERP_EXPORT,SUP0019,Lumen Creative,Marketing Services,Finance,71043.12,INR,CTR0007,ON_CONTRACT,,2025-12-25
TXN002409,ERP_EXPORT,SUP0019,Lumen Creative,Marketing Services,Finance,158325.04,INR,CTR0007,ON_CONTRACT,,2025-04-13
TXN002410,ERP_EXPORT,SUP0005,Cloudspan Software,IT Software & Licences,Logistics,62670.17,INR,CTR0002,ON_CONTRACT,,2025-06-03
TXN002414,ERP_EXPORT,SUP0005,Cloudspan Software,IT Software & Licences,Facilities,17891.36,INR,CTR0002,ON_CONTRACT,,2025-10-13
TXN002416,ERP_EXPORT,SUP0001,Nexa Technologies Pvt Ltd,IT Hardware,Operations,174422.7,INR,CTR0001,ON_CONTRACT,REQ00179,2025-09-13
TXN002419,ERP_EXPORT,SUP0022,Transcore Logistics,Logistics & Freight,R&D,14569.33,INR,CTR0008,ON_CONTRACT,REQ00163,2026-03-05
TXN002421,ERP_EXPORT,SUP0022,Transcore Logistics,Logistics & Freight,Logistics,25282.07,INR,CTR0008,ON_CONTRACT,,2026-01-01
TXN002423,ERP_EXPORT,SUP0014,Skyroute Travel,Travel,Facilities,70009.52,INR,CTR0005,ON_CONTRACT,REQ00365,2025-12-24
TXN002424,ERP_EXPORT,SUP0011,Sterling Advisory,Professional Services,Finance,136289.83,INR,CTR0004,ON_CONTRACT,REQ00012,2026-01-02
TXN002425,ERP_EXPORT,SUP0008,Orion Office Supplies,Office Supplies,IT,8652.63,INR,CTR0003,ON_CONTRACT,REQ00328,2025-11-29
TXN002428,ERP_EXPORT,SUP0019,Lumen Creative,Marketing Services,Logistics,153828.64,INR,CTR0007,ON_CONTRACT,,2025-10-18
TXN002429,ERP_EXPORT,SUP0022,Transcore Logistics,Logistics & Freight,IT,38059.24,INR,CTR0008,ON_CONTRACT,,2025-07-27
TXN002431,ERP_EXPORT,SUP0022,Transcore Logistics,Logistics & Freight,Human Resources,62044.26,INR,CTR0008,ON_CONTRACT,,2026-03-20
TXN002432,ERP_EXPORT,SUP0011,Sterling Advisory,Professional Services,Facilities,213608.55,INR,CTR0004,ON_CONTRACT,,2025-11-22
TXN002435,ERP_EXPORT,SUP0022,Transcore Logistics,Logistics & Freight,Facilities,91774.25,INR,CTR0008,ON_CONTRACT,REQ00164,2025-09-30
TXN002436,ERP_EXPORT,SUP0012,Cobalt Consulting,Professional Services,Marketing,121791.2,INR,,OFF_CONTRACT,REQ00588,2025-07-23
TXN002437,ERP_EXPORT,SUP0014,Skyroute Travel,Travel,Operations,39611.98,INR,CTR0005,ON_CONTRACT,,2025-11-10
TXN002438,ERP_EXPORT,SUP0027,Orion Office Supplies Ltd,Office Supplies,Logistics,9828.9,INR,,OFF_CONTRACT,,2025-05-05
TXN002441,ERP_EXPORT,SUP0019,Lumen Creative,Marketing Services,R&D,97519.61,INR,CTR0007,ON_CONTRACT,,2025-09-22
TXN002444,ERP_EXPORT,SUP0015,Voyager Corporate Travel,Travel,Facilities,76359.3,INR,,OFF_CONTRACT,,2025-11-06
TXN002446,ERP_EXPORT,SUP0019,Lumen Creative,Marketing Services,Logistics,62326.65,INR,CTR0007,ON_CONTRACT,,2025-05-04
TXN002447,ERP_EXPORT,SUP0008,Orion Office Supplies,Office Supplies,IT,7964.7,INR,CTR0003,ON_CONTRACT,REQ00747,2025-04-02
TXN002448,ERP_EXPORT,SUP0019,Lumen Creative,Marketing Services,Facilities,47247.34,INR,CTR0007,ON_CONTRACT,REQ00454,2025-08-17
TXN002451,ERP_EXPORT,SUP0011,Sterling Advisory,Professional Services,Logistics,96752.02,INR,CTR0004,ON_CONTRACT,REQ00519,2025-10-13
TXN002456,ERP_EXPORT,SUP0021,Pulse Marketing Co,Marketing Services,Human Resources,39487.54,INR,,OFF_CONTRACT,REQ00614,2025-04-29
TXN002457,ERP_EXPORT,SUP0019,Lumen Creative,Marketing Services,Human Resources,82166.12,INR,CTR0007,ON_CONTRACT,,2025-08-31
TXN002458,ERP_EXPORT,SUP0014,Skyroute Travel,Travel,R&D,59351.21,INR,CTR0005,ON_CONTRACT,,2026-03-16
TXN002459,ERP_EXPORT,SUP0015,Voyager Corporate Travel,Travel,R&D,48089.62,INR,,OFF_CONTRACT,REQ00809,2025-11-10
TXN002461,ERP_EXPORT,SUP0023,FleetBridge Cargo,Logistics & Freight,IT,94489.42,INR,,OFF_CONTRACT,,2025-09-05
TXN002464,ERP_EXPORT,SUP0014,Skyroute Travel,Travel,Finance,54688.94,INR,CTR0005,ON_CONTRACT,,2025-09-25
TXN002467,ERP_EXPORT,SUP0005,Cloudspan Software,IT Software & Licences,Marketing,56489.46,INR,CTR0002,ON_CONTRACT,REQ00103,2025-05-18
TXN002470,ERP_EXPORT,SUP0019,Lumen Creative,Marketing Services,Marketing,96023.44,INR,CTR0007,ON_CONTRACT,REQ00082,2025-06-28
TXN002473,ERP_EXPORT,SUP0008,Orion Office Supplies,Office Supplies,Operations,22917.46,INR,CTR0003,ON_CONTRACT,,2025-12-02
TXN002474,ERP_EXPORT,SUP0016,Prime Facility Care,Facilities Maintenance,R&D,53328.59,INR,CTR0006,ON_CONTRACT,,2025-12-29
TXN002475,ERP_EXPORT,SUP0001,Nexa Technologies Pvt Ltd,IT Hardware,Marketing,107674.93,INR,CTR0001,ON_CONTRACT,REQ00272,2025-12-20
TXN002476,ERP_EXPORT,SUP0008,Orion Office Supplies,Office Supplies,Operations,22009.29,INR,CTR0003,ON_CONTRACT,REQ00900,2025-08-08
TXN002477,ERP_EXPORT,SUP0017,GreenEdge Services,Facilities Maintenance,R&D,17839.14,INR,,OFF_CONTRACT,REQ00669,2025-10-06
TXN002478,ERP_EXPORT,SUP0014,Skyroute Travel,Travel,Marketing,72821.8,INR,CTR0005,ON_CONTRACT,,2025-05-10
TXN002479,ERP_EXPORT,SUP0005,Cloudspan Software,IT Software & Licences,Logistics,28106.19,INR,CTR0002,ON_CONTRACT,REQ00551,2026-02-09
TXN002482,ERP_EXPORT,SUP0022,Transcore Logistics,Logistics & Freight,IT,84798.52,INR,CTR0008,ON_CONTRACT,,2025-05-05
TXN002483,ERP_EXPORT,SUP0019,Lumen Creative,Marketing Services,Operations,152165.89,INR,CTR0007,ON_CONTRACT,REQ00624,2025-07-27
TXN002484,ERP_EXPORT,SUP0016,Prime Facility Care,Facilities Maintenance,Marketing,18927.76,INR,CTR0006,ON_CONTRACT,REQ00235,2025-09-17
TXN002485,ERP_EXPORT,SUP0011,Sterling Advisory,Professional Services,Facilities,137161.88,INR,CTR0004,ON_CONTRACT,REQ00733,2025-10-20
TXN002486,ERP_EXPORT,SUP0022,Transcore Logistics,Logistics & Freight,Facilities,93421.95,INR,CTR0008,ON_CONTRACT,,2025-09-24
TXN002487,ERP_EXPORT,SUP0008,Orion Office Supplies,Office Supplies,Finance,13118.37,INR,CTR0003,ON_CONTRACT,REQ00438,2025-04-28
TXN002491,ERP_EXPORT,SUP0021,Pulse Marketing Co,Marketing Services,Marketing,60009.7,INR,,OFF_CONTRACT,,2026-03-20
TXN002494,ERP_EXPORT,SUP0007,Meridian Softworks,IT Software & Licences,R&D,55586.75,INR,,OFF_CONTRACT,,2025-06-29
TXN002495,ERP_EXPORT,SUP0014,Skyroute Travel,Travel,Operations,49924.59,INR,CTR0005,ON_CONTRACT,,2025-06-23
TXN002499,ERP_EXPORT,SUP0011,Sterling Advisory,Professional Services,Facilities,245955.26,INR,CTR0004,ON_CONTRACT,REQ00236,2025-06-29
TXN002501,ERP_EXPORT,SUP0022,Transcore Logistics,Logistics & Freight,Facilities,80684.07,INR,CTR0008,ON_CONTRACT,,2025-07-06
TXN002502,ERP_EXPORT,SUP0016,Prime Facility Care,Facilities Maintenance,IT,55871.67,INR,CTR0006,ON_CONTRACT,,2025-07-30
TXN002504,ERP_EXPORT,SUP0008,Orion Office Supplies,Office Supplies,Finance,23989.08,INR,CTR0003,ON_CONTRACT,,2025-05-21
TXN002506,ERP_EXPORT,SUP0018,Urban Upkeep,Facilities Maintenance,Facilities,16555.85,INR,,OFF_CONTRACT,REQ00706,2025-04-24
TXN002510,ERP_EXPORT,SUP0022,Transcore Logistics,Logistics & Freight,Human Resources,86126.49,INR,CTR0008,ON_CONTRACT,,2025-11-27
TXN002511,ERP_EXPORT,SUP0001,Nexa Technologies Pvt Ltd,IT Hardware,Operations,34680.93,INR,CTR0001,ON_CONTRACT,REQ00562,2025-07-13
TXN002512,ERP_EXPORT,SUP0014,Skyroute Travel,Travel,R&D,80444.11,INR,CTR0005,ON_CONTRACT,REQ00622,2025-11-22
TXN002513,ERP_EXPORT,SUP0001,Nexa Technologies Pvt Ltd,IT Hardware,Facilities,94489.45,INR,CTR0001,ON_CONTRACT,REQ00699,2026-03-05
TXN002514,ERP_EXPORT,SUP0022,Transcore Logistics,Logistics & Freight,Finance,54365.9,INR,CTR0008,ON_CONTRACT,,2025-11-06
TXN002517,ERP_EXPORT,SUP0022,Transcore Logistics,Logistics & Freight,Human Resources,13586.64,INR,CTR0008,ON_CONTRACT,,2026-01-09
TXN002518,ERP_EXPORT,SUP0024,Nexa Technologies,IT Hardware,Marketing,98910.74,INR,,OFF_CONTRACT,,2025-11-23
TXN002519,ERP_EXPORT,SUP0016,Prime Facility Care,Facilities Maintenance,Facilities,51263.32,INR,CTR0006,ON_CONTRACT,REQ00468,2025-08-27
TXN002520,ERP_EXPORT,SUP0005,Cloudspan Software,IT Software & Licences,Human Resources,90884.23,INR,CTR0002,ON_CONTRACT,REQ00190,2025-05-09
TXN002522,ERP_EXPORT,SUP0020,BrightArc Media,Marketing Services,Marketing,38820.92,INR,,OFF_CONTRACT,REQ00489,2025-09-19
TXN002525,ERP_EXPORT,SUP0022,Transcore Logistics,Logistics & Freight,Marketing,78768.29,INR,CTR0008,ON_CONTRACT,REQ00592,2025-06-12
TXN002526,ERP_EXPORT,SUP0010,Kanban Stationers,Office Supplies,IT,8411.48,INR,,OFF_CONTRACT,,2025-04-10
TXN002527,ERP_EXPORT,SUP0001,Nexa Technologies Pvt Ltd,IT Hardware,Finance,57659.27,INR,CTR0001,ON_CONTRACT,REQ00055,2025-11-22
TXN002528,ERP_EXPORT,SUP0008,Orion Office Supplies,Office Supplies,Logistics,24021.3,INR,CTR0003,ON_CONTRACT,,2025-12-14
TXN002529,ERP_EXPORT,SUP0028,ORION OFFICE SUPPLIES,Office Supplies,Human Resources,2203.86,INR,,OFF_CONTRACT,REQ00092,2025-12-05
TXN002530,ERP_EXPORT,SUP0008,Orion Office Supplies,Office Supplies,Logistics,24949.88,INR,CTR0003,ON_CONTRACT,REQ00140,2025-11-01
TXN002535,ERP_EXPORT,SUP0011,Sterling Advisory,Professional Services,R&D,194952.6,INR,CTR0004,ON_CONTRACT,,2026-03-15
TXN002536,ERP_EXPORT,SUP0001,Nexa Technologies Pvt Ltd,IT Hardware,Facilities,154292.41,INR,CTR0001,ON_CONTRACT,,2026-01-19
TXN002537,ERP_EXPORT,SUP0014,Skyroute Travel,Travel,Human Resources,68719.04,INR,CTR0005,ON_CONTRACT,REQ00662,2025-06-12
TXN002538,ERP_EXPORT,SUP0022,Transcore Logistics,Logistics & Freight,Operations,23856.57,INR,CTR0008,ON_CONTRACT,,2025-10-29
TXN002539,ERP_EXPORT,SUP0016,Prime Facility Care,Facilities Maintenance,Logistics,55205.68,INR,CTR0006,ON_CONTRACT,,2025-10-29
TXN002540,ERP_EXPORT,SUP0007,Meridian Softworks,IT Software & Licences,Marketing,95736.89,INR,,OFF_CONTRACT,,2025-07-13
TXN002541,ERP_EXPORT,SUP0014,Skyroute Travel,Travel,Facilities,62000.32,INR,CTR0005,ON_CONTRACT,REQ00341,2025-04-24
TXN002542,ERP_EXPORT,SUP0008,Orion Office Supplies,Office Supplies,R&D,19620.67,INR,CTR0003,ON_CONTRACT,REQ00188,2025-05-06
TXN002544,ERP_EXPORT,SUP0016,Prime Facility Care,Facilities Maintenance,IT,46816.25,INR,CTR0006,ON_CONTRACT,REQ00280,2026-01-05
TXN002545,ERP_EXPORT,SUP0019,Lumen Creative,Marketing Services,Operations,32404.66,INR,CTR0007,ON_CONTRACT,,2025-07-22
TXN002546,ERP_EXPORT,SUP0014,Skyroute Travel,Travel,Marketing,47985.48,INR,CTR0005,ON_CONTRACT,REQ00234,2025-10-13
TXN002547,ERP_EXPORT,SUP0014,Skyroute Travel,Travel,IT,14367.25,INR,CTR0005,ON_CONTRACT,REQ00055,2025-11-15
TXN002548,ERP_EXPORT,SUP0022,Transcore Logistics,Logistics & Freight,Logistics,45826.07,INR,CTR0008,ON_CONTRACT,,2025-09-28
TXN002549,ERP_EXPORT,SUP0005,Cloudspan Software,IT Software & Licences,Operations,57746.18,INR,CTR0002,ON_CONTRACT,,2025-04-05
TXN002550,ERP_EXPORT,SUP0001,Nexa Technologies Pvt Ltd,IT Hardware,Finance,35231.53,INR,CTR0001,ON_CONTRACT,REQ00506,2026-02-17
TXN002552,ERP_EXPORT,SUP0023,FleetBridge Cargo,Logistics & Freight,IT,21212.84,INR,,OFF_CONTRACT,REQ00825,2025-08-30
TXN002553,ERP_EXPORT,SUP0022,Transcore Logistics,Logistics & Freight,Marketing,79083.52,INR,CTR0008,ON_CONTRACT,REQ00025,2025-10-25
TXN002556,ERP_EXPORT,SUP0001,Nexa Technologies Pvt Ltd,IT Hardware,IT,173042.86,INR,CTR0001,ON_CONTRACT,REQ00114,2025-09-20
TXN002559,ERP_EXPORT,SUP0022,Transcore Logistics,Logistics & Freight,Operations,18379.55,INR,CTR0008,ON_CONTRACT,,2025-11-24
TXN002561,ERP_EXPORT,SUP0001,Nexa Technologies Pvt Ltd,IT Hardware,Operations,148149.91,INR,CTR0001,ON_CONTRACT,,2025-04-07
TXN002562,ERP_EXPORT,SUP0011,Sterling Advisory,Professional Services,IT,188488.16,INR,CTR0004,ON_CONTRACT,REQ00130,2025-04-17
TXN002563,ERP_EXPORT,SUP0011,Sterling Advisory,Professional Services,Human Resources,50547.46,INR,CTR0004,ON_CONTRACT,REQ00556,2025-09-01
TXN002564,ERP_EXPORT,SUP0007,Meridian Softworks,IT Software & Licences,Marketing,22654.69,INR,,OFF_CONTRACT,,2025-10-01
TXN002566,ERP_EXPORT,SUP0005,Cloudspan Software,IT Software & Licences,Logistics,46005.5,INR,CTR0002,ON_CONTRACT,,2026-01-21
TXN002567,ERP_EXPORT,SUP0001,Nexa Technologies Pvt Ltd,IT Hardware,R&D,61019.57,INR,CTR0001,ON_CONTRACT,,2026-01-06
TXN002568,ERP_EXPORT,SUP0001,Nexa Technologies Pvt Ltd,IT Hardware,Logistics,68555.7,INR,CTR0001,ON_CONTRACT,REQ00046,2026-03-23
TXN002569,ERP_EXPORT,SUP0013,Adept Partners,Professional Services,Marketing,208731.38,INR,,OFF_CONTRACT,,2025-07-21
TXN002570,ERP_EXPORT,SUP0011,Sterling Advisory,Professional Services,Finance,235137.89,INR,CTR0004,ON_CONTRACT,,2025-04-11
TXN002571,ERP_EXPORT,SUP0001,Nexa Technologies Pvt Ltd,IT Hardware,Marketing,87790.92,INR,CTR0001,ON_CONTRACT,REQ00009,2025-07-21
TXN002573,ERP_EXPORT,SUP0014,Skyroute Travel,Travel,Human Resources,34362.65,INR,CTR0005,ON_CONTRACT,REQ00551,2025-08-09
TXN002575,ERP_EXPORT,SUP0016,Prime Facility Care,Facilities Maintenance,IT,23561.74,INR,CTR0006,ON_CONTRACT,,2026-02-24
TXN002576,ERP_EXPORT,SUP0019,Lumen Creative,Marketing Services,IT,109666.65,INR,CTR0007,ON_CONTRACT,,2026-01-02
TXN002577,ERP_EXPORT,SUP0019,Lumen Creative,Marketing Services,Marketing,157057.36,INR,CTR0007,ON_CONTRACT,,2025-05-30
TXN002578,ERP_EXPORT,SUP0005,Cloudspan Software,IT Software & Licences,Marketing,78366.78,INR,CTR0002,ON_CONTRACT,,2025-04-04
TXN002580,ERP_EXPORT,SUP0022,Transcore Logistics,Logistics & Freight,Marketing,65768.85,INR,CTR0008,ON_CONTRACT,REQ00608,2026-01-29
TXN002581,ERP_EXPORT,SUP0019,Lumen Creative,Marketing Services,Operations,37208.89,INR,CTR0007,ON_CONTRACT,,2025-08-02
TXN002583,ERP_EXPORT,SUP0022,Transcore Logistics,Logistics & Freight,  it  ,53755.97,INR,CTR0008,ON_CONTRACT,REQ00475,2025-04-13
TXN002584,ERP_EXPORT,SUP0008,Orion Office Supplies,Office Supplies,Facilities,12335.04,INR,CTR0003,ON_CONTRACT,,2025-06-22
TXN002585,ERP_EXPORT,SUP0011,Sterling Advisory,Professional Services,Marketing,163031.61,INR,CTR0004,ON_CONTRACT,REQ00718,2025-06-26
TXN002587,ERP_EXPORT,SUP0016,Prime Facility Care,Facilities Maintenance,Facilities,14306.55,INR,CTR0006,ON_CONTRACT,REQ00217,2025-12-31
TXN002588,ERP_EXPORT,SUP0016,Prime Facility Care,Facilities Maintenance,Finance,50957.03,INR,CTR0006,ON_CONTRACT,,2025-11-24
TXN002591,ERP_EXPORT,SUP0010,Kanban Stationers,Office Supplies,Human Resources,20918.3,INR,,OFF_CONTRACT,,2026-03-03
TXN002592,ERP_EXPORT,SUP0005,Cloudspan Software,IT Software & Licences,Logistics,99415.64,INR,CTR0002,ON_CONTRACT,REQ00056,2025-06-30
TXN002593,ERP_EXPORT,SUP0011,Sterling Advisory,Professional Services,Operations,156025.2,INR,CTR0004,ON_CONTRACT,REQ00160,2025-05-01
TXN002594,ERP_EXPORT,SUP0014,Skyroute Travel,Travel,  it  ,50653.93,INR,CTR0005,ON_CONTRACT,,2025-06-07
TXN002597,ERP_EXPORT,SUP0014,Skyroute Travel,Travel,Marketing,30255.57,INR,CTR0005,ON_CONTRACT,REQ00450,2025-12-11
TXN002601,ERP_EXPORT,SUP0022,Transcore Logistics,Logistics & Freight,Facilities,64253.29,INR,CTR0008,ON_CONTRACT,,2025-07-24
TXN002603,ERP_EXPORT,SUP0002,Zenith Computing,IT Hardware,Operations,141040.01,INR,,OFF_CONTRACT,REQ00805,2025-04-15
TXN002605,ERP_EXPORT,SUP0008,Orion Office Supplies,Office Supplies,Operations,2003.1,INR,CTR0003,ON_CONTRACT,,2025-11-01
TXN002606,ERP_EXPORT,SUP0022,Transcore Logistics,Logistics & Freight,R&D,54423.72,INR,CTR0008,ON_CONTRACT,,2025-10-06
TXN002607,ERP_EXPORT,SUP0020,BrightArc Media,Marketing Services,IT,26559.27,INR,,OFF_CONTRACT,REQ00718,2025-10-19
TXN002608,ERP_EXPORT,SUP0008,Orion Office Supplies,Office Supplies,R&D,8351.9,INR,CTR0003,ON_CONTRACT,REQ00062,2025-09-03
TXN002609,ERP_EXPORT,SUP0015,Voyager Corporate Travel,Travel,IT,65972.07,INR,,OFF_CONTRACT,REQ00442,2025-10-18
TXN002611,ERP_EXPORT,SUP0019,Lumen Creative,Marketing Services,Marketing,137507.39,INR,CTR0007,ON_CONTRACT,REQ00445,2025-05-31
TXN002612,ERP_EXPORT,SUP0005,Cloudspan Software,IT Software & Licences,Operations,15401.09,INR,CTR0002,ON_CONTRACT,,2026-03-07
TXN002614,ERP_EXPORT,SUP0001,Nexa Technologies Pvt Ltd,IT Hardware,Facilities,139840.13,INR,CTR0001,ON_CONTRACT,,2025-10-26
TXN002617,ERP_EXPORT,SUP0001,Nexa Technologies Pvt Ltd,IT Hardware,Operations,80836.26,INR,CTR0001,ON_CONTRACT,REQ00208,2025-04-18
TXN002619,ERP_EXPORT,SUP0018,Urban Upkeep,Facilities Maintenance,Human Resources,60562.71,INR,,OFF_CONTRACT,REQ00816,2025-11-19
TXN002623,ERP_EXPORT,SUP0005,Cloudspan Software,IT Software & Licences,IT,60550.83,INR,CTR0002,ON_CONTRACT,REQ00009,2026-01-19
TXN002625,ERP_EXPORT,SUP0028,ORION OFFICE SUPPLIES,Office Supplies,Finance,10678.32,INR,,OFF_CONTRACT,,2025-10-21
TXN002626,ERP_EXPORT,SUP0014,Skyroute Travel,Travel,Operations,87054.43,INR,CTR0005,ON_CONTRACT,REQ00891,2025-08-20
TXN002630,ERP_EXPORT,SUP0022,Transcore Logistics,Logistics & Freight,Logistics,44174.85,INR,CTR0008,ON_CONTRACT,REQ00698,2025-04-10
TXN002633,ERP_EXPORT,SUP0014,Skyroute Travel,Travel,Logistics,8357.79,INR,CTR0005,ON_CONTRACT,REQ00865,2026-03-15
TXN002634,ERP_EXPORT,SUP0022,Transcore Logistics,Logistics & Freight,Marketing,25857.11,INR,CTR0008,ON_CONTRACT,,2026-03-13
TXN002635,ERP_EXPORT,SUP0001,Nexa Technologies Pvt Ltd,IT Hardware,Finance,135522.14,INR,CTR0001,ON_CONTRACT,,2025-06-15
TXN002636,ERP_EXPORT,SUP0012,Cobalt Consulting,Professional Services,R&D,179940.94,INR,,OFF_CONTRACT,REQ00332,2025-10-26
TXN002637,ERP_EXPORT,SUP0011,Sterling Advisory,Professional Services,Human Resources,242869.98,INR,CTR0004,ON_CONTRACT,,2026-02-25
TXN002640,ERP_EXPORT,SUP0008,Orion Office Supplies,Office Supplies,Logistics,18158.43,INR,CTR0003,ON_CONTRACT,,2025-07-09
TXN002643,ERP_EXPORT,SUP0016,Prime Facility Care,Facilities Maintenance,R&D,56909.43,INR,CTR0006,ON_CONTRACT,REQ00739,2025-04-14
TXN002645,ERP_EXPORT,SUP0011,Sterling Advisory,Professional Services,Logistics,50119.06,INR,CTR0004,ON_CONTRACT,REQ00631,2025-07-07
TXN002646,ERP_EXPORT,SUP0008,Orion Office Supplies,Office Supplies,Logistics,10281.16,INR,CTR0003,ON_CONTRACT,,2025-07-23
TXN002647,ERP_EXPORT,SUP0016,Prime Facility Care,Facilities Maintenance,R&D,67407.99,INR,CTR0006,ON_CONTRACT,REQ00359,2025-04-18
TXN002650,ERP_EXPORT,SUP0019,Lumen Creative,Marketing Services,Facilities,84077.94,INR,CTR0007,ON_CONTRACT,REQ00103,2025-09-29
TXN002652,ERP_EXPORT,SUP0020,BrightArc Media,Marketing Services,Human Resources,71619.0,INR,,OFF_CONTRACT,,2025-12-01
TXN002654,ERP_EXPORT,SUP0008,Orion Office Supplies,Office Supplies,IT,3204.17,INR,CTR0003,ON_CONTRACT,,2026-02-06
TXN002655,ERP_EXPORT,SUP0014,Skyroute Travel,Travel,Marketing,70940.55,INR,CTR0005,ON_CONTRACT,,2026-03-07
TXN002659,ERP_EXPORT,SUP0015,Voyager Corporate Travel,Travel,Facilities,25383.51,INR,,OFF_CONTRACT,REQ00395,2025-06-29
TXN002660,ERP_EXPORT,SUP0019,Lumen Creative,Marketing Services,Human Resources,112029.49,INR,CTR0007,ON_CONTRACT,,2025-07-27
TXN002661,ERP_EXPORT,SUP0022,Transcore Logistics,Logistics & Freight,Finance,51199.39,INR,CTR0008,ON_CONTRACT,,2025-11-30
TXN002662,ERP_EXPORT,SUP0001,Nexa Technologies Pvt Ltd,IT Hardware,Facilities,161424.29,INR,CTR0001,ON_CONTRACT,,2026-02-15
TXN002663,ERP_EXPORT,SUP0005,Cloudspan Software,IT Software & Licences,Human Resources,37652.77,INR,CTR0002,ON_CONTRACT,REQ00580,2026-03-11
TXN002664,ERP_EXPORT,SUP0016,Prime Facility Care,Facilities Maintenance,Facilities,50668.79,INR,CTR0006,ON_CONTRACT,,2025-10-10
TXN002665,ERP_EXPORT,SUP0011,Sterling Advisory,Professional Services,Logistics,167627.95,INR,CTR0004,ON_CONTRACT,REQ00190,2025-05-01
TXN002666,ERP_EXPORT,SUP0022,Transcore Logistics,Logistics & Freight,Marketing,36510.02,INR,CTR0008,ON_CONTRACT,REQ00163,2026-03-08
TXN002668,ERP_EXPORT,SUP0005,Cloudspan Software,IT Software & Licences,Operations,83422.17,INR,CTR0002,ON_CONTRACT,,2025-11-07
TXN002669,ERP_EXPORT,SUP0019,Lumen Creative,Marketing Services,Logistics,123403.64,INR,CTR0007,ON_CONTRACT,REQ00580,2025-12-24
TXN002670,ERP_EXPORT,SUP0022,Transcore Logistics,Logistics & Freight,Logistics,38197.07,INR,CTR0008,ON_CONTRACT,,2025-07-28
TXN002671,ERP_EXPORT,SUP0005,Cloudspan Software,IT Software & Licences,R&D,82707.42,INR,CTR0002,ON_CONTRACT,,2025-04-15
TXN002674,ERP_EXPORT,SUP0016,Prime Facility Care,Facilities Maintenance,IT,21952.92,INR,CTR0006,ON_CONTRACT,REQ00601,2025-05-06
TXN002675,ERP_EXPORT,SUP0017,GreenEdge Services,Facilities Maintenance,R&D,63412.9,INR,,OFF_CONTRACT,REQ00290,2026-01-14
TXN002676,ERP_EXPORT,SUP0023,FleetBridge Cargo,Logistics & Freight,IT,35855.0,INR,,OFF_CONTRACT,REQ00431,2026-01-13
TXN002677,ERP_EXPORT,SUP0022,Transcore Logistics,Logistics & Freight,R&D,42526.24,INR,CTR0008,ON_CONTRACT,REQ00305,2026-01-19
TXN002680,ERP_EXPORT,SUP0001,Nexa Technologies Pvt Ltd,IT Hardware,Operations,104958.59,INR,CTR0001,ON_CONTRACT,REQ00039,2026-01-27
TXN002681,ERP_EXPORT,SUP0021,Pulse Marketing Co,Marketing Services,Marketing,57462.97,INR,,OFF_CONTRACT,,2025-11-12
TXN002685,ERP_EXPORT,SUP0016,Prime Facility Care,Facilities Maintenance,Human Resources,30240.73,INR,CTR0006,ON_CONTRACT,REQ00446,2025-08-05
TXN002688,ERP_EXPORT,SUP0014,Skyroute Travel,Travel,Operations,41918.7,INR,CTR0005,ON_CONTRACT,,2025-08-17
TXN002689,ERP_EXPORT,SUP0019,Lumen Creative,Marketing Services,Marketing,89001.04,INR,CTR0007,ON_CONTRACT,REQ00049,2026-01-29
TXN002690,ERP_EXPORT,SUP0016,Prime Facility Care,Facilities Maintenance,Logistics,34257.38,INR,CTR0006,ON_CONTRACT,,2025-07-21
TXN002691,ERP_EXPORT,SUP0014,Skyroute Travel,Travel,IT,51536.89,INR,CTR0005,ON_CONTRACT,,2026-01-18
TXN002694,ERP_EXPORT,SUP0001,Nexa Technologies Pvt Ltd,IT Hardware,Human Resources,96934.75,INR,CTR0001,ON_CONTRACT,,2025-09-03
TXN002696,ERP_EXPORT,SUP0005,Cloudspan Software,IT Software & Licences,Logistics,69498.39,INR,CTR0002,ON_CONTRACT,REQ00403,2025-09-30
TXN002697,ERP_EXPORT,SUP0019,Lumen Creative,Marketing Services,Logistics,114855.92,INR,CTR0007,ON_CONTRACT,,2026-01-10
TXN002699,ERP_EXPORT,SUP0016,Prime Facility Care,Facilities Maintenance,Finance,56439.48,INR,CTR0006,ON_CONTRACT,REQ00227,2025-05-14
TXN002700,ERP_EXPORT,SUP0005,Cloudspan Software,IT Software & Licences,Finance,96156.76,INR,CTR0002,ON_CONTRACT,REQ00210,2025-08-30
TXN002701,ERP_EXPORT,SUP0008,Orion Office Supplies,Office Supplies,Marketing,13989.81,INR,CTR0003,ON_CONTRACT,REQ00255,2025-07-09
TXN002702,ERP_EXPORT,SUP0014,Skyroute Travel,Travel,R&D,88033.13,INR,CTR0005,ON_CONTRACT,REQ00111,2025-04-10
TXN002703,ERP_EXPORT,SUP0014,Skyroute Travel,Travel,R&D,18295.12,INR,CTR0005,ON_CONTRACT,REQ00710,2026-03-12
TXN002707,ERP_EXPORT,SUP0014,Skyroute Travel,Travel,Marketing,17856.99,INR,CTR0005,ON_CONTRACT,REQ00813,2025-10-05
TXN002709,ERP_EXPORT,SUP0022,Transcore Logistics,Logistics & Freight,Marketing,13456.85,INR,CTR0008,ON_CONTRACT,REQ00157,2026-02-14
TXN002710,ERP_EXPORT,SUP0011,Sterling Advisory,Professional Services,Finance,101594.81,INR,CTR0004,ON_CONTRACT,REQ00111,2025-07-20
TXN002711,ERP_EXPORT,SUP0011,Sterling Advisory,Professional Services,Operations,202359.79,INR,CTR0004,ON_CONTRACT,REQ00480,2025-11-12
TXN002713,ERP_EXPORT,SUP0022,Transcore Logistics,Logistics & Freight,Finance,40891.93,INR,CTR0008,ON_CONTRACT,REQ00767,2025-04-30
TXN002714,ERP_EXPORT,SUP0008,Orion Office Supplies,Office Supplies,IT,10550.0,INR,CTR0003,ON_CONTRACT,REQ00178,2025-07-28
TXN002715,ERP_EXPORT,SUP0014,Skyroute Travel,Travel,Operations,8111.0,INR,CTR0005,ON_CONTRACT,REQ00812,2025-06-07
TXN002716,ERP_EXPORT,SUP0001,Nexa Technologies Pvt Ltd,IT Hardware,Facilities,71469.08,INR,CTR0001,ON_CONTRACT,,2026-01-23
TXN002720,ERP_EXPORT,SUP0022,Transcore Logistics,Logistics & Freight,Facilities,13958.38,INR,CTR0008,ON_CONTRACT,,2026-02-02
TXN002721,ERP_EXPORT,SUP0008,Orion Office Supplies,Office Supplies,Operations,22666.89,INR,CTR0003,ON_CONTRACT,REQ00452,2025-06-18
TXN002722,ERP_EXPORT,SUP0022,Transcore Logistics,Logistics & Freight,Facilities,77005.47,INR,CTR0008,ON_CONTRACT,REQ00325,2026-02-01
TXN002725,ERP_EXPORT,SUP0011,Sterling Advisory,Professional Services,Facilities,123581.11,INR,CTR0004,ON_CONTRACT,,2025-05-22
TXN002732,ERP_EXPORT,SUP0008,Orion Office Supplies,Office Supplies,R&D,12897.63,INR,CTR0003,ON_CONTRACT,,2026-03-17
TXN002734,ERP_EXPORT,SUP0012,Cobalt Consulting,Professional Services,IT,241135.86,INR,,OFF_CONTRACT,REQ00861,2025-12-22
TXN002735,ERP_EXPORT,SUP0022,Transcore Logistics,Logistics & Freight,Finance,90246.12,INR,CTR0008,ON_CONTRACT,REQ00476,2025-04-11
TXN002736,ERP_EXPORT,SUP0008,Orion Office Supplies,Office Supplies,R&D,20059.36,INR,CTR0003,ON_CONTRACT,,2026-03-17
TXN002739,ERP_EXPORT,SUP0016,Prime Facility Care,Facilities Maintenance,Logistics,67766.1,INR,CTR0006,ON_CONTRACT,,2025-11-29
TXN002741,ERP_EXPORT,SUP0016,Prime Facility Care,Facilities Maintenance,Marketing,31940.84,INR,CTR0006,ON_CONTRACT,REQ00378,2026-01-19
TXN002742,ERP_EXPORT,SUP0008,Orion Office Supplies,Office Supplies,Facilities,7183.77,INR,CTR0003,ON_CONTRACT,REQ00886,2025-10-28
TXN002743,ERP_EXPORT,SUP0011,Sterling Advisory,Professional Services,Finance,81124.95,INR,CTR0004,ON_CONTRACT,,2026-03-25
TXN002744,ERP_EXPORT,SUP0019,Lumen Creative,Marketing Services,Marketing,39712.41,INR,CTR0007,ON_CONTRACT,,2025-06-28
TXN002746,ERP_EXPORT,SUP0014,Skyroute Travel,Travel,Finance,72068.39,INR,CTR0005,ON_CONTRACT,REQ00210,2025-05-25
TXN002748,ERP_EXPORT,SUP0011,Sterling Advisory,Professional Services,Facilities,70862.17,INR,CTR0004,ON_CONTRACT,REQ00156,2025-05-19
TXN002750,ERP_EXPORT,SUP0028,ORION OFFICE SUPPLIES,Office Supplies,Logistics,16626.96,INR,,OFF_CONTRACT,,2025-08-31
TXN002751,ERP_EXPORT,SUP0001,Nexa Technologies Pvt Ltd,IT Hardware,Finance,85165.68,INR,CTR0001,ON_CONTRACT,REQ00551,2025-04-30
TXN002752,ERP_EXPORT,SUP0019,Lumen Creative,Marketing Services,Marketing,114378.24,INR,CTR0007,ON_CONTRACT,,2026-03-11
TXN002753,ERP_EXPORT,SUP0001,Nexa Technologies Pvt Ltd,IT Hardware,Logistics,65285.27,INR,CTR0001,ON_CONTRACT,REQ00538,2025-12-02
TXN002754,ERP_EXPORT,SUP0013,Adept Partners,Professional Services,R&D,112490.36,INR,,OFF_CONTRACT,,2025-08-23
TXN002755,ERP_EXPORT,SUP0021,Pulse Marketing Co,Marketing Services,R&D,148448.02,INR,,OFF_CONTRACT,,2025-07-21
TXN002756,ERP_EXPORT,SUP0014,Skyroute Travel,Travel,Marketing,31821.37,INR,CTR0005,ON_CONTRACT,,2025-11-10
TXN002757,ERP_EXPORT,SUP0008,Orion Office Supplies,Office Supplies,IT,12809.73,INR,CTR0003,ON_CONTRACT,REQ00066,2025-04-24
TXN002758,ERP_EXPORT,SUP0014,Skyroute Travel,Travel,Operations,80991.57,INR,CTR0005,ON_CONTRACT,,2025-05-28
TXN002759,ERP_EXPORT,SUP0014,Skyroute Travel,Travel,Logistics,66033.15,INR,CTR0005,ON_CONTRACT,REQ00779,2025-10-26
TXN002760,ERP_EXPORT,SUP0014,Skyroute Travel,Travel,Marketing,13100.66,INR,CTR0005,ON_CONTRACT,REQ00204,2025-05-27
TXN002762,ERP_EXPORT,SUP0008,Orion Office Supplies,Office Supplies,Finance,2180.36,INR,CTR0003,ON_CONTRACT,,2025-06-22
TXN002763,ERP_EXPORT,SUP0016,Prime Facility Care,Facilities Maintenance,Facilities,47855.31,INR,CTR0006,ON_CONTRACT,REQ00647,2025-04-24
TXN002764,ERP_EXPORT,SUP0017,GreenEdge Services,Facilities Maintenance,Operations,36860.41,INR,,OFF_CONTRACT,REQ00002,2025-09-29
TXN002765,ERP_EXPORT,SUP0028,ORION OFFICE SUPPLIES,Office Supplies,IT,5088.32,INR,,OFF_CONTRACT,REQ00408,2025-12-30
TXN002766,ERP_EXPORT,SUP0019,Lumen Creative,Marketing Services,R&D,154110.78,INR,CTR0007,ON_CONTRACT,,2025-07-26
TXN002769,ERP_EXPORT,SUP0019,Lumen Creative,Marketing Services,Operations,90084.5,INR,CTR0007,ON_CONTRACT,REQ00313,2025-05-26
TXN002770,ERP_EXPORT,SUP0002,Zenith Computing,IT Hardware,Marketing,130341.15,INR,,OFF_CONTRACT,REQ00232,2026-02-06
TXN002771,ERP_EXPORT,SUP0008,Orion Office Supplies,Office Supplies,Operations,3753.5,INR,CTR0003,ON_CONTRACT,REQ00192,2025-11-23
TXN002772,ERP_EXPORT,SUP0005,Cloudspan Software,IT Software & Licences,IT,43843.9,INR,CTR0002,ON_CONTRACT,REQ00494,2025-12-09
TXN002773,ERP_EXPORT,SUP0019,Lumen Creative,Marketing Services,Finance,132975.17,INR,CTR0007,ON_CONTRACT,,2025-06-25
TXN002775,ERP_EXPORT,SUP0013,Adept Partners,Professional Services,Logistics,154781.2,INR,,OFF_CONTRACT,,2025-05-30
TXN002776,ERP_EXPORT,SUP0022,Transcore Logistics,Logistics & Freight,R&D,47923.73,INR,CTR0008,ON_CONTRACT,,2025-12-30
TXN002777,ERP_EXPORT,SUP0011,Sterling Advisory,Professional Services,Logistics,49218.99,INR,CTR0004,ON_CONTRACT,REQ00692,2025-04-09
TXN002778,ERP_EXPORT,SUP0008,Orion Office Supplies,Office Supplies,R&D,5812.24,INR,CTR0003,ON_CONTRACT,REQ00783,2025-06-27
TXN002779,ERP_EXPORT,SUP0016,Prime Facility Care,Facilities Maintenance,Finance,36732.5,INR,CTR0006,ON_CONTRACT,REQ00316,2026-02-10
TXN002780,ERP_EXPORT,SUP0008,Orion Office Supplies,Office Supplies,Human Resources,6811.27,INR,CTR0003,ON_CONTRACT,,2026-02-16
TXN002781,ERP_EXPORT,SUP0025,NEXA TECHNOLOGIES PVT. LTD.,IT Hardware,Marketing,32746.75,INR,,OFF_CONTRACT,,2026-02-06
TXN002785,ERP_EXPORT,SUP0014,Skyroute Travel,Travel,Human Resources,78010.36,INR,CTR0005,ON_CONTRACT,,2025-12-22
TXN002787,ERP_EXPORT,SUP0001,Nexa Technologies Pvt Ltd,IT Hardware,Marketing,173897.18,INR,CTR0001,ON_CONTRACT,,2025-12-20
TXN002790,ERP_EXPORT,SUP0001,Nexa Technologies Pvt Ltd,IT Hardware,Human Resources,179196.99,INR,CTR0001,ON_CONTRACT,REQ00259,2025-10-01
TXN002791,ERP_EXPORT,SUP0005,Cloudspan Software,IT Software & Licences,Operations,89730.89,INR,CTR0002,ON_CONTRACT,,2025-04-22
TXN002794,ERP_EXPORT,SUP0001,Nexa Technologies Pvt Ltd,IT Hardware,Finance,65228.98,INR,CTR0001,ON_CONTRACT,,2026-03-14
TXN002796,ERP_EXPORT,SUP0016,Prime Facility Care,Facilities Maintenance,Human Resources,45613.66,INR,CTR0006,ON_CONTRACT,,2025-07-08
TXN002797,ERP_EXPORT,SUP0023,FleetBridge Cargo,Logistics & Freight,IT,18065.77,INR,,OFF_CONTRACT,REQ00492,2025-04-10
TXN002798,ERP_EXPORT,SUP0005,Cloudspan Software,IT Software & Licences,IT,80346.04,INR,CTR0002,ON_CONTRACT,REQ00647,2025-07-14
TXN002802,ERP_EXPORT,SUP0009,Paperline Traders,Office Supplies,Finance,22881.67,INR,,OFF_CONTRACT,,2025-11-10
TXN002804,ERP_EXPORT,SUP0005,Cloudspan Software,IT Software & Licences,Operations,115814.24,INR,CTR0002,ON_CONTRACT,,2026-02-26
TXN002805,ERP_EXPORT,SUP0014,Skyroute Travel,Travel,Logistics,50759.69,INR,CTR0005,ON_CONTRACT,REQ00399,2025-09-03
TXN002806,ERP_EXPORT,SUP0014,Skyroute Travel,Travel,Operations,88139.25,INR,CTR0005,ON_CONTRACT,,2025-09-15
TXN002808,ERP_EXPORT,SUP0022,Transcore Logistics,Logistics & Freight,Finance,25418.73,INR,CTR0008,ON_CONTRACT,REQ00171,2026-03-26
TXN002809,ERP_EXPORT,SUP0001,Nexa Technologies Pvt Ltd,IT Hardware,Marketing,98919.52,INR,CTR0001,ON_CONTRACT,,2025-05-17
TXN002810,ERP_EXPORT,SUP0006,Vertex Licensing,IT Software & Licences,Marketing,90424.77,INR,,OFF_CONTRACT,,2025-11-24
TXN002812,ERP_EXPORT,SUP0016,Prime Facility Care,Facilities Maintenance,Finance,48436.91,INR,CTR0006,ON_CONTRACT,REQ00599,2026-03-09
TXN002815,ERP_EXPORT,SUP0022,Transcore Logistics,Logistics & Freight,IT,58902.08,INR,CTR0008,ON_CONTRACT,REQ00653,2025-04-25
TXN002816,ERP_EXPORT,SUP0016,Prime Facility Care,Facilities Maintenance,Logistics,56297.61,INR,CTR0006,ON_CONTRACT,REQ00276,2025-11-28
TXN002817,ERP_EXPORT,SUP0013,Adept Partners,Professional Services,Marketing,144768.09,INR,,OFF_CONTRACT,REQ00895,2025-12-27
TXN002819,ERP_EXPORT,SUP0022,Transcore Logistics,Logistics & Freight,Operations,12750.19,INR,CTR0008,ON_CONTRACT,REQ00237,2025-12-07
TXN002820,ERP_EXPORT,SUP0001,Nexa Technologies Pvt Ltd,IT Hardware,Operations,80339.55,INR,CTR0001,ON_CONTRACT,REQ00895,2025-05-06
TXN002823,ERP_EXPORT,SUP0022,Transcore Logistics,Logistics & Freight,R&D,531991.0,INR,,OFF_CONTRACT,REQ00701,2025-05-03
TXN002824,ERP_EXPORT,SUP0016,Prime Facility Care,Facilities Maintenance,Human Resources,23324.55,INR,CTR0006,ON_CONTRACT,REQ00852,2026-03-05
TXN002825,ERP_EXPORT,SUP0013,Adept Partners,Professional Services,IT,107550.7,INR,,OFF_CONTRACT,REQ00579,2025-05-25
TXN002826,ERP_EXPORT,SUP0016,Prime Facility Care,Facilities Maintenance,Human Resources,60882.53,INR,CTR0006,ON_CONTRACT,REQ00391,2025-12-11
TXN002829,ERP_EXPORT,SUP0015,Voyager Corporate Travel,Travel,Finance,43153.57,INR,,OFF_CONTRACT,REQ00602,2026-01-20
TXN002830,ERP_EXPORT,SUP0001,Nexa Technologies Pvt Ltd,IT Hardware,Finance,29521.31,INR,CTR0001,ON_CONTRACT,REQ00592,2025-04-09
TXN002832,ERP_EXPORT,SUP0014,Skyroute Travel,Travel,Human Resources,62319.59,INR,CTR0005,ON_CONTRACT,,2025-12-20
TXN002836,ERP_EXPORT,SUP0008,Orion Office Supplies,Office Supplies,Logistics,23149.21,INR,CTR0003,ON_CONTRACT,,2026-02-06
TXN002837,ERP_EXPORT,SUP0006,Vertex Licensing,IT Software & Licences,Operations,119291.78,INR,,OFF_CONTRACT,,2025-11-18
TXN002840,ERP_EXPORT,SUP0019,Lumen Creative,Marketing Services,Operations,72041.37,INR,CTR0007,ON_CONTRACT,,2025-07-17
TXN002841,ERP_EXPORT,SUP0018,Urban Upkeep,Facilities Maintenance,Facilities,33547.49,INR,,OFF_CONTRACT,,2026-02-07
TXN002842,ERP_EXPORT,SUP0022,Transcore Logistics,Logistics & Freight,Finance,74603.99,INR,CTR0008,ON_CONTRACT,,2025-04-12
TXN002843,ERP_EXPORT,SUP0027,Orion Office Supplies Ltd,Office Supplies,IT,23123.81,INR,,OFF_CONTRACT,REQ00152,2026-01-12
TXN002844,ERP_EXPORT,SUP0021,Pulse Marketing Co,Marketing Services,Finance,153130.0,INR,,OFF_CONTRACT,REQ00849,2026-03-03
TXN002851,ERP_EXPORT,SUP0008,Orion Office Supplies,Office Supplies,Finance,17102.51,INR,CTR0003,ON_CONTRACT,REQ00614,2025-10-23
TXN002852,ERP_EXPORT,SUP0011,Sterling Advisory,Professional Services,IT,90483.77,INR,CTR0004,ON_CONTRACT,,2026-02-15
TXN002854,ERP_EXPORT,SUP0022,Transcore Logistics,Logistics & Freight,Finance,88213.84,INR,CTR0008,ON_CONTRACT,,2025-10-10
TXN002855,ERP_EXPORT,SUP0011,Sterling Advisory,Professional Services,Finance,61378.77,INR,CTR0004,ON_CONTRACT,REQ00899,2025-05-30
TXN002856,ERP_EXPORT,SUP0005,Cloudspan Software,IT Software & Licences,IT,68125.58,INR,CTR0002,ON_CONTRACT,,2025-12-17
TXN002857,ERP_EXPORT,SUP0011,Sterling Advisory,Professional Services,IT,86379.08,INR,CTR0004,ON_CONTRACT,,2026-01-04
TXN002858,ERP_EXPORT,SUP0021,Pulse Marketing Co,Marketing Services,IT,25450.19,INR,,OFF_CONTRACT,REQ00256,2025-08-30
TXN002859,ERP_EXPORT,SUP0008,Orion Office Supplies,Office Supplies,Human Resources,2828.43,INR,CTR0003,ON_CONTRACT,REQ00837,2026-03-27
TXN002862,ERP_EXPORT,SUP0016,Prime Facility Care,Facilities Maintenance,IT,26948.72,INR,CTR0006,ON_CONTRACT,REQ00220,2025-04-05
TXN002863,ERP_EXPORT,SUP0014,Skyroute Travel,Travel,R&D,85937.65,INR,CTR0005,ON_CONTRACT,REQ00878,2025-12-17
TXN002864,ERP_EXPORT,SUP0005,Cloudspan Software,IT Software & Licences,Human Resources,76070.34,INR,CTR0002,ON_CONTRACT,REQ00542,2026-01-22
TXN002866,ERP_EXPORT,SUP0001,Nexa Technologies Pvt Ltd,IT Hardware,IT,114913.77,INR,CTR0001,ON_CONTRACT,,2025-06-28
TXN002869,ERP_EXPORT,SUP0022,Transcore Logistics,Logistics & Freight,Operations,35447.17,INR,CTR0008,ON_CONTRACT,REQ00436,2026-01-09
TXN002871,ERP_EXPORT,SUP0011,Sterling Advisory,Professional Services,Facilities,227759.8,INR,CTR0004,ON_CONTRACT,REQ00211,2026-01-06
TXN002873,ERP_EXPORT,SUP0022,Transcore Logistics,Logistics & Freight,Operations,86082.33,INR,CTR0008,ON_CONTRACT,,2026-02-04
TXN002874,ERP_EXPORT,SUP0001,Nexa Technologies Pvt Ltd,IT Hardware,Finance,90014.44,INR,CTR0001,ON_CONTRACT,REQ00846,2026-02-21
TXN002875,ERP_EXPORT,SUP0019,Lumen Creative,Marketing Services,R&D,129251.17,INR,CTR0007,ON_CONTRACT,REQ00271,2025-06-25
TXN002877,ERP_EXPORT,SUP0016,Prime Facility Care,Facilities Maintenance,Human Resources,39852.39,INR,CTR0006,ON_CONTRACT,,2025-05-04
TXN002881,ERP_EXPORT,SUP0022,Transcore Logistics,Logistics & Freight,Human Resources,39519.87,INR,CTR0008,ON_CONTRACT,,2026-01-20
TXN002882,ERP_EXPORT,SUP0019,Lumen Creative,Marketing Services,Facilities,139704.23,INR,CTR0007,ON_CONTRACT,,2025-08-31
TXN002883,ERP_EXPORT,SUP0008,Orion Office Supplies,Office Supplies,Operations,6762.74,INR,CTR0003,ON_CONTRACT,REQ00103,2025-05-26
TXN002884,ERP_EXPORT,SUP0001,Nexa Technologies Pvt Ltd,IT Hardware,R&D,36029.53,INR,CTR0001,ON_CONTRACT,REQ00391,2025-07-20
TXN002885,ERP_EXPORT,SUP0001,Nexa Technologies Pvt Ltd,IT Hardware,R&D,35696.18,INR,CTR0001,ON_CONTRACT,REQ00669,2025-06-26
TXN002888,ERP_EXPORT,SUP0001,Nexa Technologies Pvt Ltd,IT Hardware,Finance,88458.87,INR,CTR0001,ON_CONTRACT,REQ00099,2025-12-10
TXN002891,ERP_EXPORT,SUP0008,Orion Office Supplies,Office Supplies,R&D,9640.39,INR,CTR0003,ON_CONTRACT,,2025-12-17
TXN002892,ERP_EXPORT,SUP0023,FleetBridge Cargo,Logistics & Freight,Marketing,69570.3,INR,,OFF_CONTRACT,REQ00824,2025-08-08
TXN002894,ERP_EXPORT,SUP0005,Cloudspan Software,IT Software & Licences,Facilities,83738.32,INR,CTR0002,ON_CONTRACT,REQ00007,2025-11-19
TXN002895,ERP_EXPORT,SUP0014,Skyroute Travel,Travel,Marketing,20430.8,INR,CTR0005,ON_CONTRACT,,2025-09-02
TXN002896,ERP_EXPORT,SUP0014,Skyroute Travel,Travel,Marketing,79822.41,INR,CTR0005,ON_CONTRACT,REQ00407,2025-04-08
TXN002897,ERP_EXPORT,SUP0008,Orion Office Supplies,Office Supplies,Human Resources,14399.17,INR,CTR0003,ON_CONTRACT,,2025-06-12
TXN002898,ERP_EXPORT,SUP0001,Nexa Technologies Pvt Ltd,IT Hardware,Logistics,68783.23,INR,CTR0001,ON_CONTRACT,,2025-11-29
TXN002899,ERP_EXPORT,SUP0008,Orion Office Supplies,Office Supplies,Marketing,11780.25,INR,CTR0003,ON_CONTRACT,REQ00641,2025-09-28
TXN002902,ERP_EXPORT,SUP0016,Prime Facility Care,Facilities Maintenance,R&D,55932.81,INR,CTR0006,ON_CONTRACT,REQ00109,2025-05-25
TXN002904,ERP_EXPORT,SUP0021,Pulse Marketing Co,Marketing Services,R&D,78319.22,INR,,OFF_CONTRACT,REQ00570,2025-11-06
TXN002905,ERP_EXPORT,SUP0019,Lumen Creative,Marketing Services,IT,93151.43,INR,CTR0007,ON_CONTRACT,,2025-12-13
TXN002906,ERP_EXPORT,SUP0014,Skyroute Travel,Travel,Operations,12480.02,INR,CTR0005,ON_CONTRACT,REQ00674,2026-01-11
TXN002907,ERP_EXPORT,SUP0005,Cloudspan Software,IT Software & Licences,Logistics,117173.21,INR,CTR0002,ON_CONTRACT,REQ00867,2026-01-16
TXN002908,ERP_EXPORT,SUP0008,Orion Office Supplies,Office Supplies,IT,7200.88,INR,CTR0003,ON_CONTRACT,REQ00755,2025-12-27
TXN002910,ERP_EXPORT,SUP0011,Sterling Advisory,Professional Services,R&D,103827.93,INR,CTR0004,ON_CONTRACT,REQ00041,2025-12-15
TXN002911,ERP_EXPORT,SUP0008,Orion Office Supplies,Office Supplies,R&D,7299.58,INR,CTR0003,ON_CONTRACT,REQ00443,2025-07-05
TXN002912,ERP_EXPORT,SUP0008,Orion Office Supplies,Office Supplies,Facilities,2033.9,INR,CTR0003,ON_CONTRACT,,2025-07-12
TXN002914,ERP_EXPORT,SUP0001,Nexa Technologies Pvt Ltd,IT Hardware,R&D,174861.05,INR,CTR0001,ON_CONTRACT,REQ00299,2025-10-24
TXN002915,ERP_EXPORT,SUP0022,Transcore Logistics,Logistics & Freight,IT,30616.36,INR,CTR0008,ON_CONTRACT,REQ00534,2026-01-18
TXN002916,ERP_EXPORT,SUP0005,Cloudspan Software,IT Software & Licences,IT,84619.96,INR,CTR0002,ON_CONTRACT,REQ00877,2025-05-18
TXN002918,ERP_EXPORT,SUP0022,Transcore Logistics,Logistics & Freight,Finance,82419.31,INR,CTR0008,ON_CONTRACT,REQ00863,2025-05-13
TXN002919,ERP_EXPORT,SUP0019,Lumen Creative,Marketing Services,Operations,79168.09,INR,CTR0007,ON_CONTRACT,REQ00024,2026-01-31
TXN002920,ERP_EXPORT,SUP0014,Skyroute Travel,Travel,Facilities,32840.33,INR,CTR0005,ON_CONTRACT,,2025-08-04
TXN002921,ERP_EXPORT,SUP0022,Transcore Logistics,Logistics & Freight,Facilities,38999.5,INR,CTR0008,ON_CONTRACT,REQ00679,2026-02-04
TXN002922,ERP_EXPORT,SUP0016,Prime Facility Care,Facilities Maintenance,Marketing,52757.28,INR,CTR0006,ON_CONTRACT,,2025-09-06
TXN002924,ERP_EXPORT,SUP0014,Skyroute Travel,Travel,Finance,22892.35,INR,CTR0005,ON_CONTRACT,REQ00589,2026-02-05
TXN002926,ERP_EXPORT,SUP0022,Transcore Logistics,Logistics & Freight,IT,86861.04,INR,CTR0008,ON_CONTRACT,,2025-08-15
TXN002928,ERP_EXPORT,SUP0008,Orion Office Supplies,Office Supplies,Human Resources,24651.74,INR,CTR0003,ON_CONTRACT,,2025-06-16
TXN002929,ERP_EXPORT,SUP0019,Lumen Creative,Marketing Services,Facilities,125594.76,INR,CTR0007,ON_CONTRACT,REQ00706,2025-09-14
TXN002932,ERP_EXPORT,SUP0001,Nexa Technologies Pvt Ltd,IT Hardware,Facilities,127457.21,INR,CTR0001,ON_CONTRACT,,2026-01-12
TXN002933,ERP_EXPORT,SUP0008,Orion Office Supplies,Office Supplies,Facilities,3804.48,INR,CTR0003,ON_CONTRACT,,2025-05-06
TXN002934,ERP_EXPORT,SUP0010,Kanban Stationers,Office Supplies,IT,14523.43,INR,,OFF_CONTRACT,REQ00888,2025-10-21
TXN002935,ERP_EXPORT,SUP0005,Cloudspan Software,IT Software & Licences,Marketing,89478.69,INR,CTR0002,ON_CONTRACT,REQ00271,2025-11-05
TXN002936,ERP_EXPORT,SUP0019,Lumen Creative,Marketing Services,Operations,43424.98,INR,CTR0007,ON_CONTRACT,REQ00470,2025-05-15
TXN002938,ERP_EXPORT,SUP0019,Lumen Creative,Marketing Services,IT,101728.19,INR,CTR0007,ON_CONTRACT,,2025-08-14
TXN002940,ERP_EXPORT,SUP0027,Orion Office Supplies Ltd,Office Supplies,Operations,2975.71,INR,,OFF_CONTRACT,,2025-09-01
TXN002941,ERP_EXPORT,SUP0019,Lumen Creative,Marketing Services,Facilities,57145.66,INR,CTR0007,ON_CONTRACT,REQ00008,2025-10-05
TXN002943,ERP_EXPORT,SUP0023,FleetBridge Cargo,Logistics & Freight,R&D,36614.47,INR,,OFF_CONTRACT,REQ00420,2025-12-30
TXN002944,ERP_EXPORT,SUP0008,Orion Office Supplies,Office Supplies,Facilities,18431.76,INR,CTR0003,ON_CONTRACT,,2025-06-04
TXN002945,ERP_EXPORT,SUP0022,Transcore Logistics,Logistics & Freight,Logistics,74997.44,INR,CTR0008,ON_CONTRACT,,2025-12-17
TXN002950,ERP_EXPORT,SUP0008,Orion Office Supplies,Office Supplies,Human Resources,-23457.27,INR,CTR0003,ON_CONTRACT,,2025-09-05
TXN002951,ERP_EXPORT,SUP0001,Nexa Technologies Pvt Ltd,IT Hardware,R&D,153263.48,INR,CTR0001,ON_CONTRACT,REQ00114,2025-06-17
TXN002953,ERP_EXPORT,SUP0008,Orion Office Supplies,Office Supplies,Human Resources,18429.51,INR,CTR0003,ON_CONTRACT,,2026-02-24
TXN002955,ERP_EXPORT,SUP0004,Arcadia IT Traders,IT Hardware,Operations,167754.15,INR,,OFF_CONTRACT,REQ00601,2025-08-26
TXN002956,ERP_EXPORT,SUP0028,ORION OFFICE SUPPLIES,Office Supplies,R&D,17975.69,INR,,OFF_CONTRACT,REQ00415,2025-10-25
TXN002957,ERP_EXPORT,SUP0014,Skyroute Travel,Travel,Facilities,67776.45,INR,CTR0005,ON_CONTRACT,,2025-04-23
TXN002959,ERP_EXPORT,SUP0005,CLOUDSPAN SOFTWARE,IT Software & Licences,IT,43777.52,INR,CTR0002,ON_CONTRACT,REQ00412,2025-04-27
TXN002962,ERP_EXPORT,SUP0005,Cloudspan Software,IT Software & Licences,IT,51260.9,INR,CTR0002,ON_CONTRACT,REQ00827,2025-08-20
TXN002963,ERP_EXPORT,SUP0002,Zenith Computing,IT Hardware,Logistics,77019.62,INR,,OFF_CONTRACT,,2025-08-02
TXN002966,ERP_EXPORT,SUP0003,BluePeak Systems,IT Hardware,Human Resources,133681.33,INR,,OFF_CONTRACT,,2026-02-20
TXN002968,ERP_EXPORT,SUP0012,Cobalt Consulting,Professional Services,Marketing,158035.29,INR,,OFF_CONTRACT,,2025-04-12
TXN002969,ERP_EXPORT,SUP0023,FleetBridge Cargo,Logistics & Freight,IT,90608.53,INR,,OFF_CONTRACT,REQ00799,2025-11-26
TXN002970,ERP_EXPORT,SUP0001,Nexa Technologies Pvt Ltd,IT Hardware,R&D,101920.11,INR,CTR0001,ON_CONTRACT,REQ00029,2026-01-08
TXN002972,ERP_EXPORT,SUP0019,Lumen Creative,Marketing Services,Facilities,42824.95,INR,CTR0007,ON_CONTRACT,REQ00497,2025-09-21
TXN002974,ERP_EXPORT,SUP0028,ORION OFFICE SUPPLIES,Office Supplies,Finance,18892.21,INR,,OFF_CONTRACT,,2025-11-25
TXN002976,ERP_EXPORT,SUP0008,Orion Office Supplies,Office Supplies,IT,2579.45,INR,CTR0003,ON_CONTRACT,,2025-10-14
TXN002979,ERP_EXPORT,SUP0008,Orion Office Supplies,Office Supplies,Facilities,18185.09,INR,CTR0003,ON_CONTRACT,,2025-08-31
TXN002980,ERP_EXPORT,SUP0008,Orion Office Supplies,Office Supplies,IT,24315.91,INR,CTR0003,ON_CONTRACT,REQ00373,2025-04-24
TXN002981,ERP_EXPORT,SUP0014,Skyroute Travel,Travel,Operations,43888.23,INR,CTR0005,ON_CONTRACT,,2026-03-22
TXN002983,ERP_EXPORT,SUP0005,Cloudspan Software,IT Software & Licences,Facilities,89011.46,INR,CTR0002,ON_CONTRACT,,2026-02-02
TXN002985,ERP_EXPORT,SUP0019,Lumen Creative,Marketing Services,R&D,96500.24,INR,CTR0007,ON_CONTRACT,,2025-10-24
TXN002987,ERP_EXPORT,SUP0005,Cloudspan Software,IT Software & Licences,Facilities,20425.22,INR,CTR0002,ON_CONTRACT,,2025-08-20
TXN002989,ERP_EXPORT,SUP0019,Lumen Creative,Marketing Services,Operations,120583.55,INR,CTR0007,ON_CONTRACT,,2025-09-12
TXN002991,ERP_EXPORT,SUP0005,Cloudspan Software,IT Software & Licences,Logistics,33821.84,INR,CTR0002,ON_CONTRACT,REQ00350,2025-10-03
TXN002994,ERP_EXPORT,SUP0014,Skyroute Travel,Travel,Marketing,40517.4,INR,CTR0005,ON_CONTRACT,REQ00067,2025-11-13
TXN002995,ERP_EXPORT,SUP0005,Cloudspan Software,IT Software & Licences,Logistics,28830.08,INR,CTR0002,ON_CONTRACT,REQ00394,2025-08-13
TXN002999,ERP_EXPORT,SUP0020,BrightArc Media,Marketing Services,Human Resources,60606.37,INR,,OFF_CONTRACT,,2025-11-16
TXN003000,ERP_EXPORT,SUP0019,Lumen Creative,Marketing Services,Logistics,141997.96,INR,CTR0007,ON_CONTRACT,,2025-10-11
TXN003004,ERP_EXPORT,SUP0008,Orion Office Supplies,Office Supplies,Finance,16372.1,INR,CTR0003,ON_CONTRACT,,2025-08-11
TXN003005,ERP_EXPORT,SUP0001,Nexa Technologies Pvt Ltd,IT Hardware,Marketing,113620.63,INR,CTR0001,ON_CONTRACT,REQ00592,2025-11-01
TXN003006,ERP_EXPORT,SUP0006,Vertex Licensing,IT Software & Licences,Logistics,102447.19,INR,,OFF_CONTRACT,REQ00264,2025-04-05
TXN003009,ERP_EXPORT,SUP0014,Skyroute Travel,Travel,Operations,63269.63,INR,CTR0005,ON_CONTRACT,,2025-06-06
TXN003010,ERP_EXPORT,SUP0022,Transcore Logistics,Logistics & Freight,Marketing,16302.37,INR,CTR0008,ON_CONTRACT,REQ00659,2025-06-15
TXN003012,ERP_EXPORT,SUP0022,Transcore Logistics,Logistics & Freight,Logistics,35873.52,INR,CTR0008,ON_CONTRACT,REQ00169,2025-04-30
TXN003014,ERP_EXPORT,SUP0019,Lumen Creative,Marketing Services,Finance,69414.19,INR,CTR0007,ON_CONTRACT,REQ00107,2025-11-04
TXN003017,ERP_EXPORT,SUP0022,Transcore Logistics,Logistics & Freight,IT,72814.02,INR,CTR0008,ON_CONTRACT,,2025-11-17
TXN003019,ERP_EXPORT,SUP0025,NEXA TECHNOLOGIES PVT. LTD.,IT Hardware,IT,35594.75,INR,,OFF_CONTRACT,REQ00204,2025-07-16
TXN003020,ERP_EXPORT,SUP0008,Orion Office Supplies,Office Supplies,Human Resources,20026.48,INR,CTR0003,ON_CONTRACT,,2025-10-10
TXN003021,ERP_EXPORT,SUP0012,Cobalt Consulting,Professional Services,Human Resources,100009.25,INR,,OFF_CONTRACT,,2025-11-08
TXN003022,ERP_EXPORT,SUP0011,Sterling Advisory,Professional Services,IT,130881.04,INR,CTR0004,ON_CONTRACT,,2025-09-14
TXN003031,ERP_EXPORT,SUP0001,Nexa Technologies Pvt Ltd,IT Hardware,IT,55843.78,INR,CTR0001,ON_CONTRACT,,2025-06-28
TXN003032,ERP_EXPORT,SUP0008,Orion Office Supplies,Office Supplies,Operations,11621.68,INR,CTR0003,ON_CONTRACT,REQ00172,2025-08-04
TXN003033,ERP_EXPORT,SUP0016,Prime Facility Care,Facilities Maintenance,Finance,55056.39,INR,CTR0006,ON_CONTRACT,,2025-09-17
TXN003034,ERP_EXPORT,SUP0016,PRIME FACILITY CARE,Facilities Maintenance,Operations,16082.37,INR,CTR0006,ON_CONTRACT,,2025-08-24
TXN003036,ERP_EXPORT,SUP0014,Skyroute Travel,Travel,Operations,30658.17,INR,CTR0005,ON_CONTRACT,,2025-08-04
TXN003040,ERP_EXPORT,SUP0008,Orion Office Supplies,Office Supplies,Finance,13930.12,INR,CTR0003,ON_CONTRACT,,2025-10-19
TXN003042,ERP_EXPORT,SUP0011,Sterling Advisory,Professional Services,Finance,243842.07,INR,CTR0004,ON_CONTRACT,REQ00068,2025-04-08
TXN003045,ERP_EXPORT,SUP0011,Sterling Advisory,Professional Services,R&D,194955.85,INR,CTR0004,ON_CONTRACT,REQ00434,2025-08-19
TXN003047,ERP_EXPORT,SUP0004,Arcadia IT Traders,IT Hardware,Operations,90522.94,INR,,OFF_CONTRACT,REQ00585,2026-01-29
TXN003053,ERP_EXPORT,SUP0005,Cloudspan Software,IT Software & Licences,Human Resources,43196.04,INR,CTR0002,ON_CONTRACT,,2026-03-12
TXN003054,ERP_EXPORT,SUP0016,Prime Facility Care,Facilities Maintenance,Facilities,27247.7,INR,CTR0006,ON_CONTRACT,,2025-04-04
TXN003055,ERP_EXPORT,SUP0015,Voyager Corporate Travel,Travel,R&D,61854.0,INR,,OFF_CONTRACT,REQ00392,2026-01-20
TXN003057,ERP_EXPORT,SUP0001,Nexa Technologies Pvt Ltd,IT Hardware,Human Resources,118563.77,INR,CTR0001,ON_CONTRACT,,2025-08-19
TXN003060,ERP_EXPORT,SUP0014,Skyroute Travel,Travel,Marketing,86016.7,INR,CTR0005,ON_CONTRACT,REQ00222,2026-02-21
TXN003064,ERP_EXPORT,SUP0011,Sterling Advisory,Professional Services,Marketing,170966.24,INR,CTR0004,ON_CONTRACT,,2025-05-17
TXN003068,ERP_EXPORT,SUP0016,Prime Facility Care,Facilities Maintenance,Logistics,67900.92,INR,CTR0006,ON_CONTRACT,,2026-02-26
TXN003069,ERP_EXPORT,SUP0001,Nexa Technologies Pvt Ltd,IT Hardware,Facilities,63888.42,INR,CTR0001,ON_CONTRACT,REQ00779,2025-05-14
TXN003071,ERP_EXPORT,SUP0005,Cloudspan Software,IT Software & Licences,R&D,89196.14,INR,CTR0002,ON_CONTRACT,,2026-03-22
TXN003072,ERP_EXPORT,SUP0001,Nexa Technologies Pvt Ltd,IT Hardware,Marketing,119551.15,INR,CTR0001,ON_CONTRACT,REQ00675,2025-04-20
TXN003073,ERP_EXPORT,SUP0016,Prime Facility Care,Facilities Maintenance,R&D,28774.44,INR,CTR0006,ON_CONTRACT,,2025-04-29
TXN003074,ERP_EXPORT,SUP0022,Transcore Logistics,Logistics & Freight,Operations,34500.99,INR,CTR0008,ON_CONTRACT,,2025-09-29
TXN003075,ERP_EXPORT,SUP0001,Nexa Technologies Pvt Ltd,IT Hardware,Logistics,117638.58,INR,CTR0001,ON_CONTRACT,REQ00278,2025-11-03
TXN003076,ERP_EXPORT,SUP0005,Cloudspan Software,IT Software & Licences,Marketing,105940.04,INR,CTR0002,ON_CONTRACT,,2026-03-11
TXN003079,ERP_EXPORT,SUP0014,Skyroute Travel,Travel,Facilities,20695.95,INR,CTR0005,ON_CONTRACT,REQ00283,2025-08-26
TXN003080,ERP_EXPORT,SUP0005,Cloudspan Software,IT Software & Licences,Logistics,114197.31,INR,CTR0002,ON_CONTRACT,REQ00398,2025-12-24
TXN003081,ERP_EXPORT,SUP0016,Prime Facility Care,Facilities Maintenance,IT,54192.11,INR,CTR0006,ON_CONTRACT,REQ00710,2025-07-16
TXN003082,ERP_EXPORT,SUP0014,Skyroute Travel,Travel,IT,80405.49,INR,CTR0005,ON_CONTRACT,,2025-11-06
TXN003085,ERP_EXPORT,SUP0011,Sterling Advisory,Professional Services,Human Resources,187239.31,INR,CTR0004,ON_CONTRACT,REQ00509,2025-06-26
TXN003086,ERP_EXPORT,SUP0011,Sterling Advisory,Professional Services,Finance,182823.5,INR,CTR0004,ON_CONTRACT,,2025-12-13
TXN003087,ERP_EXPORT,SUP0019,Lumen Creative,Marketing Services,IT,77141.24,INR,CTR0007,ON_CONTRACT,REQ00896,2025-08-29
TXN003089,ERP_EXPORT,SUP0014,Skyroute Travel,Travel,R&D,55799.94,INR,CTR0005,ON_CONTRACT,,2025-08-15
TXN003091,ERP_EXPORT,SUP0016,Prime Facility Care,Facilities Maintenance,Human Resources,37015.25,INR,CTR0006,ON_CONTRACT,REQ00401,2025-08-21
TXN003092,ERP_EXPORT,SUP0011,Sterling Advisory,Professional Services,IT,241092.01,INR,CTR0004,ON_CONTRACT,,2025-04-17
TXN003093,ERP_EXPORT,SUP0011,Sterling Advisory,Professional Services,R&D,123797.42,INR,CTR0004,ON_CONTRACT,REQ00501,2026-02-26
TXN003094,ERP_EXPORT,SUP0020,BrightArc Media,Marketing Services,Human Resources,137572.22,INR,,OFF_CONTRACT,REQ00469,2025-04-27
TXN003095,ERP_EXPORT,SUP0019,Lumen Creative,Marketing Services,Logistics,46395.68,INR,CTR0007,ON_CONTRACT,,2025-09-27
TXN003096,ERP_EXPORT,SUP0019,Lumen Creative,Marketing Services,Logistics,114144.47,INR,CTR0007,ON_CONTRACT,REQ00898,2025-10-16
TXN003102,ERP_EXPORT,SUP0022,Transcore Logistics,Logistics & Freight,R&D,74115.9,INR,CTR0008,ON_CONTRACT,REQ00811,2025-06-01
TXN003103,ERP_EXPORT,SUP0008,Orion Office Supplies,Office Supplies,R&D,23034.62,INR,CTR0003,ON_CONTRACT,,2025-11-30
TXN003108,ERP_EXPORT,SUP0014,Skyroute Travel,Travel,Facilities,8742.44,INR,CTR0005,ON_CONTRACT,REQ00412,2026-03-16
TXN003109,ERP_EXPORT,SUP0022,Transcore Logistics,Logistics & Freight,Marketing,60924.68,INR,CTR0008,ON_CONTRACT,,2025-05-06
TXN003112,ERP_EXPORT,SUP0008,Orion Office Supplies,Office Supplies,R&D,7566.51,INR,CTR0003,ON_CONTRACT,,2025-07-14
TXN003113,ERP_EXPORT,SUP0011,Sterling Advisory,Professional Services,IT,189951.07,INR,CTR0004,ON_CONTRACT,REQ00843,2025-09-05
TXN003114,ERP_EXPORT,SUP0014,Skyroute Travel,Travel,Marketing,15494.1,INR,CTR0005,ON_CONTRACT,REQ00736,2026-03-23
TXN003117,ERP_EXPORT,SUP0022,Transcore Logistics,Logistics & Freight,Marketing,73314.02,INR,CTR0008,ON_CONTRACT,,2025-08-18
TXN003118,ERP_EXPORT,SUP0011,Sterling Advisory,Professional Services,Human Resources,42886.57,INR,CTR0004,ON_CONTRACT,,2025-08-04
TXN003122,ERP_EXPORT,SUP0028,ORION OFFICE SUPPLIES,Office Supplies,IT,7693.87,INR,,OFF_CONTRACT,REQ00460,2025-04-24
TXN003124,ERP_EXPORT,SUP0022,Transcore Logistics,Logistics & Freight,IT,50092.06,INR,CTR0008,ON_CONTRACT,REQ00887,2025-05-04
TXN003125,ERP_EXPORT,SUP0022,Transcore Logistics,Logistics & Freight,Marketing,72816.88,INR,CTR0008,ON_CONTRACT,,2025-10-30
TXN003127,ERP_EXPORT,SUP0001,Nexa Technologies Pvt Ltd,IT Hardware,Marketing,129295.11,INR,CTR0001,ON_CONTRACT,REQ00676,2026-01-22
TXN003130,ERP_EXPORT,SUP0022,Transcore Logistics,Logistics & Freight,IT,81594.82,INR,CTR0008,ON_CONTRACT,REQ00861,2025-04-09
TXN003131,ERP_EXPORT,SUP0011,Sterling Advisory,Professional Services,Marketing,209068.97,INR,CTR0004,ON_CONTRACT,,2025-11-02
TXN003133,ERP_EXPORT,SUP0019,Lumen Creative,Marketing Services,Human Resources,150579.47,INR,CTR0007,ON_CONTRACT,REQ00535,2026-03-15
TXN003134,ERP_EXPORT,SUP0022,Transcore Logistics,Logistics & Freight,Human Resources,57173.08,INR,CTR0008,ON_CONTRACT,,2026-03-03
TXN003136,ERP_EXPORT,SUP0011,Sterling Advisory,Professional Services,Marketing,169524.56,INR,CTR0004,ON_CONTRACT,,2025-08-15
TXN003139,ERP_EXPORT,SUP0014,Skyroute Travel,Travel,R&D,50758.82,INR,CTR0005,ON_CONTRACT,REQ00772,2025-05-11
TXN003144,ERP_EXPORT,SUP0016,Prime Facility Care,Facilities Maintenance,Logistics,42299.92,INR,CTR0006,ON_CONTRACT,,2026-03-08
TXN003145,ERP_EXPORT,SUP0008,Orion Office Supplies,Office Supplies,Human Resources,8183.63,INR,CTR0003,ON_CONTRACT,REQ00538,2025-10-16
TXN003146,ERP_EXPORT,SUP0008,Orion Office Supplies,Office Supplies,Marketing,10474.33,INR,CTR0003,ON_CONTRACT,REQ00427,2025-10-21
TXN003147,ERP_EXPORT,SUP0007,Meridian Softworks,IT Software & Licences,Marketing,109011.34,INR,,OFF_CONTRACT,REQ00354,2025-10-11
TXN003149,ERP_EXPORT,SUP0023,FleetBridge Cargo,Logistics & Freight,Logistics,77353.12,INR,,OFF_CONTRACT,,2025-11-17
TXN003158,ERP_EXPORT,SUP0008,Orion Office Supplies,Office Supplies,Marketing,3472.15,INR,CTR0003,ON_CONTRACT,REQ00188,2025-07-29
TXN003159,ERP_EXPORT,SUP0016,Prime Facility Care,Facilities Maintenance,Logistics,59484.59,INR,CTR0006,ON_CONTRACT,,2025-11-06
TXN003160,ERP_EXPORT,SUP0005,Cloudspan Software,IT Software & Licences,R&D,45700.23,INR,CTR0002,ON_CONTRACT,REQ00583,2026-01-05
TXN003162,ERP_EXPORT,SUP0022,Transcore Logistics,Logistics & Freight,IT,13818.81,INR,CTR0008,ON_CONTRACT,REQ00419,2025-10-27
TXN003163,ERP_EXPORT,SUP0006,Vertex Licensing,IT Software & Licences,Logistics,46609.84,INR,,OFF_CONTRACT,REQ00783,2026-02-28
TXN003164,ERP_EXPORT,SUP0014,Skyroute Travel,Travel,Human Resources,49215.76,INR,CTR0005,ON_CONTRACT,REQ00124,2026-03-30
TXN003166,ERP_EXPORT,SUP0019,Lumen Creative,Marketing Services,Logistics,88753.4,INR,CTR0007,ON_CONTRACT,REQ00658,2025-06-26
TXN003169,ERP_EXPORT,SUP0022,Transcore Logistics,Logistics & Freight,Operations,75448.58,INR,CTR0008,ON_CONTRACT,REQ00189,2025-08-29
TXN003170,ERP_EXPORT,SUP0014,Skyroute Travel,Travel,IT,41593.03,INR,CTR0005,ON_CONTRACT,,2025-12-09
TXN003172,ERP_EXPORT,SUP0022,Transcore Logistics,Logistics & Freight,Facilities,33599.64,INR,CTR0008,ON_CONTRACT,,2026-02-17
TXN003173,ERP_EXPORT,SUP0025,NEXA TECHNOLOGIES PVT. LTD.,IT Hardware,Finance,49721.3,INR,,OFF_CONTRACT,REQ00712,2025-08-01
TXN003174,ERP_EXPORT,SUP0028,ORION OFFICE SUPPLIES,Office Supplies,Human Resources,5690.64,INR,,OFF_CONTRACT,REQ00198,2025-08-09
TXN003175,ERP_EXPORT,SUP0001,Nexa Technologies Pvt Ltd,IT Hardware,Finance,35926.25,INR,CTR0001,ON_CONTRACT,REQ00353,2025-09-25
TXN003176,ERP_EXPORT,SUP0005,Cloudspan Software,IT Software & Licences,Logistics,34492.9,INR,CTR0002,ON_CONTRACT,REQ00736,2026-02-12
TXN003177,ERP_EXPORT,SUP0019,Lumen Creative,Marketing Services,Facilities,112990.71,INR,CTR0007,ON_CONTRACT,,2025-04-25
TXN003178,ERP_EXPORT,SUP0022,Transcore Logistics,Logistics & Freight,IT,85180.32,INR,CTR0008,ON_CONTRACT,,2025-04-07
TXN003179,ERP_EXPORT,SUP0014,Skyroute Travel,Travel,Human Resources,74758.31,INR,CTR0005,ON_CONTRACT,,2025-08-06
TXN003181,ERP_EXPORT,SUP0019,Lumen Creative,Marketing Services,IT,35460.46,INR,CTR0007,ON_CONTRACT,REQ00381,2026-01-04
TXN003182,ERP_EXPORT,SUP0019,Lumen Creative,Marketing Services,IT,60486.24,INR,CTR0007,ON_CONTRACT,,2025-12-30
TXN003183,ERP_EXPORT,SUP0001,Nexa Technologies Pvt Ltd,IT Hardware,Finance,73020.07,INR,CTR0001,ON_CONTRACT,REQ00392,2025-08-23
TXN003184,ERP_EXPORT,SUP0019,Lumen Creative,Marketing Services,Operations,54993.97,INR,CTR0007,ON_CONTRACT,,2025-09-23
TXN003185,ERP_EXPORT,SUP0019,Lumen Creative,Marketing Services,Operations,92100.79,INR,CTR0007,ON_CONTRACT,,2025-11-26
TXN003186,ERP_EXPORT,SUP0014,Skyroute Travel,Travel,IT,51915.41,INR,CTR0005,ON_CONTRACT,,2025-11-08
TXN003190,ERP_EXPORT,SUP0005,Cloudspan Software,IT Software & Licences,Finance,97875.75,INR,CTR0002,ON_CONTRACT,,2025-09-23
TXN003191,ERP_EXPORT,SUP0009,Paperline Traders,Office Supplies,Facilities,9079.3,INR,,OFF_CONTRACT,REQ00672,2025-10-24
TXN003192,ERP_EXPORT,SUP0001,Nexa Technologies Pvt Ltd,IT Hardware,Marketing,166637.21,INR,CTR0001,ON_CONTRACT,REQ00322,2025-07-25
TXN003193,ERP_EXPORT,SUP0022,Transcore Logistics,Logistics & Freight,Human Resources,91083.65,INR,CTR0008,ON_CONTRACT,REQ00286,2025-08-30
TXN003195,ERP_EXPORT,SUP0005,Cloudspan Software,IT Software & Licences,R&D,52214.62,INR,CTR0002,ON_CONTRACT,,2026-02-11
TXN003196,ERP_EXPORT,SUP0018,Urban Upkeep,Facilities Maintenance,Logistics,40338.05,INR,,OFF_CONTRACT,,2025-10-26
TXN003197,ERP_EXPORT,SUP0009,Paperline Traders,Office Supplies,R&D,23645.78,INR,,OFF_CONTRACT,,2025-10-04
TXN003200,ERP_EXPORT,SUP0019,Lumen Creative,Marketing Services,Operations,74982.3,INR,CTR0007,ON_CONTRACT,REQ00009,2025-10-07
TXN003201,ERP_EXPORT,SUP0001,Nexa Technologies Pvt Ltd,IT Hardware,Facilities,110772.53,INR,CTR0001,ON_CONTRACT,,2025-11-06
TXN003202,ERP_EXPORT,SUP0014,Skyroute Travel,Travel,Operations,49256.86,INR,CTR0005,ON_CONTRACT,,2026-01-29
TXN003205,ERP_EXPORT,SUP0022,Transcore Logistics,Logistics & Freight,Facilities,68186.08,INR,CTR0008,ON_CONTRACT,,2025-07-05
TXN003207,ERP_EXPORT,SUP0014,Skyroute Travel,Travel,Human Resources,78418.67,INR,CTR0005,ON_CONTRACT,,2026-01-28
TXN003208,ERP_EXPORT,SUP0008,Orion Office Supplies,Office Supplies,Human Resources,19212.18,INR,CTR0003,ON_CONTRACT,,2025-09-16
TXN003209,ERP_EXPORT,SUP0011,Sterling Advisory,Professional Services,IT,132234.23,INR,CTR0004,ON_CONTRACT,,2025-06-01
TXN003210,ERP_EXPORT,SUP0019,Lumen Creative,Marketing Services,Operations,105476.55,INR,CTR0007,ON_CONTRACT,REQ00860,2025-08-23
TXN003211,ERP_EXPORT,SUP0016,Prime Facility Care,Facilities Maintenance,Marketing,19621.92,INR,CTR0006,ON_CONTRACT,,2026-03-18
TXN003212,ERP_EXPORT,SUP0016,Prime Facility Care,Facilities Maintenance,Logistics,50418.73,INR,CTR0006,ON_CONTRACT,REQ00717,2025-10-26
TXN003214,ERP_EXPORT,SUP0014,Skyroute Travel,Travel,IT,64903.87,INR,CTR0005,ON_CONTRACT,REQ00885,2026-02-22
TXN003215,ERP_EXPORT,SUP0027,Orion Office Supplies Ltd,Office Supplies,Operations,7280.76,INR,,OFF_CONTRACT,REQ00065,2025-10-05
TXN003216,ERP_EXPORT,SUP0016,Prime Facility Care,Facilities Maintenance,Operations,17053.08,INR,CTR0006,ON_CONTRACT,,2025-05-05
TXN003218,ERP_EXPORT,SUP0022,Transcore Logistics,Logistics & Freight,Marketing,12165.35,INR,CTR0008,ON_CONTRACT,REQ00077,2025-07-17
TXN003219,ERP_EXPORT,SUP0011,Sterling Advisory,Professional Services,Human Resources,190935.32,INR,CTR0004,ON_CONTRACT,REQ00385,2025-08-14
TXN003223,ERP_EXPORT,SUP0011,Sterling Advisory,Professional Services,Logistics,57546.41,INR,CTR0004,ON_CONTRACT,REQ00687,2026-01-12
TXN003226,ERP_EXPORT,SUP0005,Cloudspan Software,IT Software & Licences,Finance,108539.83,INR,CTR0002,ON_CONTRACT,REQ00248,2025-07-21
TXN003228,ERP_EXPORT,SUP0014,Skyroute Travel,Travel,Marketing,37050.25,INR,CTR0005,ON_CONTRACT,REQ00782,2025-06-23
TXN003229,ERP_EXPORT,SUP0020,BrightArc Media,Marketing Services,Marketing,34748.37,INR,,OFF_CONTRACT,REQ00450,2025-11-29
TXN003231,ERP_EXPORT,SUP0008,Orion Office Supplies,Office Supplies,  it  ,13942.17,INR,CTR0003,ON_CONTRACT,REQ00632,2025-07-06
TXN003232,ERP_EXPORT,SUP0011,Sterling Advisory,Professional Services,Human Resources,167628.06,INR,CTR0004,ON_CONTRACT,REQ00305,2025-12-10
TXN003233,ERP_EXPORT,SUP0005,Cloudspan Software,IT Software & Licences,IT,40761.99,INR,CTR0002,ON_CONTRACT,,2025-12-04
TXN003234,ERP_EXPORT,SUP0016,Prime Facility Care,Facilities Maintenance,Human Resources,13463.93,INR,CTR0006,ON_CONTRACT,,2025-06-04
TXN003238,ERP_EXPORT,SUP0022,Transcore Logistics,Logistics & Freight,Facilities,91668.61,INR,CTR0008,ON_CONTRACT,REQ00744,2025-12-16
TXN003240,ERP_EXPORT,SUP0001,Nexa Technologies Pvt Ltd,IT Hardware,Operations,111316.16,INR,CTR0001,ON_CONTRACT,REQ00036,2025-09-19
TXN003241,ERP_EXPORT,SUP0016,Prime Facility Care,Facilities Maintenance,Human Resources,34946.51,INR,CTR0006,ON_CONTRACT,REQ00295,2025-05-14
TXN003244,ERP_EXPORT,SUP0016,Prime Facility Care,Facilities Maintenance,R&D,51785.79,INR,CTR0006,ON_CONTRACT,,2025-04-08
TXN003245,ERP_EXPORT,SUP0001,Nexa Technologies Pvt Ltd,IT Hardware,Finance,133832.64,INR,CTR0001,ON_CONTRACT,,2025-10-24
TXN003246,ERP_EXPORT,SUP0014,Skyroute Travel,Travel,Logistics,22078.9,INR,CTR0005,ON_CONTRACT,REQ00610,2025-12-05
TXN003248,ERP_EXPORT,SUP0014,Skyroute Travel,Travel,R&D,41780.56,INR,CTR0005,ON_CONTRACT,REQ00758,2026-02-12
TXN003250,ERP_EXPORT,SUP0014,Skyroute Travel,Travel,Operations,59776.35,INR,CTR0005,ON_CONTRACT,,2025-08-10
TXN003251,ERP_EXPORT,SUP0019,Lumen Creative,Marketing Services,Facilities,94550.57,INR,CTR0007,ON_CONTRACT,,2025-05-24
TXN003252,ERP_EXPORT,SUP0016,Prime Facility Care,Facilities Maintenance,Finance,16923.68,INR,CTR0006,ON_CONTRACT,REQ00017,2025-04-03
TXN003253,ERP_EXPORT,SUP0005,Cloudspan Software,IT Software & Licences,Marketing,78591.98,INR,CTR0002,ON_CONTRACT,REQ00198,2026-01-28
TXN003254,ERP_EXPORT,SUP0015,Voyager Corporate Travel,Travel,Marketing,17610.72,INR,,OFF_CONTRACT,REQ00733,2025-11-23
TXN003255,ERP_EXPORT,SUP0022,Transcore Logistics,Logistics & Freight,Marketing,39988.15,INR,CTR0008,ON_CONTRACT,,2025-06-05
TXN003261,ERP_EXPORT,SUP0001,Nexa Technologies Pvt Ltd,IT Hardware,Marketing,660672.03,INR,,OFF_CONTRACT,REQ00394,2025-10-23
TXN003262,ERP_EXPORT,SUP0008,Orion Office Supplies,Office Supplies,Finance,13679.52,INR,CTR0003,ON_CONTRACT,,2025-11-17
TXN003263,ERP_EXPORT,SUP0020,BrightArc Media,Marketing Services,R&D,78698.03,INR,,OFF_CONTRACT,REQ00770,2025-10-01
TXN003265,ERP_EXPORT,SUP0001,Nexa Technologies Pvt Ltd,IT Hardware,Logistics,147877.51,INR,CTR0001,ON_CONTRACT,REQ00806,2025-10-30
TXN003266,ERP_EXPORT,SUP0008,Orion Office Supplies,Office Supplies,Facilities,3588.06,INR,CTR0003,ON_CONTRACT,REQ00362,2025-08-09
TXN003267,ERP_EXPORT,SUP0016,Prime Facility Care,Facilities Maintenance,Human Resources,38455.3,INR,CTR0006,ON_CONTRACT,,2025-08-12
TXN003271,ERP_EXPORT,SUP0014,Skyroute Travel,Travel,R&D,28768.34,INR,CTR0005,ON_CONTRACT,REQ00047,2026-03-22
TXN003273,ERP_EXPORT,SUP0014,Skyroute Travel,Travel,R&D,67322.38,INR,CTR0005,ON_CONTRACT,,2026-02-05
TXN003275,ERP_EXPORT,SUP0008,Orion Office Supplies,Office Supplies,Finance,21230.71,INR,CTR0003,ON_CONTRACT,REQ00277,2025-12-26
TXN003277,ERP_EXPORT,SUP0022,Transcore Logistics,Logistics & Freight,IT,81996.07,INR,CTR0008,ON_CONTRACT,,2025-12-12
TXN003279,ERP_EXPORT,SUP0008,Orion Office Supplies,Office Supplies,Marketing,9673.45,INR,CTR0003,ON_CONTRACT,,2025-04-23
TXN003282,ERP_EXPORT,SUP0022,Transcore Logistics,Logistics & Freight,R&D,27225.7,INR,CTR0008,ON_CONTRACT,REQ00625,2025-10-05
TXN003283,ERP_EXPORT,SUP0005,Cloudspan Software,IT Software & Licences,R&D,104772.27,INR,CTR0002,ON_CONTRACT,,2026-03-18
TXN003284,ERP_EXPORT,SUP0008,Orion Office Supplies,Office Supplies,Marketing,22298.88,INR,CTR0003,ON_CONTRACT,,2025-09-11
TXN003286,ERP_EXPORT,SUP0011,Sterling Advisory,Professional Services,R&D,55896.94,INR,CTR0004,ON_CONTRACT,REQ00659,2025-10-02
TXN003288,ERP_EXPORT,SUP0014,Skyroute Travel,Travel,Logistics,73890.09,INR,CTR0005,ON_CONTRACT,REQ00003,2025-10-14
TXN003289,ERP_EXPORT,SUP0019,Lumen Creative,Marketing Services,Facilities,146248.36,INR,CTR0007,ON_CONTRACT,REQ00832,2025-12-28
TXN003290,ERP_EXPORT,SUP0005,Cloudspan Software,IT Software & Licences,Human Resources,36364.64,INR,CTR0002,ON_CONTRACT,,2025-10-13
TXN003291,ERP_EXPORT,SUP0018,Urban Upkeep,Facilities Maintenance,IT,14018.42,INR,,OFF_CONTRACT,,2025-06-18
TXN003294,ERP_EXPORT,SUP0018,Urban Upkeep,Facilities Maintenance,Logistics,42505.66,INR,,OFF_CONTRACT,REQ00566,2025-08-22
TXN003296,ERP_EXPORT,SUP0007,Meridian Softworks,IT Software & Licences,IT,21989.3,INR,,OFF_CONTRACT,,2025-07-17
TXN003297,ERP_EXPORT,SUP0022,Transcore Logistics,Logistics & Freight,Facilities,65810.39,INR,CTR0008,ON_CONTRACT,REQ00617,2025-04-30
TXN003299,ERP_EXPORT,SUP0011,Sterling Advisory,Professional Services,Logistics,118848.47,INR,CTR0004,ON_CONTRACT,REQ00538,2025-04-12
TXN003300,ERP_EXPORT,SUP0027,Orion Office Supplies Ltd,Office Supplies,Marketing,20487.73,INR,,OFF_CONTRACT,REQ00409,2026-03-15
TXN003303,ERP_EXPORT,SUP0019,Lumen Creative,Marketing Services,Marketing,98268.3,INR,CTR0007,ON_CONTRACT,,2025-04-14
TXN003304,ERP_EXPORT,SUP0022,Transcore Logistics,Logistics & Freight,IT,38656.46,INR,CTR0008,ON_CONTRACT,,2025-04-25
TXN003305,ERP_EXPORT,SUP0022,Transcore Logistics,Logistics & Freight,Marketing,30269.24,INR,CTR0008,ON_CONTRACT,,2025-06-13
TXN003309,ERP_EXPORT,SUP0004,Arcadia IT Traders,IT Hardware,Facilities,82284.0,INR,,OFF_CONTRACT,,2026-03-03
TXN003310,ERP_EXPORT,SUP0011,Sterling Advisory,Professional Services,IT,137490.09,INR,CTR0004,ON_CONTRACT,,2025-09-10
TXN003311,ERP_EXPORT,SUP0022,Transcore Logistics,Logistics & Freight,Marketing,71987.23,INR,CTR0008,ON_CONTRACT,,2025-12-25
TXN003313,ERP_EXPORT,SUP0011,Sterling Advisory,Professional Services,Facilities,188840.79,INR,CTR0004,ON_CONTRACT,REQ00495,2025-04-27
TXN003315,ERP_EXPORT,SUP0019,Lumen Creative,Marketing Services,Finance,50473.44,INR,CTR0007,ON_CONTRACT,,2025-10-19
TXN003317,ERP_EXPORT,SUP0011,Sterling Advisory,Professional Services,Human Resources,141637.77,INR,CTR0004,ON_CONTRACT,REQ00525,2025-08-28
TXN003318,ERP_EXPORT,SUP0014,Skyroute Travel,Travel,Human Resources,8435.71,INR,CTR0005,ON_CONTRACT,REQ00780,2025-07-28
TXN003323,ERP_EXPORT,SUP0005,Cloudspan Software,IT Software & Licences,Human Resources,95484.08,INR,CTR0002,ON_CONTRACT,,2025-07-26
TXN003324,ERP_EXPORT,SUP0011,Sterling Advisory,Professional Services,Finance,162579.85,INR,CTR0004,ON_CONTRACT,REQ00356,2026-02-15
TXN003325,ERP_EXPORT,SUP0014,Skyroute Travel,Travel,R&D,72120.72,INR,CTR0005,ON_CONTRACT,REQ00478,2025-07-16
TXN003326,ERP_EXPORT,SUP0014,Skyroute Travel,Travel,Logistics,69643.25,INR,CTR0005,ON_CONTRACT,,2025-10-17
TXN003328,ERP_EXPORT,SUP0014,Skyroute Travel,Travel,Logistics,50476.66,INR,CTR0005,ON_CONTRACT,REQ00014,2025-06-22
TXN003333,ERP_EXPORT,SUP0018,Urban Upkeep,Facilities Maintenance,R&D,20192.86,INR,,OFF_CONTRACT,,2025-07-05
TXN003334,ERP_EXPORT,SUP0005,Cloudspan Software,IT Software & Licences,R&D,35472.4,INR,CTR0002,ON_CONTRACT,REQ00127,2026-02-02
TXN003335,ERP_EXPORT,SUP0020,BrightArc Media,Marketing Services,Facilities,144657.33,INR,,OFF_CONTRACT,REQ00321,2025-10-19
TXN003339,ERP_EXPORT,SUP0012,Cobalt Consulting,Professional Services,IT,165402.61,INR,,OFF_CONTRACT,REQ00885,2025-11-18
TXN003341,ERP_EXPORT,SUP0012,Cobalt Consulting,Professional Services,Human Resources,226716.86,INR,,OFF_CONTRACT,,2025-10-02
TXN003344,ERP_EXPORT,SUP0018,Urban Upkeep,Facilities Maintenance,Finance,19388.6,INR,,OFF_CONTRACT,REQ00777,2025-06-20
TXN003345,ERP_EXPORT,SUP0008,Orion Office Supplies,Office Supplies,Human Resources,12900.19,INR,CTR0003,ON_CONTRACT,,2025-08-31
TXN003348,ERP_EXPORT,SUP0015,Voyager Corporate Travel,Travel,Marketing,24584.84,INR,,OFF_CONTRACT,REQ00549,2025-07-27
TXN003350,ERP_EXPORT,SUP0021,Pulse Marketing Co,Marketing Services,Logistics,53810.09,INR,,OFF_CONTRACT,REQ00850,2025-07-11
TXN003351,ERP_EXPORT,SUP0008,Orion Office Supplies,Office Supplies,Logistics,6942.99,INR,CTR0003,ON_CONTRACT,REQ00478,2026-01-27
TXN003352,ERP_EXPORT,SUP0016,Prime Facility Care,Facilities Maintenance,IT,35491.05,INR,CTR0006,ON_CONTRACT,REQ00598,2025-09-12
TXN003353,ERP_EXPORT,SUP0014,Skyroute Travel,Travel,R&D,82442.76,INR,CTR0005,ON_CONTRACT,REQ00527,2025-07-09
TXN003355,ERP_EXPORT,SUP0022,Transcore Logistics,Logistics & Freight,Facilities,-27597.39,INR,CTR0008,ON_CONTRACT,REQ00067,2025-08-07
TXN003356,ERP_EXPORT,SUP0011,Sterling Advisory,Professional Services,Marketing,56164.05,INR,CTR0004,ON_CONTRACT,,2025-04-08
TXN003357,ERP_EXPORT,SUP0022,Transcore Logistics,Logistics & Freight,Facilities,69780.96,INR,CTR0008,ON_CONTRACT,REQ00688,2025-10-25
TXN003358,ERP_EXPORT,SUP0016,Prime Facility Care,Facilities Maintenance,Logistics,32967.93,INR,CTR0006,ON_CONTRACT,,2025-10-26
TXN003359,ERP_EXPORT,SUP0001,Nexa Technologies Pvt Ltd,IT Hardware,Operations,152383.8,INR,CTR0001,ON_CONTRACT,REQ00829,2025-05-07
TXN003362,ERP_EXPORT,SUP0008,Orion Office Supplies,Office Supplies,Human Resources,8254.76,INR,CTR0003,ON_CONTRACT,,2025-04-14
TXN003363,ERP_EXPORT,SUP0019,Lumen Creative,Marketing Services,Finance,116930.25,INR,CTR0007,ON_CONTRACT,REQ00328,2026-01-27
TXN003366,ERP_EXPORT,SUP0008,Orion Office Supplies,Office Supplies,Finance,16636.61,INR,CTR0003,ON_CONTRACT,REQ00671,2025-04-15
TXN003368,ERP_EXPORT,SUP0011,Sterling Advisory,Professional Services,Marketing,96597.49,INR,CTR0004,ON_CONTRACT,REQ00530,2025-10-11
TXN003369,ERP_EXPORT,SUP0005,Cloudspan Software,IT Software & Licences,Human Resources,35047.29,INR,CTR0002,ON_CONTRACT,REQ00881,2025-10-28
TXN003370,ERP_EXPORT,SUP0014,Skyroute Travel,,Marketing,64960.56,INR,CTR0005,ON_CONTRACT,REQ00306,2025-08-31
TXN003371,ERP_EXPORT,SUP0022,Transcore Logistics,Logistics & Freight,Human Resources,30153.4,INR,CTR0008,ON_CONTRACT,,2025-11-07
TXN003372,ERP_EXPORT,SUP0019,Lumen Creative,Marketing Services,IT,103342.46,INR,CTR0007,ON_CONTRACT,,2026-01-24
TXN003374,ERP_EXPORT,SUP0014,Skyroute Travel,Travel,Finance,62281.45,INR,CTR0005,ON_CONTRACT,REQ00484,2025-07-28
TXN003376,ERP_EXPORT,SUP0019,Lumen Creative,Marketing Services,Facilities,128923.53,INR,CTR0007,ON_CONTRACT,REQ00783,2025-10-17
TXN003377,ERP_EXPORT,SUP0008,Orion Office Supplies,Office Supplies,IT,19499.58,INR,CTR0003,ON_CONTRACT,,2025-10-31
TXN003378,ERP_EXPORT,SUP0019,Lumen Creative,Marketing Services,Finance,46281.14,INR,CTR0007,ON_CONTRACT,REQ00415,2026-01-23
TXN003381,ERP_EXPORT,SUP0016,Prime Facility Care,Facilities Maintenance,R&D,32100.83,INR,CTR0006,ON_CONTRACT,REQ00607,2025-06-17
TXN003382,ERP_EXPORT,SUP0014,Skyroute Travel,Travel,Marketing,43452.39,INR,CTR0005,ON_CONTRACT,,2026-02-25
TXN003384,ERP_EXPORT,SUP0019,Lumen Creative,Marketing Services,R&D,56340.7,INR,CTR0007,ON_CONTRACT,REQ00592,2025-04-14
TXN003386,ERP_EXPORT,SUP0005,Cloudspan Software,IT Software & Licences,Operations,107314.51,INR,CTR0002,ON_CONTRACT,,2025-12-13
TXN003388,ERP_EXPORT,SUP0001,Nexa Technologies Pvt Ltd,IT Hardware,Operations,111387.26,INR,CTR0001,ON_CONTRACT,REQ00389,2025-05-01
TXN003391,ERP_EXPORT,SUP0021,Pulse Marketing Co,Marketing Services,Marketing,65223.83,INR,,OFF_CONTRACT,,2025-08-25
TXN003393,ERP_EXPORT,SUP0014,Skyroute Travel,Travel,Human Resources,80825.69,INR,CTR0005,ON_CONTRACT,REQ00416,2025-07-15
TXN003394,ERP_EXPORT,SUP0011,Sterling Advisory,Professional Services,Human Resources,108311.03,INR,CTR0004,ON_CONTRACT,REQ00405,2026-01-19
TXN003396,ERP_EXPORT,SUP0022,Transcore Logistics,Logistics & Freight,IT,94681.09,INR,CTR0008,ON_CONTRACT,REQ00564,2025-07-24
TXN003399,ERP_EXPORT,SUP0001,Nexa Technologies Pvt Ltd,IT Hardware,Operations,63596.35,INR,CTR0001,ON_CONTRACT,REQ00279,2025-07-20
TXN003402,ERP_EXPORT,SUP0019,Lumen Creative,Marketing Services,Facilities,33288.51,INR,CTR0007,ON_CONTRACT,,2026-01-04
TXN003403,ERP_EXPORT,SUP0005,Cloudspan Software,IT Software & Licences,Human Resources,119883.72,INR,CTR0002,ON_CONTRACT,,2026-03-30
TXN003408,ERP_EXPORT,SUP0001,Nexa Technologies Pvt Ltd,IT Hardware,R&D,179632.39,INR,CTR0001,ON_CONTRACT,REQ00490,2026-01-15
TXN003413,ERP_EXPORT,SUP0005,Cloudspan Software,IT Software & Licences,Logistics,17354.72,INR,CTR0002,ON_CONTRACT,,2025-09-01
TXN003414,ERP_EXPORT,SUP0016,Prime Facility Care,Facilities Maintenance,Facilities,31625.61,INR,CTR0006,ON_CONTRACT,,2026-02-06
TXN003416,ERP_EXPORT,SUP0011,Sterling Advisory,Professional Services,Facilities,158897.95,INR,CTR0004,ON_CONTRACT,REQ00653,2025-12-12
TXN003417,ERP_EXPORT,SUP0014,Skyroute Travel,Travel,R&D,33647.8,INR,CTR0005,ON_CONTRACT,REQ00592,2025-08-25
TXN003418,ERP_EXPORT,SUP0008,Orion Office Supplies,Office Supplies,Finance,17049.87,INR,CTR0003,ON_CONTRACT,REQ00050,2025-05-09
TXN003419,ERP_EXPORT,SUP0011,Sterling Advisory,Professional Services,Finance,88723.82,INR,CTR0004,ON_CONTRACT,REQ00612,2026-03-06
TXN003420,ERP_EXPORT,SUP0019,Lumen Creative,Marketing Services,R&D,22013.4,INR,CTR0007,ON_CONTRACT,REQ00834,2025-09-24
TXN003421,ERP_EXPORT,SUP0016,Prime Facility Care,Facilities Maintenance,Logistics,55861.2,INR,CTR0006,ON_CONTRACT,,2025-05-09
TXN003422,ERP_EXPORT,SUP0001,Nexa Technologies Pvt Ltd,IT Hardware,Logistics,121680.18,INR,CTR0001,ON_CONTRACT,,2025-05-04
TXN003423,ERP_EXPORT,SUP0022,Transcore Logistics,Logistics & Freight,Human Resources,75271.12,INR,CTR0008,ON_CONTRACT,REQ00368,2025-11-05
TXN003424,ERP_EXPORT,SUP0019,Lumen Creative,Marketing Services,Operations,25451.32,INR,CTR0007,ON_CONTRACT,,2025-04-16
TXN003426,ERP_EXPORT,SUP0019,Lumen Creative,Marketing Services,Human Resources,106733.67,INR,CTR0007,ON_CONTRACT,,2025-07-04
TXN003427,ERP_EXPORT,SUP0022,Transcore Logistics,Logistics & Freight,Marketing,58761.81,INR,CTR0008,ON_CONTRACT,REQ00137,2026-03-01
TXN003428,ERP_EXPORT,SUP0016,Prime Facility Care,Facilities Maintenance,R&D,47476.84,INR,CTR0006,ON_CONTRACT,,2025-11-30
TXN003429,ERP_EXPORT,SUP0001,Nexa Technologies Pvt Ltd,IT Hardware,Human Resources,158987.15,INR,CTR0001,ON_CONTRACT,REQ00228,2025-04-03
TXN003431,ERP_EXPORT,SUP0024,Nexa Technologies,IT Hardware,Facilities,115047.31,INR,,OFF_CONTRACT,,2025-04-02
TXN003432,ERP_EXPORT,SUP0019,Lumen Creative,Marketing Services,Human Resources,158695.08,INR,CTR0007,ON_CONTRACT,,2025-05-22
TXN003433,ERP_EXPORT,SUP0022,Transcore Logistics,Logistics & Freight,Logistics,74808.6,INR,CTR0008,ON_CONTRACT,REQ00197,2025-12-13
TXN003435,ERP_EXPORT,SUP0008,Orion Office Supplies,Office Supplies,Human Resources,18270.13,INR,CTR0003,ON_CONTRACT,REQ00285,2025-11-28
TXN003436,ERP_EXPORT,SUP0018,Urban Upkeep,Facilities Maintenance,Human Resources,33353.83,INR,,OFF_CONTRACT,REQ00280,2025-05-18
TXN003437,ERP_EXPORT,SUP0024,Nexa Technologies,IT Hardware,Facilities,60475.7,INR,,OFF_CONTRACT,REQ00801,2025-05-23
TXN003442,ERP_EXPORT,SUP0014,Skyroute Travel,Travel,Finance,51269.55,INR,CTR0005,ON_CONTRACT,REQ00080,2026-02-08
TXN003444,ERP_EXPORT,SUP0014,Skyroute Travel,Travel,Logistics,89641.75,INR,CTR0005,ON_CONTRACT,REQ00644,2025-06-05
TXN003448,ERP_EXPORT,SUP0001,Nexa Technologies Pvt Ltd,IT Hardware,Finance,135840.52,INR,CTR0001,ON_CONTRACT,,2025-12-09
TXN003449,ERP_EXPORT,SUP0016,Prime Facility Care,Facilities Maintenance,IT,45589.49,INR,CTR0006,ON_CONTRACT,REQ00285,2025-07-05
TXN003452,ERP_EXPORT,SUP0019,Lumen Creative,Marketing Services,Operations,114470.08,INR,CTR0007,ON_CONTRACT,REQ00280,2025-10-08
TXN003453,ERP_EXPORT,SUP0022,Transcore Logistics,Logistics & Freight,Marketing,68235.12,INR,CTR0008,ON_CONTRACT,REQ00096,2025-07-24
TXN003454,ERP_EXPORT,SUP0019,Lumen Creative,Marketing Services,IT,72237.17,INR,CTR0007,ON_CONTRACT,REQ00226,2026-02-20
TXN003455,ERP_EXPORT,SUP0001,Nexa Technologies Pvt Ltd,IT Hardware,R&D,170962.26,INR,CTR0001,ON_CONTRACT,,2025-06-22
TXN003456,ERP_EXPORT,SUP0019,Lumen Creative,Marketing Services,Logistics,43429.98,INR,CTR0007,ON_CONTRACT,,2025-07-02
TXN003457,ERP_EXPORT,SUP0016,Prime Facility Care,Facilities Maintenance,Marketing,40021.57,INR,CTR0006,ON_CONTRACT,REQ00145,2025-08-07
TXN003458,ERP_EXPORT,SUP0008,Orion Office Supplies,Office Supplies,IT,-17890.33,INR,CTR0003,ON_CONTRACT,REQ00466,2026-03-30
TXN003460,ERP_EXPORT,SUP0016,Prime Facility Care,Facilities Maintenance,IT,48918.34,INR,CTR0006,ON_CONTRACT,REQ00855,2025-12-12
TXN003461,ERP_EXPORT,SUP0019,Lumen Creative,Marketing Services,Finance,58540.35,INR,CTR0007,ON_CONTRACT,REQ00245,2025-07-19
TXN003465,ERP_EXPORT,SUP0005,Cloudspan Software,IT Software & Licences,Human Resources,33832.38,INR,CTR0002,ON_CONTRACT,,2026-02-02
TXN003466,ERP_EXPORT,SUP0008,Orion Office Supplies,Office Supplies,R&D,18218.2,INR,CTR0003,ON_CONTRACT,REQ00788,2025-06-30
TXN003467,ERP_EXPORT,SUP0005,Cloudspan Software,IT Software & Licences,Marketing,62793.06,INR,CTR0002,ON_CONTRACT,,2025-10-13
TXN003470,ERP_EXPORT,SUP0016,Prime Facility Care,Facilities Maintenance,R&D,20183.71,INR,CTR0006,ON_CONTRACT,REQ00600,2025-04-25
TXN003474,ERP_EXPORT,SUP0014,Skyroute Travel,Travel,Marketing,65370.44,INR,CTR0005,ON_CONTRACT,REQ00293,2025-09-24
TXN003475,ERP_EXPORT,SUP0011,Sterling Advisory,Professional Services,R&D,216012.54,INR,CTR0004,ON_CONTRACT,,2025-11-26
TXN003476,ERP_EXPORT,SUP0022,Transcore Logistics,Logistics & Freight,R&D,78633.31,INR,CTR0008,ON_CONTRACT,REQ00752,2025-08-26
TXN003479,ERP_EXPORT,SUP0019,Lumen Creative,Marketing Services,Logistics,88389.39,INR,CTR0007,ON_CONTRACT,,2025-11-01
TXN003481,ERP_EXPORT,SUP0016,Prime Facility Care,Facilities Maintenance,Facilities,19221.46,INR,CTR0006,ON_CONTRACT,,2026-02-14
TXN003482,ERP_EXPORT,SUP0001,Nexa Technologies Pvt Ltd,IT Hardware,Facilities,113754.12,INR,CTR0001,ON_CONTRACT,REQ00642,2026-01-06
TXN003484,ERP_EXPORT,SUP0022,Transcore Logistics,Logistics & Freight,Marketing,88468.52,INR,CTR0008,ON_CONTRACT,REQ00142,2025-10-11
TXN003485,ERP_EXPORT,SUP0014,Skyroute Travel,Travel,Operations,55821.65,INR,CTR0005,ON_CONTRACT,,2025-05-13
TXN003486,ERP_EXPORT,SUP0005,Cloudspan Software,IT Software & Licences,Human Resources,77248.22,INR,CTR0002,ON_CONTRACT,REQ00042,2025-04-15
TXN003487,ERP_EXPORT,SUP0011,Sterling Advisory,Professional Services,Operations,114534.18,INR,CTR0004,ON_CONTRACT,,2026-01-01
TXN003488,ERP_EXPORT,SUP0008,Orion Office Supplies,Office Supplies,Human Resources,3195.76,INR,CTR0003,ON_CONTRACT,REQ00614,2026-03-04
TXN003489,ERP_EXPORT,SUP0019,Lumen Creative,Marketing Services,Logistics,24444.13,INR,CTR0007,ON_CONTRACT,,2025-12-31
TXN003491,ERP_EXPORT,SUP0011,Sterling Advisory,Professional Services,Facilities,57758.73,INR,CTR0004,ON_CONTRACT,,2026-03-08
TXN003492,ERP_EXPORT,SUP0026,Nexa Tech Pvt Ltd,IT Hardware,R&D,119061.28,INR,,OFF_CONTRACT,REQ00189,2025-11-07
TXN003496,ERP_EXPORT,SUP0022,Transcore Logistics,Logistics & Freight,Marketing,29532.24,INR,CTR0008,ON_CONTRACT,REQ00834,2026-01-21
TXN003498,ERP_EXPORT,SUP0016,Prime Facility Care,Facilities Maintenance,Marketing,63165.61,INR,CTR0006,ON_CONTRACT,,2025-11-01
TXN003501,ERP_EXPORT,SUP0001,Nexa Technologies Pvt Ltd,IT Hardware,Operations,69410.53,INR,CTR0001,ON_CONTRACT,REQ00899,2025-08-16
TXN003502,ERP_EXPORT,SUP0008,Orion Office Supplies,Office Supplies,Human Resources,20460.73,INR,CTR0003,ON_CONTRACT,REQ00802,2026-03-03
TXN003503,ERP_EXPORT,SUP0016,Prime Facility Care,Facilities Maintenance,Operations,69834.27,INR,CTR0006,ON_CONTRACT,REQ00506,2025-11-23
TXN003504,ERP_EXPORT,SUP0001,Nexa Technologies Pvt Ltd,IT Hardware,Logistics,29654.03,INR,CTR0001,ON_CONTRACT,,2025-11-24
TXN003506,ERP_EXPORT,SUP0022,Transcore Logistics,Logistics & Freight,Marketing,63678.33,INR,CTR0008,ON_CONTRACT,REQ00464,2026-01-10
TXN003507,ERP_EXPORT,SUP0009,Paperline Traders,Office Supplies,Marketing,24387.8,INR,,OFF_CONTRACT,,2026-01-16
TXN003510,ERP_EXPORT,SUP0009,Paperline Traders,Office Supplies,  it  ,3435.06,INR,,OFF_CONTRACT,,2026-03-13
TXN003511,ERP_EXPORT,SUP0014,Skyroute Travel,Travel,R&D,35492.88,INR,CTR0005,ON_CONTRACT,,2026-01-04
TXN003515,ERP_EXPORT,SUP0014,Skyroute Travel,Travel,Finance,77908.89,INR,CTR0005,ON_CONTRACT,,2025-08-22
TXN003516,ERP_EXPORT,SUP0001,Nexa Technologies Pvt Ltd,IT Hardware,Human Resources,170384.61,INR,CTR0001,ON_CONTRACT,,2025-05-18
TXN003518,ERP_EXPORT,SUP0019,Lumen Creative,Marketing Services,IT,73983.66,INR,CTR0007,ON_CONTRACT,REQ00050,2025-07-20
TXN003520,ERP_EXPORT,SUP0016,Prime Facility Care,Facilities Maintenance,Finance,22647.59,INR,CTR0006,ON_CONTRACT,REQ00650,2026-03-02
TXN003522,ERP_EXPORT,SUP0001,Nexa Technologies Pvt Ltd,IT Hardware,Finance,97711.62,INR,CTR0001,ON_CONTRACT,REQ00459,2025-05-27
TXN003523,ERP_EXPORT,SUP0023,FleetBridge Cargo,Logistics & Freight,IT,34290.66,INR,,OFF_CONTRACT,REQ00623,2025-04-20
TXN003524,ERP_EXPORT,SUP0008,Orion Office Supplies,Office Supplies,Operations,4322.5,INR,CTR0003,ON_CONTRACT,REQ00106,2025-11-10
TXN003525,ERP_EXPORT,SUP0005,Cloudspan Software,IT Software & Licences,R&D,32586.56,INR,CTR0002,ON_CONTRACT,REQ00819,2025-12-21
TXN003526,ERP_EXPORT,SUP0019,Lumen Creative,Marketing Services,Logistics,40618.58,INR,CTR0007,ON_CONTRACT,,2025-10-15
TXN003529,ERP_EXPORT,SUP0005,Cloudspan Software,IT Software & Licences,Logistics,116614.95,INR,CTR0002,ON_CONTRACT,,2026-01-05
TXN003531,ERP_EXPORT,SUP0008,Orion Office Supplies,Office Supplies,Marketing,8402.48,INR,CTR0003,ON_CONTRACT,REQ00796,2026-03-25
TXN003532,ERP_EXPORT,SUP0022,Transcore Logistics,Logistics & Freight,Finance,78258.34,INR,CTR0008,ON_CONTRACT,REQ00275,2025-11-04
TXN003536,ERP_EXPORT,SUP0018,Urban Upkeep,Facilities Maintenance,Finance,17780.74,INR,,OFF_CONTRACT,REQ00531,2025-10-07
TXN003538,ERP_EXPORT,SUP0011,Sterling Advisory,Professional Services,Logistics,114617.15,INR,CTR0004,ON_CONTRACT,REQ00740,2025-04-05
TXN003539,ERP_EXPORT,SUP0022,Transcore Logistics,Logistics & Freight,Marketing,67941.52,INR,CTR0008,ON_CONTRACT,,2025-11-30
TXN003542,ERP_EXPORT,SUP0005,Cloudspan Software,IT Software & Licences,Human Resources,99947.48,INR,CTR0002,ON_CONTRACT,REQ00303,2026-03-12
TXN003545,ERP_EXPORT,SUP0022,Transcore Logistics,Logistics & Freight,R&D,83766.69,INR,CTR0008,ON_CONTRACT,REQ00409,2025-10-24
TXN003546,ERP_EXPORT,SUP0022,Transcore Logistics,Logistics & Freight,R&D,24858.8,INR,CTR0008,ON_CONTRACT,REQ00241,2025-07-09
TXN003547,ERP_EXPORT,SUP0014,Skyroute Travel,Travel,Finance,14784.42,INR,CTR0005,ON_CONTRACT,REQ00844,2025-08-23
TXN003549,ERP_EXPORT,SUP0028,ORION OFFICE SUPPLIES,Office Supplies,Human Resources,8955.65,INR,,OFF_CONTRACT,REQ00639,2026-03-27
TXN003550,ERP_EXPORT,SUP0001,Nexa Technologies Pvt Ltd,IT Hardware,Human Resources,112328.3,INR,CTR0001,ON_CONTRACT,REQ00250,2025-11-02
TXN003551,ERP_EXPORT,SUP0003,BluePeak Systems,IT Hardware,Facilities,149589.76,INR,,OFF_CONTRACT,REQ00337,2025-04-20
TXN003552,ERP_EXPORT,SUP0005,Cloudspan Software,IT Software & Licences,Marketing,29400.59,INR,CTR0002,ON_CONTRACT,REQ00032,2025-12-15
TXN003553,ERP_EXPORT,SUP0001,Nexa Technologies Pvt Ltd,IT Hardware,Operations,115008.36,INR,CTR0001,ON_CONTRACT,,2025-11-26
TXN003559,ERP_EXPORT,SUP0019,Lumen Creative,Marketing Services,Marketing,31518.13,INR,CTR0007,ON_CONTRACT,REQ00552,2025-09-18
TXN003561,ERP_EXPORT,SUP0001,Nexa Technologies Pvt Ltd,IT Hardware,Marketing,72501.84,INR,CTR0001,ON_CONTRACT,REQ00401,2026-03-07
TXN003563,ERP_EXPORT,SUP0014,Skyroute Travel,Travel,Facilities,12672.26,INR,CTR0005,ON_CONTRACT,REQ00668,2025-07-13
TXN003566,ERP_EXPORT,SUP0001,Nexa Technologies Pvt Ltd,IT Hardware,IT,137375.94,INR,CTR0001,ON_CONTRACT,REQ00610,2026-01-27
TXN003567,ERP_EXPORT,SUP0011,Sterling Advisory,Professional Services,Facilities,160600.39,INR,CTR0004,ON_CONTRACT,,2025-09-06
TXN003569,ERP_EXPORT,SUP0001,Nexa Technologies Pvt Ltd,IT Hardware,Human Resources,145442.64,INR,CTR0001,ON_CONTRACT,,2026-02-19
TXN003570,ERP_EXPORT,SUP0022,Transcore Logistics,Logistics & Freight,R&D,83562.85,INR,CTR0008,ON_CONTRACT,REQ00547,2026-02-24
TXN003572,ERP_EXPORT,SUP0019,Lumen Creative,Marketing Services,Human Resources,95323.18,INR,CTR0007,ON_CONTRACT,,2026-03-24
TXN003574,ERP_EXPORT,SUP0025,NEXA TECHNOLOGIES PVT. LTD.,IT Hardware,Operations,178364.93,INR,,OFF_CONTRACT,,2025-08-04
TXN003575,ERP_EXPORT,SUP0004,Arcadia IT Traders,IT Hardware,Operations,162875.49,INR,,OFF_CONTRACT,,2026-02-11
TXN003576,ERP_EXPORT,SUP0014,Skyroute Travel,Travel,Facilities,38460.32,INR,CTR0005,ON_CONTRACT,,2025-06-11
TXN003577,ERP_EXPORT,SUP0019,Lumen Creative,Marketing Services,R&D,47323.31,INR,CTR0007,ON_CONTRACT,,2025-09-30
TXN003578,ERP_EXPORT,SUP0001,Nexa Technologies Pvt Ltd,IT Hardware,Logistics,100855.84,INR,CTR0001,ON_CONTRACT,REQ00707,2025-05-21
TXN003580,ERP_EXPORT,SUP0011,Sterling Advisory,Professional Services,Finance,143439.5,INR,CTR0004,ON_CONTRACT,REQ00747,2026-03-02
TXN003581,ERP_EXPORT,SUP0021,Pulse Marketing Co,Marketing Services,R&D,87645.32,INR,,OFF_CONTRACT,REQ00163,2025-07-04
TXN003582,ERP_EXPORT,SUP0019,Lumen Creative,Marketing Services,IT,137352.26,INR,CTR0007,ON_CONTRACT,,2026-03-19
TXN003583,ERP_EXPORT,SUP0011,Sterling Advisory,Professional Services,R&D,115894.79,INR,CTR0004,ON_CONTRACT,,2025-09-14
TXN003585,ERP_EXPORT,SUP0013,Adept Partners,Professional Services,Marketing,125429.01,INR,,OFF_CONTRACT,REQ00638,2025-12-01
TXN003586,ERP_EXPORT,SUP0022,Transcore Logistics,Logistics & Freight,Logistics,39243.35,INR,CTR0008,ON_CONTRACT,REQ00026,2026-01-07
TXN003588,ERP_EXPORT,SUP0014,Skyroute Travel,Travel,R&D,70520.65,INR,CTR0005,ON_CONTRACT,REQ00565,2026-01-24
TXN003590,ERP_EXPORT,SUP0019,Lumen Creative,Marketing Services,Logistics,47498.69,INR,CTR0007,ON_CONTRACT,REQ00117,2025-09-05
TXN003592,ERP_EXPORT,SUP0008,Orion Office Supplies,Office Supplies,Marketing,6036.31,INR,CTR0003,ON_CONTRACT,REQ00458,2026-01-13
TXN003593,ERP_EXPORT,SUP0022,Transcore Logistics,Logistics & Freight,IT,59121.37,INR,CTR0008,ON_CONTRACT,,2026-02-23
TXN003594,ERP_EXPORT,SUP0024,Nexa Technologies,IT Hardware,Facilities,519916.94,INR,,OFF_CONTRACT,REQ00899,2025-06-16
TXN003595,ERP_EXPORT,SUP0016,Prime Facility Care,Facilities Maintenance,R&D,39377.47,INR,CTR0006,ON_CONTRACT,,2025-04-19
TXN003596,ERP_EXPORT,SUP0022,Transcore Logistics,Logistics & Freight,IT,65513.86,INR,CTR0008,ON_CONTRACT,REQ00659,2026-02-02
TXN003597,ERP_EXPORT,SUP0016,Prime Facility Care,Facilities Maintenance,Operations,23789.6,INR,CTR0006,ON_CONTRACT,,2025-10-26
TXN003598,ERP_EXPORT,SUP0013,Adept Partners,Professional Services,R&D,156059.08,INR,,OFF_CONTRACT,REQ00043,2025-04-07
TXN003599,ERP_EXPORT,SUP0022,Transcore Logistics,Logistics & Freight,Marketing,42890.38,INR,CTR0008,ON_CONTRACT,,2025-06-28
TXN003600,ERP_EXPORT,SUP0019,Lumen Creative,Marketing Services,Human Resources,112633.42,INR,CTR0007,ON_CONTRACT,,2026-01-19
TXN003601,ERP_EXPORT,SUP0022,Transcore Logistics,Logistics & Freight,Human Resources,23721.55,INR,CTR0008,ON_CONTRACT,,2026-03-24
TXN003609,ERP_EXPORT,SUP0026,Nexa Tech Pvt Ltd,IT Hardware,Finance,168704.19,INR,,OFF_CONTRACT,REQ00005,2025-12-17
TXN003612,ERP_EXPORT,SUP0016,Prime Facility Care,Facilities Maintenance,Human Resources,18580.07,INR,CTR0006,ON_CONTRACT,REQ00062,2025-10-02
TXN003613,ERP_EXPORT,SUP0001,Nexa Technologies Pvt Ltd,IT Hardware,R&D,83054.98,INR,CTR0001,ON_CONTRACT,REQ00751,2025-04-05
TXN003614,ERP_EXPORT,SUP0001,NEXA TECHNOLOGIES PVT LTD,IT Hardware,Operations,148648.5,INR,CTR0001,ON_CONTRACT,,2026-03-23
TXN003618,ERP_EXPORT,SUP0016,PRIME FACILITY CARE,Facilities Maintenance,Marketing,60707.25,INR,CTR0006,ON_CONTRACT,,2026-02-20
TXN003619,ERP_EXPORT,SUP0001,Nexa Technologies Pvt Ltd,IT Hardware,Marketing,148368.59,INR,CTR0001,ON_CONTRACT,,2025-05-19
TXN003620,ERP_EXPORT,SUP0014,Skyroute Travel,Travel,Facilities,22360.1,INR,CTR0005,ON_CONTRACT,REQ00476,2026-01-31
TXN003623,ERP_EXPORT,SUP0008,Orion Office Supplies,Office Supplies,Logistics,7018.77,INR,CTR0003,ON_CONTRACT,,2025-06-16
TXN003625,ERP_EXPORT,SUP0016,Prime Facility Care,Facilities Maintenance,Finance,24980.14,INR,CTR0006,ON_CONTRACT,REQ00351,2025-05-12
TXN003626,ERP_EXPORT,SUP0014,Skyroute Travel,Travel,IT,29586.28,INR,CTR0005,ON_CONTRACT,,2026-02-15
TXN003627,ERP_EXPORT,SUP0005,Cloudspan Software,IT Software & Licences,Facilities,15068.61,INR,CTR0002,ON_CONTRACT,REQ00312,2025-09-24
TXN003629,ERP_EXPORT,SUP0005,Cloudspan Software,IT Software & Licences,Logistics,98222.46,INR,CTR0002,ON_CONTRACT,REQ00098,2025-06-11
TXN003631,ERP_EXPORT,SUP0019,Lumen Creative,Marketing Services,R&D,125037.21,INR,CTR0007,ON_CONTRACT,REQ00264,2025-12-26
TXN003633,ERP_EXPORT,SUP0001,Nexa Technologies Pvt Ltd,IT Hardware,R&D,96040.16,INR,CTR0001,ON_CONTRACT,REQ00810,2025-07-30
TXN003636,ERP_EXPORT,SUP0009,Paperline Traders,Office Supplies,Operations,13181.0,INR,,OFF_CONTRACT,,2025-12-28
TXN003637,ERP_EXPORT,SUP0001,Nexa Technologies Pvt Ltd,IT Hardware,Facilities,167714.65,INR,CTR0001,ON_CONTRACT,,2026-02-27
TXN003638,ERP_EXPORT,SUP0008,Orion Office Supplies,Office Supplies,Operations,2921.36,INR,CTR0003,ON_CONTRACT,REQ00376,2025-04-24
TXN003640,ERP_EXPORT,SUP0022,Transcore Logistics,Logistics & Freight,R&D,29225.9,INR,CTR0008,ON_CONTRACT,REQ00621,2026-02-07
TXN003641,ERP_EXPORT,SUP0005,Cloudspan Software,IT Software & Licences,IT,40005.4,INR,CTR0002,ON_CONTRACT,,2026-02-16
TXN003642,ERP_EXPORT,SUP0014,Skyroute Travel,Travel,Operations,82491.63,INR,CTR0005,ON_CONTRACT,,2025-08-06
TXN003643,ERP_EXPORT,SUP0020,BrightArc Media,Marketing Services,Facilities,85529.67,INR,,OFF_CONTRACT,,2026-03-18
TXN003644,ERP_EXPORT,SUP0008,Orion Office Supplies,Office Supplies,Logistics,12724.89,INR,CTR0003,ON_CONTRACT,REQ00658,2025-05-25
TXN003645,ERP_EXPORT,SUP0016,Prime Facility Care,Facilities Maintenance,Facilities,55634.54,INR,CTR0006,ON_CONTRACT,,2025-11-26
TXN003647,ERP_EXPORT,SUP0013,Adept Partners,Professional Services,R&D,142325.72,INR,,OFF_CONTRACT,REQ00630,2025-05-13
TXN003648,ERP_EXPORT,SUP0004,Arcadia IT Traders,IT Hardware,Marketing,91647.71,INR,,OFF_CONTRACT,REQ00608,2026-01-07
TXN003651,ERP_EXPORT,SUP0022,Transcore Logistics,Logistics & Freight,Human Resources,75864.26,INR,CTR0008,ON_CONTRACT,REQ00610,2026-02-11
TXN003652,ERP_EXPORT,SUP0005,Cloudspan Software,IT Software & Licences,Human Resources,56775.9,INR,CTR0002,ON_CONTRACT,REQ00053,2025-04-06
TXN003654,ERP_EXPORT,SUP0011,Sterling Advisory,Professional Services,IT,75848.76,INR,CTR0004,ON_CONTRACT,,2025-09-06
TXN003655,ERP_EXPORT,SUP0016,Prime Facility Care,Facilities Maintenance,R&D,11827.82,INR,CTR0006,ON_CONTRACT,REQ00407,2025-04-25
TXN003656,ERP_EXPORT,SUP0011,Sterling Advisory,Professional Services,IT,82934.16,INR,CTR0004,ON_CONTRACT,,2025-07-15
TXN003659,ERP_EXPORT,SUP0016,Prime Facility Care,Facilities Maintenance,R&D,46907.75,INR,CTR0006,ON_CONTRACT,REQ00559,2025-09-06
TXN003660,ERP_EXPORT,SUP0008,Orion Office Supplies,Office Supplies,Marketing,22943.93,INR,CTR0003,ON_CONTRACT,REQ00242,2025-06-28
TXN003661,ERP_EXPORT,SUP0025,NEXA TECHNOLOGIES PVT. LTD.,IT Hardware,Facilities,104027.37,INR,,OFF_CONTRACT,,2026-03-11
TXN003664,ERP_EXPORT,SUP0014,Skyroute Travel,Travel,Marketing,10862.75,INR,CTR0005,ON_CONTRACT,REQ00024,2025-09-29
TXN003667,ERP_EXPORT,SUP0016,Prime Facility Care,Facilities Maintenance,IT,60350.82,INR,CTR0006,ON_CONTRACT,REQ00083,2025-05-27
TXN003669,ERP_EXPORT,SUP0022,Transcore Logistics,Logistics & Freight,Finance,14072.65,INR,CTR0008,ON_CONTRACT,REQ00118,2026-02-02
TXN003670,ERP_EXPORT,SUP0008,Orion Office Supplies,Office Supplies,Operations,12327.89,INR,CTR0003,ON_CONTRACT,REQ00752,2026-03-17
TXN003672,ERP_EXPORT,SUP0005,Cloudspan Software,IT Software & Licences,R&D,20209.51,INR,CTR0002,ON_CONTRACT,,2025-11-12
TXN003673,ERP_EXPORT,SUP0012,Cobalt Consulting,Professional Services,Operations,192165.64,INR,,OFF_CONTRACT,REQ00201,2026-01-04
TXN003674,ERP_EXPORT,SUP0022,Transcore Logistics,Logistics & Freight,Marketing,21262.22,INR,CTR0008,ON_CONTRACT,REQ00672,2025-08-26
TXN003675,ERP_EXPORT,SUP0020,BrightArc Media,Marketing Services,R&D,105164.73,INR,,OFF_CONTRACT,,2025-06-30
TXN003677,ERP_EXPORT,SUP0005,Cloudspan Software,IT Software & Licences,Facilities,33217.09,INR,CTR0002,ON_CONTRACT,REQ00303,2025-12-18
TXN003678,ERP_EXPORT,SUP0011,Sterling Advisory,Professional Services,R&D,119747.82,INR,CTR0004,ON_CONTRACT,REQ00426,2025-08-13
TXN003679,ERP_EXPORT,SUP0022,Transcore Logistics,Logistics & Freight,Finance,78520.0,INR,CTR0008,ON_CONTRACT,REQ00579,2025-10-16
TXN003680,ERP_EXPORT,SUP0022,Transcore Logistics,Logistics & Freight,Operations,838886.88,INR,,OFF_CONTRACT,REQ00285,2026-01-03
TXN003683,ERP_EXPORT,SUP0023,FleetBridge Cargo,Logistics & Freight,Operations,76140.03,INR,,OFF_CONTRACT,REQ00045,2025-08-14
TXN003685,ERP_EXPORT,SUP0022,Transcore Logistics,Logistics & Freight,Human Resources,68223.63,INR,CTR0008,ON_CONTRACT,REQ00532,2025-07-08
TXN003686,ERP_EXPORT,SUP0001,Nexa Technologies Pvt Ltd,IT Hardware,R&D,-112696.14,INR,CTR0001,ON_CONTRACT,,2025-12-02
TXN003687,ERP_EXPORT,SUP0016,Prime Facility Care,Facilities Maintenance,Human Resources,65748.68,INR,CTR0006,ON_CONTRACT,,2025-12-01
TXN003688,ERP_EXPORT,SUP0014,Skyroute Travel,Travel,IT,39760.45,INR,CTR0005,ON_CONTRACT,REQ00890,2025-06-09
TXN003689,ERP_EXPORT,SUP0005,Cloudspan Software,IT Software & Licences,R&D,21947.34,INR,CTR0002,ON_CONTRACT,,2025-10-31
TXN003690,ERP_EXPORT,SUP0016,Prime Facility Care,Facilities Maintenance,Facilities,11149.33,INR,CTR0006,ON_CONTRACT,,2025-04-05
TXN003691,ERP_EXPORT,SUP0019,Lumen Creative,Marketing Services,Finance,135760.2,INR,CTR0007,ON_CONTRACT,REQ00250,2025-05-19
TXN003692,ERP_EXPORT,SUP0019,Lumen Creative,Marketing Services,Logistics,93462.99,INR,CTR0007,ON_CONTRACT,,2025-10-05
TXN003693,ERP_EXPORT,SUP0016,Prime Facility Care,Facilities Maintenance,R&D,56514.64,INR,CTR0006,ON_CONTRACT,REQ00612,2025-09-04
TXN003696,ERP_EXPORT,SUP0011,Sterling Advisory,Professional Services,Facilities,46321.81,INR,CTR0004,ON_CONTRACT,REQ00506,2025-09-26
TXN003697,ERP_EXPORT,SUP0013,Adept Partners,Professional Services,R&D,241913.39,INR,,OFF_CONTRACT,REQ00708,2025-07-09
TXN003698,ERP_EXPORT,SUP0019,Lumen Creative,Marketing Services,Finance,113501.51,INR,CTR0007,ON_CONTRACT,REQ00038,2025-04-24
TXN003700,ERP_EXPORT,SUP0017,GreenEdge Services,Facilities Maintenance,Finance,25929.78,INR,,OFF_CONTRACT,REQ00350,2026-03-22
TXN003702,ERP_EXPORT,SUP0008,Orion Office Supplies,Office Supplies,Finance,17605.5,INR,CTR0003,ON_CONTRACT,REQ00829,2025-08-18
TXN003705,ERP_EXPORT,SUP0011,Sterling Advisory,Professional Services,R&D,238903.91,INR,CTR0004,ON_CONTRACT,REQ00613,2025-08-12
TXN003707,ERP_EXPORT,SUP0019,Lumen Creative,Marketing Services,Operations,123469.38,INR,CTR0007,ON_CONTRACT,REQ00791,2025-11-27
TXN003709,ERP_EXPORT,SUP0018,Urban Upkeep,Facilities Maintenance,Marketing,26896.96,INR,,OFF_CONTRACT,,2025-04-17
TXN003710,ERP_EXPORT,SUP0008,Orion Office Supplies,Office Supplies,Operations,24157.29,INR,CTR0003,ON_CONTRACT,REQ00779,2025-05-18
TXN003711,ERP_EXPORT,SUP0019,Lumen Creative,Marketing Services,Operations,21439.83,INR,CTR0007,ON_CONTRACT,REQ00637,2025-11-27
TXN003712,ERP_EXPORT,SUP0012,Cobalt Consulting,Professional Services,Marketing,190370.49,INR,,OFF_CONTRACT,REQ00673,2025-07-25
TXN003713,ERP_EXPORT,SUP0014,Skyroute Travel,Travel,Marketing,65912.19,INR,CTR0005,ON_CONTRACT,,2025-08-17
TXN003714,ERP_EXPORT,SUP0005,Cloudspan Software,IT Software & Licences,Operations,80382.4,INR,CTR0002,ON_CONTRACT,,2025-05-02
TXN003715,ERP_EXPORT,SUP0019,Lumen Creative,Marketing Services,Operations,158615.24,INR,CTR0007,ON_CONTRACT,REQ00316,2025-04-08
TXN003717,ERP_EXPORT,SUP0008,Orion Office Supplies,Office Supplies,Finance,9819.35,INR,CTR0003,ON_CONTRACT,REQ00616,2025-09-05
TXN003722,ERP_EXPORT,SUP0005,Cloudspan Software,IT Software & Licences,R&D,102630.04,INR,CTR0002,ON_CONTRACT,REQ00274,2025-07-02
TXN003725,ERP_EXPORT,SUP0016,Prime Facility Care,Facilities Maintenance,Facilities,32350.54,INR,CTR0006,ON_CONTRACT,,2025-05-18
TXN003726,ERP_EXPORT,SUP0005,Cloudspan Software,IT Software & Licences,Operations,112506.21,INR,CTR0002,ON_CONTRACT,,2025-04-09
TXN003727,ERP_EXPORT,SUP0012,Cobalt Consulting,Professional Services,Marketing,52979.78,INR,,OFF_CONTRACT,REQ00388,2025-11-04
TXN003728,ERP_EXPORT,SUP0008,Orion Office Supplies,Office Supplies,R&D,4124.29,INR,CTR0003,ON_CONTRACT,REQ00826,2025-09-01
TXN003729,ERP_EXPORT,SUP0012,Cobalt Consulting,Professional Services,Finance,74186.11,INR,,OFF_CONTRACT,REQ00756,2025-12-26
TXN003733,ERP_EXPORT,SUP0001,Nexa Technologies Pvt Ltd,,R&D,94240.75,INR,CTR0001,ON_CONTRACT,REQ00215,2025-09-13
TXN003734,ERP_EXPORT,SUP0006,Vertex Licensing,IT Software & Licences,IT,67659.39,INR,,OFF_CONTRACT,REQ00128,2026-01-07
TXN003736,ERP_EXPORT,SUP0022,Transcore Logistics,Logistics & Freight,Human Resources,51089.7,INR,CTR0008,ON_CONTRACT,,2026-02-07
TXN003737,ERP_EXPORT,SUP0019,Lumen Creative,Marketing Services,R&D,112667.91,INR,CTR0007,ON_CONTRACT,REQ00604,2026-01-01
TXN003738,ERP_EXPORT,SUP0014,Skyroute Travel,Travel,Facilities,69596.53,INR,CTR0005,ON_CONTRACT,REQ00874,2026-02-23
TXN003740,ERP_EXPORT,SUP0022,Transcore Logistics,Logistics & Freight,Operations,59964.96,INR,CTR0008,ON_CONTRACT,,2025-08-12
TXN003741,ERP_EXPORT,SUP0022,Transcore Logistics,Logistics & Freight,Finance,87061.86,INR,CTR0008,ON_CONTRACT,REQ00746,2025-09-14
TXN003742,ERP_EXPORT,SUP0001,Nexa Technologies Pvt Ltd,IT Hardware,R&D,151698.22,INR,CTR0001,ON_CONTRACT,,2026-03-18
TXN003747,ERP_EXPORT,SUP0027,Orion Office Supplies Ltd,Office Supplies,IT,17261.04,INR,,OFF_CONTRACT,,2025-09-17
TXN003750,ERP_EXPORT,SUP0019,Lumen Creative,Marketing Services,Human Resources,143842.16,INR,CTR0007,ON_CONTRACT,,2025-10-26
TXN003751,ERP_EXPORT,SUP0001,Nexa Technologies Pvt Ltd,IT Hardware,Finance,163812.24,INR,CTR0001,ON_CONTRACT,REQ00738,2025-05-14
TXN003755,ERP_EXPORT,SUP0022,Transcore Logistics,Logistics & Freight,Finance,34545.55,INR,CTR0008,ON_CONTRACT,REQ00053,2025-07-09
TXN003756,ERP_EXPORT,SUP0019,Lumen Creative,Marketing Services,Human Resources,46685.38,INR,CTR0007,ON_CONTRACT,REQ00610,2025-08-11
TXN003757,ERP_EXPORT,SUP0019,Lumen Creative,Marketing Services,Operations,45848.54,INR,CTR0007,ON_CONTRACT,REQ00551,2025-05-07
TXN003758,ERP_EXPORT,SUP0008,Orion Office Supplies,Office Supplies,R&D,9868.48,INR,CTR0003,ON_CONTRACT,REQ00732,2025-04-25
TXN003764,ERP_EXPORT,SUP0022,Transcore Logistics,Logistics & Freight,Logistics,35899.46,INR,CTR0008,ON_CONTRACT,REQ00272,2025-06-16
TXN003765,ERP_EXPORT,SUP0004,Arcadia IT Traders,IT Hardware,Finance,101387.04,INR,,OFF_CONTRACT,REQ00612,2025-11-14
TXN003766,ERP_EXPORT,SUP0016,Prime Facility Care,Facilities Maintenance,Finance,27996.52,INR,CTR0006,ON_CONTRACT,,2025-07-16
TXN003767,ERP_EXPORT,SUP0011,Sterling Advisory,Professional Services,IT,165177.21,INR,CTR0004,ON_CONTRACT,,2025-04-24
TXN003768,ERP_EXPORT,SUP0015,Voyager Corporate Travel,Travel,Finance,43575.2,INR,,OFF_CONTRACT,,2025-06-16
TXN003769,ERP_EXPORT,SUP0013,Adept Partners,Professional Services,Operations,74525.16,INR,,OFF_CONTRACT,REQ00820,2025-09-18
TXN003770,ERP_EXPORT,SUP0019,Lumen Creative,Marketing Services,Marketing,36321.63,INR,CTR0007,ON_CONTRACT,,2026-03-13
TXN003776,ERP_EXPORT,SUP0014,Skyroute Travel,Travel,Facilities,84387.5,INR,CTR0005,ON_CONTRACT,REQ00783,2026-02-26
TXN003778,ERP_EXPORT,SUP0008,Orion Office Supplies,Office Supplies,Finance,15031.92,INR,CTR0003,ON_CONTRACT,,2025-10-06
TXN003780,ERP_EXPORT,SUP0011,Sterling Advisory,Professional Services,Marketing,228661.16,INR,CTR0004,ON_CONTRACT,,2025-07-05
TXN003781,ERP_EXPORT,SUP0022,Transcore Logistics,Logistics & Freight,IT,45160.06,INR,CTR0008,ON_CONTRACT,REQ00859,2025-12-03
TXN003782,ERP_EXPORT,SUP0011,Sterling Advisory,Professional Services,Marketing,108626.89,INR,CTR0004,ON_CONTRACT,REQ00057,2025-09-29
TXN003783,ERP_EXPORT,SUP0005,Cloudspan Software,IT Software & Licences,R&D,16135.16,INR,CTR0002,ON_CONTRACT,REQ00316,2025-12-05
TXN003784,ERP_EXPORT,SUP0014,Skyroute Travel,Travel,Facilities,75777.19,INR,CTR0005,ON_CONTRACT,REQ00751,2025-12-13
TXN003785,ERP_EXPORT,SUP0016,Prime Facility Care,Facilities Maintenance,Human Resources,58058.84,INR,CTR0006,ON_CONTRACT,,2025-04-02
TXN003786,ERP_EXPORT,SUP0011,Sterling Advisory,Professional Services,Facilities,61935.45,INR,CTR0004,ON_CONTRACT,REQ00765,2026-03-11
TXN003789,ERP_EXPORT,SUP0022,Transcore Logistics,Logistics & Freight,Operations,21852.85,INR,CTR0008,ON_CONTRACT,,2025-05-10
TXN003790,ERP_EXPORT,SUP0011,Sterling Advisory,Professional Services,Finance,245919.33,INR,CTR0004,ON_CONTRACT,REQ00429,2025-09-10
TXN003794,ERP_EXPORT,SUP0005,Cloudspan Software,IT Software & Licences,Marketing,92581.0,INR,CTR0002,ON_CONTRACT,REQ00211,2025-05-20
TXN003796,ERP_EXPORT,SUP0024,Nexa Technologies,IT Hardware,Human Resources,127101.23,INR,,OFF_CONTRACT,,2025-07-06
TXN003799,ERP_EXPORT,SUP0008,Orion Office Supplies,Office Supplies,Logistics,5968.05,INR,CTR0003,ON_CONTRACT,,2025-08-30
TXN003801,ERP_EXPORT,SUP0016,Prime Facility Care,Facilities Maintenance,Facilities,27781.46,INR,CTR0006,ON_CONTRACT,REQ00040,2025-07-07
TXN003802,ERP_EXPORT,SUP0003,BluePeak Systems,IT Hardware,Logistics,170438.94,INR,,OFF_CONTRACT,REQ00688,2026-03-31
TXN003804,ERP_EXPORT,SUP0016,Prime Facility Care,Facilities Maintenance,R&D,69014.03,INR,CTR0006,ON_CONTRACT,REQ00820,2025-09-04
TXN003805,ERP_EXPORT,SUP0017,GreenEdge Services,Facilities Maintenance,Marketing,25580.25,INR,,OFF_CONTRACT,,2025-05-21
TXN003809,ERP_EXPORT,SUP0005,Cloudspan Software,IT Software & Licences,Marketing,20286.7,INR,CTR0002,ON_CONTRACT,REQ00086,2026-02-19
TXN003811,ERP_EXPORT,SUP0011,Sterling Advisory,Professional Services,Facilities,185322.36,INR,CTR0004,ON_CONTRACT,,2025-04-06
TXN003812,ERP_EXPORT,SUP0016,Prime Facility Care,Facilities Maintenance,Finance,37475.74,INR,CTR0006,ON_CONTRACT,REQ00779,2025-06-07
TXN003813,ERP_EXPORT,SUP0022,Transcore Logistics,Logistics & Freight,Marketing,30801.29,INR,CTR0008,ON_CONTRACT,REQ00661,2026-03-05
TXN003814,ERP_EXPORT,SUP0023,FleetBridge Cargo,Logistics & Freight,Logistics,62959.54,INR,,OFF_CONTRACT,,2025-08-09
TXN003817,ERP_EXPORT,SUP0001,Nexa Technologies Pvt Ltd,IT Hardware,R&D,80677.36,INR,CTR0001,ON_CONTRACT,REQ00390,2025-04-23
TXN003818,ERP_EXPORT,SUP0014,Skyroute Travel,Travel,Marketing,75531.28,INR,CTR0005,ON_CONTRACT,REQ00429,2025-10-01
TXN003819,ERP_EXPORT,SUP0015,Voyager Corporate Travel,Travel,R&D,75297.09,INR,,OFF_CONTRACT,,2026-02-05
TXN003820,ERP_EXPORT,SUP0016,Prime Facility Care,Facilities Maintenance,Human Resources,38641.02,INR,CTR0006,ON_CONTRACT,,2026-02-19
TXN003822,ERP_EXPORT,SUP0016,Prime Facility Care,Facilities Maintenance,Marketing,31753.59,INR,CTR0006,ON_CONTRACT,REQ00573,2025-12-08
TXN003823,ERP_EXPORT,SUP0023,FleetBridge Cargo,Logistics & Freight,Operations,78874.31,INR,,OFF_CONTRACT,REQ00399,2026-03-04
TXN003824,ERP_EXPORT,SUP0001,Nexa Technologies Pvt Ltd,IT Hardware,Marketing,75867.82,INR,CTR0001,ON_CONTRACT,,2025-04-12
TXN003826,ERP_EXPORT,SUP0014,Skyroute Travel,Travel,Facilities,14944.44,INR,CTR0005,ON_CONTRACT,,2026-02-10
TXN003827,ERP_EXPORT,SUP0001,Nexa Technologies Pvt Ltd,IT Hardware,Finance,97337.43,INR,CTR0001,ON_CONTRACT,REQ00739,2025-08-10
TXN003828,ERP_EXPORT,SUP0018,Urban Upkeep,Facilities Maintenance,Human Resources,38927.93,INR,,OFF_CONTRACT,REQ00604,2026-03-31
TXN003830,ERP_EXPORT,SUP0014,Skyroute Travel,Travel,Finance,26141.57,INR,CTR0005,ON_CONTRACT,,2025-10-27
TXN003831,ERP_EXPORT,SUP0022,Transcore Logistics,Logistics & Freight,Finance,43622.28,INR,CTR0008,ON_CONTRACT,,2025-06-04
TXN003835,ERP_EXPORT,SUP0001,Nexa Technologies Pvt Ltd,IT Hardware,Marketing,96164.22,INR,CTR0001,ON_CONTRACT,REQ00215,2025-04-22
TXN003836,ERP_EXPORT,SUP0021,Pulse Marketing Co,Marketing Services,Human Resources,62460.02,INR,,OFF_CONTRACT,,2025-11-03
TXN003837,ERP_EXPORT,SUP0023,FleetBridge Cargo,Logistics & Freight,R&D,89402.05,INR,,OFF_CONTRACT,REQ00821,2026-01-08
TXN003838,ERP_EXPORT,SUP0011,Sterling Advisory,Professional Services,Human Resources,64915.19,INR,CTR0004,ON_CONTRACT,,2026-01-20
TXN003839,ERP_EXPORT,SUP0022,Transcore Logistics,Logistics & Freight,Finance,89501.2,INR,CTR0008,ON_CONTRACT,,2025-05-12
TXN003840,ERP_EXPORT,SUP0022,Transcore Logistics,Logistics & Freight,Finance,68760.92,INR,CTR0008,ON_CONTRACT,,2025-06-21
TXN003842,ERP_EXPORT,SUP0008,Orion Office Supplies,Office Supplies,Facilities,2751.16,INR,CTR0003,ON_CONTRACT,,2026-02-28
TXN003843,ERP_EXPORT,SUP0007,Meridian Softworks,IT Software & Licences,Human Resources,64937.6,INR,,OFF_CONTRACT,REQ00275,2026-02-08
TXN003844,ERP_EXPORT,SUP0019,Lumen Creative,Marketing Services,Finance,77084.73,INR,CTR0007,ON_CONTRACT,,2025-11-10
TXN003845,ERP_EXPORT,SUP0015,Voyager Corporate Travel,Travel,R&D,21219.94,INR,,OFF_CONTRACT,REQ00740,2025-04-05
TXN003846,ERP_EXPORT,SUP0001,Nexa Technologies Pvt Ltd,IT Hardware,Marketing,126743.49,INR,CTR0001,ON_CONTRACT,REQ00113,2025-10-20
TXN003848,ERP_EXPORT,SUP0008,Orion Office Supplies,Office Supplies,Marketing,14930.34,INR,CTR0003,ON_CONTRACT,REQ00778,2026-01-03
TXN003851,ERP_EXPORT,SUP0014,Skyroute Travel,Travel,Finance,-42248.69,INR,CTR0005,ON_CONTRACT,,2025-11-11
TXN003853,ERP_EXPORT,SUP0006,Vertex Licensing,IT Software & Licences,R&D,79343.56,INR,,OFF_CONTRACT,,2025-09-24
TXN003856,ERP_EXPORT,SUP0014,Skyroute Travel,Travel,Marketing,14297.85,INR,CTR0005,ON_CONTRACT,,2025-09-26
TXN003860,ERP_EXPORT,SUP0008,Orion Office Supplies,Office Supplies,Finance,21173.81,INR,CTR0003,ON_CONTRACT,REQ00657,2025-12-19
TXN003861,ERP_EXPORT,SUP0014,Skyroute Travel,Travel,Logistics,74803.02,INR,CTR0005,ON_CONTRACT,,2025-04-12
TXN003863,ERP_EXPORT,SUP0022,Transcore Logistics,Logistics & Freight,Marketing,42997.01,INR,CTR0008,ON_CONTRACT,,2026-03-19
TXN003865,ERP_EXPORT,SUP0021,Pulse Marketing Co,Marketing Services,Operations,34822.4,INR,,OFF_CONTRACT,REQ00660,2025-09-20
TXN003866,ERP_EXPORT,SUP0022,Transcore Logistics,Logistics & Freight,Finance,41456.51,INR,CTR0008,ON_CONTRACT,REQ00327,2026-01-24
TXN003867,ERP_EXPORT,SUP0001,Nexa Technologies Pvt Ltd,IT Hardware,Human Resources,89041.74,INR,CTR0001,ON_CONTRACT,,2025-08-13
TXN003868,ERP_EXPORT,SUP0011,Sterling Advisory,Professional Services,R&D,181922.81,INR,CTR0004,ON_CONTRACT,REQ00674,2025-12-09
TXN003869,ERP_EXPORT,SUP0005,Cloudspan Software,IT Software & Licences,Marketing,84106.78,INR,CTR0002,ON_CONTRACT,,2025-04-02
TXN003870,ERP_EXPORT,SUP0014,Skyroute Travel,Travel,Operations,13748.87,INR,CTR0005,ON_CONTRACT,REQ00116,2025-09-25
TXN003871,ERP_EXPORT,SUP0011,Sterling Advisory,Professional Services,Facilities,123004.46,INR,CTR0004,ON_CONTRACT,,2026-03-06
TXN003873,ERP_EXPORT,SUP0014,Skyroute Travel,Travel,Facilities,20858.64,INR,CTR0005,ON_CONTRACT,,2026-03-04
TXN003874,ERP_EXPORT,SUP0014,Skyroute Travel,Travel,Marketing,75838.78,INR,CTR0005,ON_CONTRACT,REQ00375,2025-11-26
TXN003875,ERP_EXPORT,SUP0016,Prime Facility Care,Facilities Maintenance,Finance,12514.91,INR,CTR0006,ON_CONTRACT,REQ00749,2026-02-19
TXN003876,ERP_EXPORT,SUP0022,Transcore Logistics,Logistics & Freight,Finance,46792.18,INR,CTR0008,ON_CONTRACT,,2025-10-09
TXN003879,ERP_EXPORT,SUP0022,Transcore Logistics,Logistics & Freight,R&D,58234.36,INR,CTR0008,ON_CONTRACT,REQ00160,2025-12-28
TXN003880,ERP_EXPORT,SUP0014,Skyroute Travel,Travel,Operations,26973.21,INR,CTR0005,ON_CONTRACT,REQ00245,2025-07-19
TXN003881,ERP_EXPORT,SUP0014,Skyroute Travel,,Logistics,49199.04,INR,CTR0005,ON_CONTRACT,REQ00411,2026-01-29
TXN003882,ERP_EXPORT,SUP0022,Transcore Logistics,Logistics & Freight,Logistics,72713.37,INR,CTR0008,ON_CONTRACT,,2025-12-07
TXN003883,ERP_EXPORT,SUP0011,Sterling Advisory,Professional Services,Finance,241204.78,INR,CTR0004,ON_CONTRACT,,2025-04-22
TXN003884,ERP_EXPORT,SUP0011,Sterling Advisory,Professional Services,R&D,86293.66,INR,CTR0004,ON_CONTRACT,REQ00473,2025-04-14
TXN003885,ERP_EXPORT,SUP0011,Sterling Advisory,Professional Services,IT,226098.17,INR,CTR0004,ON_CONTRACT,REQ00357,2026-02-10
TXN003886,ERP_EXPORT,SUP0001,Nexa Technologies Pvt Ltd,IT Hardware,Facilities,169817.14,INR,CTR0001,ON_CONTRACT,REQ00037,2025-10-14
TXN003888,ERP_EXPORT,SUP0016,Prime Facility Care,Facilities Maintenance,Marketing,48124.86,INR,CTR0006,ON_CONTRACT,REQ00818,2025-10-04
TXN003890,ERP_EXPORT,SUP0017,GreenEdge Services,Facilities Maintenance,Operations,34192.64,INR,,OFF_CONTRACT,REQ00690,2025-09-30
TXN003891,ERP_EXPORT,SUP0019,Lumen Creative,Marketing Services,Marketing,125335.7,INR,CTR0007,ON_CONTRACT,REQ00552,2025-07-19
TXN003892,ERP_EXPORT,SUP0014,Skyroute Travel,Travel,Finance,51566.11,INR,CTR0005,ON_CONTRACT,,2025-07-09
TXN003893,ERP_EXPORT,SUP0001,Nexa Technologies Pvt Ltd,IT Hardware,Logistics,130002.9,INR,CTR0001,ON_CONTRACT,,2025-09-06
TXN003894,ERP_EXPORT,SUP0008,Orion Office Supplies,Office Supplies,Operations,11854.53,INR,CTR0003,ON_CONTRACT,REQ00872,2026-03-11
TXN003898,ERP_EXPORT,SUP0010,Kanban Stationers,Office Supplies,R&D,21157.38,INR,,OFF_CONTRACT,REQ00747,2025-11-28
TXN003900,ERP_EXPORT,SUP0019,Lumen Creative,Marketing Services,Facilities,138253.23,INR,CTR0007,ON_CONTRACT,,2026-03-11
TXN003901,ERP_EXPORT,SUP0009,Paperline Traders,Office Supplies,Marketing,11919.94,INR,,OFF_CONTRACT,REQ00163,2025-10-11
TXN003902,ERP_EXPORT,SUP0007,Meridian Softworks,IT Software & Licences,Marketing,54799.25,INR,,OFF_CONTRACT,,2026-02-11
TXN003904,ERP_EXPORT,SUP0014,Skyroute Travel,Travel,Operations,28595.88,INR,CTR0005,ON_CONTRACT,REQ00703,2025-09-10
TXN003905,ERP_EXPORT,SUP0014,Skyroute Travel,Travel,Facilities,77225.41,INR,CTR0005,ON_CONTRACT,,2026-03-19
TXN003906,ERP_EXPORT,SUP0016,Prime Facility Care,Facilities Maintenance,Logistics,39041.23,INR,CTR0006,ON_CONTRACT,REQ00019,2026-03-18
TXN003907,ERP_EXPORT,SUP0016,Prime Facility Care,Facilities Maintenance,Facilities,40845.73,INR,CTR0006,ON_CONTRACT,,2025-07-20
TXN003908,ERP_EXPORT,SUP0023,FleetBridge Cargo,Logistics & Freight,Facilities,37602.87,INR,,OFF_CONTRACT,REQ00287,2025-12-11
TXN003910,ERP_EXPORT,SUP0011,Sterling Advisory,Professional Services,IT,108294.35,INR,CTR0004,ON_CONTRACT,,2025-05-27
TXN003911,ERP_EXPORT,SUP0008,Orion Office Supplies,Office Supplies,R&D,2903.2,INR,CTR0003,ON_CONTRACT,REQ00002,2025-12-17
TXN003914,ERP_EXPORT,SUP0010,Kanban Stationers,Office Supplies,R&D,24502.16,INR,,OFF_CONTRACT,,2026-03-19
TXN003915,ERP_EXPORT,SUP0005,Cloudspan Software,IT Software & Licences,Facilities,116403.46,INR,CTR0002,ON_CONTRACT,REQ00043,2025-08-23
TXN003917,ERP_EXPORT,SUP0008,Orion Office Supplies,Office Supplies,Finance,18752.53,INR,CTR0003,ON_CONTRACT,,2025-08-10
TXN003918,ERP_EXPORT,SUP0019,Lumen Creative,Marketing Services,Facilities,68412.85,INR,CTR0007,ON_CONTRACT,REQ00331,2026-03-17
TXN003919,ERP_EXPORT,SUP0011,Sterling Advisory,Professional Services,Human Resources,180929.56,INR,CTR0004,ON_CONTRACT,,2026-01-17
TXN003921,ERP_EXPORT,SUP0005,Cloudspan Software,IT Software & Licences,IT,114409.41,INR,CTR0002,ON_CONTRACT,REQ00071,2025-10-09
TXN003923,ERP_EXPORT,SUP0001,Nexa Technologies Pvt Ltd,IT Hardware,Finance,146411.19,INR,CTR0001,ON_CONTRACT,,2025-05-05
TXN003924,ERP_EXPORT,SUP0011,Sterling Advisory,Professional Services,Marketing,95844.97,INR,CTR0004,ON_CONTRACT,,2025-09-22
TXN003925,ERP_EXPORT,SUP0008,Orion Office Supplies,Office Supplies,Marketing,24777.64,INR,CTR0003,ON_CONTRACT,REQ00586,2025-04-13
TXN003926,ERP_EXPORT,SUP0022,Transcore Logistics,Logistics & Freight,IT,14138.88,INR,CTR0008,ON_CONTRACT,REQ00864,2026-02-03
TXN003929,ERP_EXPORT,SUP0005,Cloudspan Software,IT Software & Licences,Human Resources,670511.62,INR,,OFF_CONTRACT,REQ00223,2026-03-20
TXN003931,ERP_EXPORT,SUP0009,Paperline Traders,Office Supplies,Finance,23586.19,INR,,OFF_CONTRACT,REQ00651,2026-01-24
TXN003932,ERP_EXPORT,SUP0022,Transcore Logistics,Logistics & Freight,Operations,27038.21,INR,CTR0008,ON_CONTRACT,REQ00777,2026-02-03
TXN003934,ERP_EXPORT,SUP0001,Nexa Technologies Pvt Ltd,IT Hardware,Logistics,59514.79,INR,CTR0001,ON_CONTRACT,,2026-01-19
TXN003935,ERP_EXPORT,SUP0014,Skyroute Travel,Travel,R&D,33191.75,INR,CTR0005,ON_CONTRACT,REQ00096,2025-10-18
TXN003936,ERP_EXPORT,SUP0014,Skyroute Travel,Travel,Finance,52809.6,INR,CTR0005,ON_CONTRACT,REQ00459,2025-10-15
TXN003937,ERP_EXPORT,SUP0014,Skyroute Travel,Travel,R&D,42209.86,INR,CTR0005,ON_CONTRACT,REQ00887,2026-03-08
TXN003938,ERP_EXPORT,SUP0019,Lumen Creative,Marketing Services,Operations,42431.58,INR,CTR0007,ON_CONTRACT,REQ00672,2026-01-26
TXN003940,ERP_EXPORT,SUP0014,Skyroute Travel,Travel,Logistics,42287.87,INR,CTR0005,ON_CONTRACT,REQ00774,2025-12-12
TXN003941,ERP_EXPORT,SUP0015,Voyager Corporate Travel,Travel,IT,70097.2,INR,,OFF_CONTRACT,REQ00288,2025-12-30
TXN003943,ERP_EXPORT,SUP0006,Vertex Licensing,IT Software & Licences,Finance,23833.4,INR,,OFF_CONTRACT,,2025-06-23
TXN003944,ERP_EXPORT,SUP0022,Transcore Logistics,Logistics & Freight,Finance,44627.62,INR,CTR0008,ON_CONTRACT,,2025-09-01
TXN003945,ERP_EXPORT,SUP0022,Transcore Logistics,Logistics & Freight,Facilities,20320.38,INR,CTR0008,ON_CONTRACT,REQ00590,2025-11-29
TXN003946,ERP_EXPORT,SUP0019,Lumen Creative,Marketing Services,Human Resources,22322.95,INR,CTR0007,ON_CONTRACT,,2025-09-27
TXN003947,ERP_EXPORT,SUP0019,Lumen Creative,Marketing Services,Logistics,112640.62,INR,CTR0007,ON_CONTRACT,REQ00397,2026-03-16
TXN003948,ERP_EXPORT,SUP0011,Sterling Advisory,Professional Services,IT,166514.38,INR,CTR0004,ON_CONTRACT,,2026-01-22
TXN003949,ERP_EXPORT,SUP0001,Nexa Technologies Pvt Ltd,IT Hardware,R&D,50267.96,INR,CTR0001,ON_CONTRACT,REQ00358,2025-10-31
TXN003951,ERP_EXPORT,SUP0020,BrightArc Media,,Logistics,23319.09,INR,,OFF_CONTRACT,,2025-11-20
TXN003952,ERP_EXPORT,SUP0022,Transcore Logistics,Logistics & Freight,Operations,-81300.62,INR,CTR0008,ON_CONTRACT,,2025-10-26
TXN003953,ERP_EXPORT,SUP0008,Orion Office Supplies,Office Supplies,Marketing,24417.88,INR,CTR0003,ON_CONTRACT,,2025-11-14
TXN003954,ERP_EXPORT,SUP0005,Cloudspan Software,IT Software & Licences,Logistics,29223.25,INR,CTR0002,ON_CONTRACT,,2025-10-01
TXN003955,ERP_EXPORT,SUP0005,Cloudspan Software,IT Software & Licences,Marketing,39304.9,INR,CTR0002,ON_CONTRACT,REQ00813,2025-04-17
TXN003958,ERP_EXPORT,SUP0011,Sterling Advisory,Professional Services,R&D,128121.75,INR,CTR0004,ON_CONTRACT,,2025-04-15
TXN003961,ERP_EXPORT,SUP0014,Skyroute Travel,Travel,Operations,55063.89,INR,CTR0005,ON_CONTRACT,REQ00855,2025-04-25
TXN003963,ERP_EXPORT,SUP0016,Prime Facility Care,Facilities Maintenance,Finance,11719.15,INR,CTR0006,ON_CONTRACT,REQ00120,2026-01-22
TXN003964,ERP_EXPORT,SUP0001,Nexa Technologies Pvt Ltd,IT Hardware,Human Resources,115404.12,INR,CTR0001,ON_CONTRACT,,2025-12-28
TXN003967,ERP_EXPORT,SUP0022,Transcore Logistics,Logistics & Freight,Marketing,37433.92,INR,CTR0008,ON_CONTRACT,REQ00740,2026-01-28
TXN003968,ERP_EXPORT,SUP0008,Orion Office Supplies,Office Supplies,Facilities,2925.93,INR,CTR0003,ON_CONTRACT,,2025-04-18
TXN003970,ERP_EXPORT,SUP0008,Orion Office Supplies,Office Supplies,Logistics,11146.74,INR,CTR0003,ON_CONTRACT,REQ00532,2025-12-11
TXN003971,ERP_EXPORT,SUP0013,Adept Partners,Professional Services,Marketing,244498.09,INR,,OFF_CONTRACT,,2026-01-16
TXN003972,ERP_EXPORT,SUP0016,Prime Facility Care,Facilities Maintenance,Facilities,42651.92,INR,CTR0006,ON_CONTRACT,REQ00683,2026-01-21
TXN003973,ERP_EXPORT,SUP0019,Lumen Creative,Marketing Services,IT,58533.49,INR,CTR0007,ON_CONTRACT,REQ00779,2025-07-03
TXN003974,ERP_EXPORT,SUP0001,Nexa Technologies Pvt Ltd,IT Hardware,Facilities,134963.02,INR,CTR0001,ON_CONTRACT,,2025-07-01
TXN003976,ERP_EXPORT,SUP0014,Skyroute Travel,Travel,R&D,82147.95,INR,CTR0005,ON_CONTRACT,REQ00511,2026-02-12
TXN003978,ERP_EXPORT,SUP0016,Prime Facility Care,Facilities Maintenance,Facilities,42992.11,INR,CTR0006,ON_CONTRACT,REQ00416,2026-03-15
TXN003979,ERP_EXPORT,SUP0022,Transcore Logistics,Logistics & Freight,IT,16197.57,INR,CTR0008,ON_CONTRACT,REQ00739,2025-10-21
TXN003983,ERP_EXPORT,SUP0011,Sterling Advisory,Professional Services,Human Resources,87106.9,INR,CTR0004,ON_CONTRACT,,2025-12-29
TXN003984,ERP_EXPORT,SUP0016,Prime Facility Care,Facilities Maintenance,Logistics,23564.74,INR,CTR0006,ON_CONTRACT,REQ00374,2025-04-23
TXN003985,ERP_EXPORT,SUP0005,Cloudspan Software,IT Software & Licences,Logistics,100817.06,INR,CTR0002,ON_CONTRACT,,2025-04-15
TXN003986,ERP_EXPORT,SUP0008,Orion Office Supplies,Office Supplies,IT,23399.16,INR,CTR0003,ON_CONTRACT,REQ00576,2025-06-19
TXN003987,ERP_EXPORT,SUP0016,Prime Facility Care,Facilities Maintenance,Marketing,15721.66,INR,CTR0006,ON_CONTRACT,,2025-11-17
TXN003990,ERP_EXPORT,SUP0005,Cloudspan Software,IT Software & Licences,Logistics,106422.29,INR,CTR0002,ON_CONTRACT,REQ00616,2025-06-24
TXN003991,ERP_EXPORT,SUP0004,Arcadia IT Traders,IT Hardware,Logistics,37946.36,INR,,OFF_CONTRACT,REQ00880,2025-05-27
TXN003992,ERP_EXPORT,SUP0015,Voyager Corporate Travel,Travel,Logistics,25312.33,INR,,OFF_CONTRACT,,2026-01-24
TXN003993,ERP_EXPORT,SUP0019,Lumen Creative,Marketing Services,Facilities,125345.57,INR,CTR0007,ON_CONTRACT,REQ00559,2025-07-31
TXN003995,ERP_EXPORT,SUP0019,Lumen Creative,Marketing Services,Marketing,88954.95,INR,CTR0007,ON_CONTRACT,,2025-08-11
TXN003996,ERP_EXPORT,SUP0014,Skyroute Travel,Travel,Finance,44252.78,INR,CTR0005,ON_CONTRACT,,2026-02-13
TXN003997,ERP_EXPORT,SUP0022,Transcore Logistics,Logistics & Freight,R&D,39755.3,INR,CTR0008,ON_CONTRACT,REQ00113,2025-09-20
TXN003998,ERP_EXPORT,SUP0020,BrightArc Media,Marketing Services,IT,75240.12,INR,,OFF_CONTRACT,,2026-02-09
TXN003999,ERP_EXPORT,SUP0002,Zenith Computing,IT Hardware,IT,107140.79,INR,,OFF_CONTRACT,,2025-06-04
TXN004001,ERP_EXPORT,SUP0014,Skyroute Travel,Travel,Finance,54903.66,INR,CTR0005,ON_CONTRACT,REQ00490,2025-10-30
TXN004002,ERP_EXPORT,SUP0008,Orion Office Supplies,Office Supplies,R&D,20524.94,INR,CTR0003,ON_CONTRACT,,2026-03-22
TXN004003,ERP_EXPORT,SUP0008,Orion Office Supplies,Office Supplies,Marketing,19483.7,INR,CTR0003,ON_CONTRACT,,2025-07-23
TXN004004,ERP_EXPORT,SUP0019,Lumen Creative,Marketing Services,Facilities,41545.99,INR,CTR0007,ON_CONTRACT,,2025-08-16
TXN004005,ERP_EXPORT,SUP0025,NEXA TECHNOLOGIES PVT. LTD.,IT Hardware,Logistics,48133.67,INR,,OFF_CONTRACT,REQ00728,2025-05-29
TXN004006,ERP_EXPORT,SUP0022,Transcore Logistics,Logistics & Freight,Human Resources,34258.47,INR,CTR0008,ON_CONTRACT,,2025-08-11
TXN004007,ERP_EXPORT,SUP0023,FleetBridge Cargo,Logistics & Freight,IT,41969.2,INR,,OFF_CONTRACT,,2026-02-19
TXN004008,ERP_EXPORT,SUP0005,Cloudspan Software,IT Software & Licences,Operations,57887.84,INR,CTR0002,ON_CONTRACT,REQ00338,2026-02-07
TXN004009,ERP_EXPORT,SUP0014,Skyroute Travel,Travel,Marketing,63735.17,INR,CTR0005,ON_CONTRACT,,2026-02-21
TXN004013,ERP_EXPORT,SUP0011,Sterling Advisory,Professional Services,Operations,186404.38,INR,CTR0004,ON_CONTRACT,REQ00577,2025-04-09
TXN004015,ERP_EXPORT,SUP0014,Skyroute Travel,Travel,Logistics,60603.37,INR,CTR0005,ON_CONTRACT,REQ00756,2026-03-28
TXN004017,ERP_EXPORT,SUP0019,Lumen Creative,Marketing Services,IT,144052.06,INR,CTR0007,ON_CONTRACT,,2025-11-13
TXN004019,ERP_EXPORT,SUP0011,Sterling Advisory,Professional Services,IT,102430.31,INR,CTR0004,ON_CONTRACT,REQ00875,2025-07-18
TXN004020,ERP_EXPORT,SUP0010,Kanban Stationers,Office Supplies,Logistics,7289.86,INR,,OFF_CONTRACT,,2025-07-23
TXN004021,ERP_EXPORT,SUP0016,Prime Facility Care,Facilities Maintenance,Facilities,34678.24,INR,CTR0006,ON_CONTRACT,,2025-08-05
TXN004022,ERP_EXPORT,SUP0002,Zenith Computing,IT Hardware,Operations,62282.4,INR,,OFF_CONTRACT,,2026-03-14
TXN004024,ERP_EXPORT,SUP0008,Orion Office Supplies,Office Supplies,Human Resources,20999.49,INR,CTR0003,ON_CONTRACT,REQ00584,2026-01-01
TXN004026,ERP_EXPORT,SUP0001,Nexa Technologies Pvt Ltd,IT Hardware,IT,152774.32,INR,CTR0001,ON_CONTRACT,REQ00842,2025-06-07
TXN004027,ERP_EXPORT,SUP0016,Prime Facility Care,Facilities Maintenance,Facilities,33819.53,INR,CTR0006,ON_CONTRACT,REQ00366,2025-09-14
TXN004028,ERP_EXPORT,SUP0022,Transcore Logistics,Logistics & Freight,Human Resources,24974.31,INR,CTR0008,ON_CONTRACT,,2026-03-24
TXN004029,ERP_EXPORT,SUP0001,Nexa Technologies Pvt Ltd,IT Hardware,Human Resources,139382.4,INR,CTR0001,ON_CONTRACT,,2025-10-19
TXN004030,ERP_EXPORT,SUP0014,Skyroute Travel,Travel,Marketing,37558.91,INR,CTR0005,ON_CONTRACT,REQ00382,2025-05-15
TXN004031,ERP_EXPORT,SUP0008,Orion Office Supplies,Office Supplies,IT,17439.23,INR,CTR0003,ON_CONTRACT,,2025-12-21
TXN004034,ERP_EXPORT,SUP0005,Cloudspan Software,IT Software & Licences,Finance,119221.09,INR,CTR0002,ON_CONTRACT,REQ00125,2025-10-18
TXN004038,ERP_EXPORT,SUP0011,Sterling Advisory,Professional Services,IT,206701.8,INR,CTR0004,ON_CONTRACT,REQ00075,2025-09-08
TXN004039,ERP_EXPORT,SUP0001,Nexa Technologies Pvt Ltd,IT Hardware,R&D,127210.56,INR,CTR0001,ON_CONTRACT,REQ00368,2026-03-08
TXN004040,ERP_EXPORT,SUP0019,Lumen Creative,Marketing Services,Facilities,100892.99,INR,CTR0007,ON_CONTRACT,REQ00703,2025-07-20
TXN004042,ERP_EXPORT,SUP0001,Nexa Technologies Pvt Ltd,IT Hardware,Human Resources,69863.13,INR,CTR0001,ON_CONTRACT,,2025-10-31
TXN004043,ERP_EXPORT,SUP0007,Meridian Softworks,IT Software & Licences,Marketing,64106.53,INR,,OFF_CONTRACT,REQ00526,2025-12-25
TXN004044,ERP_EXPORT,SUP0005,Cloudspan Software,IT Software & Licences,Human Resources,80035.95,INR,CTR0002,ON_CONTRACT,,2025-10-18
TXN004045,ERP_EXPORT,SUP0005,Cloudspan Software,IT Software & Licences,Facilities,58175.0,INR,CTR0002,ON_CONTRACT,REQ00521,2025-11-29
TXN004047,ERP_EXPORT,SUP0025,NEXA TECHNOLOGIES PVT. LTD.,IT Hardware,R&D,744975.29,INR,,OFF_CONTRACT,REQ00410,2026-01-11
TXN004048,ERP_EXPORT,SUP0008,Orion Office Supplies,Office Supplies,IT,14977.33,INR,CTR0003,ON_CONTRACT,REQ00160,2025-12-06
TXN004049,ERP_EXPORT,SUP0028,ORION OFFICE SUPPLIES,Office Supplies,Human Resources,21563.21,INR,,OFF_CONTRACT,REQ00648,2025-07-08
TXN004050,ERP_EXPORT,SUP0022,Transcore Logistics,Logistics & Freight,IT,28726.86,INR,CTR0008,ON_CONTRACT,REQ00229,2026-03-31
TXN004051,ERP_EXPORT,SUP0002,Zenith Computing,IT Hardware,R&D,169837.12,INR,,OFF_CONTRACT,,2025-12-23
TXN004052,ERP_EXPORT,SUP0016,Prime Facility Care,Facilities Maintenance,Human Resources,51345.26,INR,CTR0006,ON_CONTRACT,,2025-07-14
TXN004053,ERP_EXPORT,SUP0019,Lumen Creative,Marketing Services,R&D,135258.25,INR,CTR0007,ON_CONTRACT,REQ00578,2025-04-19
TXN004054,ERP_EXPORT,SUP0019,Lumen Creative,Marketing Services,R&D,97866.7,INR,CTR0007,ON_CONTRACT,REQ00071,2026-01-13
TXN004055,ERP_EXPORT,SUP0016,Prime Facility Care,Facilities Maintenance,Human Resources,56771.0,INR,CTR0006,ON_CONTRACT,REQ00047,2025-09-27
TXN004057,ERP_EXPORT,SUP0025,NEXA TECHNOLOGIES PVT. LTD.,IT Hardware,Marketing,151848.97,INR,,OFF_CONTRACT,REQ00034,2025-06-08
TXN004059,ERP_EXPORT,SUP0013,Adept Partners,Professional Services,Operations,226881.81,INR,,OFF_CONTRACT,REQ00205,2025-05-21
TXN004060,ERP_EXPORT,SUP0019,Lumen Creative,Marketing Services,Facilities,158874.78,INR,CTR0007,ON_CONTRACT,,2025-06-22
TXN004061,ERP_EXPORT,SUP0019,Lumen Creative,Marketing Services,Logistics,61169.44,INR,CTR0007,ON_CONTRACT,,2025-04-07
TXN004064,ERP_EXPORT,SUP0011,Sterling Advisory,Professional Services,Logistics,93135.53,INR,CTR0004,ON_CONTRACT,REQ00523,2025-12-01
TXN004065,ERP_EXPORT,SUP0008,Orion Office Supplies,Office Supplies,Operations,21907.93,INR,CTR0003,ON_CONTRACT,REQ00818,2025-08-23
TXN004067,ERP_EXPORT,SUP0014,Skyroute Travel,Travel,Human Resources,18328.33,INR,CTR0005,ON_CONTRACT,,2025-07-25
TXN004069,ERP_EXPORT,SUP0019,Lumen Creative,Marketing Services,R&D,114337.45,INR,CTR0007,ON_CONTRACT,REQ00635,2025-12-11
TXN004070,ERP_EXPORT,SUP0011,Sterling Advisory,Professional Services,R&D,217846.32,INR,CTR0004,ON_CONTRACT,REQ00345,2025-06-19
TXN004071,ERP_EXPORT,SUP0023,FleetBridge Cargo,Logistics & Freight,Marketing,38919.34,INR,,OFF_CONTRACT,REQ00039,2025-06-06
TXN004072,ERP_EXPORT,SUP0012,Cobalt Consulting,Professional Services,R&D,182061.59,INR,,OFF_CONTRACT,,2025-11-18
TXN004073,ERP_EXPORT,SUP0005,Cloudspan Software,IT Software & Licences,Finance,77395.39,INR,CTR0002,ON_CONTRACT,REQ00755,2025-04-23
TXN004074,ERP_EXPORT,SUP0014,Skyroute Travel,Travel,Marketing,57458.31,INR,CTR0005,ON_CONTRACT,,2025-12-16
TXN004075,ERP_EXPORT,SUP0001,Nexa Technologies Pvt Ltd,IT Hardware,R&D,130792.53,INR,CTR0001,ON_CONTRACT,REQ00556,2025-05-29
TXN004076,ERP_EXPORT,SUP0008,Orion Office Supplies,Office Supplies,Human Resources,15233.26,INR,CTR0003,ON_CONTRACT,,2025-12-05
TXN004077,ERP_EXPORT,SUP0001,Nexa Technologies Pvt Ltd,IT Hardware,Operations,91504.67,INR,CTR0001,ON_CONTRACT,REQ00335,2025-06-11
TXN004078,ERP_EXPORT,SUP0022,Transcore Logistics,Logistics & Freight,Human Resources,34901.58,INR,CTR0008,ON_CONTRACT,REQ00160,2025-04-08
TXN004081,ERP_EXPORT,SUP0001,Nexa Technologies Pvt Ltd,IT Hardware,Facilities,132314.92,INR,CTR0001,ON_CONTRACT,,2025-04-17
TXN004082,ERP_EXPORT,SUP0008,Orion Office Supplies,Office Supplies,Facilities,7366.65,INR,CTR0003,ON_CONTRACT,,2025-06-02
TXN004083,ERP_EXPORT,SUP0011,Sterling Advisory,Professional Services,R&D,171319.34,INR,CTR0004,ON_CONTRACT,REQ00271,2025-11-19
TXN004087,ERP_EXPORT,SUP0013,Adept Partners,Professional Services,Facilities,67504.49,INR,,OFF_CONTRACT,REQ00351,2025-05-14
TXN004089,ERP_EXPORT,SUP0016,Prime Facility Care,Facilities Maintenance,Human Resources,60966.78,INR,CTR0006,ON_CONTRACT,,2025-10-15
TXN004091,ERP_EXPORT,SUP0019,Lumen Creative,Marketing Services,Marketing,122781.18,INR,CTR0007,ON_CONTRACT,REQ00678,2025-11-28
TXN004095,ERP_EXPORT,SUP0019,Lumen Creative,Marketing Services,R&D,66476.01,INR,CTR0007,ON_CONTRACT,REQ00172,2025-11-05
TXN004097,ERP_EXPORT,SUP0005,Cloudspan Software,IT Software & Licences,IT,16436.65,INR,CTR0002,ON_CONTRACT,,2026-02-03
TXN004098,ERP_EXPORT,SUP0019,Lumen Creative,Marketing Services,Facilities,31423.82,INR,CTR0007,ON_CONTRACT,REQ00232,2025-10-20
TXN004099,ERP_EXPORT,SUP0001,Nexa Technologies Pvt Ltd,IT Hardware,IT,65081.7,INR,CTR0001,ON_CONTRACT,REQ00298,2025-12-23
TXN004100,ERP_EXPORT,SUP0019,Lumen Creative,Marketing Services,R&D,23899.31,INR,CTR0007,ON_CONTRACT,,2026-02-20
TXN004101,ERP_EXPORT,SUP0014,Skyroute Travel,Travel,Logistics,59772.78,INR,CTR0005,ON_CONTRACT,REQ00666,2025-08-05
TXN004105,ERP_EXPORT,SUP0005,Cloudspan Software,IT Software & Licences,R&D,46072.86,INR,CTR0002,ON_CONTRACT,,2025-04-19
TXN004106,ERP_EXPORT,SUP0014,Skyroute Travel,Travel,Facilities,62433.61,INR,CTR0005,ON_CONTRACT,REQ00301,2025-05-15
TXN004107,ERP_EXPORT,SUP0016,Prime Facility Care,Facilities Maintenance,Logistics,67918.16,INR,CTR0006,ON_CONTRACT,REQ00238,2025-07-29
TXN004112,ERP_EXPORT,SUP0014,Skyroute Travel,Travel,Logistics,49022.84,INR,CTR0005,ON_CONTRACT,,2025-06-17
TXN004115,ERP_EXPORT,SUP0005,Cloudspan Software,IT Software & Licences,Operations,78095.76,INR,CTR0002,ON_CONTRACT,REQ00206,2025-06-03
TXN004116,ERP_EXPORT,SUP0023,FleetBridge Cargo,Logistics & Freight,IT,40299.56,INR,,OFF_CONTRACT,REQ00375,2025-10-04
TXN004117,ERP_EXPORT,SUP0005,Cloudspan Software,IT Software & Licences,Finance,111313.15,INR,CTR0002,ON_CONTRACT,REQ00129,2025-05-31
TXN004118,ERP_EXPORT,SUP0005,Cloudspan Software,IT Software & Licences,R&D,57692.01,INR,CTR0002,ON_CONTRACT,,2026-01-26
TXN004121,ERP_EXPORT,SUP0011,Sterling Advisory,Professional Services,Facilities,101604.22,INR,CTR0004,ON_CONTRACT,,2025-10-20
TXN004124,ERP_EXPORT,SUP0001,Nexa Technologies Pvt Ltd,IT Hardware,Facilities,164540.94,INR,CTR0001,ON_CONTRACT,REQ00867,2026-01-25
TXN004125,ERP_EXPORT,SUP0022,Transcore Logistics,Logistics & Freight,Human Resources,77751.87,INR,CTR0008,ON_CONTRACT,,2026-02-14
TXN004126,ERP_EXPORT,SUP0005,Cloudspan Software,IT Software & Licences,Operations,86017.91,INR,CTR0002,ON_CONTRACT,REQ00689,2026-01-10
TXN004127,ERP_EXPORT,SUP0008,Orion Office Supplies,Office Supplies,Human Resources,17631.56,INR,CTR0003,ON_CONTRACT,,2025-10-10
TXN004129,ERP_EXPORT,SUP0011,Sterling Advisory,Professional Services,Human Resources,102123.06,INR,CTR0004,ON_CONTRACT,REQ00506,2026-03-13
TXN004131,ERP_EXPORT,SUP0005,Cloudspan Software,IT Software & Licences,Facilities,43555.23,INR,CTR0002,ON_CONTRACT,,2025-12-28
TXN004132,ERP_EXPORT,SUP0008,Orion Office Supplies,Office Supplies,Facilities,7011.5,INR,CTR0003,ON_CONTRACT,REQ00408,2025-08-26
TXN004133,ERP_EXPORT,SUP0005,Cloudspan Software,IT Software & Licences,Operations,84492.63,INR,CTR0002,ON_CONTRACT,,2025-06-19
TXN004136,ERP_EXPORT,SUP0008,Orion Office Supplies,Office Supplies,Facilities,2373.6,INR,CTR0003,ON_CONTRACT,,2025-07-26
TXN004138,ERP_EXPORT,SUP0019,Lumen Creative,Marketing Services,  it  ,65294.26,INR,CTR0007,ON_CONTRACT,REQ00267,2026-02-04
TXN004142,ERP_EXPORT,SUP0011,Sterling Advisory,Professional Services,IT,68261.02,INR,CTR0004,ON_CONTRACT,REQ00512,2025-12-02
TXN004144,ERP_EXPORT,SUP0028,ORION OFFICE SUPPLIES,Office Supplies,IT,21124.92,INR,,OFF_CONTRACT,REQ00365,2026-01-21
TXN004145,ERP_EXPORT,SUP0005,Cloudspan Software,IT Software & Licences,Human Resources,111431.74,INR,CTR0002,ON_CONTRACT,,2025-07-30
TXN004146,ERP_EXPORT,SUP0022,Transcore Logistics,Logistics & Freight,R&D,65932.41,INR,CTR0008,ON_CONTRACT,REQ00024,2025-07-20
TXN004147,ERP_EXPORT,SUP0008,Orion Office Supplies,Office Supplies,Facilities,4378.98,INR,CTR0003,ON_CONTRACT,REQ00007,2025-06-29
TXN004149,ERP_EXPORT,SUP0011,Sterling Advisory,Professional Services,Logistics,193077.23,INR,CTR0004,ON_CONTRACT,,2025-09-09
TXN004151,ERP_EXPORT,SUP0005,Cloudspan Software,IT Software & Licences,Operations,27412.96,INR,CTR0002,ON_CONTRACT,,2025-11-20
TXN004152,ERP_EXPORT,SUP0001,Nexa Technologies Pvt Ltd,IT Hardware,Marketing,25004.76,INR,CTR0001,ON_CONTRACT,,2025-10-19
TXN004153,ERP_EXPORT,SUP0022,Transcore Logistics,Logistics & Freight,Finance,71107.37,INR,CTR0008,ON_CONTRACT,,2025-08-28
TXN004154,ERP_EXPORT,SUP0008,Orion Office Supplies,Office Supplies,IT,10201.71,INR,CTR0003,ON_CONTRACT,REQ00371,2025-10-21
TXN004156,ERP_EXPORT,SUP0014,Skyroute Travel,Travel,Operations,9057.59,INR,CTR0005,ON_CONTRACT,,2025-06-27
TXN004157,ERP_EXPORT,SUP0005,Cloudspan Software,IT Software & Licences,Operations,71731.44,INR,CTR0002,ON_CONTRACT,REQ00652,2025-11-12
TXN004159,ERP_EXPORT,SUP0001,Nexa Technologies Pvt Ltd,IT Hardware,Logistics,173432.91,INR,CTR0001,ON_CONTRACT,,2026-01-07
TXN004160,ERP_EXPORT,SUP0014,Skyroute Travel,Travel,Facilities,54391.09,INR,CTR0005,ON_CONTRACT,REQ00734,2025-06-22
TXN004161,ERP_EXPORT,SUP0022,Transcore Logistics,Logistics & Freight,Operations,54700.29,INR,CTR0008,ON_CONTRACT,,2025-09-15
TXN004164,ERP_EXPORT,SUP0011,Sterling Advisory,Professional Services,R&D,119795.61,INR,CTR0004,ON_CONTRACT,REQ00463,2025-06-08
TXN004165,ERP_EXPORT,SUP0008,Orion Office Supplies,Office Supplies,Operations,15964.11,INR,CTR0003,ON_CONTRACT,REQ00195,2026-03-09
TXN004170,ERP_EXPORT,SUP0006,Vertex Licensing,IT Software & Licences,R&D,25147.71,INR,,OFF_CONTRACT,REQ00476,2025-04-03
TXN004171,ERP_EXPORT,SUP0001,Nexa Technologies Pvt Ltd,IT Hardware,Finance,52419.03,INR,CTR0001,ON_CONTRACT,,2025-05-22
TXN004172,ERP_EXPORT,SUP0016,Prime Facility Care,Facilities Maintenance,Human Resources,69240.17,INR,CTR0006,ON_CONTRACT,REQ00423,2026-03-21
TXN004173,ERP_EXPORT,SUP0008,Orion Office Supplies,Office Supplies,Human Resources,12214.38,INR,CTR0003,ON_CONTRACT,REQ00368,2025-04-04
TXN004175,ERP_EXPORT,SUP0005,Cloudspan Software,IT Software & Licences,Finance,106729.95,INR,CTR0002,ON_CONTRACT,REQ00715,2025-08-04
TXN004177,ERP_EXPORT,SUP0013,Adept Partners,Professional Services,Human Resources,162370.03,INR,,OFF_CONTRACT,REQ00278,2025-04-30
TXN004178,ERP_EXPORT,SUP0014,Skyroute Travel,Travel,Finance,74622.85,INR,CTR0005,ON_CONTRACT,,2026-03-13
TXN004179,ERP_EXPORT,SUP0011,Sterling Advisory,Professional Services,Facilities,108657.62,INR,CTR0004,ON_CONTRACT,REQ00338,2025-06-21
TXN004181,ERP_EXPORT,SUP0014,Skyroute Travel,Travel,Operations,41021.71,INR,CTR0005,ON_CONTRACT,REQ00368,2025-12-30
TXN004182,ERP_EXPORT,SUP0001,Nexa Technologies Pvt Ltd,IT Hardware,Facilities,129238.63,INR,CTR0001,ON_CONTRACT,,2025-11-08
TXN004185,ERP_EXPORT,SUP0019,Lumen Creative,Marketing Services,Facilities,38649.39,INR,CTR0007,ON_CONTRACT,REQ00193,2025-11-16
TXN004186,ERP_EXPORT,SUP0011,Sterling Advisory,Professional Services,Finance,172803.21,INR,CTR0004,ON_CONTRACT,REQ00147,2025-11-13
TXN004188,ERP_EXPORT,SUP0018,Urban Upkeep,Facilities Maintenance,IT,44709.55,INR,,OFF_CONTRACT,,2025-05-26
TXN004190,ERP_EXPORT,SUP0019,Lumen Creative,Marketing Services,R&D,118085.61,INR,CTR0007,ON_CONTRACT,REQ00527,2025-07-10
TXN004192,ERP_EXPORT,SUP0021,Pulse Marketing Co,,Operations,142200.32,INR,,OFF_CONTRACT,,2026-01-18
TXN004194,ERP_EXPORT,SUP0019,Lumen Creative,Marketing Services,Logistics,122234.89,INR,CTR0007,ON_CONTRACT,,2025-12-22
TXN004195,ERP_EXPORT,SUP0016,Prime Facility Care,Facilities Maintenance,R&D,47150.36,INR,CTR0006,ON_CONTRACT,REQ00108,2026-01-05
TXN004196,ERP_EXPORT,SUP0015,Voyager Corporate Travel,Travel,Operations,23304.48,INR,,OFF_CONTRACT,REQ00583,2025-04-05
TXN004197,ERP_EXPORT,SUP0001,Nexa Technologies Pvt Ltd,IT Hardware,Human Resources,28981.89,INR,CTR0001,ON_CONTRACT,,2026-02-08
TXN004198,ERP_EXPORT,SUP0015,Voyager Corporate Travel,Travel,Human Resources,31332.39,INR,,OFF_CONTRACT,,2025-09-06
TXN004201,ERP_EXPORT,SUP0005,Cloudspan Software,IT Software & Licences,Human Resources,104245.73,INR,CTR0002,ON_CONTRACT,REQ00594,2026-02-28
TXN004202,ERP_EXPORT,SUP0013,Adept Partners,Professional Services,IT,81211.6,INR,,OFF_CONTRACT,REQ00621,2026-03-27
TXN004205,ERP_EXPORT,SUP0014,Skyroute Travel,Travel,Operations,16859.65,INR,CTR0005,ON_CONTRACT,REQ00454,2026-02-28
TXN004206,ERP_EXPORT,SUP0006,Vertex Licensing,IT Software & Licences,R&D,65241.56,INR,,OFF_CONTRACT,REQ00703,2026-02-21
TXN004207,ERP_EXPORT,SUP0011,Sterling Advisory,Professional Services,IT,162968.38,INR,CTR0004,ON_CONTRACT,REQ00548,2025-07-21
TXN004208,ERP_EXPORT,SUP0019,Lumen Creative,Marketing Services,Operations,95792.42,INR,CTR0007,ON_CONTRACT,,2025-12-13
TXN004209,ERP_EXPORT,SUP0016,Prime Facility Care,Facilities Maintenance,Operations,15161.93,INR,CTR0006,ON_CONTRACT,REQ00602,2026-02-04
TXN004210,ERP_EXPORT,SUP0016,Prime Facility Care,Facilities Maintenance,IT,13421.61,INR,CTR0006,ON_CONTRACT,,2025-07-24
TXN004213,ERP_EXPORT,SUP0011,Sterling Advisory,Professional Services,Human Resources,154312.43,INR,CTR0004,ON_CONTRACT,REQ00077,2025-08-28
TXN004215,ERP_EXPORT,SUP0016,Prime Facility Care,Facilities Maintenance,IT,48266.45,INR,CTR0006,ON_CONTRACT,,2025-06-16
TXN004216,ERP_EXPORT,SUP0001,Nexa Technologies Pvt Ltd,IT Hardware,Human Resources,152110.46,INR,CTR0001,ON_CONTRACT,REQ00429,2025-09-06
TXN004217,ERP_EXPORT,SUP0015,Voyager Corporate Travel,Travel,Logistics,11409.47,INR,,OFF_CONTRACT,,2025-05-27
TXN004218,ERP_EXPORT,SUP0008,Orion Office Supplies,Office Supplies,Facilities,13456.99,INR,CTR0003,ON_CONTRACT,,2025-06-15
TXN004220,ERP_EXPORT,SUP0001,Nexa Technologies Pvt Ltd,IT Hardware,Marketing,642352.03,INR,,OFF_CONTRACT,REQ00154,2026-01-03
TXN004224,ERP_EXPORT,SUP0014,Skyroute Travel,Travel,Marketing,74413.8,INR,CTR0005,ON_CONTRACT,REQ00879,2025-07-08
TXN004226,ERP_EXPORT,SUP0011,Sterling Advisory,Professional Services,Marketing,193346.56,INR,CTR0004,ON_CONTRACT,,2025-11-04
TXN004228,ERP_EXPORT,SUP0001,Nexa Technologies Pvt Ltd,IT Hardware,IT,124349.66,INR,CTR0001,ON_CONTRACT,REQ00474,2025-04-13
TXN004229,ERP_EXPORT,SUP0007,Meridian Softworks,IT Software & Licences,IT,63949.07,INR,,OFF_CONTRACT,REQ00599,2025-07-16
TXN004230,ERP_EXPORT,SUP0014,Skyroute Travel,Travel,R&D,23574.76,INR,CTR0005,ON_CONTRACT,,2025-06-23
TXN004232,ERP_EXPORT,SUP0005,Cloudspan Software,IT Software & Licences,R&D,73428.79,INR,CTR0002,ON_CONTRACT,,2026-02-07
TXN004235,ERP_EXPORT,SUP0011,Sterling Advisory,Professional Services,Human Resources,44396.16,INR,CTR0004,ON_CONTRACT,REQ00799,2025-04-28
TXN004236,ERP_EXPORT,SUP0016,Prime Facility Care,Facilities Maintenance,Logistics,28946.39,INR,CTR0006,ON_CONTRACT,,2025-12-31
TXN004237,ERP_EXPORT,SUP0022,Transcore Logistics,Logistics & Freight,Operations,16721.16,INR,CTR0008,ON_CONTRACT,REQ00710,2026-03-05
TXN004238,ERP_EXPORT,SUP0002,Zenith Computing,IT Hardware,IT,143811.73,INR,,OFF_CONTRACT,,2025-08-11
TXN004239,ERP_EXPORT,SUP0019,Lumen Creative,Marketing Services,Finance,118295.04,INR,CTR0007,ON_CONTRACT,REQ00278,2025-12-08
TXN004240,ERP_EXPORT,SUP0019,Lumen Creative,Marketing Services,IT,66389.31,INR,CTR0007,ON_CONTRACT,,2025-08-14
TXN004242,ERP_EXPORT,SUP0022,Transcore Logistics,Logistics & Freight,Human Resources,44862.79,INR,CTR0008,ON_CONTRACT,REQ00004,2026-03-23
TXN004243,ERP_EXPORT,SUP0014,Skyroute Travel,Travel,Logistics,70012.81,INR,CTR0005,ON_CONTRACT,,2025-04-28
TXN004245,ERP_EXPORT,SUP0014,Skyroute Travel,Travel,Marketing,41806.94,INR,CTR0005,ON_CONTRACT,REQ00151,2025-10-23
TXN004247,ERP_EXPORT,SUP0016,Prime Facility Care,Facilities Maintenance,R&D,25052.75,INR,CTR0006,ON_CONTRACT,REQ00397,2025-10-21
TXN004249,ERP_EXPORT,SUP0016,Prime Facility Care,Facilities Maintenance,Operations,45072.59,INR,CTR0006,ON_CONTRACT,,2025-06-29
TXN004251,ERP_EXPORT,SUP0005,Cloudspan Software,IT Software & Licences,Human Resources,54673.12,INR,CTR0002,ON_CONTRACT,,2025-12-24
TXN004253,ERP_EXPORT,SUP0008,Orion Office Supplies,Office Supplies,Facilities,9804.02,INR,CTR0003,ON_CONTRACT,,2025-04-29
TXN004254,ERP_EXPORT,SUP0022,Transcore Logistics,Logistics & Freight,Operations,53992.33,INR,CTR0008,ON_CONTRACT,REQ00562,2026-01-22
TXN004255,ERP_EXPORT,SUP0018,Urban Upkeep,Facilities Maintenance,Marketing,19715.38,INR,,OFF_CONTRACT,,2025-08-29
TXN004256,ERP_EXPORT,SUP0019,Lumen Creative,Marketing Services,Facilities,112134.31,INR,CTR0007,ON_CONTRACT,REQ00849,2026-01-18
TXN004257,ERP_EXPORT,SUP0001,Nexa Technologies Pvt Ltd,IT Hardware,Facilities,179651.16,INR,CTR0001,ON_CONTRACT,REQ00755,2025-10-03
TXN004258,ERP_EXPORT,SUP0001,Nexa Technologies Pvt Ltd,IT Hardware,Marketing,95019.62,INR,CTR0001,ON_CONTRACT,REQ00296,2026-01-15
TXN004260,ERP_EXPORT,SUP0008,Orion Office Supplies,Office Supplies,Marketing,11216.2,INR,CTR0003,ON_CONTRACT,,2025-11-27
TXN004261,ERP_EXPORT,SUP0018,Urban Upkeep,Facilities Maintenance,Logistics,16908.77,INR,,OFF_CONTRACT,,2026-03-01
TXN004264,ERP_EXPORT,SUP0014,Skyroute Travel,Travel,Human Resources,39756.5,INR,CTR0005,ON_CONTRACT,REQ00292,2025-05-28
TXN004265,ERP_EXPORT,SUP0016,Prime Facility Care,Facilities Maintenance,IT,49581.42,INR,CTR0006,ON_CONTRACT,,2026-03-15
TXN004268,ERP_EXPORT,SUP0022,Transcore Logistics,Logistics & Freight,R&D,17100.04,INR,CTR0008,ON_CONTRACT,,2025-04-03
TXN004272,ERP_EXPORT,SUP0001,Nexa Technologies Pvt Ltd,IT Hardware,Human Resources,172957.72,INR,CTR0001,ON_CONTRACT,REQ00579,2026-02-11
TXN004273,ERP_EXPORT,SUP0019,Lumen Creative,Marketing Services,Operations,41200.52,INR,CTR0007,ON_CONTRACT,REQ00452,2026-01-28
TXN004274,ERP_EXPORT,SUP0005,Cloudspan Software,IT Software & Licences,IT,65128.7,INR,CTR0002,ON_CONTRACT,,2025-12-22
TXN004280,ERP_EXPORT,SUP0014,Skyroute Travel,Travel,Logistics,40122.88,INR,CTR0005,ON_CONTRACT,,2026-01-06
TXN004281,ERP_EXPORT,SUP0005,Cloudspan Software,IT Software & Licences,Facilities,32079.39,INR,CTR0002,ON_CONTRACT,,2025-08-23
TXN004283,ERP_EXPORT,SUP0011,Sterling Advisory,Professional Services,Human Resources,83854.5,INR,CTR0004,ON_CONTRACT,,2025-07-02
TXN004284,ERP_EXPORT,SUP0005,Cloudspan Software,IT Software & Licences,Marketing,21149.36,INR,CTR0002,ON_CONTRACT,REQ00549,2025-04-25
TXN004285,ERP_EXPORT,SUP0014,Skyroute Travel,Travel,Marketing,53294.02,INR,CTR0005,ON_CONTRACT,REQ00886,2025-11-06
TXN004286,ERP_EXPORT,SUP0022,Transcore Logistics,Logistics & Freight,Logistics,61404.07,INR,CTR0008,ON_CONTRACT,,2025-09-17
TXN004287,ERP_EXPORT,SUP0014,Skyroute Travel,Travel,Logistics,79496.87,INR,CTR0005,ON_CONTRACT,,2025-05-06
TXN004288,ERP_EXPORT,SUP0011,Sterling Advisory,Professional Services,Marketing,161166.14,INR,CTR0004,ON_CONTRACT,,2026-01-23
TXN004290,ERP_EXPORT,SUP0019,Lumen Creative,Marketing Services,Facilities,132421.66,INR,CTR0007,ON_CONTRACT,,2026-01-23
TXN004293,ERP_EXPORT,SUP0019,Lumen Creative,Marketing Services,Marketing,99219.08,INR,CTR0007,ON_CONTRACT,,2025-08-01
TXN004294,ERP_EXPORT,SUP0026,Nexa Tech Pvt Ltd,IT Hardware,R&D,165742.87,INR,,OFF_CONTRACT,REQ00259,2025-12-22
TXN004295,ERP_EXPORT,SUP0002,Zenith Computing,IT Hardware,IT,86428.46,INR,,OFF_CONTRACT,REQ00134,2025-11-17
TXN004296,ERP_EXPORT,SUP0014,Skyroute Travel,Travel,Logistics,32298.72,INR,CTR0005,ON_CONTRACT,,2025-06-30
TXN004297,ERP_EXPORT,SUP0022,Transcore Logistics,Logistics & Freight,Marketing,23907.96,INR,CTR0008,ON_CONTRACT,REQ00468,2025-09-28
TXN004298,ERP_EXPORT,SUP0019,Lumen Creative,Marketing Services,Facilities,41202.37,INR,CTR0007,ON_CONTRACT,REQ00079,2025-07-17
TXN004300,ERP_EXPORT,SUP0019,Lumen Creative,Marketing Services,Human Resources,103395.18,INR,CTR0007,ON_CONTRACT,REQ00883,2025-12-18
TXN004301,ERP_EXPORT,SUP0016,Prime Facility Care,Facilities Maintenance,Finance,14836.92,INR,CTR0006,ON_CONTRACT,REQ00726,2025-08-30
TXN004302,ERP_EXPORT,SUP0005,Cloudspan Software,IT Software & Licences,Marketing,113654.7,INR,CTR0002,ON_CONTRACT,REQ00078,2025-06-27
TXN004303,ERP_EXPORT,SUP0019,Lumen Creative,Marketing Services,Finance,125718.71,INR,CTR0007,ON_CONTRACT,,2026-02-09
TXN004305,ERP_EXPORT,SUP0014,Skyroute Travel,Travel,Marketing,75931.97,INR,CTR0005,ON_CONTRACT,REQ00082,2026-03-09
TXN004307,ERP_EXPORT,SUP0011,Sterling Advisory,Professional Services,R&D,140136.16,INR,CTR0004,ON_CONTRACT,,2025-12-24
TXN004309,ERP_EXPORT,SUP0016,Prime Facility Care,Facilities Maintenance,Logistics,59719.17,INR,CTR0006,ON_CONTRACT,,2025-04-15
TXN004310,ERP_EXPORT,SUP0011,Sterling Advisory,Professional Services,Logistics,204528.61,INR,CTR0004,ON_CONTRACT,REQ00232,2025-08-16
TXN004311,ERP_EXPORT,SUP0022,Transcore Logistics,Logistics & Freight,Operations,34996.75,INR,CTR0008,ON_CONTRACT,,2025-08-15
TXN004315,ERP_EXPORT,SUP0008,Orion Office Supplies,Office Supplies,Logistics,24331.63,INR,CTR0003,ON_CONTRACT,,2025-04-12
TXN004317,ERP_EXPORT,SUP0016,Prime Facility Care,Facilities Maintenance,R&D,53323.96,INR,CTR0006,ON_CONTRACT,REQ00744,2026-03-25
TXN004319,ERP_EXPORT,SUP0005,Cloudspan Software,IT Software & Licences,Facilities,57569.4,INR,CTR0002,ON_CONTRACT,REQ00598,2025-11-02
TXN004322,ERP_EXPORT,SUP0022,Transcore Logistics,Logistics & Freight,Marketing,89682.79,INR,CTR0008,ON_CONTRACT,,2025-05-07
TXN004325,ERP_EXPORT,SUP0014,Skyroute Travel,Travel,Finance,74393.35,INR,CTR0005,ON_CONTRACT,REQ00088,2025-06-05
TXN004328,ERP_EXPORT,SUP0019,Lumen Creative,Marketing Services,Facilities,157552.98,INR,CTR0007,ON_CONTRACT,REQ00690,2025-04-09
TXN004329,ERP_EXPORT,SUP0005,Cloudspan Software,IT Software & Licences,Logistics,24043.87,INR,CTR0002,ON_CONTRACT,REQ00828,2025-07-11
TXN004330,ERP_EXPORT,SUP0016,Prime Facility Care,Facilities Maintenance,Logistics,58863.21,INR,CTR0006,ON_CONTRACT,REQ00524,2025-11-22
TXN004331,ERP_EXPORT,SUP0006,Vertex Licensing,IT Software & Licences,R&D,44435.15,INR,,OFF_CONTRACT,,2025-10-06
TXN004332,ERP_EXPORT,SUP0022,Transcore Logistics,Logistics & Freight,Human Resources,22970.91,INR,CTR0008,ON_CONTRACT,REQ00507,2025-09-22
TXN004333,ERP_EXPORT,SUP0016,Prime Facility Care,Facilities Maintenance,Finance,36391.34,INR,CTR0006,ON_CONTRACT,REQ00351,2025-09-13
TXN004334,ERP_EXPORT,SUP0011,Sterling Advisory,Professional Services,Facilities,175230.88,INR,CTR0004,ON_CONTRACT,REQ00308,2025-12-20
TXN004337,ERP_EXPORT,SUP0008,Orion Office Supplies,Office Supplies,Finance,15787.61,INR,CTR0003,ON_CONTRACT,REQ00069,2026-02-07
TXN004340,ERP_EXPORT,SUP0008,Orion Office Supplies,Office Supplies,Human Resources,6975.65,INR,CTR0003,ON_CONTRACT,REQ00027,2025-12-19
TXN004341,ERP_EXPORT,SUP0008,Orion Office Supplies,Office Supplies,Finance,12179.28,INR,CTR0003,ON_CONTRACT,,2025-08-02
TXN004343,ERP_EXPORT,SUP0002,Zenith Computing,IT Hardware,R&D,152175.58,INR,,OFF_CONTRACT,REQ00660,2025-04-12
TXN004346,ERP_EXPORT,SUP0022,Transcore Logistics,Logistics & Freight,Marketing,41307.54,INR,CTR0008,ON_CONTRACT,,2026-03-02
TXN004347,ERP_EXPORT,SUP0012,Cobalt Consulting,Professional Services,IT,207954.51,INR,,OFF_CONTRACT,REQ00609,2025-05-15
TXN004348,ERP_EXPORT,SUP0005,Cloudspan Software,IT Software & Licences,Operations,73242.14,INR,CTR0002,ON_CONTRACT,REQ00515,2026-03-30
TXN004349,ERP_EXPORT,SUP0016,Prime Facility Care,Facilities Maintenance,R&D,59555.94,INR,CTR0006,ON_CONTRACT,,2025-11-23
TXN004350,ERP_EXPORT,SUP0019,Lumen Creative,Marketing Services,Logistics,108404.23,INR,CTR0007,ON_CONTRACT,REQ00840,2025-06-05
TXN004351,ERP_EXPORT,SUP0005,Cloudspan Software,IT Software & Licences,Marketing,97362.57,INR,CTR0002,ON_CONTRACT,,2026-03-23
TXN004353,ERP_EXPORT,SUP0001,Nexa Technologies Pvt Ltd,IT Hardware,IT,89191.87,INR,CTR0001,ON_CONTRACT,,2026-02-25
TXN004355,ERP_EXPORT,SUP0001,Nexa Technologies Pvt Ltd,IT Hardware,Operations,108872.64,INR,CTR0001,ON_CONTRACT,REQ00402,2026-01-13
TXN004364,ERP_EXPORT,SUP0011,Sterling Advisory,Professional Services,Operations,149914.29,INR,CTR0004,ON_CONTRACT,,2026-02-23
TXN004368,ERP_EXPORT,SUP0014,Skyroute Travel,Travel,R&D,44230.36,INR,CTR0005,ON_CONTRACT,REQ00620,2025-08-04
TXN004369,ERP_EXPORT,SUP0009,Paperline Traders,Office Supplies,Logistics,5757.44,INR,,OFF_CONTRACT,REQ00505,2025-05-26
TXN004370,ERP_EXPORT,SUP0016,Prime Facility Care,Facilities Maintenance,IT,21067.54,INR,CTR0006,ON_CONTRACT,,2025-05-04
TXN004371,ERP_EXPORT,SUP0014,Skyroute Travel,Travel,Operations,24588.1,INR,CTR0005,ON_CONTRACT,REQ00222,2025-08-31
TXN004372,ERP_EXPORT,SUP0012,Cobalt Consulting,Professional Services,Logistics,121208.48,INR,,OFF_CONTRACT,REQ00713,2026-01-03
TXN004374,ERP_EXPORT,SUP0008,Orion Office Supplies,Office Supplies,Finance,11149.25,INR,CTR0003,ON_CONTRACT,,2025-09-30
TXN004375,ERP_EXPORT,SUP0016,Prime Facility Care,Facilities Maintenance,Facilities,40702.45,INR,CTR0006,ON_CONTRACT,,2025-11-02
TXN004376,ERP_EXPORT,SUP0003,BluePeak Systems,IT Hardware,Marketing,99910.61,INR,,OFF_CONTRACT,,2025-07-30
TXN004377,ERP_EXPORT,SUP0019,Lumen Creative,Marketing Services,Operations,73589.77,INR,CTR0007,ON_CONTRACT,REQ00501,2025-07-10
TXN004378,ERP_EXPORT,SUP0021,Pulse Marketing Co,Marketing Services,Operations,137480.53,INR,,OFF_CONTRACT,REQ00034,2025-08-11
TXN004379,ERP_EXPORT,SUP0011,Sterling Advisory,Professional Services,Human Resources,70518.61,INR,CTR0004,ON_CONTRACT,REQ00819,2025-08-19
TXN004380,ERP_EXPORT,SUP0021,Pulse Marketing Co,Marketing Services,R&D,90797.54,INR,,OFF_CONTRACT,REQ00786,2025-05-16
TXN004381,ERP_EXPORT,SUP0008,Orion Office Supplies,Office Supplies,Logistics,3426.95,INR,CTR0003,ON_CONTRACT,REQ00173,2026-01-20
TXN004382,ERP_EXPORT,SUP0022,Transcore Logistics,Logistics & Freight,Human Resources,17905.92,INR,CTR0008,ON_CONTRACT,REQ00310,2025-04-03
TXN004384,ERP_EXPORT,SUP0022,Transcore Logistics,Logistics & Freight,Human Resources,58979.53,INR,CTR0008,ON_CONTRACT,,2026-03-26
TXN004385,ERP_EXPORT,SUP0019,Lumen Creative,Marketing Services,R&D,142924.69,INR,CTR0007,ON_CONTRACT,REQ00315,2025-10-15
TXN004386,ERP_EXPORT,SUP0004,Arcadia IT Traders,IT Hardware,Marketing,111470.42,INR,,OFF_CONTRACT,REQ00767,2025-04-12
TXN004391,ERP_EXPORT,SUP0005,Cloudspan Software,IT Software & Licences,Marketing,34454.07,INR,CTR0002,ON_CONTRACT,REQ00795,2025-06-16
TXN004398,ERP_EXPORT,SUP0014,Skyroute Travel,Travel,Logistics,14329.38,INR,CTR0005,ON_CONTRACT,,2025-04-18
TXN004399,ERP_EXPORT,SUP0001,Nexa Technologies Pvt Ltd,IT Hardware,Logistics,51332.5,INR,CTR0001,ON_CONTRACT,,2025-09-17
TXN004400,ERP_EXPORT,SUP0016,Prime Facility Care,Facilities Maintenance,Marketing,17616.66,INR,CTR0006,ON_CONTRACT,,2025-09-29
TXN004403,ERP_EXPORT,SUP0001,Nexa Technologies Pvt Ltd,IT Hardware,Facilities,63106.35,INR,CTR0001,ON_CONTRACT,,2025-11-15
TXN004404,ERP_EXPORT,SUP0011,Sterling Advisory,Professional Services,Human Resources,115209.34,INR,CTR0004,ON_CONTRACT,,2025-09-11
TXN004408,ERP_EXPORT,SUP0014,Skyroute Travel,Travel,R&D,19689.64,INR,CTR0005,ON_CONTRACT,,2025-08-01
TXN004411,ERP_EXPORT,SUP0011,Sterling Advisory,Professional Services,Logistics,56119.19,INR,CTR0004,ON_CONTRACT,,2025-10-25
TXN004412,ERP_EXPORT,SUP0022,Transcore Logistics,Logistics & Freight,Operations,12347.56,INR,CTR0008,ON_CONTRACT,REQ00142,2025-10-30
TXN004414,ERP_EXPORT,SUP0023,FleetBridge Cargo,Logistics & Freight,IT,65271.02,INR,,OFF_CONTRACT,REQ00591,2025-06-01
TXN004415,ERP_EXPORT,SUP0005,Cloudspan Software,IT Software & Licences,R&D,58132.83,INR,CTR0002,ON_CONTRACT,REQ00391,2026-03-31
TXN004418,ERP_EXPORT,SUP0016,Prime Facility Care,Facilities Maintenance,Logistics,11440.3,INR,CTR0006,ON_CONTRACT,,2026-01-12
TXN004419,ERP_EXPORT,SUP0022,Transcore Logistics,Logistics & Freight,Facilities,39835.84,INR,CTR0008,ON_CONTRACT,,2025-09-22
TXN004421,ERP_EXPORT,SUP0001,Nexa Technologies Pvt Ltd,IT Hardware,Marketing,40255.75,INR,CTR0001,ON_CONTRACT,REQ00586,2026-01-25
TXN004425,ERP_EXPORT,SUP0025,NEXA TECHNOLOGIES PVT. LTD.,IT Hardware,IT,73881.38,INR,,OFF_CONTRACT,REQ00831,2025-08-04
TXN004426,ERP_EXPORT,SUP0022,Transcore Logistics,Logistics & Freight,R&D,44631.21,INR,CTR0008,ON_CONTRACT,,2026-03-27
TXN004427,ERP_EXPORT,SUP0021,Pulse Marketing Co,Marketing Services,IT,53169.36,INR,,OFF_CONTRACT,REQ00861,2026-03-28
TXN004431,ERP_EXPORT,SUP0016,Prime Facility Care,Facilities Maintenance,R&D,50652.75,INR,CTR0006,ON_CONTRACT,REQ00370,2026-03-13
TXN004432,ERP_EXPORT,SUP0014,Skyroute Travel,Travel,Marketing,52848.17,INR,CTR0005,ON_CONTRACT,REQ00458,2026-01-26
TXN004433,ERP_EXPORT,SUP0014,Skyroute Travel,Travel,IT,46957.37,INR,CTR0005,ON_CONTRACT,,2025-04-21
TXN004439,ERP_EXPORT,SUP0022,Transcore Logistics,Logistics & Freight,Facilities,94378.71,INR,CTR0008,ON_CONTRACT,REQ00726,2026-01-11
TXN004441,ERP_EXPORT,SUP0011,Sterling Advisory,Professional Services,Operations,223604.54,INR,CTR0004,ON_CONTRACT,REQ00265,2025-06-06
TXN004442,ERP_EXPORT,SUP0008,Orion Office Supplies,Office Supplies,R&D,21104.32,INR,CTR0003,ON_CONTRACT,REQ00790,2025-12-23
TXN004444,ERP_EXPORT,SUP0016,Prime Facility Care,Facilities Maintenance,Operations,33959.95,INR,CTR0006,ON_CONTRACT,,2025-11-28
TXN004446,ERP_EXPORT,SUP0011,Sterling Advisory,Professional Services,Operations,245426.34,INR,CTR0004,ON_CONTRACT,REQ00780,2025-07-10
TXN004447,ERP_EXPORT,SUP0005,Cloudspan Software,IT Software & Licences,Operations,33993.65,INR,CTR0002,ON_CONTRACT,REQ00376,2025-10-22
TXN004450,ERP_EXPORT,SUP0005,Cloudspan Software,IT Software & Licences,R&D,91741.39,INR,CTR0002,ON_CONTRACT,REQ00669,2026-02-16
TXN004452,ERP_EXPORT,SUP0008,Orion Office Supplies,Office Supplies,Operations,15302.27,INR,CTR0003,ON_CONTRACT,REQ00685,2025-06-20
TXN004453,ERP_EXPORT,SUP0019,Lumen Creative,Marketing Services,Marketing,136565.65,INR,CTR0007,ON_CONTRACT,,2025-11-17
TXN004456,ERP_EXPORT,SUP0001,Nexa Technologies Pvt Ltd,IT Hardware,Logistics,34240.69,INR,CTR0001,ON_CONTRACT,,2026-03-13
TXN004457,ERP_EXPORT,SUP0011,Sterling Advisory,Professional Services,Finance,185330.62,INR,CTR0004,ON_CONTRACT,REQ00169,2025-05-19
TXN004458,ERP_EXPORT,SUP0018,Urban Upkeep,Facilities Maintenance,Finance,18399.24,INR,,OFF_CONTRACT,,2025-05-12
TXN004459,ERP_EXPORT,SUP0001,Nexa Technologies Pvt Ltd,IT Hardware,R&D,89451.88,INR,CTR0001,ON_CONTRACT,REQ00755,2026-02-27
TXN004461,ERP_EXPORT,SUP0014,Skyroute Travel,Travel,Human Resources,41024.64,INR,CTR0005,ON_CONTRACT,,2026-01-21
TXN004462,ERP_EXPORT,SUP0019,Lumen Creative,Marketing Services,Finance,92745.63,INR,CTR0007,ON_CONTRACT,,2025-05-16
TXN004463,ERP_EXPORT,SUP0001,Nexa Technologies Pvt Ltd,IT Hardware,Human Resources,179461.58,INR,CTR0001,ON_CONTRACT,REQ00481,2025-10-13
TXN004464,ERP_EXPORT,SUP0008,Orion Office Supplies,Office Supplies,R&D,5110.0,INR,CTR0003,ON_CONTRACT,REQ00694,2025-11-13
TXN004466,ERP_EXPORT,SUP0014,Skyroute Travel,Travel,Finance,40472.08,INR,CTR0005,ON_CONTRACT,REQ00762,2025-08-25
TXN004468,ERP_EXPORT,SUP0022,Transcore Logistics,Logistics & Freight,Facilities,25175.15,INR,CTR0008,ON_CONTRACT,REQ00150,2025-11-26
TXN004469,ERP_EXPORT,SUP0011,Sterling Advisory,Professional Services,Marketing,239347.35,INR,CTR0004,ON_CONTRACT,REQ00400,2026-03-03
TXN004471,ERP_EXPORT,SUP0014,Skyroute Travel,Travel,Facilities,82377.44,INR,CTR0005,ON_CONTRACT,REQ00401,2025-04-03
TXN004472,ERP_EXPORT,SUP0005,Cloudspan Software,IT Software & Licences,IT,119110.94,INR,CTR0002,ON_CONTRACT,REQ00532,2025-11-07
TXN004474,ERP_EXPORT,SUP0011,Sterling Advisory,Professional Services,Finance,114642.26,INR,CTR0004,ON_CONTRACT,,2025-08-22
TXN004475,ERP_EXPORT,SUP0005,Cloudspan Software,IT Software & Licences,IT,85268.0,INR,CTR0002,ON_CONTRACT,,2026-02-10
TXN004476,ERP_EXPORT,SUP0001,Nexa Technologies Pvt Ltd,IT Hardware,R&D,99989.39,INR,CTR0001,ON_CONTRACT,REQ00790,2026-03-29
TXN004477,ERP_EXPORT,SUP0016,Prime Facility Care,Facilities Maintenance,IT,35103.37,INR,CTR0006,ON_CONTRACT,REQ00770,2025-12-08
TXN004478,ERP_EXPORT,SUP0011,Sterling Advisory,Professional Services,Human Resources,115140.36,INR,CTR0004,ON_CONTRACT,REQ00506,2025-07-19
TXN004482,ERP_EXPORT,SUP0022,Transcore Logistics,Logistics & Freight,Operations,51154.41,INR,CTR0008,ON_CONTRACT,,2025-08-19
TXN004483,ERP_EXPORT,SUP0012,Cobalt Consulting,Professional Services,R&D,156229.07,INR,,OFF_CONTRACT,REQ00634,2025-07-19
TXN004485,ERP_EXPORT,SUP0008,Orion Office Supplies,Office Supplies,Operations,6832.47,INR,CTR0003,ON_CONTRACT,REQ00542,2025-10-25
TXN004486,ERP_EXPORT,SUP0016,Prime Facility Care,Facilities Maintenance,Facilities,54536.28,INR,CTR0006,ON_CONTRACT,,2025-10-17
TXN004487,ERP_EXPORT,SUP0024,Nexa Technologies,IT Hardware,IT,28905.86,INR,,OFF_CONTRACT,REQ00047,2025-07-17
TXN004489,ERP_EXPORT,SUP0011,Sterling Advisory,Professional Services,Human Resources,203844.66,INR,CTR0004,ON_CONTRACT,REQ00753,2026-01-24
TXN004494,ERP_EXPORT,SUP0016,Prime Facility Care,Facilities Maintenance,IT,57774.62,INR,CTR0006,ON_CONTRACT,REQ00347,2025-12-03
TXN004495,ERP_EXPORT,SUP0011,Sterling Advisory,Professional Services,IT,194355.29,INR,CTR0004,ON_CONTRACT,REQ00877,2025-08-29
TXN004498,ERP_EXPORT,SUP0005,Cloudspan Software,IT Software & Licences,Finance,28984.12,INR,CTR0002,ON_CONTRACT,REQ00365,2025-09-20
TXN004500,ERP_EXPORT,SUP0020,BrightArc Media,Marketing Services,IT,78673.93,INR,,OFF_CONTRACT,REQ00658,2025-09-07
TXN004501,ERP_EXPORT,SUP0008,Orion Office Supplies,Office Supplies,Marketing,15783.88,INR,CTR0003,ON_CONTRACT,,2026-01-11
TXN004503,ERP_EXPORT,SUP0009,Paperline Traders,Office Supplies,Marketing,8628.24,INR,,OFF_CONTRACT,REQ00200,2025-08-22
TXN004504,ERP_EXPORT,SUP0016,Prime Facility Care,Facilities Maintenance,Human Resources,10387.86,INR,CTR0006,ON_CONTRACT,REQ00054,2025-07-19
TXN004508,ERP_EXPORT,SUP0005,Cloudspan Software,IT Software & Licences,Facilities,17514.36,INR,CTR0002,ON_CONTRACT,REQ00121,2026-01-09
TXN004512,ERP_EXPORT,SUP0011,Sterling Advisory,Professional Services,Finance,139046.39,INR,CTR0004,ON_CONTRACT,,2026-01-10
TXN004514,ERP_EXPORT,SUP0014,Skyroute Travel,Travel,Facilities,59305.92,INR,CTR0005,ON_CONTRACT,REQ00773,2025-04-26
TXN004515,ERP_EXPORT,SUP0011,Sterling Advisory,Professional Services,R&D,155611.65,INR,CTR0004,ON_CONTRACT,,2025-05-23
TXN004519,ERP_EXPORT,SUP0018,Urban Upkeep,Facilities Maintenance,Marketing,21777.66,INR,,OFF_CONTRACT,,2025-11-20
TXN004520,ERP_EXPORT,SUP0014,Skyroute Travel,Travel,Operations,9850.29,INR,CTR0005,ON_CONTRACT,,2026-02-21
TXN004521,ERP_EXPORT,SUP0016,Prime Facility Care,Facilities Maintenance,Human Resources,61699.89,INR,CTR0006,ON_CONTRACT,REQ00281,2025-05-11
TXN004523,ERP_EXPORT,SUP0022,Transcore Logistics,Logistics & Freight,Operations,85924.65,INR,CTR0008,ON_CONTRACT,,2026-02-16
TXN004525,ERP_EXPORT,SUP0011,Sterling Advisory,Professional Services,Human Resources,210133.83,INR,CTR0004,ON_CONTRACT,REQ00538,2026-02-17
TXN004531,ERP_EXPORT,SUP0019,Lumen Creative,Marketing Services,Logistics,57631.67,INR,CTR0007,ON_CONTRACT,,2026-03-17
TXN004532,ERP_EXPORT,SUP0014,Skyroute Travel,Travel,Finance,24288.86,INR,CTR0005,ON_CONTRACT,,2025-12-11
TXN004534,ERP_EXPORT,SUP0001,Nexa Technologies Pvt Ltd,IT Hardware,Human Resources,72494.39,INR,CTR0001,ON_CONTRACT,,2025-05-03
TXN004535,ERP_EXPORT,SUP0022,Transcore Logistics,Logistics & Freight,IT,58076.1,INR,CTR0008,ON_CONTRACT,REQ00154,2025-04-05
TXN004536,ERP_EXPORT,SUP0016,Prime Facility Care,Facilities Maintenance,Facilities,45279.5,INR,CTR0006,ON_CONTRACT,REQ00122,2025-12-20
TXN004537,ERP_EXPORT,SUP0014,Skyroute Travel,Travel,Finance,42972.98,INR,CTR0005,ON_CONTRACT,,2026-02-14
TXN004538,ERP_EXPORT,SUP0011,Sterling Advisory,Professional Services,Marketing,169238.36,INR,CTR0004,ON_CONTRACT,REQ00736,2026-03-31
TXN004539,ERP_EXPORT,SUP0005,Cloudspan Software,IT Software & Licences,Marketing,23565.37,INR,CTR0002,ON_CONTRACT,,2026-01-22
TXN004541,ERP_EXPORT,SUP0022,Transcore Logistics,Logistics & Freight,Operations,26261.85,INR,CTR0008,ON_CONTRACT,,2026-02-20
TXN004542,ERP_EXPORT,SUP0023,FleetBridge Cargo,Logistics & Freight,Marketing,55000.43,INR,,OFF_CONTRACT,,2025-09-03
TXN004544,ERP_EXPORT,SUP0011,Sterling Advisory,Professional Services,Facilities,99489.72,INR,CTR0004,ON_CONTRACT,REQ00669,2025-04-08
TXN004545,ERP_EXPORT,SUP0024,Nexa Technologies,IT Hardware,Human Resources,87048.49,INR,,OFF_CONTRACT,REQ00419,2025-09-24
TXN004550,ERP_EXPORT,SUP0008,Orion Office Supplies,Office Supplies,Operations,20369.08,INR,CTR0003,ON_CONTRACT,REQ00375,2025-07-27
TXN004551,ERP_EXPORT,SUP0008,Orion Office Supplies,Office Supplies,IT,23453.32,INR,CTR0003,ON_CONTRACT,,2025-11-12
TXN004552,ERP_EXPORT,SUP0019,Lumen Creative,Marketing Services,R&D,22819.3,INR,CTR0007,ON_CONTRACT,,2025-12-29
TXN004556,ERP_EXPORT,SUP0001,Nexa Technologies Pvt Ltd,IT Hardware,Facilities,112511.55,INR,CTR0001,ON_CONTRACT,REQ00270,2025-07-22
TXN004557,ERP_EXPORT,SUP0001,Nexa Technologies Pvt Ltd,IT Hardware,R&D,127769.22,INR,CTR0001,ON_CONTRACT,REQ00294,2025-09-30
TXN004560,ERP_EXPORT,SUP0022,Transcore Logistics,Logistics & Freight,Finance,94746.8,INR,CTR0008,ON_CONTRACT,REQ00839,2025-08-03
TXN004561,ERP_EXPORT,SUP0015,Voyager Corporate Travel,Travel,R&D,67052.91,INR,,OFF_CONTRACT,,2025-11-26
TXN004563,ERP_EXPORT,SUP0011,Sterling Advisory,Professional Services,Logistics,224748.0,INR,CTR0004,ON_CONTRACT,REQ00729,2026-01-03
TXN004564,ERP_EXPORT,SUP0018,Urban Upkeep,Facilities Maintenance,Facilities,12953.25,INR,,OFF_CONTRACT,,2025-12-25
TXN004565,ERP_EXPORT,SUP0006,Vertex Licensing,IT Software & Licences,IT,39263.49,INR,,OFF_CONTRACT,,2025-06-06
TXN004566,ERP_EXPORT,SUP0005,Cloudspan Software,IT Software & Licences,Logistics,109225.5,INR,CTR0002,ON_CONTRACT,,2025-07-21
TXN004568,ERP_EXPORT,SUP0002,Zenith Computing,,Marketing,59200.91,INR,,OFF_CONTRACT,REQ00235,2026-02-03
TXN004569,ERP_EXPORT,SUP0016,Prime Facility Care,Facilities Maintenance,Logistics,18287.52,INR,CTR0006,ON_CONTRACT,REQ00462,2025-07-15
TXN004571,ERP_EXPORT,SUP0022,Transcore Logistics,Logistics & Freight,Logistics,53504.84,INR,CTR0008,ON_CONTRACT,REQ00471,2025-04-10
TXN004572,ERP_EXPORT,SUP0011,Sterling Advisory,Professional Services,Finance,181727.57,INR,CTR0004,ON_CONTRACT,REQ00004,2026-03-11
TXN004575,ERP_EXPORT,SUP0021,Pulse Marketing Co,Marketing Services,Human Resources,126400.78,INR,,OFF_CONTRACT,,2025-06-08
TXN004580,ERP_EXPORT,SUP0005,Cloudspan Software,IT Software & Licences,Human Resources,82788.27,INR,CTR0002,ON_CONTRACT,,2025-11-08
TXN004585,ERP_EXPORT,SUP0008,Orion Office Supplies,Office Supplies,Operations,17908.08,INR,CTR0003,ON_CONTRACT,,2025-07-16
TXN004587,ERP_EXPORT,SUP0022,Transcore Logistics,Logistics & Freight,Finance,44665.09,INR,CTR0008,ON_CONTRACT,,2025-11-04
TXN004591,ERP_EXPORT,SUP0001,Nexa Technologies Pvt Ltd,IT Hardware,R&D,114134.39,INR,CTR0001,ON_CONTRACT,REQ00887,2025-04-15
TXN004592,ERP_EXPORT,SUP0001,Nexa Technologies Pvt Ltd,IT Hardware,Facilities,57056.77,INR,CTR0001,ON_CONTRACT,REQ00539,2025-04-01
TXN004595,ERP_EXPORT,SUP0022,Transcore Logistics,Logistics & Freight,Facilities,47479.72,INR,CTR0008,ON_CONTRACT,REQ00493,2025-07-24
TXN004598,ERP_EXPORT,SUP0011,Sterling Advisory,Professional Services,R&D,88767.19,INR,CTR0004,ON_CONTRACT,,2025-11-11
TXN004604,ERP_EXPORT,SUP0013,Adept Partners,Professional Services,Logistics,117748.76,INR,,OFF_CONTRACT,,2026-01-28
TXN004606,ERP_EXPORT,SUP0008,Orion Office Supplies,Office Supplies,R&D,22630.89,INR,CTR0003,ON_CONTRACT,,2026-03-03
TXN004607,ERP_EXPORT,SUP0020,BrightArc Media,Marketing Services,Human Resources,138457.39,INR,,OFF_CONTRACT,,2025-12-22
TXN004608,ERP_EXPORT,SUP0022,Transcore Logistics,Logistics & Freight,Human Resources,27173.51,INR,CTR0008,ON_CONTRACT,,2026-02-19
TXN004609,ERP_EXPORT,SUP0014,Skyroute Travel,Travel,Operations,86415.93,INR,CTR0005,ON_CONTRACT,REQ00454,2025-08-08
TXN004611,ERP_EXPORT,SUP0001,Nexa Technologies Pvt Ltd,IT Hardware,R&D,77582.3,INR,CTR0001,ON_CONTRACT,REQ00233,2026-02-23
TXN004612,ERP_EXPORT,SUP0014,Skyroute Travel,Travel,Logistics,13119.37,INR,CTR0005,ON_CONTRACT,,2025-09-26
TXN004614,ERP_EXPORT,SUP0011,Sterling Advisory,Professional Services,R&D,62892.86,INR,CTR0004,ON_CONTRACT,,2025-07-05
TXN004616,ERP_EXPORT,SUP0001,Nexa Technologies Pvt Ltd,IT Hardware,IT,74126.11,INR,CTR0001,ON_CONTRACT,,2025-08-19
TXN004618,ERP_EXPORT,SUP0019,Lumen Creative,Marketing Services,Logistics,142568.41,INR,CTR0007,ON_CONTRACT,,2025-11-08
TXN004619,ERP_EXPORT,SUP0011,Sterling Advisory,Professional Services,R&D,103517.93,INR,CTR0004,ON_CONTRACT,REQ00664,2025-11-05
TXN004622,ERP_EXPORT,SUP0022,Transcore Logistics,Logistics & Freight,Marketing,75466.03,INR,CTR0008,ON_CONTRACT,,2026-03-29
TXN004623,ERP_EXPORT,SUP0014,Skyroute Travel,Travel,Facilities,20029.0,INR,CTR0005,ON_CONTRACT,REQ00644,2025-12-07
TXN004625,ERP_EXPORT,SUP0016,Prime Facility Care,Facilities Maintenance,Human Resources,66701.44,INR,CTR0006,ON_CONTRACT,,2025-11-23
TXN004626,ERP_EXPORT,SUP0022,Transcore Logistics,Logistics & Freight,Operations,68650.86,INR,CTR0008,ON_CONTRACT,,2025-04-12
TXN004627,ERP_EXPORT,SUP0019,Lumen Creative,Marketing Services,Finance,66426.36,INR,CTR0007,ON_CONTRACT,REQ00672,2025-10-08
TXN004628,ERP_EXPORT,SUP0014,Skyroute Travel,Travel,Operations,49047.5,INR,CTR0005,ON_CONTRACT,,2025-04-12
TXN004630,ERP_EXPORT,SUP0026,Nexa Tech Pvt Ltd,IT Hardware,Finance,104138.41,INR,,OFF_CONTRACT,REQ00482,2025-05-01
TXN004634,ERP_EXPORT,SUP0022,Transcore Logistics,,IT,83497.7,INR,CTR0008,ON_CONTRACT,REQ00711,2025-12-15
TXN004635,ERP_EXPORT,SUP0001,Nexa Technologies Pvt Ltd,IT Hardware,IT,46281.51,INR,CTR0001,ON_CONTRACT,,2025-10-25
TXN004636,ERP_EXPORT,SUP0016,Prime Facility Care,Facilities Maintenance,R&D,67143.21,INR,CTR0006,ON_CONTRACT,REQ00508,2025-04-19
TXN004638,ERP_EXPORT,SUP0011,Sterling Advisory,Professional Services,Finance,179085.89,INR,CTR0004,ON_CONTRACT,REQ00444,2025-09-16
TXN004639,ERP_EXPORT,SUP0014,Skyroute Travel,Travel,Human Resources,69649.66,INR,CTR0005,ON_CONTRACT,,2026-02-12
TXN004640,ERP_EXPORT,SUP0008,Orion Office Supplies,Office Supplies,IT,20674.76,INR,CTR0003,ON_CONTRACT,REQ00888,2025-11-18
TXN004643,ERP_EXPORT,SUP0018,Urban Upkeep,Facilities Maintenance,Operations,61510.39,INR,,OFF_CONTRACT,,2026-02-15
TXN004646,ERP_EXPORT,SUP0008,Orion Office Supplies,Office Supplies,R&D,19065.49,INR,CTR0003,ON_CONTRACT,REQ00225,2025-04-11
TXN004649,ERP_EXPORT,SUP0008,Orion Office Supplies,Office Supplies,Finance,22079.99,INR,CTR0003,ON_CONTRACT,REQ00572,2025-09-15
TXN004650,ERP_EXPORT,SUP0001,Nexa Technologies Pvt Ltd,IT Hardware,Facilities,51173.06,INR,CTR0001,ON_CONTRACT,,2025-12-29
TXN004653,ERP_EXPORT,SUP0016,Prime Facility Care,Facilities Maintenance,Logistics,38528.54,INR,CTR0006,ON_CONTRACT,REQ00529,2025-10-01
TXN004657,ERP_EXPORT,SUP0019,Lumen Creative,Marketing Services,Facilities,137101.91,INR,CTR0007,ON_CONTRACT,REQ00190,2025-10-03
TXN004661,ERP_EXPORT,SUP0014,Skyroute Travel,Travel,Finance,49911.32,INR,CTR0005,ON_CONTRACT,,2025-12-18
TXN004662,ERP_EXPORT,SUP0008,Orion Office Supplies,Office Supplies,Human Resources,15899.2,INR,CTR0003,ON_CONTRACT,REQ00341,2025-04-14
TXN004663,ERP_EXPORT,SUP0023,FleetBridge Cargo,Logistics & Freight,Finance,50254.56,INR,,OFF_CONTRACT,REQ00361,2026-02-02
TXN004664,ERP_EXPORT,SUP0011,Sterling Advisory,Professional Services,Facilities,214028.89,INR,CTR0004,ON_CONTRACT,,2025-12-16
TXN004665,ERP_EXPORT,SUP0008,Orion Office Supplies,Office Supplies,Finance,21079.94,INR,CTR0003,ON_CONTRACT,REQ00787,2025-11-18
TXN004666,ERP_EXPORT,SUP0023,FleetBridge Cargo,Logistics & Freight,Marketing,70879.27,INR,,OFF_CONTRACT,REQ00726,2025-05-31
TXN004667,ERP_EXPORT,SUP0008,Orion Office Supplies,Office Supplies,Human Resources,4424.23,INR,CTR0003,ON_CONTRACT,,2025-08-06
TXN004669,ERP_EXPORT,SUP0014,Skyroute Travel,Travel,R&D,63023.06,INR,CTR0005,ON_CONTRACT,REQ00272,2025-05-25
TXN004670,ERP_EXPORT,SUP0019,Lumen Creative,Marketing Services,Finance,117583.38,INR,CTR0007,ON_CONTRACT,,2026-03-04
TXN004671,ERP_EXPORT,SUP0022,Transcore Logistics,Logistics & Freight,Operations,42127.58,INR,CTR0008,ON_CONTRACT,REQ00031,2025-06-26
TXN004672,ERP_EXPORT,SUP0022,Transcore Logistics,Logistics & Freight,IT,84980.2,INR,CTR0008,ON_CONTRACT,REQ00127,2025-06-19
TXN004674,ERP_EXPORT,SUP0011,Sterling Advisory,Professional Services,IT,63644.0,INR,CTR0004,ON_CONTRACT,REQ00290,2025-10-04
TXN004676,ERP_EXPORT,SUP0019,Lumen Creative,Marketing Services,Operations,144093.25,INR,CTR0007,ON_CONTRACT,REQ00814,2026-03-03
TXN004679,ERP_EXPORT,SUP0014,Skyroute Travel,Travel,Finance,63691.33,INR,CTR0005,ON_CONTRACT,,2026-03-15
TXN004681,ERP_EXPORT,SUP0022,Transcore Logistics,Logistics & Freight,R&D,34456.42,INR,CTR0008,ON_CONTRACT,,2026-02-10
TXN004683,ERP_EXPORT,SUP0005,Cloudspan Software,IT Software & Licences,Operations,113916.11,INR,CTR0002,ON_CONTRACT,,2025-05-18
TXN004684,ERP_EXPORT,SUP0005,Cloudspan Software,IT Software & Licences,IT,46318.61,INR,CTR0002,ON_CONTRACT,REQ00292,2025-04-25
TXN004685,ERP_EXPORT,SUP0001,Nexa Technologies Pvt Ltd,IT Hardware,Operations,145203.32,INR,CTR0001,ON_CONTRACT,,2026-01-18
TXN004686,ERP_EXPORT,SUP0019,Lumen Creative,Marketing Services,Marketing,75037.05,INR,CTR0007,ON_CONTRACT,,2026-03-07
TXN004688,ERP_EXPORT,SUP0011,Sterling Advisory,Professional Services,Logistics,42250.21,INR,CTR0004,ON_CONTRACT,REQ00771,2025-10-29
TXN004689,ERP_EXPORT,SUP0022,Transcore Logistics,Logistics & Freight,Human Resources,57173.36,INR,CTR0008,ON_CONTRACT,,2025-06-09
TXN004690,ERP_EXPORT,SUP0001,Nexa Technologies Pvt Ltd,IT Hardware,Facilities,176245.72,INR,CTR0001,ON_CONTRACT,REQ00191,2025-10-25
TXN004691,ERP_EXPORT,SUP0019,Lumen Creative,Marketing Services,R&D,71679.07,INR,CTR0007,ON_CONTRACT,REQ00869,2025-04-16
TXN004692,ERP_EXPORT,SUP0014,Skyroute Travel,Travel,Marketing,37289.77,INR,CTR0005,ON_CONTRACT,,2026-02-01
TXN004693,ERP_EXPORT,SUP0019,Lumen Creative,Marketing Services,Finance,68172.83,INR,CTR0007,ON_CONTRACT,REQ00700,2026-03-21
TXN004695,ERP_EXPORT,SUP0014,Skyroute Travel,Travel,Facilities,44134.52,INR,CTR0005,ON_CONTRACT,REQ00264,2025-10-14
TXN004697,ERP_EXPORT,SUP0014,Skyroute Travel,Travel,Human Resources,49452.7,INR,CTR0005,ON_CONTRACT,REQ00157,2026-02-15
TXN004701,ERP_EXPORT,SUP0008,Orion Office Supplies,Office Supplies,Marketing,7749.38,INR,CTR0003,ON_CONTRACT,REQ00054,2025-07-25
TXN004702,ERP_EXPORT,SUP0022,Transcore Logistics,Logistics & Freight,Human Resources,18089.22,INR,CTR0008,ON_CONTRACT,REQ00397,2026-03-12
TXN004703,ERP_EXPORT,SUP0005,Cloudspan Software,IT Software & Licences,Human Resources,84630.36,INR,CTR0002,ON_CONTRACT,,2025-12-23
TXN004704,ERP_EXPORT,SUP0016,Prime Facility Care,Facilities Maintenance,Human Resources,45721.98,INR,CTR0006,ON_CONTRACT,,2025-09-15
TXN004707,ERP_EXPORT,SUP0003,BluePeak Systems,IT Hardware,Marketing,146684.91,INR,,OFF_CONTRACT,,2026-02-21
TXN004708,ERP_EXPORT,SUP0022,Transcore Logistics,Logistics & Freight,Human Resources,28244.15,INR,CTR0008,ON_CONTRACT,,2025-08-14
TXN004709,ERP_EXPORT,SUP0011,Sterling Advisory,Professional Services,IT,212253.2,INR,CTR0004,ON_CONTRACT,REQ00110,2025-08-09
TXN004712,ERP_EXPORT,SUP0005,Cloudspan Software,IT Software & Licences,Finance,63093.0,INR,CTR0002,ON_CONTRACT,,2026-03-03
TXN004713,ERP_EXPORT,SUP0004,Arcadia IT Traders,IT Hardware,Facilities,64780.32,INR,,OFF_CONTRACT,REQ00325,2026-01-06
TXN004714,ERP_EXPORT,SUP0016,Prime Facility Care,Facilities Maintenance,Human Resources,55126.86,INR,CTR0006,ON_CONTRACT,,2025-07-05
TXN004715,ERP_EXPORT,SUP0008,Orion Office Supplies,Office Supplies,Logistics,13796.12,INR,CTR0003,ON_CONTRACT,,2025-10-28
TXN004716,ERP_EXPORT,SUP0011,Sterling Advisory,Professional Services,IT,107379.45,INR,CTR0004,ON_CONTRACT,,2025-06-05
TXN004717,ERP_EXPORT,SUP0011,Sterling Advisory,Professional Services,R&D,165170.52,INR,CTR0004,ON_CONTRACT,REQ00762,2025-12-15
TXN004718,ERP_EXPORT,SUP0006,Vertex Licensing,IT Software & Licences,Finance,119552.12,INR,,OFF_CONTRACT,REQ00618,2025-05-12
TXN004720,ERP_EXPORT,SUP0016,Prime Facility Care,Facilities Maintenance,Marketing,65241.48,INR,CTR0006,ON_CONTRACT,REQ00721,2025-07-02
TXN004721,ERP_EXPORT,SUP0016,Prime Facility Care,Facilities Maintenance,Facilities,30701.01,INR,CTR0006,ON_CONTRACT,,2025-07-20
TXN004727,ERP_EXPORT,SUP0008,Orion Office Supplies,Office Supplies,Facilities,23045.04,INR,CTR0003,ON_CONTRACT,REQ00436,2025-10-28
TXN004728,ERP_EXPORT,SUP0016,Prime Facility Care,Facilities Maintenance,Operations,60632.76,INR,CTR0006,ON_CONTRACT,REQ00089,2025-10-29
TXN004729,ERP_EXPORT,SUP0016,Prime Facility Care,Facilities Maintenance,Marketing,54537.53,INR,CTR0006,ON_CONTRACT,REQ00334,2025-09-17
TXN004730,ERP_EXPORT,SUP0016,Prime Facility Care,Facilities Maintenance,Marketing,20068.88,INR,CTR0006,ON_CONTRACT,,2026-03-12
TXN004733,ERP_EXPORT,SUP0019,Lumen Creative,Marketing Services,IT,121364.09,INR,CTR0007,ON_CONTRACT,REQ00078,2025-05-07
TXN004734,ERP_EXPORT,SUP0008,Orion Office Supplies,Office Supplies,R&D,23362.58,INR,CTR0003,ON_CONTRACT,REQ00705,2026-02-01
TXN004735,ERP_EXPORT,SUP0011,Sterling Advisory,Professional Services,Operations,130412.52,INR,CTR0004,ON_CONTRACT,,2025-07-27
TXN004737,ERP_EXPORT,SUP0017,GreenEdge Services,Facilities Maintenance,IT,40743.57,INR,,OFF_CONTRACT,,2026-01-23
TXN004739,ERP_EXPORT,SUP0019,Lumen Creative,Marketing Services,Finance,72475.49,INR,CTR0007,ON_CONTRACT,,2026-03-17
TXN004740,ERP_EXPORT,SUP0018,Urban Upkeep,Facilities Maintenance,IT,47279.84,INR,,OFF_CONTRACT,REQ00877,2026-03-01
TXN004741,ERP_EXPORT,SUP0005,Cloudspan Software,IT Software & Licences,IT,90465.4,INR,CTR0002,ON_CONTRACT,,2025-05-21
TXN004742,ERP_EXPORT,SUP0001,Nexa Technologies Pvt Ltd,IT Hardware,R&D,42143.56,INR,CTR0001,ON_CONTRACT,,2025-08-05
TXN004745,ERP_EXPORT,SUP0011,Sterling Advisory,Professional Services,Marketing,88872.95,INR,CTR0004,ON_CONTRACT,REQ00474,2025-04-06
TXN004746,ERP_EXPORT,SUP0014,Skyroute Travel,Travel,Marketing,12414.1,INR,CTR0005,ON_CONTRACT,REQ00717,2026-02-13
TXN004748,ERP_EXPORT,SUP0016,Prime Facility Care,Facilities Maintenance,R&D,441015.56,INR,,OFF_CONTRACT,,2025-10-09
TXN004749,ERP_EXPORT,SUP0001,Nexa Technologies Pvt Ltd,IT Hardware,Operations,85730.69,INR,CTR0001,ON_CONTRACT,,2026-01-14
TXN004753,ERP_EXPORT,SUP0014,Skyroute Travel,Travel,Human Resources,63398.12,INR,CTR0005,ON_CONTRACT,,2025-09-29
TXN004754,ERP_EXPORT,SUP0010,Kanban Stationers,Office Supplies,Finance,13704.56,INR,,OFF_CONTRACT,REQ00680,2025-12-11
TXN004755,ERP_EXPORT,SUP0019,Lumen Creative,Marketing Services,R&D,140602.4,INR,CTR0007,ON_CONTRACT,REQ00013,2025-11-27
TXN004757,ERP_EXPORT,SUP0019,Lumen Creative,Marketing Services,R&D,21387.5,INR,CTR0007,ON_CONTRACT,REQ00886,2025-04-11
TXN004760,ERP_EXPORT,SUP0008,Orion Office Supplies,Office Supplies,Logistics,24743.33,INR,CTR0003,ON_CONTRACT,REQ00503,2025-12-10
TXN004762,ERP_EXPORT,SUP0005,Cloudspan Software,IT Software & Licences,R&D,118624.07,INR,CTR0002,ON_CONTRACT,REQ00029,2025-12-08
TXN004763,ERP_EXPORT,SUP0022,Transcore Logistics,Logistics & Freight,Finance,74629.26,INR,CTR0008,ON_CONTRACT,REQ00818,2026-01-14
TXN004764,ERP_EXPORT,SUP0005,Cloudspan Software,IT Software & Licences,Finance,41103.51,INR,CTR0002,ON_CONTRACT,,2025-06-01
TXN004765,ERP_EXPORT,SUP0011,Sterling Advisory,Professional Services,Logistics,153062.95,INR,CTR0004,ON_CONTRACT,,2025-12-28
TXN004766,ERP_EXPORT,SUP0008,Orion Office Supplies,Office Supplies,Finance,24819.12,INR,CTR0003,ON_CONTRACT,REQ00479,2025-08-15
TXN004767,ERP_EXPORT,SUP0019,Lumen Creative,Marketing Services,Facilities,140054.29,INR,CTR0007,ON_CONTRACT,,2025-05-28
TXN004768,ERP_EXPORT,SUP0023,FleetBridge Cargo,Logistics & Freight,Human Resources,20081.45,INR,,OFF_CONTRACT,REQ00622,2025-08-01
TXN004770,ERP_EXPORT,SUP0011,Sterling Advisory,Professional Services,Logistics,112571.71,INR,CTR0004,ON_CONTRACT,,2025-06-30
TXN004771,ERP_EXPORT,SUP0016,Prime Facility Care,Facilities Maintenance,Facilities,10418.94,INR,CTR0006,ON_CONTRACT,,2025-05-02
TXN004773,ERP_EXPORT,SUP0021,Pulse Marketing Co,Marketing Services,Finance,52865.62,INR,,OFF_CONTRACT,REQ00039,2025-07-18
TXN004774,ERP_EXPORT,SUP0005,Cloudspan Software,IT Software & Licences,Operations,100981.27,INR,CTR0002,ON_CONTRACT,REQ00657,2025-10-19
TXN004776,ERP_EXPORT,SUP0019,Lumen Creative,Marketing Services,Human Resources,135853.32,INR,CTR0007,ON_CONTRACT,,2025-12-08
TXN004777,ERP_EXPORT,SUP0014,Skyroute Travel,Travel,Marketing,8049.03,INR,CTR0005,ON_CONTRACT,,2025-10-24
TXN004778,ERP_EXPORT,SUP0011,Sterling Advisory,Professional Services,Logistics,104642.02,INR,CTR0004,ON_CONTRACT,REQ00170,2025-06-05
TXN004779,ERP_EXPORT,SUP0008,Orion Office Supplies,Office Supplies,Logistics,7546.8,INR,CTR0003,ON_CONTRACT,REQ00344,2025-04-05
TXN004780,ERP_EXPORT,SUP0011,Sterling Advisory,Professional Services,Logistics,89049.15,INR,CTR0004,ON_CONTRACT,REQ00777,2026-02-24
TXN004782,ERP_EXPORT,SUP0005,Cloudspan Software,IT Software & Licences,Marketing,34648.05,INR,CTR0002,ON_CONTRACT,,2025-07-18
TXN004783,ERP_EXPORT,SUP0014,Skyroute Travel,Travel,Operations,53555.06,INR,CTR0005,ON_CONTRACT,REQ00713,2025-05-10
TXN004784,ERP_EXPORT,SUP0005,Cloudspan Software,IT Software & Licences,IT,45592.91,INR,CTR0002,ON_CONTRACT,,2025-06-12
TXN004787,ERP_EXPORT,SUP0011,Sterling Advisory,Professional Services,R&D,223940.03,INR,CTR0004,ON_CONTRACT,,2025-11-22
TXN004788,ERP_EXPORT,SUP0024,Nexa Technologies,IT Hardware,IT,165321.34,INR,,OFF_CONTRACT,REQ00778,2025-08-18
TXN004791,ERP_EXPORT,SUP0014,Skyroute Travel,Travel,IT,16757.66,INR,CTR0005,ON_CONTRACT,REQ00538,2025-05-07
TXN004794,ERP_EXPORT,SUP0005,Cloudspan Software,IT Software & Licences,Logistics,46253.28,INR,CTR0002,ON_CONTRACT,REQ00194,2025-09-01
TXN004795,ERP_EXPORT,SUP0022,Transcore Logistics,Logistics & Freight,Facilities,36739.49,INR,CTR0008,ON_CONTRACT,,2025-10-28
TXN004796,ERP_EXPORT,SUP0014,Skyroute Travel,Travel,Human Resources,34272.91,INR,CTR0005,ON_CONTRACT,,2025-09-19
TXN004798,ERP_EXPORT,SUP0011,Sterling Advisory,Professional Services,R&D,204463.9,INR,CTR0004,ON_CONTRACT,,2026-03-23
TXN004799,ERP_EXPORT,SUP0008,Orion Office Supplies,Office Supplies,Human Resources,4817.45,INR,CTR0003,ON_CONTRACT,REQ00857,2025-05-13
TXN004800,ERP_EXPORT,SUP0022,Transcore Logistics,Logistics & Freight,Human Resources,64697.25,INR,CTR0008,ON_CONTRACT,REQ00064,2026-02-14
TXN004801,ERP_EXPORT,SUP0017,GreenEdge Services,Facilities Maintenance,IT,17430.76,INR,,OFF_CONTRACT,,2025-04-26
TXN004803,ERP_EXPORT,SUP0005,Cloudspan Software,IT Software & Licences,Facilities,110490.1,INR,CTR0002,ON_CONTRACT,REQ00781,2025-05-14
TXN004804,ERP_EXPORT,SUP0008,Orion Office Supplies,Office Supplies,Human Resources,6372.96,INR,CTR0003,ON_CONTRACT,,2025-12-06
TXN004805,ERP_EXPORT,SUP0016,Prime Facility Care,Facilities Maintenance,IT,59275.01,INR,CTR0006,ON_CONTRACT,,2025-09-20
TXN004807,ERP_EXPORT,SUP0011,Sterling Advisory,Professional Services,IT,56349.87,INR,CTR0004,ON_CONTRACT,REQ00349,2026-01-31
TXN004808,ERP_EXPORT,SUP0005,Cloudspan Software,IT Software & Licences,Finance,115322.06,INR,CTR0002,ON_CONTRACT,,2025-11-11
TXN004811,ERP_EXPORT,SUP0014,Skyroute Travel,Travel,Human Resources,21842.42,INR,CTR0005,ON_CONTRACT,REQ00298,2025-05-27
TXN004812,ERP_EXPORT,SUP0014,Skyroute Travel,Travel,Finance,78023.32,INR,CTR0005,ON_CONTRACT,,2025-10-21
TXN004813,ERP_EXPORT,SUP0011,Sterling Advisory,Professional Services,Marketing,42778.05,INR,CTR0004,ON_CONTRACT,REQ00158,2025-04-03
TXN004814,ERP_EXPORT,SUP0007,Meridian Softworks,IT Software & Licences,Logistics,68736.95,INR,,OFF_CONTRACT,REQ00044,2025-06-17
TXN004815,ERP_EXPORT,SUP0001,Nexa Technologies Pvt Ltd,IT Hardware,Human Resources,144263.6,INR,CTR0001,ON_CONTRACT,,2025-11-10
TXN004817,ERP_EXPORT,SUP0005,Cloudspan Software,IT Software & Licences,Finance,110466.22,INR,CTR0002,ON_CONTRACT,,2025-05-23
TXN004818,ERP_EXPORT,SUP0019,Lumen Creative,Marketing Services,Facilities,134747.48,INR,CTR0007,ON_CONTRACT,,2025-09-08
TXN004819,ERP_EXPORT,SUP0013,Adept Partners,Professional Services,IT,226520.18,INR,,OFF_CONTRACT,,2025-05-21
TXN004820,ERP_EXPORT,SUP0011,Sterling Advisory,Professional Services,Marketing,81836.13,INR,CTR0004,ON_CONTRACT,REQ00368,2025-10-24
TXN004821,ERP_EXPORT,SUP0009,Paperline Traders,Office Supplies,Human Resources,8536.24,INR,,OFF_CONTRACT,,2025-04-07
TXN004823,ERP_EXPORT,SUP0011,Sterling Advisory,Professional Services,Marketing,119181.33,INR,CTR0004,ON_CONTRACT,REQ00856,2025-08-08
TXN004824,ERP_EXPORT,SUP0008,Orion Office Supplies,Office Supplies,IT,11046.38,INR,CTR0003,ON_CONTRACT,,2025-11-29
TXN004827,ERP_EXPORT,SUP0014,Skyroute Travel,Travel,Logistics,64682.23,INR,CTR0005,ON_CONTRACT,REQ00138,2025-05-09
TXN004828,ERP_EXPORT,SUP0001,Nexa Technologies Pvt Ltd,IT Hardware,Human Resources,50972.81,INR,CTR0001,ON_CONTRACT,,2025-04-27
TXN004829,ERP_EXPORT,SUP0001,Nexa Technologies Pvt Ltd,IT Hardware,IT,73097.81,INR,CTR0001,ON_CONTRACT,,2025-10-07
TXN004831,ERP_EXPORT,SUP0014,Skyroute Travel,Travel,Marketing,73308.13,INR,CTR0005,ON_CONTRACT,REQ00297,2025-05-04
TXN004834,ERP_EXPORT,SUP0028,ORION OFFICE SUPPLIES,Office Supplies,R&D,5582.78,INR,,OFF_CONTRACT,,2026-03-10
TXN004835,ERP_EXPORT,SUP0027,Orion Office Supplies Ltd,Office Supplies,R&D,14582.04,INR,,OFF_CONTRACT,REQ00490,2025-04-21
TXN004839,ERP_EXPORT,SUP0001,Nexa Technologies Pvt Ltd,IT Hardware,Human Resources,31170.77,INR,CTR0001,ON_CONTRACT,,2026-03-04
TXN004840,ERP_EXPORT,SUP0019,Lumen Creative,Marketing Services,R&D,58358.33,INR,CTR0007,ON_CONTRACT,REQ00722,2025-10-30
TXN004841,ERP_EXPORT,SUP0009,Paperline Traders,Office Supplies,IT,23979.94,INR,,OFF_CONTRACT,,2026-01-22
TXN004844,ERP_EXPORT,SUP0024,Nexa Technologies,IT Hardware,Human Resources,31680.52,INR,,OFF_CONTRACT,REQ00424,2025-07-16
TXN004846,ERP_EXPORT,SUP0012,Cobalt Consulting,Professional Services,Finance,122365.74,INR,,OFF_CONTRACT,,2025-04-06
TXN004847,ERP_EXPORT,SUP0017,GreenEdge Services,Facilities Maintenance,Operations,66866.78,INR,,OFF_CONTRACT,REQ00146,2025-06-12
TXN004848,ERP_EXPORT,SUP0011,Sterling Advisory,Professional Services,Logistics,69651.8,INR,CTR0004,ON_CONTRACT,,2025-11-25
TXN004850,ERP_EXPORT,SUP0005,Cloudspan Software,IT Software & Licences,Facilities,26411.67,INR,CTR0002,ON_CONTRACT,,2025-12-26
TXN004852,ERP_EXPORT,SUP0008,Orion Office Supplies,Office Supplies,Marketing,10777.18,INR,CTR0003,ON_CONTRACT,REQ00325,2026-01-23
TXN004855,ERP_EXPORT,SUP0019,Lumen Creative,Marketing Services,R&D,107873.64,INR,CTR0007,ON_CONTRACT,,2025-09-19
TXN004856,ERP_EXPORT,SUP0014,Skyroute Travel,Travel,Operations,23745.32,INR,CTR0005,ON_CONTRACT,,2025-12-29
TXN004857,ERP_EXPORT,SUP0005,Cloudspan Software,IT Software & Licences,R&D,30332.21,INR,CTR0002,ON_CONTRACT,REQ00382,2025-05-18
TXN004858,ERP_EXPORT,SUP0002,Zenith Computing,IT Hardware,Marketing,170399.94,INR,,OFF_CONTRACT,REQ00724,2025-08-08
TXN004859,ERP_EXPORT,SUP0001,Nexa Technologies Pvt Ltd,IT Hardware,Marketing,167235.33,INR,CTR0001,ON_CONTRACT,REQ00433,2025-05-03
TXN004860,ERP_EXPORT,SUP0019,Lumen Creative,Marketing Services,Logistics,144245.65,INR,CTR0007,ON_CONTRACT,,2026-02-18
TXN004861,ERP_EXPORT,SUP0011,Sterling Advisory,Professional Services,Logistics,171341.02,INR,CTR0004,ON_CONTRACT,,2025-04-06
TXN004864,ERP_EXPORT,SUP0001,Nexa Technologies Pvt Ltd,IT Hardware,Facilities,76892.3,INR,CTR0001,ON_CONTRACT,REQ00300,2025-05-27
TXN004865,ERP_EXPORT,SUP0011,Sterling Advisory,Professional Services,Finance,105877.66,INR,CTR0004,ON_CONTRACT,,2025-11-20
TXN004870,ERP_EXPORT,SUP0005,Cloudspan Software,IT Software & Licences,Facilities,100510.31,INR,CTR0002,ON_CONTRACT,REQ00588,2025-07-24
TXN004872,ERP_EXPORT,SUP0001,Nexa Technologies Pvt Ltd,IT Hardware,Human Resources,45501.65,INR,CTR0001,ON_CONTRACT,REQ00758,2025-12-13
TXN004877,ERP_EXPORT,SUP0013,Adept Partners,Professional Services,Facilities,166198.55,INR,,OFF_CONTRACT,,2025-09-09
TXN004878,ERP_EXPORT,SUP0014,Skyroute Travel,Travel,Finance,65078.55,INR,CTR0005,ON_CONTRACT,,2025-11-20
TXN004879,ERP_EXPORT,SUP0001,Nexa Technologies Pvt Ltd,IT Hardware,Logistics,81187.81,INR,CTR0001,ON_CONTRACT,,2025-05-09
TXN004880,ERP_EXPORT,SUP0016,Prime Facility Care,Facilities Maintenance,Human Resources,59439.86,INR,CTR0006,ON_CONTRACT,REQ00704,2025-09-25
TXN004881,ERP_EXPORT,SUP0016,Prime Facility Care,Facilities Maintenance,Finance,22245.26,INR,CTR0006,ON_CONTRACT,,2026-03-11
TXN004886,ERP_EXPORT,SUP0019,Lumen Creative,Marketing Services,Logistics,143715.76,INR,CTR0007,ON_CONTRACT,REQ00016,2025-08-22
TXN004888,ERP_EXPORT,SUP0022,Transcore Logistics,Logistics & Freight,Human Resources,68761.22,INR,CTR0008,ON_CONTRACT,REQ00444,2025-06-04
TXN004890,ERP_EXPORT,SUP0019,Lumen Creative,Marketing Services,IT,116606.56,INR,CTR0007,ON_CONTRACT,,2025-12-14
TXN004891,ERP_EXPORT,SUP0022,Transcore Logistics,Logistics & Freight,Operations,38236.41,INR,CTR0008,ON_CONTRACT,REQ00475,2025-04-25
TXN004892,ERP_EXPORT,SUP0014,Skyroute Travel,Travel,IT,12570.75,INR,CTR0005,ON_CONTRACT,REQ00138,2025-09-05
TXN004896,ERP_EXPORT,SUP0008,Orion Office Supplies,Office Supplies,Facilities,3853.36,INR,CTR0003,ON_CONTRACT,REQ00697,2025-07-08
TXN004897,ERP_EXPORT,SUP0001,Nexa Technologies Pvt Ltd,IT Hardware,Human Resources,47810.3,INR,CTR0001,ON_CONTRACT,REQ00254,2025-05-13
TXN004899,ERP_EXPORT,SUP0022,Transcore Logistics,Logistics & Freight,Logistics,19450.04,INR,CTR0008,ON_CONTRACT,REQ00252,2025-08-17
TXN004900,ERP_EXPORT,SUP0012,Cobalt Consulting,Professional Services,Marketing,231273.52,INR,,OFF_CONTRACT,REQ00391,2026-03-16
TXN004902,ERP_EXPORT,SUP0007,Meridian Softworks,IT Software & Licences,Facilities,65805.32,INR,,OFF_CONTRACT,REQ00345,2025-08-11
TXN004903,ERP_EXPORT,SUP0005,Cloudspan Software,IT Software & Licences,IT,27940.98,INR,CTR0002,ON_CONTRACT,,2025-04-15
TXN004904,ERP_EXPORT,SUP0019,Lumen Creative,Marketing Services,R&D,63075.07,INR,CTR0007,ON_CONTRACT,,2025-07-14
TXN004907,ERP_EXPORT,SUP0018,Urban Upkeep,Facilities Maintenance,Marketing,67949.94,INR,,OFF_CONTRACT,REQ00435,2025-06-01
TXN004909,ERP_EXPORT,SUP0014,Skyroute Travel,Travel,Facilities,68808.42,INR,CTR0005,ON_CONTRACT,REQ00872,2025-09-16
TXN004912,ERP_EXPORT,SUP0011,Sterling Advisory,Professional Services,Operations,156338.58,INR,CTR0004,ON_CONTRACT,,2025-12-18
TXN004917,ERP_EXPORT,SUP0022,Transcore Logistics,Logistics & Freight,Human Resources,39210.57,INR,CTR0008,ON_CONTRACT,,2025-08-19
TXN004918,ERP_EXPORT,SUP0019,Lumen Creative,Marketing Services,IT,72091.52,INR,CTR0007,ON_CONTRACT,REQ00290,2025-04-28
TXN004919,ERP_EXPORT,SUP0001,Nexa Technologies Pvt Ltd,IT Hardware,  it  ,142772.67,INR,CTR0001,ON_CONTRACT,REQ00560,2025-11-09
TXN004920,ERP_EXPORT,SUP0027,Orion Office Supplies Ltd,Office Supplies,Finance,9792.94,INR,,OFF_CONTRACT,,2025-12-11
TXN004922,ERP_EXPORT,SUP0019,Lumen Creative,Marketing Services,Facilities,123309.89,INR,CTR0007,ON_CONTRACT,REQ00867,2025-08-09
TXN004924,ERP_EXPORT,SUP0011,Sterling Advisory,Professional Services,R&D,224987.98,INR,CTR0004,ON_CONTRACT,REQ00854,2026-02-09
TXN004926,ERP_EXPORT,SUP0005,Cloudspan Software,IT Software & Licences,Facilities,41991.58,INR,CTR0002,ON_CONTRACT,,2025-04-30
TXN004927,ERP_EXPORT,SUP0011,Sterling Advisory,Professional Services,Operations,137657.63,INR,CTR0004,ON_CONTRACT,,2026-03-21
TXN004929,ERP_EXPORT,SUP0008,Orion Office Supplies,Office Supplies,Facilities,19109.82,INR,CTR0003,ON_CONTRACT,,2025-12-12
TXN004931,ERP_EXPORT,SUP0022,Transcore Logistics,Logistics & Freight,Operations,47172.92,INR,CTR0008,ON_CONTRACT,,2025-12-09
TXN004933,ERP_EXPORT,SUP0011,Sterling Advisory,Professional Services,Human Resources,241925.65,INR,CTR0004,ON_CONTRACT,,2025-06-22
TXN004934,ERP_EXPORT,SUP0011,Sterling Advisory,Professional Services,Marketing,133419.01,INR,CTR0004,ON_CONTRACT,REQ00105,2025-11-23
TXN004936,ERP_EXPORT,SUP0016,Prime Facility Care,Facilities Maintenance,R&D,31098.99,INR,CTR0006,ON_CONTRACT,REQ00082,2025-06-02
TXN004940,ERP_EXPORT,SUP0008,Orion Office Supplies,Office Supplies,Human Resources,20671.55,INR,CTR0003,ON_CONTRACT,REQ00771,2025-07-27
TXN004942,ERP_EXPORT,SUP0021,Pulse Marketing Co,Marketing Services,Finance,80717.21,INR,,OFF_CONTRACT,REQ00013,2025-06-10
TXN004943,ERP_EXPORT,SUP0019,Lumen Creative,Marketing Services,Marketing,138786.05,INR,CTR0007,ON_CONTRACT,REQ00199,2026-02-16
TXN004945,ERP_EXPORT,SUP0011,Sterling Advisory,Professional Services,Finance,206726.38,INR,CTR0004,ON_CONTRACT,REQ00115,2025-04-14
TXN004946,ERP_EXPORT,SUP0016,Prime Facility Care,Facilities Maintenance,Operations,66459.54,INR,CTR0006,ON_CONTRACT,REQ00465,2025-07-23
TXN004947,ERP_EXPORT,SUP0001,Nexa Technologies Pvt Ltd,IT Hardware,Finance,121597.61,INR,CTR0001,ON_CONTRACT,REQ00638,2025-07-17
TXN004951,ERP_EXPORT,SUP0001,Nexa Technologies Pvt Ltd,IT Hardware,Marketing,86233.27,INR,CTR0001,ON_CONTRACT,REQ00575,2026-03-02
TXN004952,ERP_EXPORT,SUP0022,Transcore Logistics,Logistics & Freight,Facilities,16254.87,INR,CTR0008,ON_CONTRACT,REQ00866,2025-08-21
TXN004953,ERP_EXPORT,SUP0016,Prime Facility Care,Facilities Maintenance,Finance,34112.58,INR,CTR0006,ON_CONTRACT,,2025-04-20
TXN004954,ERP_EXPORT,SUP0008,Orion Office Supplies,Office Supplies,Finance,17496.39,INR,CTR0003,ON_CONTRACT,,2026-02-14
TXN004955,ERP_EXPORT,SUP0022,Transcore Logistics,Logistics & Freight,Logistics,49379.08,INR,CTR0008,ON_CONTRACT,,2025-04-16
TXN004956,ERP_EXPORT,SUP0011,Sterling Advisory,Professional Services,IT,197282.26,INR,CTR0004,ON_CONTRACT,,2025-04-02
TXN004957,ERP_EXPORT,SUP0015,Voyager Corporate Travel,Travel,Marketing,37272.56,INR,,OFF_CONTRACT,,2025-08-22
TXN004958,ERP_EXPORT,SUP0005,Cloudspan Software,IT Software & Licences,R&D,81648.13,INR,CTR0002,ON_CONTRACT,REQ00358,2025-12-21
TXN004960,ERP_EXPORT,SUP0014,Skyroute Travel,Travel,Logistics,69448.29,INR,CTR0005,ON_CONTRACT,REQ00255,2025-10-18
TXN004964,ERP_EXPORT,SUP0005,Cloudspan Software,IT Software & Licences,Operations,93603.91,INR,CTR0002,ON_CONTRACT,,2026-02-04
TXN004965,ERP_EXPORT,SUP0012,Cobalt Consulting,Professional Services,R&D,141346.26,INR,,OFF_CONTRACT,REQ00035,2025-11-13
TXN004967,ERP_EXPORT,SUP0005,Cloudspan Software,IT Software & Licences,R&D,116563.47,INR,CTR0002,ON_CONTRACT,REQ00155,2025-11-06
TXN004969,ERP_EXPORT,SUP0006,Vertex Licensing,IT Software & Licences,Facilities,115499.16,INR,,OFF_CONTRACT,REQ00273,2025-09-30
TXN004971,ERP_EXPORT,SUP0001,Nexa Technologies Pvt Ltd,IT Hardware,  it  ,98640.55,INR,CTR0001,ON_CONTRACT,REQ00070,2025-12-17
TXN004974,ERP_EXPORT,SUP0005,Cloudspan Software,IT Software & Licences,Logistics,89264.29,INR,CTR0002,ON_CONTRACT,,2025-05-08
TXN004975,ERP_EXPORT,SUP0008,Orion Office Supplies,Office Supplies,Finance,7799.98,INR,CTR0003,ON_CONTRACT,REQ00519,2026-01-20
TXN004976,ERP_EXPORT,SUP0016,Prime Facility Care,Facilities Maintenance,Marketing,36803.59,INR,CTR0006,ON_CONTRACT,,2025-07-02
TXN004977,ERP_EXPORT,SUP0017,GreenEdge Services,Facilities Maintenance,IT,17406.99,INR,,OFF_CONTRACT,,2025-09-18
TXN004978,ERP_EXPORT,SUP0022,Transcore Logistics,Logistics & Freight,IT,29096.34,INR,CTR0008,ON_CONTRACT,,2025-07-15
TXN004980,ERP_EXPORT,SUP0019,Lumen Creative,Marketing Services,Finance,25497.11,INR,CTR0007,ON_CONTRACT,REQ00549,2025-08-15
TXN004982,ERP_EXPORT,SUP0019,Lumen Creative,Marketing Services,R&D,53929.52,INR,CTR0007,ON_CONTRACT,REQ00285,2025-08-01
TXN004984,ERP_EXPORT,SUP0023,FleetBridge Cargo,Logistics & Freight,Logistics,81645.28,INR,,OFF_CONTRACT,REQ00746,2026-02-21
TXN004986,ERP_EXPORT,SUP0018,Urban Upkeep,Facilities Maintenance,Human Resources,19188.67,INR,,OFF_CONTRACT,,2025-09-14
TXN004987,ERP_EXPORT,SUP0015,Voyager Corporate Travel,Travel,Marketing,67705.55,INR,,OFF_CONTRACT,REQ00553,2025-12-12
TXN004988,ERP_EXPORT,SUP0014,Skyroute Travel,Travel,Finance,57220.62,INR,CTR0005,ON_CONTRACT,,2026-02-16
TXN004990,ERP_EXPORT,SUP0008,Orion Office Supplies,Office Supplies,Operations,19704.17,INR,CTR0003,ON_CONTRACT,,2026-01-21
TXN004991,ERP_EXPORT,SUP0008,Orion Office Supplies,Office Supplies,IT,24434.44,INR,CTR0003,ON_CONTRACT,REQ00716,2025-06-02
TXN004997,ERP_EXPORT,SUP0018,Urban Upkeep,Facilities Maintenance,R&D,17162.86,INR,,OFF_CONTRACT,,2025-12-03
TXN004998,ERP_EXPORT,SUP0019,Lumen Creative,Marketing Services,IT,65898.0,INR,CTR0007,ON_CONTRACT,REQ00756,2025-09-23
TXN004999,ERP_EXPORT,SUP0008,Orion Office Supplies,Office Supplies,Finance,20762.14,INR,CTR0003,ON_CONTRACT,,2025-05-07
TXN005000,ERP_EXPORT,SUP0022,Transcore Logistics,Logistics & Freight,Logistics,61576.93,INR,CTR0008,ON_CONTRACT,REQ00608,2026-01-11
TXN005001,ERP_EXPORT,SUP0023,FleetBridge Cargo,Logistics & Freight,Human Resources,44671.75,INR,,OFF_CONTRACT,REQ00006,2025-11-07
TXN005002,ERP_EXPORT,SUP0005,Cloudspan Software,IT Software & Licences,IT,64710.74,INR,CTR0002,ON_CONTRACT,REQ00622,2025-06-27
TXN005005,ERP_EXPORT,SUP0008,Orion Office Supplies,Office Supplies,IT,22001.94,INR,CTR0003,ON_CONTRACT,REQ00558,2026-03-23
TXN005006,ERP_EXPORT,SUP0011,Sterling Advisory,Professional Services,IT,58508.23,INR,CTR0004,ON_CONTRACT,,2025-05-26
TXN005007,ERP_EXPORT,SUP0007,Meridian Softworks,IT Software & Licences,IT,96563.84,INR,,OFF_CONTRACT,REQ00258,2025-12-13
TXN005008,ERP_EXPORT,SUP0016,Prime Facility Care,Facilities Maintenance,Finance,60852.86,INR,CTR0006,ON_CONTRACT,REQ00297,2025-09-30
TXN005009,ERP_EXPORT,SUP0008,Orion Office Supplies,Office Supplies,Facilities,6181.81,INR,CTR0003,ON_CONTRACT,REQ00422,2026-02-06
TXN005010,ERP_EXPORT,SUP0023,FleetBridge Cargo,Logistics & Freight,Operations,47718.76,INR,,OFF_CONTRACT,REQ00464,2026-01-18
TXN005011,ERP_EXPORT,SUP0011,Sterling Advisory,Professional Services,Facilities,74754.95,INR,CTR0004,ON_CONTRACT,,2025-09-16
TXN005016,ERP_EXPORT,SUP0014,Skyroute Travel,Travel,Marketing,25363.16,INR,CTR0005,ON_CONTRACT,,2025-10-19
TXN005017,ERP_EXPORT,SUP0014,Skyroute Travel,Travel,Finance,11402.78,INR,CTR0005,ON_CONTRACT,,2025-12-05
TXN005018,ERP_EXPORT,SUP0022,Transcore Logistics,Logistics & Freight,IT,38731.61,INR,CTR0008,ON_CONTRACT,REQ00899,2025-04-03
TXN005021,ERP_EXPORT,SUP0009,Paperline Traders,Office Supplies,Logistics,17339.33,INR,,OFF_CONTRACT,REQ00132,2025-06-03
TXN005022,ERP_EXPORT,SUP0016,Prime Facility Care,Facilities Maintenance,Human Resources,36123.78,INR,CTR0006,ON_CONTRACT,,2025-10-13
TXN005023,ERP_EXPORT,SUP0010,Kanban Stationers,Office Supplies,Marketing,23921.76,INR,,OFF_CONTRACT,REQ00097,2025-10-18
TXN005024,ERP_EXPORT,SUP0016,Prime Facility Care,Facilities Maintenance,Operations,53154.71,INR,CTR0006,ON_CONTRACT,,2026-03-14
TXN005025,ERP_EXPORT,SUP0016,Prime Facility Care,Facilities Maintenance,Operations,65809.91,INR,CTR0006,ON_CONTRACT,,2025-10-14
TXN005028,ERP_EXPORT,SUP0001,Nexa Technologies Pvt Ltd,IT Hardware,Human Resources,33188.14,INR,CTR0001,ON_CONTRACT,REQ00355,2025-04-26
TXN005029,ERP_EXPORT,SUP0022,Transcore Logistics,Logistics & Freight,Operations,72265.04,INR,CTR0008,ON_CONTRACT,,2025-08-05
TXN005035,ERP_EXPORT,SUP0014,Skyroute Travel,Travel,R&D,21632.94,INR,CTR0005,ON_CONTRACT,REQ00109,2025-09-21
TXN005040,ERP_EXPORT,SUP0005,Cloudspan Software,IT Software & Licences,Operations,111873.39,INR,CTR0002,ON_CONTRACT,,2025-10-03
TXN005044,ERP_EXPORT,SUP0019,Lumen Creative,Marketing Services,Marketing,113335.99,INR,CTR0007,ON_CONTRACT,,2026-01-14
TXN005045,ERP_EXPORT,SUP0019,Lumen Creative,Marketing Services,Marketing,107273.14,INR,CTR0007,ON_CONTRACT,,2026-03-29
TXN005046,ERP_EXPORT,SUP0001,Nexa Technologies Pvt Ltd,IT Hardware,Marketing,118382.72,INR,CTR0001,ON_CONTRACT,REQ00453,2025-10-21
TXN005047,ERP_EXPORT,SUP0011,Sterling Advisory,Professional Services,IT,142855.03,INR,CTR0004,ON_CONTRACT,,2025-12-16
TXN005049,ERP_EXPORT,SUP0011,Sterling Advisory,Professional Services,IT,110232.93,INR,CTR0004,ON_CONTRACT,,2026-03-07
TXN005051,ERP_EXPORT,SUP0023,FleetBridge Cargo,Logistics & Freight,Finance,28397.14,INR,,OFF_CONTRACT,,2025-06-01
TXN005054,ERP_EXPORT,SUP0016,Prime Facility Care,Facilities Maintenance,Operations,15097.98,INR,CTR0006,ON_CONTRACT,REQ00477,2025-09-08
TXN005057,ERP_EXPORT,SUP0017,GreenEdge Services,Facilities Maintenance,R&D,36263.01,INR,,OFF_CONTRACT,REQ00805,2026-02-22
TXN005058,ERP_EXPORT,SUP0011,Sterling Advisory,Professional Services,Finance,98118.37,INR,CTR0004,ON_CONTRACT,REQ00584,2025-10-20
TXN005060,ERP_EXPORT,SUP0016,Prime Facility Care,Facilities Maintenance,Finance,30820.14,INR,CTR0006,ON_CONTRACT,REQ00602,2026-02-19
TXN005061,ERP_EXPORT,SUP0016,Prime Facility Care,Facilities Maintenance,Marketing,65972.06,INR,CTR0006,ON_CONTRACT,REQ00407,2025-10-29
TXN005062,ERP_EXPORT,SUP0001,Nexa Technologies Pvt Ltd,IT Hardware,R&D,168010.0,INR,CTR0001,ON_CONTRACT,REQ00059,2025-07-04
TXN005063,ERP_EXPORT,SUP0022,Transcore Logistics,Logistics & Freight,Logistics,53696.86,INR,CTR0008,ON_CONTRACT,REQ00605,2026-01-12
TXN005067,ERP_EXPORT,SUP0022,Transcore Logistics,Logistics & Freight,Human Resources,51405.83,INR,CTR0008,ON_CONTRACT,,2025-10-24
TXN005068,ERP_EXPORT,SUP0022,Transcore Logistics,Logistics & Freight,Logistics,39914.84,INR,CTR0008,ON_CONTRACT,REQ00319,2025-09-03
TXN005069,ERP_EXPORT,SUP0019,Lumen Creative,Marketing Services,Human Resources,148875.02,INR,CTR0007,ON_CONTRACT,,2025-07-23
TXN005071,ERP_EXPORT,SUP0001,Nexa Technologies Pvt Ltd,IT Hardware,Marketing,110686.31,INR,CTR0001,ON_CONTRACT,REQ00649,2025-11-05
TXN005073,ERP_EXPORT,SUP0011,Sterling Advisory,Professional Services,Marketing,141853.78,INR,CTR0004,ON_CONTRACT,REQ00648,2025-09-03
TXN005075,ERP_EXPORT,SUP0011,Sterling Advisory,Professional Services,R&D,244216.89,INR,CTR0004,ON_CONTRACT,REQ00108,2025-04-24
TXN005078,ERP_EXPORT,SUP0022,Transcore Logistics,Logistics & Freight,Human Resources,31638.61,INR,CTR0008,ON_CONTRACT,,2025-08-09
TXN005080,ERP_EXPORT,SUP0016,Prime Facility Care,Facilities Maintenance,Human Resources,35748.97,INR,CTR0006,ON_CONTRACT,REQ00871,2026-01-13
TXN005081,ERP_EXPORT,SUP0011,Sterling Advisory,Professional Services,Facilities,55728.13,INR,CTR0004,ON_CONTRACT,REQ00558,2025-04-15
TXN005084,ERP_EXPORT,SUP0008,Orion Office Supplies,Office Supplies,Operations,7515.86,INR,CTR0003,ON_CONTRACT,REQ00783,2025-10-05
TXN005087,ERP_EXPORT,SUP0008,Orion Office Supplies,Office Supplies,R&D,19681.18,INR,CTR0003,ON_CONTRACT,REQ00036,2025-05-28
TXN005089,ERP_EXPORT,SUP0022,Transcore Logistics,Logistics & Freight,IT,59875.06,INR,CTR0008,ON_CONTRACT,REQ00006,2026-03-20
TXN005091,ERP_EXPORT,SUP0010,Kanban Stationers,Office Supplies,Human Resources,2838.6,INR,,OFF_CONTRACT,,2025-12-18
TXN005093,ERP_EXPORT,SUP0019,Lumen Creative,Marketing Services,IT,136782.98,INR,CTR0007,ON_CONTRACT,,2026-03-20
TXN005094,ERP_EXPORT,SUP0022,Transcore Logistics,Logistics & Freight,Marketing,21791.72,INR,CTR0008,ON_CONTRACT,,2025-08-09
TXN005095,ERP_EXPORT,SUP0001,Nexa Technologies Pvt Ltd,IT Hardware,IT,31998.46,INR,CTR0001,ON_CONTRACT,,2026-01-05
TXN005099,ERP_EXPORT,SUP0001,Nexa Technologies Pvt Ltd,IT Hardware,Facilities,90365.46,INR,CTR0001,ON_CONTRACT,REQ00578,2025-09-25
TXN005103,ERP_EXPORT,SUP0001,Nexa Technologies Pvt Ltd,IT Hardware,Operations,113490.59,INR,CTR0001,ON_CONTRACT,REQ00896,2025-08-10
TXN005104,ERP_EXPORT,SUP0008,Orion Office Supplies,Office Supplies,IT,9645.81,INR,CTR0003,ON_CONTRACT,REQ00042,2026-02-09
TXN005107,ERP_EXPORT,SUP0001,Nexa Technologies Pvt Ltd,IT Hardware,Marketing,81853.74,INR,CTR0001,ON_CONTRACT,REQ00423,2025-12-07
TXN005110,ERP_EXPORT,SUP0001,Nexa Technologies Pvt Ltd,IT Hardware,  it  ,174772.52,INR,CTR0001,ON_CONTRACT,REQ00008,2025-05-14
TXN005111,ERP_EXPORT,SUP0023,FleetBridge Cargo,Logistics & Freight,Logistics,92516.18,INR,,OFF_CONTRACT,REQ00743,2025-06-10
TXN005112,ERP_EXPORT,SUP0008,Orion Office Supplies,Office Supplies,Operations,21896.64,INR,CTR0003,ON_CONTRACT,REQ00370,2025-05-26
TXN005116,ERP_EXPORT,SUP0022,Transcore Logistics,Logistics & Freight,Finance,64353.94,INR,CTR0008,ON_CONTRACT,,2025-11-12
TXN005117,ERP_EXPORT,SUP0021,Pulse Marketing Co,Marketing Services,Operations,83790.94,INR,,OFF_CONTRACT,,2025-05-16
TXN005119,ERP_EXPORT,SUP0001,Nexa Technologies Pvt Ltd,IT Hardware,Facilities,142455.37,INR,CTR0001,ON_CONTRACT,,2026-01-03
TXN005121,ERP_EXPORT,SUP0016,Prime Facility Care,Facilities Maintenance,R&D,29082.38,INR,CTR0006,ON_CONTRACT,REQ00427,2025-05-07
TXN005122,ERP_EXPORT,SUP0016,Prime Facility Care,Facilities Maintenance,IT,65478.51,INR,CTR0006,ON_CONTRACT,REQ00040,2026-01-16
TXN005123,ERP_EXPORT,SUP0027,Orion Office Supplies Ltd,Office Supplies,Finance,3293.16,INR,,OFF_CONTRACT,REQ00495,2025-11-25
TXN005124,ERP_EXPORT,SUP0001,Nexa Technologies Pvt Ltd,IT Hardware,Operations,100273.32,INR,CTR0001,ON_CONTRACT,,2025-08-07
TXN005125,ERP_EXPORT,SUP0017,GreenEdge Services,Facilities Maintenance,Marketing,64768.05,INR,,OFF_CONTRACT,REQ00673,2025-06-09
TXN005126,ERP_EXPORT,SUP0018,Urban Upkeep,Facilities Maintenance,Finance,46621.78,INR,,OFF_CONTRACT,,2026-02-24
TXN005127,ERP_EXPORT,SUP0008,Orion Office Supplies,Office Supplies,Logistics,14567.36,INR,CTR0003,ON_CONTRACT,,2025-10-02
TXN005128,ERP_EXPORT,SUP0022,Transcore Logistics,Logistics & Freight,Marketing,32728.77,INR,CTR0008,ON_CONTRACT,,2025-07-07
TXN005129,ERP_EXPORT,SUP0011,Sterling Advisory,Professional Services,Logistics,112087.85,INR,CTR0004,ON_CONTRACT,,2026-02-16
TXN005131,ERP_EXPORT,SUP0011,Sterling Advisory,Professional Services,R&D,157435.81,INR,CTR0004,ON_CONTRACT,REQ00621,2025-12-27
TXN005132,ERP_EXPORT,SUP0015,Voyager Corporate Travel,Travel,Human Resources,50208.86,INR,,OFF_CONTRACT,REQ00466,2025-08-06
TXN005134,ERP_EXPORT,SUP0005,Cloudspan Software,IT Software & Licences,Logistics,16682.96,INR,CTR0002,ON_CONTRACT,REQ00808,2025-06-19
TXN005136,ERP_EXPORT,SUP0025,NEXA TECHNOLOGIES PVT. LTD.,IT Hardware,Facilities,83432.86,INR,,OFF_CONTRACT,REQ00200,2025-08-04
TXN005137,ERP_EXPORT,SUP0014,Skyroute Travel,Travel,Marketing,57463.47,INR,CTR0005,ON_CONTRACT,REQ00408,2026-03-20
TXN005139,ERP_EXPORT,SUP0019,Lumen Creative,Marketing Services,Finance,115636.0,INR,CTR0007,ON_CONTRACT,REQ00291,2025-08-20
TXN005142,ERP_EXPORT,SUP0016,Prime Facility Care,Facilities Maintenance,Human Resources,17566.92,INR,CTR0006,ON_CONTRACT,,2025-09-18
TXN005143,ERP_EXPORT,SUP0022,Transcore Logistics,Logistics & Freight,Facilities,60282.89,INR,CTR0008,ON_CONTRACT,,2025-12-29
TXN005145,ERP_EXPORT,SUP0006,Vertex Licensing,IT Software & Licences,Logistics,57673.74,INR,,OFF_CONTRACT,,2025-06-28
TXN005146,ERP_EXPORT,SUP0014,Skyroute Travel,Travel,Logistics,80146.7,INR,CTR0005,ON_CONTRACT,REQ00452,2025-07-14
TXN005150,ERP_EXPORT,SUP0014,Skyroute Travel,Travel,Operations,18765.61,INR,CTR0005,ON_CONTRACT,REQ00477,2026-01-11
TXN005153,ERP_EXPORT,SUP0007,Meridian Softworks,IT Software & Licences,R&D,110426.78,INR,,OFF_CONTRACT,REQ00762,2026-01-28
TXN005154,ERP_EXPORT,SUP0019,Lumen Creative,Marketing Services,R&D,126456.01,INR,CTR0007,ON_CONTRACT,REQ00457,2025-09-06
TXN005156,ERP_EXPORT,SUP0001,Nexa Technologies Pvt Ltd,IT Hardware,Facilities,71649.78,INR,CTR0001,ON_CONTRACT,,2025-08-15
TXN005157,ERP_EXPORT,SUP0022,Transcore Logistics,Logistics & Freight,Facilities,27275.72,INR,CTR0008,ON_CONTRACT,REQ00169,2025-09-11
TXN005163,ERP_EXPORT,SUP0005,Cloudspan Software,IT Software & Licences,Human Resources,49247.88,INR,CTR0002,ON_CONTRACT,REQ00402,2025-04-08
TXN005164,ERP_EXPORT,SUP0022,Transcore Logistics,Logistics & Freight,Operations,50890.23,INR,CTR0008,ON_CONTRACT,,2025-12-30
TXN005166,ERP_EXPORT,SUP0014,Skyroute Travel,Travel,Logistics,88741.67,INR,CTR0005,ON_CONTRACT,,2025-07-19
TXN005168,ERP_EXPORT,SUP0011,Sterling Advisory,Professional Services,Logistics,67374.16,INR,CTR0004,ON_CONTRACT,REQ00641,2025-05-22
TXN005169,ERP_EXPORT,SUP0001,Nexa Technologies Pvt Ltd,IT Hardware,Human Resources,56547.91,INR,CTR0001,ON_CONTRACT,,2025-12-31
TXN005173,ERP_EXPORT,SUP0023,FleetBridge Cargo,Logistics & Freight,Logistics,13743.76,INR,,OFF_CONTRACT,REQ00084,2025-06-27
TXN005174,ERP_EXPORT,SUP0005,Cloudspan Software,IT Software & Licences,Marketing,18615.29,INR,CTR0002,ON_CONTRACT,REQ00680,2025-06-10
TXN005177,ERP_EXPORT,SUP0011,Sterling Advisory,Professional Services,Finance,225900.16,INR,CTR0004,ON_CONTRACT,REQ00458,2025-10-31
TXN005178,ERP_EXPORT,SUP0017,GreenEdge Services,Facilities Maintenance,Operations,15202.39,INR,,OFF_CONTRACT,REQ00881,2025-08-08
TXN005179,ERP_EXPORT,SUP0018,Urban Upkeep,Facilities Maintenance,Facilities,42301.79,INR,,OFF_CONTRACT,REQ00339,2026-01-08
TXN005181,ERP_EXPORT,SUP0027,Orion Office Supplies Ltd,Office Supplies,Marketing,10923.37,INR,,OFF_CONTRACT,,2026-01-14
TXN005182,ERP_EXPORT,SUP0019,Lumen Creative,Marketing Services,R&D,136139.22,INR,CTR0007,ON_CONTRACT,REQ00695,2026-01-25
TXN005185,ERP_EXPORT,SUP0008,Orion Office Supplies,Office Supplies,Finance,19282.74,INR,CTR0003,ON_CONTRACT,REQ00328,2025-07-23
TXN005187,ERP_EXPORT,SUP0008,Orion Office Supplies,Office Supplies,Human Resources,17562.2,INR,CTR0003,ON_CONTRACT,REQ00445,2025-06-25
TXN005188,ERP_EXPORT,SUP0001,Nexa Technologies Pvt Ltd,IT Hardware,Marketing,81327.61,INR,CTR0001,ON_CONTRACT,REQ00810,2025-08-04
TXN005189,ERP_EXPORT,SUP0011,Sterling Advisory,Professional Services,Facilities,237018.05,INR,CTR0004,ON_CONTRACT,REQ00511,2025-12-26
TXN005190,ERP_EXPORT,SUP0022,Transcore Logistics,Logistics & Freight,Marketing,34872.04,INR,CTR0008,ON_CONTRACT,,2025-09-26
TXN005193,ERP_EXPORT,SUP0014,Skyroute Travel,Travel,Human Resources,70755.94,INR,CTR0005,ON_CONTRACT,REQ00669,2025-11-07
TXN005196,ERP_EXPORT,SUP0023,FleetBridge Cargo,Logistics & Freight,Logistics,78233.84,INR,,OFF_CONTRACT,,2025-11-19
TXN005199,ERP_EXPORT,SUP0018,Urban Upkeep,Facilities Maintenance,Finance,33233.39,INR,,OFF_CONTRACT,,2025-05-27
TXN005200,ERP_EXPORT,SUP0005,Cloudspan Software,IT Software & Licences,Operations,44690.37,INR,CTR0002,ON_CONTRACT,,2025-10-08
TXN000092,ERP_EXPORT,SUP0014,Skyroute Travel,Travel,Human Resources,66486.07,INR,CTR0005,ON_CONTRACT,REQ00056,2026-01-09
TXN003163,ERP_EXPORT,SUP0006,Vertex Licensing,IT Software & Licences,Logistics,46609.84,INR,,OFF_CONTRACT,REQ00783,2026-02-28
TXN001422,ERP_EXPORT,SUP0019,Lumen Creative,Marketing Services,Finance,91012.87,INR,CTR0007,ON_CONTRACT,REQ00051,2025-12-09
TXN000921,ERP_EXPORT,SUP0019,Lumen Creative,Marketing Services,Logistics,141585.52,INR,CTR0007,ON_CONTRACT,,2025-10-06
TXN001601,ERP_EXPORT,SUP0005,Cloudspan Software,IT Software & Licences,Logistics,35146.07,INR,CTR0002,ON_CONTRACT,,2025-05-13
TXN003596,ERP_EXPORT,SUP0022,Transcore Logistics,Logistics & Freight,IT,65513.86,INR,CTR0008,ON_CONTRACT,REQ00659,2026-02-02
TXN002474,ERP_EXPORT,SUP0016,Prime Facility Care,Facilities Maintenance,R&D,53328.59,INR,CTR0006,ON_CONTRACT,,2025-12-29
TXN001844,ERP_EXPORT,SUP0020,BrightArc Media,Marketing Services,Human Resources,105811.54,INR,,OFF_CONTRACT,REQ00233,2025-09-27
TXN000338,ERP_EXPORT,SUP0019,Lumen Creative,Marketing Services,Facilities,118512.1,INR,CTR0007,ON_CONTRACT,,2026-01-12
TXN003820,ERP_EXPORT,SUP0016,Prime Facility Care,Facilities Maintenance,Human Resources,38641.02,INR,CTR0006,ON_CONTRACT,,2026-02-19
TXN003978,ERP_EXPORT,SUP0016,Prime Facility Care,Facilities Maintenance,Facilities,42992.11,INR,CTR0006,ON_CONTRACT,REQ00416,2026-03-15
TXN000450,ERP_EXPORT,SUP0014,Skyroute Travel,Travel,Logistics,14847.06,INR,CTR0005,ON_CONTRACT,,2025-06-25
TXN000691,ERP_EXPORT,SUP0019,Lumen Creative,Marketing Services,Human Resources,65315.09,INR,CTR0007,ON_CONTRACT,,2025-12-22
TXN003350,ERP_EXPORT,SUP0021,Pulse Marketing Co,Marketing Services,Logistics,53810.09,INR,,OFF_CONTRACT,REQ00850,2025-07-11
TXN002056,ERP_EXPORT,SUP0016,Prime Facility Care,Facilities Maintenance,Marketing,50141.34,INR,CTR0006,ON_CONTRACT,REQ00713,2026-01-09
