transaction_id,source_system,supplier_id,supplier_name,category,department,amount,currency,contract_id,contract_status,requisition_id,transaction_date,normalised_supplier,is_credit_note
TXN000001,CORPORATE_CARD,SUP0018,Urban Upkeep,Facilities Maintenance,Facilities,5317.27,INR,,OFF_CONTRACT,,2025-05-22,urban upkeep,False
TXN000002,CORPORATE_CARD,SUP0020,BrightArc Media,Marketing Services,Human Resources,39721.74,INR,,OFF_CONTRACT,,2026-03-16,brightarc media,False
TXN000022,CORPORATE_CARD,SUP0012,Cobalt Consulting,Professional Services,Facilities,17759.23,INR,,OFF_CONTRACT,REQ00746,2025-09-21,cobalt consulting,False
TXN000039,CORPORATE_CARD,SUP0017,GreenEdge Services,Facilities Maintenance,Facilities,11701.33,INR,,OFF_CONTRACT,,2025-08-20,greenedge services,False
TXN000046,CORPORATE_CARD,SUP0015,Voyager Corporate Travel,Travel,Operations,16501.81,INR,,OFF_CONTRACT,REQ00472,2025-09-27,voyager corporate travel,False
TXN000052,CORPORATE_CARD,SUP0016,Prime Facility Care,Facilities Maintenance,Human Resources,10588.89,INR,CTR0006,ON_CONTRACT,,2025-09-15,prime facility care,False
TXN000056,CORPORATE_CARD,SUP0006,Vertex Licensing,It Software & Licences,Human Resources,37538.93,INR,,NO_CONTRACT,REQ00204,2025-06-15,vertex licensing,False
TXN000082,CORPORATE_CARD,SUP0010,Kanban Stationers,Office Supplies,Logistics,6957.2,INR,,OFF_CONTRACT,REQ00749,2026-01-29,kanban stationers,False
TXN000084,CORPORATE_CARD,SUP0023,FleetBridge Cargo,Logistics & Freight,Marketing,4334.71,INR,,OFF_CONTRACT,REQ00364,2025-08-11,fleetbridge cargo,False
TXN000086,CORPORATE_CARD,SUP0011,Sterling Advisory,Professional Services,Logistics,32115.48,INR,CTR0004,ON_CONTRACT,,2025-12-08,sterling advisory,False
TXN000099,CORPORATE_CARD,SUP0006,Vertex Licensing,It Software & Licences,Marketing,4053.16,INR,,NO_CONTRACT,,2025-06-20,vertex licensing,False
TXN000100,CORPORATE_CARD,SUP0004,Arcadia IT Traders,It Hardware,Human Resources,12140.35,INR,,NO_CONTRACT,,2025-11-19,arcadia it traders,False
TXN000115,CORPORATE_CARD,SUP0028,ORION OFFICE SUPPLIES,Office Supplies,Logistics,5014.59,INR,,OFF_CONTRACT,REQ00565,2025-06-14,orion office supplies,False
TXN000121,CORPORATE_CARD,SUP0019,Lumen Creative,Marketing Services,Logistics,52714.32,INR,CTR0007,ON_CONTRACT,,2025-06-04,lumen creative,False
TXN000125,CORPORATE_CARD,SUP0022,Transcore Logistics,Logistics & Freight,Human Resources,6815.42,INR,CTR0008,ON_CONTRACT,,2025-05-17,transcore logistics,False
TXN000126,CORPORATE_CARD,SUP0021,Pulse Marketing Co,Marketing Services,Human Resources,14375.26,INR,,OFF_CONTRACT,,2025-04-24,pulse marketing,False
TXN000142,CORPORATE_CARD,SUP0023,FleetBridge Cargo,Logistics & Freight,Facilities,7522.06,INR,,OFF_CONTRACT,,2025-11-28,fleetbridge cargo,False
TXN000154,CORPORATE_CARD,SUP0015,Voyager Corporate Travel,Travel,Finance,7592.55,INR,,OFF_CONTRACT,REQ00272,2025-04-27,voyager corporate travel,False
TXN000160,CORPORATE_CARD,SUP0014,Skyroute Travel,Travel,Operations,12171.78,INR,CTR0005,ON_CONTRACT,REQ00234,2025-10-29,skyroute travel,False
TXN000163,CORPORATE_CARD,SUP0006,Vertex Licensing,It Software & Licences,Finance,21341.61,INR,,NO_CONTRACT,,2025-10-28,vertex licensing,False
TXN000172,CORPORATE_CARD,SUP0008,Orion Office Supplies,Office Supplies,Logistics,551.63,INR,CTR0003,ON_CONTRACT,,2025-10-30,orion office supplies,False
TXN000194,CORPORATE_CARD,SUP0019,Lumen Creative,Marketing Services,Marketing,37692.72,INR,CTR0007,ON_CONTRACT,REQ00597,2026-03-06,lumen creative,False
TXN000196,CORPORATE_CARD,SUP0015,Voyager Corporate Travel,Travel,R&D,9105.42,INR,,OFF_CONTRACT,REQ00019,2025-10-03,voyager corporate travel,False
TXN000204,CORPORATE_CARD,SUP0023,FleetBridge Cargo,Logistics & Freight,Marketing,26387.23,INR,,OFF_CONTRACT,REQ00526,2025-06-15,fleetbridge cargo,False
TXN000213,CORPORATE_CARD,SUP0020,BrightArc Media,Marketing Services,R&D,34166.34,INR,,OFF_CONTRACT,,2025-04-23,brightarc media,False
TXN000214,CORPORATE_CARD,SUP0020,BrightArc Media,Marketing Services,Operations,13215.8,INR,,OFF_CONTRACT,,2026-02-16,brightarc media,False
TXN000226,CORPORATE_CARD,SUP0018,Urban Upkeep,Facilities Maintenance,It,4878.5,INR,,OFF_CONTRACT,REQ00242,2026-02-25,urban upkeep,False
TXN000229,CORPORATE_CARD,SUP0017,GreenEdge Services,Facilities Maintenance,Logistics,14285.23,INR,,OFF_CONTRACT,REQ00576,2025-05-31,greenedge services,False
TXN000232,CORPORATE_CARD,SUP0006,Vertex Licensing,It Software & Licences,Human Resources,24593.67,INR,,NO_CONTRACT,,2025-06-20,vertex licensing,False
TXN000239,CORPORATE_CARD,SUP0008,Orion Office Supplies,Office Supplies,Human Resources,4275.6,INR,CTR0003,ON_CONTRACT,,2025-08-07,orion office supplies,False
TXN000244,CORPORATE_CARD,SUP0023,FleetBridge Cargo,Logistics & Freight,R&D,10280.4,INR,,OFF_CONTRACT,REQ00075,2026-03-19,fleetbridge cargo,False
TXN000246,CORPORATE_CARD,SUP0017,GreenEdge Services,Facilities Maintenance,Marketing,26820.56,INR,,OFF_CONTRACT,,2025-12-20,greenedge services,False
TXN000256,CORPORATE_CARD,SUP0017,GreenEdge Services,Facilities Maintenance,Marketing,11738.24,INR,,OFF_CONTRACT,,2025-11-29,greenedge services,False
TXN000258,CORPORATE_CARD,SUP0008,Orion Office Supplies,Office Supplies,Logistics,7253.55,INR,CTR0003,ON_CONTRACT,,2025-09-01,orion office supplies,False
TXN000262,CORPORATE_CARD,SUP0024,Nexa Technologies,It Hardware,Marketing,36982.87,INR,,NO_CONTRACT,REQ00209,2025-10-28,nexa technologies,False
TXN000263,CORPORATE_CARD,SUP0022,Transcore Logistics,Logistics & Freight,Logistics,7220.52,INR,CTR0008,ON_CONTRACT,REQ00322,2025-06-28,transcore logistics,False
TXN000267,CORPORATE_CARD,SUP0014,Skyroute Travel,Travel,Finance,17195.02,INR,CTR0005,ON_CONTRACT,,2025-06-14,skyroute travel,False
TXN000270,CORPORATE_CARD,SUP0015,Voyager Corporate Travel,Travel,Operations,10457.87,INR,,OFF_CONTRACT,REQ00424,2025-09-17,voyager corporate travel,False
TXN000279,CORPORATE_CARD,SUP0018,Urban Upkeep,Facilities Maintenance,R&D,10837.86,INR,,OFF_CONTRACT,,2025-12-20,urban upkeep,False
TXN000280,CORPORATE_CARD,SUP0018,Urban Upkeep,Facilities Maintenance,Operations,802262.98,INR,,OFF_CONTRACT,REQ00393,2025-07-30,urban upkeep,False
TXN000283,CORPORATE_CARD,SUP0015,Voyager Corporate Travel,Travel,Operations,16768.05,INR,,OFF_CONTRACT,,2025-12-01,voyager corporate travel,False
TXN000288,CORPORATE_CARD,SUP0005,Cloudspan Software,It Software & Licences,Logistics,21352.07,INR,CTR0002,ON_CONTRACT,,2025-11-19,cloudspan software,False
TXN000298,CORPORATE_CARD,SUP0004,Arcadia IT Traders,It Hardware,Operations,25185.41,INR,,NO_CONTRACT,REQ00104,2026-01-30,arcadia it traders,False
TXN000299,CORPORATE_CARD,SUP0002,Zenith Computing,It Hardware,R&D,50036.91,INR,,NO_CONTRACT,REQ00553,2025-07-21,zenith computing,False
TXN000311,CORPORATE_CARD,SUP0021,Pulse Marketing Co,Marketing Services,Logistics,19755.25,INR,,OFF_CONTRACT,REQ00740,2025-11-27,pulse marketing,False
TXN000332,CORPORATE_CARD,SUP0016,Prime Facility Care,Facilities Maintenance,Finance,18232.28,INR,CTR0006,ON_CONTRACT,REQ00280,2025-11-17,prime facility care,False
TXN000334,CORPORATE_CARD,SUP0019,Lumen Creative,Marketing Services,Facilities,14116.42,INR,CTR0007,ON_CONTRACT,REQ00390,2026-03-31,lumen creative,False
TXN000348,CORPORATE_CARD,SUP0006,Vertex Licensing,It Software & Licences,Human Resources,3788.46,INR,,NO_CONTRACT,,2025-11-03,vertex licensing,False
TXN000356,CORPORATE_CARD,SUP0006,Vertex Licensing,It Software & Licences,It,20256.71,INR,,NO_CONTRACT,,2026-02-26,vertex licensing,False
TXN000359,CORPORATE_CARD,SUP0008,Orion Office Supplies,Office Supplies,Operations,6347.52,INR,CTR0003,ON_CONTRACT,REQ00440,2025-10-17,orion office supplies,False
TXN000362,CORPORATE_CARD,SUP0018,Urban Upkeep,Facilities Maintenance,Marketing,15847.65,INR,,OFF_CONTRACT,,2026-03-28,urban upkeep,False
TXN000363,CORPORATE_CARD,SUP0015,Voyager Corporate Travel,Travel,Marketing,11118.71,INR,,OFF_CONTRACT,REQ00145,2025-12-18,voyager corporate travel,False
TXN000374,CORPORATE_CARD,SUP0018,Urban Upkeep,Facilities Maintenance,Operations,10185.6,INR,,OFF_CONTRACT,,2025-05-01,urban upkeep,False
TXN000377,CORPORATE_CARD,SUP0026,Nexa Tech Pvt Ltd,It Hardware,Marketing,56210.78,INR,,NO_CONTRACT,,2025-08-05,nexa tech,False
TXN000381,CORPORATE_CARD,SUP0022,Transcore Logistics,Logistics & Freight,R&D,8832.81,INR,CTR0008,ON_CONTRACT,REQ00440,2025-07-18,transcore logistics,False
TXN000389,CORPORATE_CARD,SUP0006,Vertex Licensing,It Software & Licences,Facilities,27516.75,INR,,NO_CONTRACT,,2025-05-23,vertex licensing,False
TXN000392,CORPORATE_CARD,SUP0028,ORION OFFICE SUPPLIES,Office Supplies,Facilities,4687.88,INR,,OFF_CONTRACT,REQ00127,2026-01-27,orion office supplies,False
TXN000394,CORPORATE_CARD,SUP0011,Sterling Advisory,Professional Services,It,67467.94,INR,CTR0004,ON_CONTRACT,,2026-03-04,sterling advisory,False
TXN000395,CORPORATE_CARD,SUP0015,Voyager Corporate Travel,Travel,Operations,7426.2,INR,,OFF_CONTRACT,REQ00116,2025-08-02,voyager corporate travel,False
TXN000401,CORPORATE_CARD,SUP0016,Prime Facility Care,Facilities Maintenance,Facilities,6480.77,INR,CTR0006,ON_CONTRACT,REQ00448,2025-08-01,prime facility care,False
TXN000403,CORPORATE_CARD,SUP0015,Voyager Corporate Travel,Travel,It,10019.29,INR,,OFF_CONTRACT,REQ00356,2025-12-24,voyager corporate travel,False
TXN000420,CORPORATE_CARD,SUP0020,BrightArc Media,Marketing Services,Operations,30758.75,INR,,OFF_CONTRACT,REQ00789,2026-01-25,brightarc media,False
TXN000433,CORPORATE_CARD,SUP0009,Paperline Traders,Office Supplies,R&D,6311.78,INR,,OFF_CONTRACT,,2025-10-01,paperline traders,False
TXN000446,CORPORATE_CARD,SUP0019,Lumen Creative,Marketing Services,R&D,28722.79,INR,CTR0007,ON_CONTRACT,,2026-01-16,lumen creative,False
TXN000448,CORPORATE_CARD,SUP0022,Transcore Logistics,Logistics & Freight,Marketing,16500.94,INR,CTR0008,ON_CONTRACT,,2025-05-16,transcore logistics,False
TXN000456,CORPORATE_CARD,SUP0021,Pulse Marketing Co,Marketing Services,Human Resources,32828.32,INR,,OFF_CONTRACT,REQ00051,2025-10-19,pulse marketing,False
TXN000462,CORPORATE_CARD,SUP0001,Nexa Technologies Pvt Ltd,It Hardware,R&D,22488.7,INR,CTR0001,ON_CONTRACT,,2026-01-27,nexa technologies,False
TXN000471,CORPORATE_CARD,SUP0020,BrightArc Media,Marketing Services,Human Resources,6979.4,INR,,OFF_CONTRACT,REQ00634,2026-02-06,brightarc media,False
TXN000490,CORPORATE_CARD,SUP0019,Lumen Creative,Marketing Services,Human Resources,52992.8,INR,CTR0007,ON_CONTRACT,REQ00429,2025-10-25,lumen creative,False
TXN000491,CORPORATE_CARD,SUP0021,Pulse Marketing Co,Marketing Services,Operations,26948.56,INR,,OFF_CONTRACT,,2026-02-21,pulse marketing,False
TXN000494,CORPORATE_CARD,SUP0010,Kanban Stationers,Office Supplies,Human Resources,1370.86,INR,,OFF_CONTRACT,REQ00340,2025-10-08,kanban stationers,False
TXN000505,CORPORATE_CARD,SUP0016,Prime Facility Care,Facilities Maintenance,Logistics,9712.93,INR,CTR0006,ON_CONTRACT,REQ00193,2025-06-24,prime facility care,False
TXN000507,CORPORATE_CARD,SUP0027,Orion Office Supplies Ltd,Office Supplies,It,8896.81,INR,,OFF_CONTRACT,,2025-04-25,orion office supplies,False
TXN000510,CORPORATE_CARD,SUP0014,Skyroute Travel,Travel,Facilities,18608.7,INR,CTR0005,ON_CONTRACT,REQ00804,2025-05-25,skyroute travel,False
TXN000520,CORPORATE_CARD,SUP0008,Orion Office Supplies,Office Supplies,Marketing,914.99,INR,CTR0003,ON_CONTRACT,REQ00605,2025-12-04,orion office supplies,False
TXN000524,CORPORATE_CARD,SUP0017,GreenEdge Services,Facilities Maintenance,Logistics,20305.14,INR,,OFF_CONTRACT,REQ00693,2026-02-23,greenedge services,False
TXN000530,CORPORATE_CARD,SUP0026,Nexa Tech Pvt Ltd,It Hardware,Operations,53390.19,INR,,NO_CONTRACT,,2025-11-20,nexa tech,False
TXN000551,CORPORATE_CARD,SUP0002,Zenith Computing,It Hardware,Operations,40589.44,INR,,NO_CONTRACT,,2026-03-27,zenith computing,False
TXN000552,CORPORATE_CARD,SUP0018,Urban Upkeep,Facilities Maintenance,Operations,12772.73,INR,,OFF_CONTRACT,REQ00182,2026-03-16,urban upkeep,False
TXN000561,CORPORATE_CARD,SUP0021,Pulse Marketing Co,Marketing Services,Logistics,18664.49,INR,,OFF_CONTRACT,REQ00304,2026-02-28,pulse marketing,False
TXN000565,CORPORATE_CARD,SUP0010,Kanban Stationers,Office Supplies,Human Resources,1623.91,INR,,OFF_CONTRACT,,2026-01-20,kanban stationers,False
TXN000567,CORPORATE_CARD,SUP0005,Cloudspan Software,It Software & Licences,It,18850.55,INR,CTR0002,ON_CONTRACT,,2025-05-08,cloudspan software,False
TXN000573,CORPORATE_CARD,SUP0012,Cobalt Consulting,Professional Services,Human Resources,37446.42,INR,,OFF_CONTRACT,REQ00186,2026-03-10,cobalt consulting,False
TXN000576,CORPORATE_CARD,SUP0013,Adept Partners,Professional Services,Finance,100556.24,INR,,OFF_CONTRACT,,2025-09-04,adept partners,False
TXN000581,CORPORATE_CARD,SUP0007,Meridian Softworks,It Software & Licences,Operations,24891.34,INR,,NO_CONTRACT,,2026-01-08,meridian softworks,False
TXN000595,CORPORATE_CARD,SUP0012,Cobalt Consulting,Professional Services,Marketing,62394.47,INR,,OFF_CONTRACT,REQ00525,2025-04-21,cobalt consulting,False
TXN000597,CORPORATE_CARD,SUP0025,NEXA TECHNOLOGIES PVT. LTD.,It Hardware,Logistics,30195.47,INR,,NO_CONTRACT,,2025-11-28,nexa technologies,False
TXN000599,CORPORATE_CARD,SUP0014,Skyroute Travel,Travel,Facilities,10141.81,INR,CTR0005,ON_CONTRACT,REQ00395,2025-06-07,skyroute travel,False
TXN000602,CORPORATE_CARD,SUP0006,Vertex Licensing,It Software & Licences,R&D,18612.18,INR,,NO_CONTRACT,REQ00380,2025-04-23,vertex licensing,False
TXN000610,CORPORATE_CARD,SUP0017,GreenEdge Services,Facilities Maintenance,Operations,20903.71,INR,,OFF_CONTRACT,REQ00717,2025-06-22,greenedge services,False
TXN000614,CORPORATE_CARD,SUP0004,Arcadia IT Traders,It Hardware,It,11539.2,INR,,NO_CONTRACT,,2025-06-29,arcadia it traders,False
TXN000616,CORPORATE_CARD,SUP0011,Sterling Advisory,Professional Services,Marketing,60194.66,INR,CTR0004,ON_CONTRACT,REQ00283,2025-10-22,sterling advisory,False
TXN000621,CORPORATE_CARD,SUP0015,Voyager Corporate Travel,Travel,Operations,10173.28,INR,,OFF_CONTRACT,,2025-11-21,voyager corporate travel,False
TXN000628,CORPORATE_CARD,SUP0005,Cloudspan Software,It Software & Licences,It,31237.65,INR,CTR0002,ON_CONTRACT,,2025-10-08,cloudspan software,False
TXN000633,CORPORATE_CARD,SUP0006,Vertex Licensing,It Software & Licences,Human Resources,15663.39,INR,,NO_CONTRACT,REQ00628,2025-09-23,vertex licensing,False
TXN000647,CORPORATE_CARD,SUP0015,Voyager Corporate Travel,Travel,Marketing,17358.33,INR,,OFF_CONTRACT,REQ00024,2025-06-04,voyager corporate travel,False
TXN000650,CORPORATE_CARD,SUP0005,Cloudspan Software,It Software & Licences,R&D,11803.63,INR,CTR0002,ON_CONTRACT,REQ00254,2025-08-24,cloudspan software,False
TXN000658,CORPORATE_CARD,SUP0019,Lumen Creative,Marketing Services,Operations,24351.68,INR,CTR0007,ON_CONTRACT,REQ00433,2026-02-15,lumen creative,False
TXN000664,CORPORATE_CARD,SUP0023,FleetBridge Cargo,Logistics & Freight,Marketing,5055.2,INR,,OFF_CONTRACT,REQ00795,2025-10-18,fleetbridge cargo,False
TXN000668,CORPORATE_CARD,SUP0017,GreenEdge Services,Facilities Maintenance,Human Resources,7334.25,INR,,OFF_CONTRACT,REQ00306,2025-07-11,greenedge services,False
TXN000671,CORPORATE_CARD,SUP0002,Zenith Computing,It Hardware,Operations,18493.83,INR,,NO_CONTRACT,REQ00094,2026-03-18,zenith computing,False
TXN000679,CORPORATE_CARD,SUP0021,Pulse Marketing Co,Uncategorised,Finance,59132.26,INR,,NO_CONTRACT,REQ00330,2025-05-27,pulse marketing,False
TXN000690,CORPORATE_CARD,SUP0020,BrightArc Media,Marketing Services,Human Resources,14730.76,INR,,OFF_CONTRACT,REQ00464,2025-11-16,brightarc media,False
TXN000698,CORPORATE_CARD,SUP0004,Arcadia IT Traders,It Hardware,Marketing,19132.69,INR,,NO_CONTRACT,REQ00715,2025-07-23,arcadia it traders,False
TXN000699,CORPORATE_CARD,SUP0009,Paperline Traders,Office Supplies,Operations,1486.74,INR,,OFF_CONTRACT,REQ00806,2025-10-19,paperline traders,False
TXN000702,CORPORATE_CARD,SUP0011,Sterling Advisory,Professional Services,Operations,10625.87,INR,CTR0004,ON_CONTRACT,REQ00273,2025-11-07,sterling advisory,False
TXN000721,CORPORATE_CARD,SUP0012,Cobalt Consulting,Professional Services,R&D,99465.14,INR,,OFF_CONTRACT,,2025-06-14,cobalt consulting,False
TXN000725,CORPORATE_CARD,SUP0015,Voyager Corporate Travel,Travel,Finance,18125.08,INR,,OFF_CONTRACT,REQ00799,2025-12-01,voyager corporate travel,False
TXN000726,CORPORATE_CARD,SUP0028,ORION OFFICE SUPPLIES,Office Supplies,Logistics,7767.37,INR,,OFF_CONTRACT,REQ00168,2025-07-08,orion office supplies,False
TXN000730,CORPORATE_CARD,SUP0020,BrightArc Media,Marketing Services,It,15994.97,INR,,OFF_CONTRACT,REQ00463,2025-11-20,brightarc media,False
TXN000732,CORPORATE_CARD,SUP0021,Pulse Marketing Co,Marketing Services,Human Resources,22088.34,INR,,OFF_CONTRACT,,2025-08-25,pulse marketing,False
TXN000749,CORPORATE_CARD,SUP0001,Nexa Technologies Pvt Ltd,It Hardware,Logistics,56054.86,INR,CTR0001,ON_CONTRACT,,2026-02-04,nexa technologies,False
TXN000757,CORPORATE_CARD,SUP0022,Transcore Logistics,Logistics & Freight,Finance,18687.49,INR,CTR0008,ON_CONTRACT,REQ00834,2025-10-29,transcore logistics,False
TXN000766,CORPORATE_CARD,SUP0007,Meridian Softworks,It Software & Licences,Logistics,14205.47,INR,,NO_CONTRACT,REQ00886,2025-12-24,meridian softworks,False
TXN000770,CORPORATE_CARD,SUP0007,Meridian Softworks,It Software & Licences,Finance,30796.62,INR,,NO_CONTRACT,REQ00722,2025-08-24,meridian softworks,False
TXN000772,CORPORATE_CARD,SUP0024,Nexa Technologies,It Hardware,R&D,28393.76,INR,,NO_CONTRACT,REQ00611,2026-01-29,nexa technologies,False
TXN000785,CORPORATE_CARD,SUP0020,BrightArc Media,Marketing Services,It,7651.38,INR,,OFF_CONTRACT,,2026-03-05,brightarc media,False
TXN000795,CORPORATE_CARD,SUP0023,FleetBridge Cargo,Logistics & Freight,Logistics,3866.2,INR,,OFF_CONTRACT,REQ00232,2025-07-05,fleetbridge cargo,False
TXN000807,CORPORATE_CARD,SUP0008,Orion Office Supplies,Office Supplies,It,6940.85,INR,CTR0003,ON_CONTRACT,REQ00087,2025-06-14,orion office supplies,False
TXN000809,CORPORATE_CARD,SUP0008,Orion Office Supplies,Office Supplies,Facilities,3135.9,INR,CTR0003,ON_CONTRACT,REQ00476,2025-10-22,orion office supplies,False
TXN000810,CORPORATE_CARD,SUP0023,FleetBridge Cargo,Logistics & Freight,R&D,8040.12,INR,,OFF_CONTRACT,REQ00149,2025-12-28,fleetbridge cargo,False
TXN000814,CORPORATE_CARD,SUP0023,FleetBridge Cargo,Logistics & Freight,Marketing,28882.73,INR,,OFF_CONTRACT,REQ00011,2026-03-11,fleetbridge cargo,False
TXN000820,CORPORATE_CARD,SUP0020,BrightArc Media,Marketing Services,Human Resources,25501.82,INR,,OFF_CONTRACT,,2025-10-13,brightarc media,False
TXN000825,CORPORATE_CARD,SUP0022,Transcore Logistics,Logistics & Freight,Human Resources,24332.19,INR,CTR0008,ON_CONTRACT,REQ00338,2025-10-18,transcore logistics,False
TXN000829,CORPORATE_CARD,SUP0006,Vertex Licensing,It Software & Licences,R&D,18763.5,INR,,NO_CONTRACT,,2025-09-01,vertex licensing,False
TXN000830,CORPORATE_CARD,SUP0021,Pulse Marketing Co,Marketing Services,Logistics,24655.83,INR,,OFF_CONTRACT,,2025-06-11,pulse marketing,False
TXN000831,CORPORATE_CARD,SUP0002,Zenith Computing,It Hardware,Human Resources,19611.95,INR,,NO_CONTRACT,REQ00855,2025-11-17,zenith computing,False
TXN000833,CORPORATE_CARD,SUP0023,FleetBridge Cargo,Logistics & Freight,Logistics,5209.58,INR,,OFF_CONTRACT,,2025-11-28,fleetbridge cargo,False
TXN000834,CORPORATE_CARD,SUP0001,Nexa Technologies Pvt Ltd,It Hardware,Human Resources,8076.56,INR,CTR0001,ON_CONTRACT,,2025-05-20,nexa technologies,False
TXN000837,CORPORATE_CARD,SUP0018,Urban Upkeep,Facilities Maintenance,Marketing,16045.57,INR,,OFF_CONTRACT,REQ00813,2025-07-19,urban upkeep,False
TXN000844,CORPORATE_CARD,SUP0004,Arcadia IT Traders,It Hardware,Finance,58037.62,INR,,NO_CONTRACT,REQ00572,2025-07-30,arcadia it traders,False
TXN000846,CORPORATE_CARD,SUP0012,Cobalt Consulting,Professional Services,Marketing,26994.04,INR,,OFF_CONTRACT,,2025-11-29,cobalt consulting,False
TXN000847,CORPORATE_CARD,SUP0022,Transcore Logistics,Logistics & Freight,Human Resources,3109.45,INR,CTR0008,ON_CONTRACT,REQ00258,2025-09-19,transcore logistics,False
TXN000848,CORPORATE_CARD,SUP0023,FleetBridge Cargo,Logistics & Freight,Logistics,40497.65,INR,,OFF_CONTRACT,REQ00073,2025-07-30,fleetbridge cargo,False
TXN000865,CORPORATE_CARD,SUP0015,Voyager Corporate Travel,Travel,Finance,13180.99,INR,,OFF_CONTRACT,,2025-04-29,voyager corporate travel,False
TXN000871,CORPORATE_CARD,SUP0023,FleetBridge Cargo,Logistics & Freight,Facilities,13319.09,INR,,OFF_CONTRACT,REQ00469,2025-05-15,fleetbridge cargo,False
TXN000875,CORPORATE_CARD,SUP0013,Adept Partners,Professional Services,Finance,12398.4,INR,,OFF_CONTRACT,REQ00682,2026-03-23,adept partners,False
TXN000897,CORPORATE_CARD,SUP0015,Voyager Corporate Travel,Travel,R&D,10923.98,INR,,OFF_CONTRACT,REQ00705,2026-02-25,voyager corporate travel,False
TXN000900,CORPORATE_CARD,SUP0006,Vertex Licensing,It Software & Licences,Marketing,3722.97,INR,,NO_CONTRACT,REQ00900,2026-03-21,vertex licensing,False
TXN000902,CORPORATE_CARD,SUP0015,Voyager Corporate Travel,Travel,Facilities,1760.87,INR,,OFF_CONTRACT,,2025-06-25,voyager corporate travel,False
TXN000906,CORPORATE_CARD,SUP0013,Adept Partners,Professional Services,Facilities,90853.6,INR,,OFF_CONTRACT,REQ00079,2025-05-30,adept partners,False
TXN000913,CORPORATE_CARD,SUP0005,Cloudspan Software,It Software & Licences,Finance,18781.93,INR,CTR0002,ON_CONTRACT,REQ00513,2026-02-08,cloudspan software,False
TXN000922,CORPORATE_CARD,SUP0009,Paperline Traders,Uncategorised,Facilities,4645.34,INR,,NO_CONTRACT,REQ00411,2026-03-22,paperline traders,False
TXN000927,CORPORATE_CARD,SUP0009,Paperline Traders,Office Supplies,Marketing,3264.42,INR,,OFF_CONTRACT,REQ00696,2025-09-15,paperline traders,False
TXN000928,CORPORATE_CARD,SUP0008,Orion Office Supplies,Office Supplies,Logistics,5465.71,INR,CTR0003,ON_CONTRACT,,2025-07-13,orion office supplies,False
TXN000933,CORPORATE_CARD,SUP0023,FleetBridge Cargo,Logistics & Freight,It,30141.56,INR,,OFF_CONTRACT,REQ00507,2026-01-28,fleetbridge cargo,False
TXN000937,CORPORATE_CARD,SUP0011,Sterling Advisory,Professional Services,Facilities,14376.2,INR,CTR0004,ON_CONTRACT,,2025-05-29,sterling advisory,False
TXN000939,CORPORATE_CARD,SUP0019,Lumen Creative,Marketing Services,R&D,11908.64,INR,CTR0007,ON_CONTRACT,,2025-09-13,lumen creative,False
TXN000940,CORPORATE_CARD,SUP0007,Meridian Softworks,It Software & Licences,Marketing,15996.07,INR,,NO_CONTRACT,,2025-10-04,meridian softworks,False
TXN000941,CORPORATE_CARD,SUP0020,BrightArc Media,Marketing Services,Human Resources,25812.09,INR,,OFF_CONTRACT,REQ00305,2026-01-19,brightarc media,False
TXN000942,CORPORATE_CARD,SUP0021,Pulse Marketing Co,Marketing Services,Facilities,17329.85,INR,,OFF_CONTRACT,,2025-08-18,pulse marketing,False
TXN000947,CORPORATE_CARD,SUP0021,Pulse Marketing Co,Marketing Services,Marketing,12010.85,INR,,OFF_CONTRACT,REQ00765,2026-03-17,pulse marketing,False
TXN000954,CORPORATE_CARD,SUP0021,Pulse Marketing Co,Marketing Services,Marketing,26212.73,INR,,OFF_CONTRACT,REQ00585,2025-12-13,pulse marketing,False
TXN000980,CORPORATE_CARD,SUP0017,GreenEdge Services,Facilities Maintenance,Human Resources,16675.08,INR,,OFF_CONTRACT,REQ00571,2025-05-01,greenedge services,False
TXN001004,CORPORATE_CARD,SUP0012,Cobalt Consulting,Professional Services,Human Resources,83164.95,INR,,OFF_CONTRACT,REQ00082,2025-12-01,cobalt consulting,False
TXN001020,CORPORATE_CARD,SUP0020,BrightArc Media,Marketing Services,Human Resources,8137.41,INR,,OFF_CONTRACT,REQ00410,2025-12-05,brightarc media,False
TXN001022,CORPORATE_CARD,SUP0007,Meridian Softworks,It Software & Licences,Logistics,19262.51,INR,,NO_CONTRACT,,2025-04-11,meridian softworks,False
TXN001024,CORPORATE_CARD,SUP0018,Urban Upkeep,Facilities Maintenance,R&D,12925.53,INR,,OFF_CONTRACT,,2026-03-11,urban upkeep,False
TXN001025,CORPORATE_CARD,SUP0016,Prime Facility Care,Facilities Maintenance,Logistics,15646.64,INR,CTR0006,ON_CONTRACT,REQ00205,2025-06-20,prime facility care,False
TXN001036,CORPORATE_CARD,SUP0005,Cloudspan Software,It Software & Licences,Operations,24186.51,INR,CTR0002,ON_CONTRACT,REQ00772,2025-12-28,cloudspan software,False
TXN001047,CORPORATE_CARD,SUP0021,Pulse Marketing Co,Marketing Services,Facilities,21175.95,INR,,OFF_CONTRACT,REQ00667,2025-06-03,pulse marketing,False
TXN001048,CORPORATE_CARD,SUP0022,Transcore Logistics,Logistics & Freight,Operations,4010.44,INR,CTR0008,ON_CONTRACT,REQ00292,2026-03-08,transcore logistics,False
TXN001056,CORPORATE_CARD,SUP0018,Urban Upkeep,Facilities Maintenance,It,8461.81,INR,,OFF_CONTRACT,REQ00121,2025-10-08,urban upkeep,False
TXN001075,CORPORATE_CARD,SUP0023,FleetBridge Cargo,Logistics & Freight,Operations,39859.25,INR,,OFF_CONTRACT,,2026-02-28,fleetbridge cargo,False
TXN001083,CORPORATE_CARD,SUP0015,Voyager Corporate Travel,Travel,Human Resources,18469.1,INR,,OFF_CONTRACT,,2026-03-29,voyager corporate travel,False
TXN001084,CORPORATE_CARD,SUP0023,FleetBridge Cargo,Logistics & Freight,It,20943.6,INR,,OFF_CONTRACT,,2025-06-08,fleetbridge cargo,False
TXN001089,CORPORATE_CARD,SUP0022,Transcore Logistics,Logistics & Freight,Finance,35588.27,INR,CTR0008,ON_CONTRACT,REQ00836,2026-02-09,transcore logistics,False
TXN001091,CORPORATE_CARD,SUP0015,Voyager Corporate Travel,Travel,Facilities,28304.56,INR,,OFF_CONTRACT,,2026-01-17,voyager corporate travel,False
TXN001095,CORPORATE_CARD,SUP0025,NEXA TECHNOLOGIES PVT. LTD.,It Hardware,Finance,20960.62,INR,,NO_CONTRACT,REQ00417,2025-08-19,nexa technologies,False
TXN001105,CORPORATE_CARD,SUP0023,FleetBridge Cargo,Logistics & Freight,It,26439.26,INR,,OFF_CONTRACT,REQ00391,2025-10-23,fleetbridge cargo,False
TXN001114,CORPORATE_CARD,SUP0005,Cloudspan Software,It Software & Licences,Finance,25585.88,INR,CTR0002,ON_CONTRACT,,2026-01-15,cloudspan software,False
TXN001117,CORPORATE_CARD,SUP0013,Adept Partners,Professional Services,Operations,25803.3,INR,,OFF_CONTRACT,REQ00846,2025-04-04,adept partners,False
TXN001121,CORPORATE_CARD,SUP0005,Cloudspan Software,It Software & Licences,Facilities,28561.09,INR,CTR0002,ON_CONTRACT,REQ00216,2025-09-04,cloudspan software,False
TXN001138,CORPORATE_CARD,SUP0014,Skyroute Travel,Travel,Human Resources,9300.46,INR,CTR0005,ON_CONTRACT,REQ00307,2025-08-23,skyroute travel,False
TXN001140,CORPORATE_CARD,SUP0021,Pulse Marketing Co,Marketing Services,Logistics,21921.74,INR,,OFF_CONTRACT,REQ00088,2025-09-08,pulse marketing,False
TXN001162,CORPORATE_CARD,SUP0023,FleetBridge Cargo,Logistics & Freight,Human Resources,9231.27,INR,,OFF_CONTRACT,REQ00140,2025-09-15,fleetbridge cargo,False
TXN001179,CORPORATE_CARD,SUP0019,Lumen Creative,Marketing Services,It,38093.01,INR,CTR0007,ON_CONTRACT,REQ00632,2025-06-03,lumen creative,False
TXN001183,CORPORATE_CARD,SUP0028,ORION OFFICE SUPPLIES,Office Supplies,Human Resources,6258.47,INR,,OFF_CONTRACT,,2025-07-27,orion office supplies,False
TXN001185,CORPORATE_CARD,SUP0013,Adept Partners,Professional Services,Finance,20452.75,INR,,OFF_CONTRACT,REQ00645,2025-04-04,adept partners,False
TXN001188,CORPORATE_CARD,SUP0023,FleetBridge Cargo,Logistics & Freight,Human Resources,3940.02,INR,,OFF_CONTRACT,REQ00460,2026-02-20,fleetbridge cargo,False
TXN001199,CORPORATE_CARD,SUP0026,Nexa Tech Pvt Ltd,It Hardware,Marketing,32249.06,INR,,NO_CONTRACT,REQ00617,2026-01-22,nexa tech,False
TXN001202,CORPORATE_CARD,SUP0019,Lumen Creative,Marketing Services,Facilities,8808.13,INR,CTR0007,ON_CONTRACT,REQ00587,2025-09-24,lumen creative,False
TXN001209,CORPORATE_CARD,SUP0012,Cobalt Consulting,Professional Services,It,17566.75,INR,,OFF_CONTRACT,REQ00535,2025-04-04,cobalt consulting,False
TXN001215,CORPORATE_CARD,SUP0017,GreenEdge Services,Facilities Maintenance,It,21213.93,INR,,OFF_CONTRACT,,2025-09-12,greenedge services,False
TXN001217,CORPORATE_CARD,SUP0023,FleetBridge Cargo,Logistics & Freight,Facilities,3285.49,INR,,OFF_CONTRACT,,2025-08-29,fleetbridge cargo,False
TXN001222,CORPORATE_CARD,SUP0022,Transcore Logistics,Logistics & Freight,Logistics,10473.25,INR,CTR0008,ON_CONTRACT,REQ00709,2025-09-18,transcore logistics,False
TXN001242,CORPORATE_CARD,SUP0019,Lumen Creative,Marketing Services,R&D,56170.66,INR,CTR0007,ON_CONTRACT,,2026-03-10,lumen creative,False
TXN001244,CORPORATE_CARD,SUP0007,Meridian Softworks,It Software & Licences,Human Resources,43818.71,INR,,NO_CONTRACT,,2025-05-19,meridian softworks,False
TXN001253,CORPORATE_CARD,SUP0008,Orion Office Supplies,Office Supplies,Finance,1441.37,INR,CTR0003,ON_CONTRACT,,2025-12-18,orion office supplies,False
TXN001254,CORPORATE_CARD,SUP0012,Cobalt Consulting,Professional Services,Human Resources,10833.0,INR,,OFF_CONTRACT,,2025-07-20,cobalt consulting,False
TXN001258,CORPORATE_CARD,SUP0011,Sterling Advisory,Professional Services,Operations,64256.27,INR,CTR0004,ON_CONTRACT,,2026-01-14,sterling advisory,False
TXN001273,CORPORATE_CARD,SUP0026,Nexa Tech Pvt Ltd,It Hardware,It,54689.31,INR,,NO_CONTRACT,,2025-06-26,nexa tech,False
TXN001279,CORPORATE_CARD,SUP0024,Nexa Technologies,It Hardware,Logistics,12742.65,INR,,NO_CONTRACT,REQ00542,2025-12-20,nexa technologies,False
TXN001284,CORPORATE_CARD,SUP0010,Kanban Stationers,Office Supplies,Logistics,935.05,INR,,OFF_CONTRACT,,2025-08-15,kanban stationers,False
TXN001304,CORPORATE_CARD,SUP0017,GreenEdge Services,Facilities Maintenance,Logistics,7868.1,INR,,OFF_CONTRACT,REQ00516,2025-04-12,greenedge services,False
TXN001305,CORPORATE_CARD,SUP0009,Paperline Traders,Office Supplies,Operations,3454.43,INR,,OFF_CONTRACT,,2025-10-21,paperline traders,False
TXN001314,CORPORATE_CARD,SUP0002,Zenith Computing,It Hardware,It,35479.27,INR,,NO_CONTRACT,REQ00889,2026-01-24,zenith computing,False
TXN001317,CORPORATE_CARD,SUP0028,ORION OFFICE SUPPLIES,Office Supplies,Facilities,3952.45,INR,,OFF_CONTRACT,REQ00471,2025-07-04,orion office supplies,False
TXN001321,CORPORATE_CARD,SUP0005,Cloudspan Software,It Software & Licences,R&D,16067.06,INR,CTR0002,ON_CONTRACT,REQ00113,2025-04-07,cloudspan software,False
TXN001332,CORPORATE_CARD,SUP0019,Lumen Creative,Marketing Services,Finance,29021.8,INR,CTR0007,ON_CONTRACT,,2025-08-17,lumen creative,False
TXN001343,CORPORATE_CARD,SUP0020,BrightArc Media,Marketing Services,It,49378.91,INR,,OFF_CONTRACT,REQ00145,2025-05-11,brightarc media,False
TXN001349,CORPORATE_CARD,SUP0021,Pulse Marketing Co,Marketing Services,Marketing,42752.26,INR,,OFF_CONTRACT,,2026-01-12,pulse marketing,False
TXN001356,CORPORATE_CARD,SUP0018,Urban Upkeep,Facilities Maintenance,Facilities,15563.62,INR,,OFF_CONTRACT,REQ00794,2025-06-16,urban upkeep,False
TXN001358,CORPORATE_CARD,SUP0023,FleetBridge Cargo,Logistics & Freight,Marketing,20485.98,INR,,OFF_CONTRACT,,2025-06-22,fleetbridge cargo,False
TXN001360,CORPORATE_CARD,SUP0026,Nexa Tech Pvt Ltd,It Hardware,Facilities,25901.61,INR,,NO_CONTRACT,,2026-01-16,nexa tech,False
TXN001368,CORPORATE_CARD,SUP0002,Zenith Computing,It Hardware,Facilities,52796.05,INR,,NO_CONTRACT,REQ00163,2026-01-17,zenith computing,False
TXN001375,CORPORATE_CARD,SUP0021,Pulse Marketing Co,Marketing Services,Facilities,9561.39,INR,,OFF_CONTRACT,REQ00730,2025-11-18,pulse marketing,True
TXN001376,CORPORATE_CARD,SUP0019,Lumen Creative,Marketing Services,Facilities,32330.81,INR,CTR0007,ON_CONTRACT,,2025-11-06,lumen creative,False
TXN001382,CORPORATE_CARD,SUP0022,Transcore Logistics,Logistics & Freight,It,15190.79,INR,CTR0008,ON_CONTRACT,REQ00193,2025-11-02,transcore logistics,False
TXN001385,CORPORATE_CARD,SUP0007,Meridian Softworks,It Software & Licences,R&D,24078.9,INR,,NO_CONTRACT,REQ00784,2025-09-19,meridian softworks,False
TXN001392,CORPORATE_CARD,SUP0021,PULSE MARKETING CO,Marketing Services,Finance,11278.19,INR,,OFF_CONTRACT,,2025-12-16,pulse marketing,False
TXN001393,CORPORATE_CARD,SUP0014,Skyroute Travel,Travel,R&D,5309.48,INR,CTR0005,ON_CONTRACT,,2025-04-03,skyroute travel,False
TXN001400,CORPORATE_CARD,SUP0028,ORION OFFICE SUPPLIES,Office Supplies,It,7780.26,INR,,OFF_CONTRACT,,2025-06-06,orion office supplies,False
TXN001410,CORPORATE_CARD,SUP0002,Zenith Computing,It Hardware,It,68297.12,INR,,NO_CONTRACT,REQ00780,2025-06-18,zenith computing,False
TXN001414,CORPORATE_CARD,SUP0015,Voyager Corporate Travel,Travel,Facilities,5277.81,INR,,OFF_CONTRACT,,2026-01-26,voyager corporate travel,False
TXN001416,CORPORATE_CARD,SUP0014,Skyroute Travel,Travel,Finance,23642.19,INR,CTR0005,ON_CONTRACT,,2025-05-03,skyroute travel,False
TXN001419,CORPORATE_CARD,SUP0011,Sterling Advisory,Professional Services,Facilities,35304.56,INR,CTR0004,ON_CONTRACT,REQ00705,2025-04-06,sterling advisory,False
TXN001421,CORPORATE_CARD,SUP0007,Meridian Softworks,It Software & Licences,Facilities,14853.1,INR,,NO_CONTRACT,,2026-02-25,meridian softworks,False
TXN001430,CORPORATE_CARD,SUP0007,Meridian Softworks,It Software & Licences,Finance,23126.29,INR,,NO_CONTRACT,,2026-01-01,meridian softworks,False
TXN001432,CORPORATE_CARD,SUP0015,Voyager Corporate Travel,Travel,Marketing,19797.09,INR,,OFF_CONTRACT,,2025-06-01,voyager corporate travel,False
TXN001439,CORPORATE_CARD,SUP0017,GreenEdge Services,Facilities Maintenance,Facilities,7663.45,INR,,OFF_CONTRACT,,2025-07-22,greenedge services,False
TXN001443,CORPORATE_CARD,SUP0015,Voyager Corporate Travel,Travel,Finance,18048.75,INR,,OFF_CONTRACT,REQ00155,2025-10-21,voyager corporate travel,False
TXN001448,CORPORATE_CARD,SUP0015,Voyager Corporate Travel,Travel,Operations,27985.38,INR,,OFF_CONTRACT,,2026-03-21,voyager corporate travel,False
TXN001451,CORPORATE_CARD,SUP0013,Adept Partners,Professional Services,Marketing,28880.42,INR,,OFF_CONTRACT,,2026-03-08,adept partners,False
TXN001460,CORPORATE_CARD,SUP0012,Cobalt Consulting,Professional Services,Logistics,78416.08,INR,,OFF_CONTRACT,,2025-12-26,cobalt consulting,False
TXN001461,CORPORATE_CARD,SUP0028,ORION OFFICE SUPPLIES,Office Supplies,Human Resources,4604.9,INR,,OFF_CONTRACT,REQ00043,2026-01-22,orion office supplies,False
TXN001464,CORPORATE_CARD,SUP0015,Voyager Corporate Travel,Travel,It,14934.14,INR,,OFF_CONTRACT,REQ00223,2025-08-23,voyager corporate travel,False
TXN001473,CORPORATE_CARD,SUP0018,Urban Upkeep,Facilities Maintenance,R&D,16133.5,INR,,OFF_CONTRACT,,2025-11-23,urban upkeep,False
TXN001485,CORPORATE_CARD,SUP0010,Kanban Stationers,Office Supplies,Logistics,2103.27,INR,,OFF_CONTRACT,REQ00297,2026-03-08,kanban stationers,False
TXN001490,CORPORATE_CARD,SUP0012,Cobalt Consulting,Professional Services,Finance,35863.39,INR,,OFF_CONTRACT,,2026-01-14,cobalt consulting,False
TXN001496,CORPORATE_CARD,SUP0005,Cloudspan Software,It Software & Licences,Facilities,22587.18,INR,CTR0002,ON_CONTRACT,REQ00257,2025-05-29,cloudspan software,False
TXN001498,CORPORATE_CARD,SUP0008,Orion Office Supplies,Office Supplies,Operations,3333.33,INR,CTR0003,ON_CONTRACT,REQ00503,2025-11-11,orion office supplies,False
TXN001499,CORPORATE_CARD,SUP0015,Voyager Corporate Travel,Travel,Facilities,10968.45,INR,,OFF_CONTRACT,,2026-02-17,voyager corporate travel,False
TXN001501,CORPORATE_CARD,SUP0005,Cloudspan Software,It Software & Licences,Logistics,30395.52,INR,CTR0002,ON_CONTRACT,REQ00213,2026-01-18,cloudspan software,False
TXN001516,CORPORATE_CARD,SUP0001,Nexa Technologies Pvt Ltd,It Hardware,It,10900.76,INR,CTR0001,ON_CONTRACT,,2025-04-08,nexa technologies,False
TXN001527,CORPORATE_CARD,SUP0011,Sterling Advisory,Professional Services,It,30920.03,INR,CTR0004,ON_CONTRACT,REQ00357,2025-04-14,sterling advisory,False
TXN001533,CORPORATE_CARD,SUP0014,Skyroute Travel,Travel,It,25670.72,INR,CTR0005,ON_CONTRACT,REQ00583,2026-03-05,skyroute travel,False
TXN001538,CORPORATE_CARD,SUP0024,Nexa Technologies,It Hardware,Finance,26803.64,INR,,NO_CONTRACT,REQ00735,2025-07-26,nexa technologies,False
TXN001573,CORPORATE_CARD,SUP0015,Voyager Corporate Travel,Travel,It,24059.43,INR,,OFF_CONTRACT,REQ00723,2025-12-23,voyager corporate travel,False
TXN001577,CORPORATE_CARD,SUP0007,Meridian Softworks,It Software & Licences,Operations,2639.08,INR,,NO_CONTRACT,,2025-04-20,meridian softworks,False
TXN001578,CORPORATE_CARD,SUP0021,Pulse Marketing Co,Marketing Services,Logistics,37281.8,INR,,OFF_CONTRACT,REQ00185,2025-09-01,pulse marketing,False
TXN001583,CORPORATE_CARD,SUP0023,FleetBridge Cargo,Logistics & Freight,R&D,9734.21,INR,,OFF_CONTRACT,REQ00791,2025-09-13,fleetbridge cargo,False
TXN001594,CORPORATE_CARD,SUP0006,Vertex Licensing,It Software & Licences,Facilities,9589.26,INR,,NO_CONTRACT,,2025-10-18,vertex licensing,False
TXN001604,CORPORATE_CARD,SUP0020,BrightArc Media,Marketing Services,Logistics,26242.65,INR,,OFF_CONTRACT,REQ00668,2025-07-30,brightarc media,False
TXN001610,CORPORATE_CARD,SUP0014,Skyroute Travel,Travel,Marketing,13670.93,INR,CTR0005,ON_CONTRACT,REQ00702,2025-07-14,skyroute travel,False
TXN001615,CORPORATE_CARD,SUP0009,Paperline Traders,Office Supplies,Operations,4008.53,INR,,OFF_CONTRACT,REQ00841,2025-11-05,paperline traders,False
TXN001624,CORPORATE_CARD,SUP0010,Kanban Stationers,Office Supplies,Logistics,9657.31,INR,,OFF_CONTRACT,,2025-08-07,kanban stationers,False
TXN001626,CORPORATE_CARD,SUP0023,FleetBridge Cargo,Logistics & Freight,Operations,14833.15,INR,,OFF_CONTRACT,REQ00184,2025-04-06,fleetbridge cargo,False
TXN001634,CORPORATE_CARD,SUP0001,Nexa Technologies Pvt Ltd,It Hardware,Marketing,62268.95,INR,CTR0001,ON_CONTRACT,,2026-01-26,nexa technologies,False
TXN001642,CORPORATE_CARD,SUP0015,Voyager Corporate Travel,Travel,Human Resources,28617.71,INR,,OFF_CONTRACT,REQ00144,2026-01-15,voyager corporate travel,False
TXN001647,CORPORATE_CARD,SUP0014,Skyroute Travel,Travel,Human Resources,5562.62,INR,CTR0005,ON_CONTRACT,REQ00792,2025-07-17,skyroute travel,False
TXN001660,CORPORATE_CARD,SUP0007,Meridian Softworks,It Software & Licences,Marketing,25011.78,INR,,NO_CONTRACT,REQ00483,2026-01-07,meridian softworks,False
TXN001664,CORPORATE_CARD,SUP0006,Vertex Licensing,It Software & Licences,Operations,29631.44,INR,,NO_CONTRACT,REQ00349,2025-12-13,vertex licensing,False
TXN001671,CORPORATE_CARD,SUP0023,FleetBridge Cargo,Logistics & Freight,Human Resources,12063.45,INR,,OFF_CONTRACT,,2025-05-30,fleetbridge cargo,False
TXN001678,CORPORATE_CARD,SUP0023,FleetBridge Cargo,Logistics & Freight,R&D,14940.07,INR,,OFF_CONTRACT,REQ00087,2025-12-30,fleetbridge cargo,False
TXN001685,CORPORATE_CARD,SUP0008,Orion Office Supplies,Office Supplies,Human Resources,1672.86,INR,CTR0003,ON_CONTRACT,REQ00417,2025-07-16,orion office supplies,False
TXN001688,CORPORATE_CARD,SUP0023,FleetBridge Cargo,Logistics & Freight,Finance,13034.48,INR,,OFF_CONTRACT,REQ00355,2025-11-14,fleetbridge cargo,False
TXN001689,CORPORATE_CARD,SUP0008,Orion Office Supplies,Office Supplies,R&D,3399.08,INR,CTR0003,ON_CONTRACT,REQ00034,2026-03-05,orion office supplies,False
TXN001697,CORPORATE_CARD,SUP0005,Cloudspan Software,It Software & Licences,R&D,6020.37,INR,CTR0002,ON_CONTRACT,REQ00414,2025-12-10,cloudspan software,False
TXN001701,CORPORATE_CARD,SUP0011,Sterling Advisory,Professional Services,Facilities,46517.93,INR,CTR0004,ON_CONTRACT,,2025-10-27,sterling advisory,False
TXN001703,CORPORATE_CARD,SUP0026,Nexa Tech Pvt Ltd,It Hardware,Marketing,23144.68,INR,,NO_CONTRACT,REQ00741,2025-08-01,nexa tech,False
TXN001704,CORPORATE_CARD,SUP0009,Paperline Traders,Office Supplies,It,2863.79,INR,,OFF_CONTRACT,REQ00473,2025-11-22,paperline traders,False
TXN001707,CORPORATE_CARD,SUP0025,NEXA TECHNOLOGIES PVT. LTD.,It Hardware,R&D,50989.28,INR,,NO_CONTRACT,REQ00428,2025-08-12,nexa technologies,False
TXN001708,CORPORATE_CARD,SUP0005,Cloudspan Software,It Software & Licences,Logistics,16835.81,INR,CTR0002,ON_CONTRACT,REQ00744,2025-05-01,cloudspan software,False
TXN001712,CORPORATE_CARD,SUP0014,Skyroute Travel,Travel,Logistics,2244.15,INR,CTR0005,ON_CONTRACT,,2025-08-12,skyroute travel,False
TXN001715,CORPORATE_CARD,SUP0016,Prime Facility Care,Facilities Maintenance,Human Resources,3264.52,INR,CTR0006,ON_CONTRACT,REQ00451,2026-03-11,prime facility care,False
TXN001718,CORPORATE_CARD,SUP0001,Nexa Technologies Pvt Ltd,It Hardware,R&D,49593.03,INR,CTR0001,ON_CONTRACT,REQ00175,2025-09-24,nexa technologies,False
TXN001723,CORPORATE_CARD,SUP0012,Cobalt Consulting,Professional Services,Finance,27948.77,INR,,OFF_CONTRACT,REQ00278,2026-01-09,cobalt consulting,False
TXN001725,CORPORATE_CARD,SUP0011,Sterling Advisory,Professional Services,Human Resources,37669.32,INR,CTR0004,ON_CONTRACT,,2025-05-17,sterling advisory,False
TXN001730,CORPORATE_CARD,SUP0019,Lumen Creative,Marketing Services,Logistics,30012.98,INR,CTR0007,ON_CONTRACT,,2025-08-07,lumen creative,False
TXN001735,CORPORATE_CARD,SUP0023,FleetBridge Cargo,Logistics & Freight,Operations,9065.72,INR,,OFF_CONTRACT,REQ00514,2025-09-04,fleetbridge cargo,False
TXN001753,CORPORATE_CARD,SUP0015,Voyager Corporate Travel,Travel,R&D,1411.52,INR,,OFF_CONTRACT,REQ00499,2025-04-25,voyager corporate travel,False
TXN001758,CORPORATE_CARD,SUP0018,Urban Upkeep,Facilities Maintenance,It,9894.11,INR,,OFF_CONTRACT,REQ00301,2025-04-04,urban upkeep,False
TXN001760,CORPORATE_CARD,SUP0016,Prime Facility Care,Facilities Maintenance,Finance,9008.55,INR,CTR0006,ON_CONTRACT,,2026-01-21,prime facility care,False
TXN001771,CORPORATE_CARD,SUP0014,Skyroute Travel,Travel,Logistics,15763.68,INR,CTR0005,ON_CONTRACT,REQ00282,2026-02-26,skyroute travel,False
TXN001783,CORPORATE_CARD,SUP0021,Pulse Marketing Co,Marketing Services,Finance,19030.93,INR,,OFF_CONTRACT,,2025-11-23,pulse marketing,False
TXN001790,CORPORATE_CARD,SUP0023,FleetBridge Cargo,Logistics & Freight,Finance,13906.23,INR,,OFF_CONTRACT,REQ00027,2026-01-04,fleetbridge cargo,False
TXN001794,CORPORATE_CARD,SUP0001,Nexa Technologies Pvt Ltd,It Hardware,It,40131.35,INR,CTR0001,ON_CONTRACT,,2025-10-03,nexa technologies,False
TXN001799,CORPORATE_CARD,SUP0015,Voyager Corporate Travel,Travel,Marketing,4543.23,INR,,OFF_CONTRACT,REQ00843,2025-06-22,voyager corporate travel,False
TXN001804,CORPORATE_CARD,SUP0005,Cloudspan Software,It Software & Licences,Finance,9047.45,INR,CTR0002,ON_CONTRACT,,2025-04-21,cloudspan software,False
TXN001814,CORPORATE_CARD,SUP0021,Pulse Marketing Co,Marketing Services,Logistics,5829.19,INR,,OFF_CONTRACT,,2025-12-24,pulse marketing,False
TXN001822,CORPORATE_CARD,SUP0011,Sterling Advisory,Professional Services,Finance,16711.91,INR,CTR0004,ON_CONTRACT,,2025-06-26,sterling advisory,False
TXN001825,CORPORATE_CARD,SUP0021,Pulse Marketing Co,Marketing Services,Facilities,34128.74,INR,,OFF_CONTRACT,,2025-08-29,pulse marketing,False
TXN001834,CORPORATE_CARD,SUP0013,Adept Partners,Professional Services,Operations,87302.98,INR,,OFF_CONTRACT,REQ00589,2025-04-28,adept partners,False
TXN001839,CORPORATE_CARD,SUP0023,FleetBridge Cargo,Logistics & Freight,Marketing,21491.92,INR,,OFF_CONTRACT,,2026-03-15,fleetbridge cargo,False
TXN001841,CORPORATE_CARD,SUP0006,Vertex Licensing,It Software & Licences,Marketing,19996.08,INR,,NO_CONTRACT,REQ00507,2025-06-01,vertex licensing,False
TXN001856,CORPORATE_CARD,SUP0007,Meridian Softworks,It Software & Licences,Operations,10212.27,INR,,NO_CONTRACT,REQ00139,2025-11-16,meridian softworks,False
TXN001857,CORPORATE_CARD,SUP0013,Adept Partners,Professional Services,It,53863.33,INR,,OFF_CONTRACT,REQ00330,2026-01-13,adept partners,False
TXN001860,CORPORATE_CARD,SUP0027,Orion Office Supplies Ltd,Office Supplies,R&D,5819.53,INR,,OFF_CONTRACT,REQ00551,2025-04-27,orion office supplies,False
TXN001866,CORPORATE_CARD,SUP0015,Voyager Corporate Travel,Travel,Human Resources,30810.68,INR,,OFF_CONTRACT,REQ00900,2026-03-01,voyager corporate travel,False
TXN001874,CORPORATE_CARD,SUP0006,Vertex Licensing,It Software & Licences,Operations,29064.62,INR,,NO_CONTRACT,,2025-09-10,vertex licensing,False
TXN001877,CORPORATE_CARD,SUP0005,Cloudspan Software,It Software & Licences,It,19305.64,INR,CTR0002,ON_CONTRACT,,2025-05-06,cloudspan software,False
TXN001883,CORPORATE_CARD,SUP0019,Lumen Creative,Marketing Services,Logistics,31077.27,INR,CTR0007,ON_CONTRACT,,2025-09-24,lumen creative,False
TXN001885,CORPORATE_CARD,SUP0027,Orion Office Supplies Ltd,Office Supplies,Marketing,2493.74,INR,,OFF_CONTRACT,REQ00022,2025-11-08,orion office supplies,False
TXN001894,CORPORATE_CARD,SUP0014,Skyroute Travel,Travel,Marketing,7976.23,INR,CTR0005,ON_CONTRACT,REQ00480,2025-08-04,skyroute travel,False
TXN001916,CORPORATE_CARD,SUP0006,Vertex Licensing,It Software & Licences,Marketing,33688.83,INR,,NO_CONTRACT,,2025-11-22,vertex licensing,False
TXN001917,CORPORATE_CARD,SUP0017,GreenEdge Services,Facilities Maintenance,Marketing,10540.2,INR,,OFF_CONTRACT,REQ00094,2025-04-02,greenedge services,False
TXN001920,CORPORATE_CARD,SUP0023,FleetBridge Cargo,Logistics & Freight,It,18938.51,INR,,OFF_CONTRACT,REQ00203,2025-08-13,fleetbridge cargo,False
TXN001924,CORPORATE_CARD,SUP0012,Cobalt Consulting,Professional Services,Facilities,50498.2,INR,,OFF_CONTRACT,REQ00506,2025-09-24,cobalt consulting,False
TXN001927,CORPORATE_CARD,SUP0007,Meridian Softworks,It Software & Licences,Finance,18861.71,INR,,NO_CONTRACT,REQ00782,2025-12-07,meridian softworks,False
TXN001928,CORPORATE_CARD,SUP0018,Urban Upkeep,Facilities Maintenance,R&D,8487.97,INR,,OFF_CONTRACT,REQ00473,2025-09-14,urban upkeep,False
TXN001947,CORPORATE_CARD,SUP0016,Prime Facility Care,Facilities Maintenance,Finance,11599.51,INR,CTR0006,ON_CONTRACT,REQ00322,2026-02-04,prime facility care,False
TXN001950,CORPORATE_CARD,SUP0015,Voyager Corporate Travel,Travel,Marketing,16507.9,INR,,OFF_CONTRACT,REQ00392,2026-01-10,voyager corporate travel,False
TXN001952,CORPORATE_CARD,SUP0014,Skyroute Travel,Travel,Finance,6142.38,INR,CTR0005,ON_CONTRACT,,2025-06-03,skyroute travel,False
TXN001954,CORPORATE_CARD,SUP0002,Zenith Computing,It Hardware,Human Resources,37351.39,INR,,NO_CONTRACT,REQ00775,2026-01-17,zenith computing,False
TXN001955,CORPORATE_CARD,SUP0002,Zenith Computing,It Hardware,Marketing,65444.6,INR,,NO_CONTRACT,REQ00536,2025-06-23,zenith computing,False
TXN001959,CORPORATE_CARD,SUP0012,Cobalt Consulting,Professional Services,Logistics,55083.34,INR,,OFF_CONTRACT,REQ00225,2025-07-29,cobalt consulting,False
TXN001968,CORPORATE_CARD,SUP0013,Adept Partners,Professional Services,Human Resources,46413.72,INR,,OFF_CONTRACT,REQ00056,2026-02-26,adept partners,False
TXN001975,CORPORATE_CARD,SUP0006,Vertex Licensing,It Software & Licences,Human Resources,11092.69,INR,,NO_CONTRACT,REQ00468,2025-07-14,vertex licensing,False
TXN001978,CORPORATE_CARD,SUP0014,Skyroute Travel,Travel,Marketing,12706.6,INR,CTR0005,ON_CONTRACT,REQ00408,2026-03-14,skyroute travel,False
TXN001981,CORPORATE_CARD,SUP0013,Adept Partners,Professional Services,It,34713.28,INR,,OFF_CONTRACT,,2025-04-23,adept partners,False
TXN001982,CORPORATE_CARD,SUP0019,Lumen Creative,Marketing Services,It,51305.2,INR,CTR0007,ON_CONTRACT,REQ00091,2026-02-01,lumen creative,False
TXN001984,CORPORATE_CARD,SUP0008,Orion Office Supplies,Office Supplies,Finance,3566.77,INR,CTR0003,ON_CONTRACT,REQ00356,2025-08-28,orion office supplies,False
TXN001985,CORPORATE_CARD,SUP0027,Orion Office Supplies Ltd,Office Supplies,Facilities,1380.81,INR,,OFF_CONTRACT,,2025-06-10,orion office supplies,False
TXN001992,CORPORATE_CARD,SUP0005,Cloudspan Software,It Software & Licences,Operations,6232.84,INR,CTR0002,ON_CONTRACT,,2025-12-15,cloudspan software,False
TXN002002,CORPORATE_CARD,SUP0005,Cloudspan Software,It Software & Licences,It,9104.0,INR,CTR0002,ON_CONTRACT,REQ00566,2026-03-27,cloudspan software,False
TXN002005,CORPORATE_CARD,SUP0021,Pulse Marketing Co,Marketing Services,Logistics,9559.65,INR,,OFF_CONTRACT,REQ00463,2025-08-29,pulse marketing,False
TXN002006,CORPORATE_CARD,SUP0008,Orion Office Supplies,Office Supplies,Facilities,5411.97,INR,CTR0003,ON_CONTRACT,REQ00498,2025-08-06,orion office supplies,False
TXN002007,CORPORATE_CARD,SUP0024,Nexa Technologies,It Hardware,It,32784.84,INR,,NO_CONTRACT,REQ00229,2025-09-22,nexa technologies,False
TXN002021,CORPORATE_CARD,SUP0003,BluePeak Systems,It Hardware,Marketing,45691.7,INR,,NO_CONTRACT,REQ00810,2025-12-17,bluepeak systems,False
TXN002034,CORPORATE_CARD,SUP0016,Prime Facility Care,Facilities Maintenance,R&D,15424.04,INR,CTR0006,ON_CONTRACT,REQ00194,2025-08-09,prime facility care,False
TXN002043,CORPORATE_CARD,SUP0028,ORION OFFICE SUPPLIES,Office Supplies,Facilities,6227.28,INR,,OFF_CONTRACT,REQ00866,2025-10-26,orion office supplies,False
TXN002044,CORPORATE_CARD,SUP0011,Sterling Advisory,Professional Services,Human Resources,26766.56,INR,CTR0004,ON_CONTRACT,REQ00245,2026-03-10,sterling advisory,False
TXN002067,CORPORATE_CARD,SUP0021,Pulse Marketing Co,Marketing Services,R&D,20078.16,INR,,OFF_CONTRACT,,2025-12-25,pulse marketing,False
TXN002073,CORPORATE_CARD,SUP0023,FleetBridge Cargo,Logistics & Freight,R&D,7583.98,INR,,OFF_CONTRACT,,2025-08-04,fleetbridge cargo,False
TXN002089,CORPORATE_CARD,SUP0014,Skyroute Travel,Travel,Human Resources,20467.9,INR,CTR0005,ON_CONTRACT,,2025-08-10,skyroute travel,False
TXN002091,CORPORATE_CARD,SUP0023,FleetBridge Cargo,Logistics & Freight,R&D,23046.63,INR,,OFF_CONTRACT,,2025-09-01,fleetbridge cargo,False
TXN002092,CORPORATE_CARD,SUP0005,Cloudspan Software,It Software & Licences,Finance,50524.86,INR,CTR0002,ON_CONTRACT,,2025-04-30,cloudspan software,False
TXN002097,CORPORATE_CARD,SUP0006,Vertex Licensing,It Software & Licences,Marketing,14752.27,INR,,NO_CONTRACT,,2025-04-02,vertex licensing,False
TXN002103,CORPORATE_CARD,SUP0008,Orion Office Supplies,Office Supplies,Human Resources,1007.38,INR,CTR0003,ON_CONTRACT,REQ00873,2025-09-21,orion office supplies,False
TXN002115,CORPORATE_CARD,SUP0022,Transcore Logistics,Logistics & Freight,Finance,18258.17,INR,CTR0008,ON_CONTRACT,,2026-02-09,transcore logistics,False
TXN002127,CORPORATE_CARD,SUP0005,Cloudspan Software,It Software & Licences,Human Resources,18569.78,INR,CTR0002,ON_CONTRACT,REQ00437,2025-07-14,cloudspan software,False
TXN002137,CORPORATE_CARD,SUP0023,FleetBridge Cargo,Logistics & Freight,Operations,3899.11,INR,,OFF_CONTRACT,REQ00364,2025-04-09,fleetbridge cargo,False
TXN002144,CORPORATE_CARD,SUP0007,Meridian Softworks,It Software & Licences,Finance,13060.78,INR,,NO_CONTRACT,REQ00096,2025-06-10,meridian softworks,False
TXN002156,CORPORATE_CARD,SUP0014,Skyroute Travel,Travel,Human Resources,11534.67,INR,CTR0005,ON_CONTRACT,,2025-12-11,skyroute travel,False
TXN002160,CORPORATE_CARD,SUP0005,Cloudspan Software,It Software & Licences,It,34189.78,INR,CTR0002,ON_CONTRACT,REQ00350,2025-07-15,cloudspan software,False
TXN002161,CORPORATE_CARD,SUP0022,Transcore Logistics,Logistics & Freight,Finance,25472.28,INR,CTR0008,ON_CONTRACT,,2025-10-11,transcore logistics,False
TXN002178,CORPORATE_CARD,SUP0019,Lumen Creative,Marketing Services,Operations,19905.98,INR,CTR0007,ON_CONTRACT,REQ00045,2025-07-14,lumen creative,False
TXN002183,CORPORATE_CARD,SUP0011,Sterling Advisory,Professional Services,It,14669.71,INR,CTR0004,ON_CONTRACT,,2025-12-07,sterling advisory,False
TXN002187,CORPORATE_CARD,SUP0009,Paperline Traders,Office Supplies,Operations,8148.04,INR,,OFF_CONTRACT,REQ00303,2025-11-22,paperline traders,False
TXN002193,CORPORATE_CARD,SUP0015,Voyager Corporate Travel,Travel,Logistics,26154.38,INR,,OFF_CONTRACT,REQ00609,2025-12-29,voyager corporate travel,False
TXN002201,CORPORATE_CARD,SUP0005,Cloudspan Software,It Software & Licences,Facilities,20154.07,INR,CTR0002,ON_CONTRACT,,2025-09-12,cloudspan software,False
TXN002205,CORPORATE_CARD,SUP0017,GreenEdge Services,Facilities Maintenance,Finance,23965.73,INR,,OFF_CONTRACT,REQ00689,2025-05-29,greenedge services,False
TXN002231,CORPORATE_CARD,SUP0006,Vertex Licensing,It Software & Licences,It,26647.46,INR,,NO_CONTRACT,,2025-07-11,vertex licensing,False
TXN002232,CORPORATE_CARD,SUP0013,Adept Partners,Professional Services,Finance,10492.89,INR,,OFF_CONTRACT,,2025-04-21,adept partners,False
TXN002239,CORPORATE_CARD,SUP0011,Sterling Advisory,Professional Services,Facilities,14357.38,INR,CTR0004,ON_CONTRACT,REQ00073,2025-06-03,sterling advisory,False
TXN002248,CORPORATE_CARD,SUP0001,Nexa Technologies Pvt Ltd,It Hardware,Operations,26434.23,INR,CTR0001,ON_CONTRACT,REQ00180,2025-07-21,nexa technologies,False
TXN002263,CORPORATE_CARD,SUP0023,FleetBridge Cargo,Logistics & Freight,Logistics,24718.09,INR,,OFF_CONTRACT,REQ00222,2025-09-06,fleetbridge cargo,False
TXN002270,CORPORATE_CARD,SUP0007,Meridian Softworks,It Software & Licences,Finance,515172.56,INR,,NO_CONTRACT,,2025-06-01,meridian softworks,False
TXN002278,CORPORATE_CARD,SUP0012,Cobalt Consulting,Professional Services,Finance,49468.42,INR,,OFF_CONTRACT,REQ00287,2025-08-17,cobalt consulting,False
TXN002280,CORPORATE_CARD,SUP0027,Orion Office Supplies Ltd,Office Supplies,Facilities,1194.36,INR,,OFF_CONTRACT,,2025-12-08,orion office supplies,False
TXN002300,CORPORATE_CARD,SUP0028,ORION OFFICE SUPPLIES,Office Supplies,Finance,2432.46,INR,,OFF_CONTRACT,REQ00344,2026-01-02,orion office supplies,False
TXN002305,CORPORATE_CARD,SUP0018,Urban Upkeep,Facilities Maintenance,R&D,14429.27,INR,,OFF_CONTRACT,,2026-02-01,urban upkeep,False
TXN002308,CORPORATE_CARD,SUP0023,FleetBridge Cargo,Logistics & Freight,Operations,17853.71,INR,,OFF_CONTRACT,,2025-10-23,fleetbridge cargo,False
TXN002312,CORPORATE_CARD,SUP0019,Lumen Creative,Marketing Services,Finance,27933.53,INR,CTR0007,ON_CONTRACT,REQ00201,2025-12-09,lumen creative,False
TXN002314,CORPORATE_CARD,SUP0011,Sterling Advisory,Professional Services,Finance,77784.25,INR,CTR0004,ON_CONTRACT,,2025-10-17,sterling advisory,False
TXN002315,CORPORATE_CARD,SUP0020,BrightArc Media,Marketing Services,Facilities,50998.72,INR,,OFF_CONTRACT,REQ00555,2025-06-30,brightarc media,False
TXN002318,CORPORATE_CARD,SUP0008,Orion Office Supplies,Office Supplies,Operations,4474.66,INR,CTR0003,ON_CONTRACT,,2025-07-09,orion office supplies,False
TXN002329,CORPORATE_CARD,SUP0011,Sterling Advisory,Professional Services,R&D,45118.52,INR,CTR0004,ON_CONTRACT,REQ00867,2025-12-25,sterling advisory,False
TXN002331,CORPORATE_CARD,SUP0008,Orion Office Supplies,Office Supplies,Facilities,1448.14,INR,CTR0003,ON_CONTRACT,REQ00363,2025-06-30,orion office supplies,False
TXN002333,CORPORATE_CARD,SUP0022,Transcore Logistics,Logistics & Freight,It,24875.43,INR,CTR0008,ON_CONTRACT,REQ00133,2025-07-30,transcore logistics,False
TXN002344,CORPORATE_CARD,SUP0020,BrightArc Media,Marketing Services,R&D,25430.29,INR,,OFF_CONTRACT,REQ00653,2025-11-12,brightarc media,False
TXN002348,CORPORATE_CARD,SUP0001,Nexa Technologies Pvt Ltd,It Hardware,Facilities,13599.69,INR,CTR0001,ON_CONTRACT,REQ00426,2025-08-13,nexa technologies,False
TXN002349,CORPORATE_CARD,SUP0023,FleetBridge Cargo,Logistics & Freight,Logistics,17705.44,INR,,OFF_CONTRACT,REQ00724,2025-05-15,fleetbridge cargo,False
TXN002352,CORPORATE_CARD,SUP0001,Nexa Technologies Pvt Ltd,It Hardware,Logistics,350417.68,INR,CTR0001,ON_CONTRACT,REQ00674,2026-01-09,nexa technologies,False
TXN002359,CORPORATE_CARD,SUP0019,Lumen Creative,Marketing Services,Logistics,27375.63,INR,CTR0007,ON_CONTRACT,REQ00828,2025-10-19,lumen creative,False
TXN002361,CORPORATE_CARD,SUP0023,FleetBridge Cargo,Logistics & Freight,It,2648.01,INR,,OFF_CONTRACT,REQ00179,2025-11-12,fleetbridge cargo,False
TXN002363,CORPORATE_CARD,SUP0006,Vertex Licensing,It Software & Licences,Marketing,18173.31,INR,,NO_CONTRACT,REQ00832,2026-03-12,vertex licensing,False
TXN002371,CORPORATE_CARD,SUP0028,ORION OFFICE SUPPLIES,Office Supplies,Operations,5937.39,INR,,OFF_CONTRACT,REQ00670,2025-12-18,orion office supplies,False
TXN002374,CORPORATE_CARD,SUP0010,Kanban Stationers,Office Supplies,Facilities,4393.08,INR,,OFF_CONTRACT,,2026-03-25,kanban stationers,False
TXN002384,CORPORATE_CARD,SUP0002,Zenith Computing,It Hardware,Logistics,29437.55,INR,,NO_CONTRACT,,2025-05-20,zenith computing,False
TXN002389,CORPORATE_CARD,SUP0001,Nexa Technologies Pvt Ltd,It Hardware,Facilities,38016.71,INR,CTR0001,ON_CONTRACT,REQ00883,2026-01-28,nexa technologies,False
TXN002411,CORPORATE_CARD,SUP0015,Voyager Corporate Travel,Travel,Human Resources,14744.06,INR,,OFF_CONTRACT,,2025-09-09,voyager corporate travel,False
TXN002412,CORPORATE_CARD,SUP0013,Adept Partners,Professional Services,It,17031.43,INR,,OFF_CONTRACT,,2025-08-31,adept partners,False
TXN002417,CORPORATE_CARD,SUP0019,Lumen Creative,Marketing Services,Human Resources,32475.42,INR,CTR0007,ON_CONTRACT,,2025-05-29,lumen creative,False
TXN002418,CORPORATE_CARD,SUP0023,FleetBridge Cargo,Logistics & Freight,Marketing,6450.01,INR,,OFF_CONTRACT,REQ00479,2025-04-27,fleetbridge cargo,False
TXN002420,CORPORATE_CARD,SUP0001,Nexa Technologies Pvt Ltd,It Hardware,Facilities,19398.46,INR,CTR0001,ON_CONTRACT,REQ00701,2026-03-26,nexa technologies,False
TXN002427,CORPORATE_CARD,SUP0021,Pulse Marketing Co,Marketing Services,Human Resources,6353.01,INR,,OFF_CONTRACT,,2026-02-02,pulse marketing,False
TXN002433,CORPORATE_CARD,SUP0019,Lumen Creative,Uncategorised,Human Resources,65539.04,INR,CTR0007,ON_CONTRACT,,2025-10-10,lumen creative,False
TXN002434,CORPORATE_CARD,SUP0021,Pulse Marketing Co,Marketing Services,Logistics,26002.28,INR,,OFF_CONTRACT,REQ00156,2025-05-04,pulse marketing,False
TXN002453,CORPORATE_CARD,SUP0001,Nexa Technologies Pvt Ltd,It Hardware,It,40868.45,INR,CTR0001,ON_CONTRACT,,2025-12-01,nexa technologies,False
TXN002455,CORPORATE_CARD,SUP0005,Cloudspan Software,It Software & Licences,R&D,16566.08,INR,CTR0002,ON_CONTRACT,REQ00322,2025-08-06,cloudspan software,False
TXN002465,CORPORATE_CARD,SUP0012,Cobalt Consulting,Professional Services,Facilities,60058.06,INR,,OFF_CONTRACT,REQ00302,2025-07-02,cobalt consulting,False
TXN002472,CORPORATE_CARD,SUP0022,Transcore Logistics,Logistics & Freight,R&D,35679.36,INR,CTR0008,ON_CONTRACT,REQ00748,2025-05-27,transcore logistics,False
TXN002480,CORPORATE_CARD,SUP0023,FleetBridge Cargo,Logistics & Freight,R&D,30753.23,INR,,OFF_CONTRACT,,2025-08-03,fleetbridge cargo,False
TXN002481,CORPORATE_CARD,SUP0015,Voyager Corporate Travel,Travel,R&D,6119.75,INR,,OFF_CONTRACT,,2025-05-08,voyager corporate travel,False
TXN002488,CORPORATE_CARD,SUP0012,Cobalt Consulting,Professional Services,Logistics,64750.81,INR,,OFF_CONTRACT,,2026-01-08,cobalt consulting,False
TXN002489,CORPORATE_CARD,SUP0005,Cloudspan Software,It Software & Licences,Finance,28936.55,INR,CTR0002,ON_CONTRACT,REQ00611,2025-06-03,cloudspan software,False
TXN002500,CORPORATE_CARD,SUP0002,Zenith Computing,It Hardware,It,23435.47,INR,,NO_CONTRACT,,2025-12-17,zenith computing,False
TXN002503,CORPORATE_CARD,SUP0015,Voyager Corporate Travel,Travel,Logistics,9658.52,INR,,OFF_CONTRACT,REQ00802,2026-01-07,voyager corporate travel,False
TXN002505,CORPORATE_CARD,SUP0024,Nexa Technologies,It Hardware,Marketing,25142.01,INR,,NO_CONTRACT,REQ00837,2025-08-21,nexa technologies,False
TXN002532,CORPORATE_CARD,SUP0018,Urban Upkeep,Facilities Maintenance,Finance,25951.4,INR,,OFF_CONTRACT,,2026-02-07,urban upkeep,False
TXN002555,CORPORATE_CARD,SUP0008,Orion Office Supplies,Office Supplies,Finance,749.77,INR,CTR0003,ON_CONTRACT,,2025-05-01,orion office supplies,False
TXN002560,CORPORATE_CARD,SUP0025,NEXA TECHNOLOGIES PVT. LTD.,It Hardware,Operations,36136.78,INR,,NO_CONTRACT,,2025-05-04,nexa technologies,False
TXN002574,CORPORATE_CARD,SUP0008,Orion Office Supplies,Office Supplies,Marketing,4515.2,INR,CTR0003,ON_CONTRACT,REQ00227,2025-09-05,orion office supplies,False
TXN002586,CORPORATE_CARD,SUP0006,Vertex Licensing,It Software & Licences,Logistics,28055.73,INR,,NO_CONTRACT,,2026-03-18,vertex licensing,False
TXN002589,CORPORATE_CARD,SUP0023,FleetBridge Cargo,Logistics & Freight,Finance,8485.76,INR,,OFF_CONTRACT,,2025-12-02,fleetbridge cargo,False
TXN002596,CORPORATE_CARD,SUP0011,Sterling Advisory,Professional Services,Marketing,75189.57,INR,CTR0004,ON_CONTRACT,REQ00213,2025-04-26,sterling advisory,False
TXN002598,CORPORATE_CARD,SUP0017,GreenEdge Services,Facilities Maintenance,It,7202.94,INR,,OFF_CONTRACT,,2025-06-06,greenedge services,False
TXN002602,CORPORATE_CARD,SUP0009,Paperline Traders,Office Supplies,Logistics,1453.24,INR,,OFF_CONTRACT,REQ00886,2026-02-06,paperline traders,False
TXN002610,CORPORATE_CARD,SUP0013,Adept Partners,Professional Services,Finance,10982.22,INR,,OFF_CONTRACT,REQ00663,2026-02-04,adept partners,False
TXN002615,CORPORATE_CARD,SUP0008,Orion Office Supplies,Office Supplies,R&D,3915.87,INR,CTR0003,ON_CONTRACT,REQ00206,2026-01-12,orion office supplies,False
TXN002616,CORPORATE_CARD,SUP0018,Urban Upkeep,Facilities Maintenance,Marketing,492896.87,INR,,OFF_CONTRACT,,2026-03-08,urban upkeep,False
TXN002618,CORPORATE_CARD,SUP0011,Sterling Advisory,Professional Services,Logistics,25139.6,INR,CTR0004,ON_CONTRACT,REQ00383,2025-08-15,sterling advisory,False
TXN002622,CORPORATE_CARD,SUP0020,BrightArc Media,Marketing Services,R&D,55493.23,INR,,OFF_CONTRACT,REQ00288,2025-06-04,brightarc media,False
TXN002628,CORPORATE_CARD,SUP0015,Voyager Corporate Travel,Travel,Operations,14760.61,INR,,OFF_CONTRACT,,2025-06-20,voyager corporate travel,False
TXN002631,CORPORATE_CARD,SUP0001,Nexa Technologies Pvt Ltd,It Hardware,Finance,22964.26,INR,CTR0001,ON_CONTRACT,,2025-06-12,nexa technologies,False
TXN002632,CORPORATE_CARD,SUP0005,Cloudspan Software,It Software & Licences,Human Resources,25248.15,INR,CTR0002,ON_CONTRACT,REQ00215,2025-10-03,cloudspan software,False
TXN002638,CORPORATE_CARD,SUP0025,NEXA TECHNOLOGIES PVT. LTD.,It Hardware,Facilities,56410.54,INR,,NO_CONTRACT,REQ00377,2025-09-14,nexa technologies,False
TXN002641,CORPORATE_CARD,SUP0005,Cloudspan Software,It Software & Licences,Facilities,10093.0,INR,CTR0002,ON_CONTRACT,,2025-07-21,cloudspan software,False
TXN002642,CORPORATE_CARD,SUP0019,Lumen Creative,Marketing Services,It,6118.05,INR,CTR0007,ON_CONTRACT,REQ00203,2025-10-11,lumen creative,False
TXN002644,CORPORATE_CARD,SUP0010,Kanban Stationers,Office Supplies,Finance,4967.14,INR,,OFF_CONTRACT,,2025-09-28,kanban stationers,False
TXN002651,CORPORATE_CARD,SUP0013,Adept Partners,Professional Services,Facilities,28483.7,INR,,OFF_CONTRACT,,2025-12-09,adept partners,False
TXN002657,CORPORATE_CARD,SUP0018,Urban Upkeep,Facilities Maintenance,Operations,24922.82,INR,,OFF_CONTRACT,REQ00664,2025-05-29,urban upkeep,False
TXN002658,CORPORATE_CARD,SUP0003,BluePeak Systems,It Hardware,It,46654.33,INR,,NO_CONTRACT,REQ00323,2025-07-27,bluepeak systems,False
TXN002672,CORPORATE_CARD,SUP0023,FleetBridge Cargo,Logistics & Freight,Operations,12368.45,INR,,OFF_CONTRACT,,2026-03-17,fleetbridge cargo,False
TXN002673,CORPORATE_CARD,SUP0015,Voyager Corporate Travel,Travel,Operations,22537.03,INR,,OFF_CONTRACT,REQ00525,2026-03-11,voyager corporate travel,False
TXN002682,CORPORATE_CARD,SUP0007,Meridian Softworks,It Software & Licences,Operations,35442.55,INR,,NO_CONTRACT,REQ00051,2026-03-22,meridian softworks,False
TXN002683,CORPORATE_CARD,SUP0017,GreenEdge Services,Facilities Maintenance,Marketing,2217.39,INR,,OFF_CONTRACT,REQ00691,2025-07-15,greenedge services,False
TXN002687,CORPORATE_CARD,SUP0015,Voyager Corporate Travel,Travel,Operations,4889.07,INR,,OFF_CONTRACT,,2025-08-03,voyager corporate travel,False
TXN002692,CORPORATE_CARD,SUP0023,FleetBridge Cargo,Logistics & Freight,Logistics,11330.19,INR,,OFF_CONTRACT,REQ00873,2025-12-22,fleetbridge cargo,False
TXN002693,CORPORATE_CARD,SUP0018,Urban Upkeep,Facilities Maintenance,Marketing,4082.53,INR,,OFF_CONTRACT,,2025-06-04,urban upkeep,False
TXN002695,CORPORATE_CARD,SUP0020,BrightArc Media,Marketing Services,Marketing,33616.34,INR,,OFF_CONTRACT,,2025-09-30,brightarc media,False
TXN002706,CORPORATE_CARD,SUP0027,Orion Office Supplies Ltd,Office Supplies,Facilities,9083.04,INR,,OFF_CONTRACT,REQ00193,2025-04-20,orion office supplies,False
TXN002712,CORPORATE_CARD,SUP0006,Vertex Licensing,It Software & Licences,Logistics,19312.37,INR,,NO_CONTRACT,,2025-06-12,vertex licensing,False
TXN002717,CORPORATE_CARD,SUP0001,Nexa Technologies Pvt Ltd,It Hardware,Marketing,54748.38,INR,CTR0001,ON_CONTRACT,REQ00383,2025-04-30,nexa technologies,False
TXN002730,CORPORATE_CARD,SUP0007,Meridian Softworks,It Software & Licences,Facilities,14847.25,INR,,NO_CONTRACT,REQ00177,2025-06-29,meridian softworks,False
TXN002731,CORPORATE_CARD,SUP0027,Orion Office Supplies Ltd,Office Supplies,Marketing,4316.72,INR,,OFF_CONTRACT,REQ00370,2025-08-27,orion office supplies,False
TXN002733,CORPORATE_CARD,SUP0015,Voyager Corporate Travel,Travel,It,5161.0,INR,,OFF_CONTRACT,,2025-07-10,voyager corporate travel,False
TXN002738,CORPORATE_CARD,SUP0023,FleetBridge Cargo,Logistics & Freight,Marketing,11695.64,INR,,OFF_CONTRACT,,2026-02-01,fleetbridge cargo,False
TXN002749,CORPORATE_CARD,SUP0010,Kanban Stationers,Office Supplies,Facilities,6267.16,INR,,OFF_CONTRACT,,2026-01-01,kanban stationers,False
TXN002782,CORPORATE_CARD,SUP0001,Nexa Technologies Pvt Ltd,It Hardware,R&D,30034.09,INR,CTR0001,ON_CONTRACT,,2025-09-03,nexa technologies,False
TXN002783,CORPORATE_CARD,SUP0007,Meridian Softworks,It Software & Licences,Logistics,34856.31,INR,,NO_CONTRACT,REQ00697,2025-12-11,meridian softworks,False
TXN002784,CORPORATE_CARD,SUP0015,Voyager Corporate Travel,Travel,Facilities,29593.6,INR,,OFF_CONTRACT,,2025-07-09,voyager corporate travel,False
TXN002786,CORPORATE_CARD,SUP0018,Urban Upkeep,Facilities Maintenance,Human Resources,7623.59,INR,,OFF_CONTRACT,,2025-12-30,urban upkeep,False
TXN002792,CORPORATE_CARD,SUP0018,Urban Upkeep,Facilities Maintenance,Human Resources,21504.72,INR,,OFF_CONTRACT,,2025-05-25,urban upkeep,False
TXN002799,CORPORATE_CARD,SUP0021,Pulse Marketing Co,Marketing Services,Human Resources,25852.16,INR,,OFF_CONTRACT,,2025-08-08,pulse marketing,False
TXN002821,CORPORATE_CARD,SUP0011,Sterling Advisory,Professional Services,R&D,99787.87,INR,CTR0004,ON_CONTRACT,,2025-12-19,sterling advisory,False
TXN002827,CORPORATE_CARD,SUP0006,Vertex Licensing,It Software & Licences,R&D,39363.09,INR,,NO_CONTRACT,,2025-05-04,vertex licensing,False
TXN002831,CORPORATE_CARD,SUP0013,Adept Partners,Professional Services,R&D,28073.0,INR,,OFF_CONTRACT,,2025-08-27,adept partners,False
TXN002846,CORPORATE_CARD,SUP0016,Prime Facility Care,Facilities Maintenance,Facilities,4902.42,INR,CTR0006,ON_CONTRACT,,2026-01-25,prime facility care,False
TXN002849,CORPORATE_CARD,SUP0002,Zenith Computing,It Hardware,Facilities,27931.02,INR,,NO_CONTRACT,REQ00336,2025-05-02,zenith computing,False
TXN002850,CORPORATE_CARD,SUP0027,Orion Office Supplies Ltd,Office Supplies,Logistics,2172.17,INR,,OFF_CONTRACT,REQ00776,2025-10-23,orion office supplies,False
TXN002872,CORPORATE_CARD,SUP0023,FleetBridge Cargo,Logistics & Freight,Operations,39712.4,INR,,OFF_CONTRACT,REQ00780,2025-11-30,fleetbridge cargo,False
TXN002876,CORPORATE_CARD,SUP0001,Nexa Technologies Pvt Ltd,It Hardware,Facilities,19876.68,INR,CTR0001,ON_CONTRACT,,2026-03-01,nexa technologies,False
TXN002878,CORPORATE_CARD,SUP0001,Nexa Technologies Pvt Ltd,It Hardware,Human Resources,20241.91,INR,CTR0001,ON_CONTRACT,REQ00221,2025-06-21,nexa technologies,False
TXN002880,CORPORATE_CARD,SUP0014,Skyroute Travel,Travel,Logistics,4497.53,INR,CTR0005,ON_CONTRACT,REQ00748,2026-01-11,skyroute travel,False
TXN002887,CORPORATE_CARD,SUP0020,BrightArc Media,Marketing Services,R&D,15557.82,INR,,OFF_CONTRACT,,2026-01-24,brightarc media,False
TXN002913,CORPORATE_CARD,SUP0023,FleetBridge Cargo,Logistics & Freight,It,29729.88,INR,,OFF_CONTRACT,,2025-07-21,fleetbridge cargo,False
TXN002917,CORPORATE_CARD,SUP0021,Pulse Marketing Co,Marketing Services,Operations,24238.05,INR,,OFF_CONTRACT,,2026-01-23,pulse marketing,False
TXN002923,CORPORATE_CARD,SUP0009,Paperline Traders,Office Supplies,Facilities,8137.19,INR,,OFF_CONTRACT,REQ00332,2025-08-01,paperline traders,False
TXN002939,CORPORATE_CARD,SUP0018,Urban Upkeep,Facilities Maintenance,Human Resources,18835.45,INR,,OFF_CONTRACT,REQ00048,2025-09-04,urban upkeep,False
TXN002949,CORPORATE_CARD,SUP0009,Paperline Traders,Office Supplies,Human Resources,2712.37,INR,,OFF_CONTRACT,REQ00495,2025-09-02,paperline traders,False
TXN002952,CORPORATE_CARD,SUP0005,Cloudspan Software,It Software & Licences,Finance,35551.21,INR,CTR0002,ON_CONTRACT,REQ00263,2026-01-20,cloudspan software,False
TXN002954,CORPORATE_CARD,SUP0005,Cloudspan Software,It Software & Licences,Facilities,21185.74,INR,CTR0002,ON_CONTRACT,REQ00475,2025-08-06,cloudspan software,False
TXN002961,CORPORATE_CARD,SUP0009,Paperline Traders,Office Supplies,Operations,2672.08,INR,,OFF_CONTRACT,REQ00716,2025-07-13,paperline traders,False
TXN002964,CORPORATE_CARD,SUP0006,Vertex Licensing,It Software & Licences,R&D,38491.86,INR,,NO_CONTRACT,REQ00768,2025-05-24,vertex licensing,False
TXN002975,CORPORATE_CARD,SUP0003,BluePeak Systems,It Hardware,Operations,29663.75,INR,,NO_CONTRACT,,2025-07-05,bluepeak systems,False
TXN002978,CORPORATE_CARD,SUP0021,Pulse Marketing Co,Marketing Services,Facilities,3669.33,INR,,OFF_CONTRACT,REQ00871,2025-10-04,pulse marketing,False
TXN002993,CORPORATE_CARD,SUP0023,FleetBridge Cargo,Logistics & Freight,R&D,9008.67,INR,,OFF_CONTRACT,,2025-10-07,fleetbridge cargo,False
TXN002996,CORPORATE_CARD,SUP0022,Transcore Logistics,Logistics & Freight,It,18353.47,INR,CTR0008,ON_CONTRACT,REQ00499,2025-09-10,transcore logistics,False
TXN002998,CORPORATE_CARD,SUP0017,GreenEdge Services,Facilities Maintenance,Finance,7575.53,INR,,OFF_CONTRACT,REQ00770,2025-10-19,greenedge services,False
TXN003002,CORPORATE_CARD,SUP0021,Pulse Marketing Co,Marketing Services,Logistics,33862.52,INR,,OFF_CONTRACT,,2025-10-26,pulse marketing,False
TXN003007,CORPORATE_CARD,SUP0018,Urban Upkeep,Facilities Maintenance,Logistics,15866.07,INR,,OFF_CONTRACT,REQ00348,2025-09-24,urban upkeep,False
TXN003024,CORPORATE_CARD,SUP0012,Cobalt Consulting,Professional Services,Marketing,49130.7,INR,,OFF_CONTRACT,,2025-05-31,cobalt consulting,False
TXN003025,CORPORATE_CARD,SUP0019,Lumen Creative,Marketing Services,R&D,6688.42,INR,CTR0007,ON_CONTRACT,REQ00851,2025-11-07,lumen creative,False
TXN003026,CORPORATE_CARD,SUP0020,BrightArc Media,Marketing Services,Human Resources,28738.37,INR,,OFF_CONTRACT,REQ00211,2026-01-27,brightarc media,False
TXN003027,CORPORATE_CARD,SUP0023,FleetBridge Cargo,Logistics & Freight,R&D,29459.23,INR,,OFF_CONTRACT,REQ00003,2025-11-01,fleetbridge cargo,False
TXN003041,CORPORATE_CARD,SUP0018,Urban Upkeep,Facilities Maintenance,Marketing,3948.27,INR,,OFF_CONTRACT,REQ00509,2025-10-23,urban upkeep,False
TXN003044,CORPORATE_CARD,SUP0012,Cobalt Consulting,Professional Services,Marketing,48536.27,INR,,OFF_CONTRACT,REQ00078,2026-03-26,cobalt consulting,False
TXN003046,CORPORATE_CARD,SUP0022,Transcore Logistics,Logistics & Freight,Human Resources,21327.27,INR,CTR0008,ON_CONTRACT,REQ00146,2026-03-26,transcore logistics,False
TXN003049,CORPORATE_CARD,SUP0001,Nexa Technologies Pvt Ltd,It Hardware,Finance,14626.46,INR,CTR0001,ON_CONTRACT,REQ00326,2025-05-19,nexa technologies,False
TXN003052,CORPORATE_CARD,SUP0008,Orion Office Supplies,Office Supplies,Human Resources,2465.38,INR,CTR0003,ON_CONTRACT,,2025-06-18,orion office supplies,False
TXN003058,CORPORATE_CARD,SUP0003,BluePeak Systems,It Hardware,Operations,14243.98,INR,,NO_CONTRACT,,2026-01-03,bluepeak systems,False
TXN003059,CORPORATE_CARD,SUP0010,Kanban Stationers,Office Supplies,R&D,1357.72,INR,,OFF_CONTRACT,,2025-04-10,kanban stationers,False
TXN003066,CORPORATE_CARD,SUP0024,Nexa Technologies,It Hardware,Logistics,18289.73,INR,,NO_CONTRACT,REQ00420,2025-10-22,nexa technologies,False
TXN003084,CORPORATE_CARD,SUP0006,Vertex Licensing,It Software & Licences,Marketing,24496.07,INR,,NO_CONTRACT,REQ00173,2025-08-25,vertex licensing,False
TXN003099,CORPORATE_CARD,SUP0023,FleetBridge Cargo,Logistics & Freight,Finance,4099.8,INR,,OFF_CONTRACT,REQ00466,2026-02-27,fleetbridge cargo,False
TXN003101,CORPORATE_CARD,SUP0016,Prime Facility Care,Facilities Maintenance,Operations,4406.86,INR,CTR0006,ON_CONTRACT,REQ00406,2025-12-04,prime facility care,False
TXN003106,CORPORATE_CARD,SUP0021,Pulse Marketing Co,Marketing Services,R&D,16223.74,INR,,OFF_CONTRACT,REQ00865,2025-09-09,pulse marketing,False
TXN003107,CORPORATE_CARD,SUP0018,Urban Upkeep,Facilities Maintenance,Facilities,17159.65,INR,,OFF_CONTRACT,,2025-05-01,urban upkeep,False
TXN003115,CORPORATE_CARD,SUP0012,Cobalt Consulting,Professional Services,Facilities,18106.27,INR,,OFF_CONTRACT,REQ00794,2026-01-15,cobalt consulting,False
TXN003121,CORPORATE_CARD,SUP0014,Skyroute Travel,Travel,It,7645.83,INR,CTR0005,ON_CONTRACT,REQ00667,2025-08-08,skyroute travel,False
TXN003128,CORPORATE_CARD,SUP0017,GreenEdge Services,Facilities Maintenance,R&D,4313.16,INR,,OFF_CONTRACT,REQ00434,2026-01-29,greenedge services,False
TXN003135,CORPORATE_CARD,SUP0009,Paperline Traders,Office Supplies,Facilities,1732.09,INR,,OFF_CONTRACT,,2025-06-19,paperline traders,False
TXN003140,CORPORATE_CARD,SUP0023,FleetBridge Cargo,Logistics & Freight,Human Resources,7802.55,INR,,OFF_CONTRACT,,2025-12-18,fleetbridge cargo,False
TXN003142,CORPORATE_CARD,SUP0016,Prime Facility Care,Facilities Maintenance,Marketing,17833.96,INR,CTR0006,ON_CONTRACT,REQ00040,2025-10-13,prime facility care,False
TXN003148,CORPORATE_CARD,SUP0008,Orion Office Supplies,Office Supplies,Operations,6712.04,INR,CTR0003,ON_CONTRACT,REQ00770,2026-01-09,orion office supplies,False
TXN003152,CORPORATE_CARD,SUP0005,Cloudspan Software,It Software & Licences,Facilities,15356.25,INR,CTR0002,ON_CONTRACT,REQ00130,2025-10-24,cloudspan software,False
TXN003155,CORPORATE_CARD,SUP0012,Cobalt Consulting,Professional Services,Facilities,42433.63,INR,,OFF_CONTRACT,REQ00529,2026-01-20,cobalt consulting,False
TXN003168,CORPORATE_CARD,SUP0009,Paperline Traders,Office Supplies,Facilities,1769.61,INR,,OFF_CONTRACT,,2025-12-21,paperline traders,False
TXN003171,CORPORATE_CARD,SUP0019,Lumen Creative,Marketing Services,Operations,34675.15,INR,CTR0007,ON_CONTRACT,REQ00068,2025-04-03,lumen creative,False
TXN003187,CORPORATE_CARD,SUP0023,FleetBridge Cargo,Logistics & Freight,Marketing,13799.03,INR,,OFF_CONTRACT,REQ00696,2025-05-31,fleetbridge cargo,False
TXN003188,CORPORATE_CARD,SUP0005,Cloudspan Software,It Software & Licences,Human Resources,18659.9,INR,CTR0002,ON_CONTRACT,,2025-05-11,cloudspan software,False
TXN003198,CORPORATE_CARD,SUP0012,Cobalt Consulting,Professional Services,Marketing,38555.45,INR,,OFF_CONTRACT,REQ00833,2026-01-10,cobalt consulting,False
TXN003204,CORPORATE_CARD,SUP0016,Prime Facility Care,Facilities Maintenance,Logistics,15486.23,INR,CTR0006,ON_CONTRACT,,2026-01-17,prime facility care,False
TXN003206,CORPORATE_CARD,SUP0021,Pulse Marketing Co,Marketing Services,Finance,42569.87,INR,,OFF_CONTRACT,,2025-12-09,pulse marketing,False
TXN003217,CORPORATE_CARD,SUP0023,FleetBridge Cargo,Logistics & Freight,Finance,11196.3,INR,,OFF_CONTRACT,REQ00356,2025-12-26,fleetbridge cargo,False
TXN003220,CORPORATE_CARD,SUP0016,Prime Facility Care,Facilities Maintenance,Logistics,13268.2,INR,CTR0006,ON_CONTRACT,,2025-09-11,prime facility care,False
TXN003222,CORPORATE_CARD,SUP0019,Lumen Creative,Marketing Services,Operations,10226.19,INR,CTR0007,ON_CONTRACT,REQ00398,2025-06-03,lumen creative,False
TXN003227,CORPORATE_CARD,SUP0012,Cobalt Consulting,Professional Services,Operations,30039.33,INR,,OFF_CONTRACT,,2025-10-25,cobalt consulting,False
TXN003230,CORPORATE_CARD,SUP0013,Adept Partners,Professional Services,Marketing,18826.04,INR,,OFF_CONTRACT,REQ00245,2026-03-18,adept partners,False
TXN003237,CORPORATE_CARD,SUP0014,Skyroute Travel,Travel,Marketing,5338.28,INR,CTR0005,ON_CONTRACT,,2025-12-09,skyroute travel,False
TXN003243,CORPORATE_CARD,SUP0023,FleetBridge Cargo,Logistics & Freight,Marketing,23359.01,INR,,OFF_CONTRACT,REQ00431,2025-06-10,fleetbridge cargo,False
TXN003256,CORPORATE_CARD,SUP0013,Adept Partners,Professional Services,Facilities,24126.46,INR,,OFF_CONTRACT,REQ00051,2025-10-14,adept partners,False
TXN003257,CORPORATE_CARD,SUP0005,Cloudspan Software,It Software & Licences,R&D,19867.73,INR,CTR0002,ON_CONTRACT,REQ00766,2026-01-20,cloudspan software,False
TXN003268,CORPORATE_CARD,SUP0007,Meridian Softworks,It Software & Licences,Operations,31756.2,INR,,NO_CONTRACT,REQ00417,2025-12-30,meridian softworks,False
TXN003272,CORPORATE_CARD,SUP0018,Urban Upkeep,Facilities Maintenance,Human Resources,3289.87,INR,,OFF_CONTRACT,,2025-07-18,urban upkeep,False
TXN003278,CORPORATE_CARD,SUP0011,Sterling Advisory,Professional Services,It,59086.16,INR,CTR0004,ON_CONTRACT,REQ00443,2025-04-01,sterling advisory,False
TXN003292,CORPORATE_CARD,SUP0013,Adept Partners,Professional Services,It,48440.9,INR,,OFF_CONTRACT,,2025-06-27,adept partners,False
TXN003295,CORPORATE_CARD,SUP0023,FleetBridge Cargo,Logistics & Freight,R&D,15808.42,INR,,OFF_CONTRACT,REQ00322,2025-07-13,fleetbridge cargo,False
TXN003307,CORPORATE_CARD,SUP0021,Pulse Marketing Co,Marketing Services,It,20653.29,INR,,OFF_CONTRACT,REQ00336,2025-11-22,pulse marketing,False
TXN003312,CORPORATE_CARD,SUP0023,FleetBridge Cargo,Logistics & Freight,Human Resources,24724.23,INR,,OFF_CONTRACT,REQ00377,2025-12-17,fleetbridge cargo,False
TXN003316,CORPORATE_CARD,SUP0007,Meridian Softworks,It Software & Licences,Logistics,34931.38,INR,,NO_CONTRACT,REQ00895,2025-06-12,meridian softworks,False
TXN003321,CORPORATE_CARD,SUP0022,Transcore Logistics,Logistics & Freight,Marketing,11391.6,INR,CTR0008,ON_CONTRACT,,2025-07-29,transcore logistics,False
TXN003327,CORPORATE_CARD,SUP0010,Kanban Stationers,Office Supplies,Facilities,6584.7,INR,,OFF_CONTRACT,,2025-12-06,kanban stationers,False
TXN003329,CORPORATE_CARD,SUP0008,Orion Office Supplies,Office Supplies,Human Resources,1418.45,INR,CTR0003,ON_CONTRACT,,2025-05-21,orion office supplies,False
TXN003331,CORPORATE_CARD,SUP0015,Voyager Corporate Travel,Travel,Marketing,23154.6,INR,,OFF_CONTRACT,REQ00296,2026-03-07,voyager corporate travel,False
TXN003340,CORPORATE_CARD,SUP0007,Meridian Softworks,It Software & Licences,Human Resources,19483.58,INR,,NO_CONTRACT,REQ00169,2025-07-18,meridian softworks,False
TXN003347,CORPORATE_CARD,SUP0016,Prime Facility Care,Facilities Maintenance,Human Resources,5579.15,INR,CTR0006,ON_CONTRACT,,2026-03-16,prime facility care,False
TXN003360,CORPORATE_CARD,SUP0017,GreenEdge Services,Facilities Maintenance,Marketing,10352.97,INR,,OFF_CONTRACT,REQ00190,2025-12-14,greenedge services,False
TXN003361,CORPORATE_CARD,SUP0021,Pulse Marketing Co,Marketing Services,Finance,32939.6,INR,,OFF_CONTRACT,,2025-06-10,pulse marketing,False
TXN003367,CORPORATE_CARD,SUP0007,Meridian Softworks,It Software & Licences,Operations,8043.54,INR,,NO_CONTRACT,REQ00315,2025-07-17,meridian softworks,False
TXN003380,CORPORATE_CARD,SUP0019,Lumen Creative,Marketing Services,R&D,29630.46,INR,CTR0007,ON_CONTRACT,REQ00650,2026-01-21,lumen creative,False
TXN003383,CORPORATE_CARD,SUP0021,Pulse Marketing Co,Marketing Services,Operations,10459.73,INR,,OFF_CONTRACT,,2025-08-25,pulse marketing,False
TXN003385,CORPORATE_CARD,SUP0020,BrightArc Media,Marketing Services,Operations,4797.98,INR,,OFF_CONTRACT,,2026-01-05,brightarc media,False
TXN003395,CORPORATE_CARD,SUP0015,Voyager Corporate Travel,Travel,R&D,36685.2,INR,,OFF_CONTRACT,,2026-01-16,voyager corporate travel,False
TXN003397,CORPORATE_CARD,SUP0011,Sterling Advisory,Professional Services,Facilities,34103.77,INR,CTR0004,ON_CONTRACT,REQ00805,2026-01-18,sterling advisory,False
TXN003406,CORPORATE_CARD,SUP0019,Lumen Creative,Marketing Services,It,22825.43,INR,CTR0007,ON_CONTRACT,REQ00148,2025-06-02,lumen creative,False
TXN003438,CORPORATE_CARD,SUP0006,Vertex Licensing,It Software & Licences,Finance,30897.9,INR,,NO_CONTRACT,REQ00799,2025-11-13,vertex licensing,False
TXN003439,CORPORATE_CARD,SUP0008,Orion Office Supplies,Office Supplies,It,7649.21,INR,CTR0003,ON_CONTRACT,,2025-11-10,orion office supplies,False
TXN003440,CORPORATE_CARD,SUP0014,Skyroute Travel,Travel,It,29421.8,INR,CTR0005,ON_CONTRACT,,2025-11-24,skyroute travel,False
TXN003445,CORPORATE_CARD,SUP0001,Nexa Technologies Pvt Ltd,It Hardware,Operations,62372.36,INR,CTR0001,ON_CONTRACT,REQ00228,2025-09-24,nexa technologies,False
TXN003446,CORPORATE_CARD,SUP0022,Transcore Logistics,Logistics & Freight,Facilities,14381.62,INR,CTR0008,ON_CONTRACT,,2025-05-20,transcore logistics,False
TXN003447,CORPORATE_CARD,SUP0013,Adept Partners,Professional Services,Operations,76387.32,INR,,OFF_CONTRACT,,2025-10-24,adept partners,False
TXN003459,CORPORATE_CARD,SUP0008,Orion Office Supplies,Office Supplies,R&D,629152.84,INR,CTR0003,ON_CONTRACT,,2025-09-15,orion office supplies,False
TXN003462,CORPORATE_CARD,SUP0011,Sterling Advisory,Professional Services,Finance,18301.4,INR,CTR0004,ON_CONTRACT,REQ00228,2025-05-13,sterling advisory,False
TXN003471,CORPORATE_CARD,SUP0005,Cloudspan Software,It Software & Licences,Logistics,3631.58,INR,CTR0002,ON_CONTRACT,,2025-05-14,cloudspan software,False
TXN003472,CORPORATE_CARD,SUP0001,Nexa Technologies Pvt Ltd,It Hardware,Finance,29901.7,INR,CTR0001,ON_CONTRACT,REQ00386,2025-06-14,nexa technologies,False
TXN003473,CORPORATE_CARD,SUP0027,Orion Office Supplies Ltd,Office Supplies,Facilities,5657.81,INR,,OFF_CONTRACT,REQ00378,2025-09-29,orion office supplies,False
TXN003478,CORPORATE_CARD,SUP0013,Adept Partners,Professional Services,Logistics,27660.17,INR,,OFF_CONTRACT,REQ00431,2026-03-31,adept partners,False
TXN003483,CORPORATE_CARD,SUP0023,FleetBridge Cargo,Logistics & Freight,Operations,10264.81,INR,,OFF_CONTRACT,REQ00204,2026-03-17,fleetbridge cargo,False
TXN003490,CORPORATE_CARD,SUP0014,Skyroute Travel,Travel,R&D,8991.68,INR,CTR0005,ON_CONTRACT,REQ00074,2025-09-22,skyroute travel,False
TXN003495,CORPORATE_CARD,SUP0023,FleetBridge Cargo,Logistics & Freight,Logistics,16288.64,INR,,OFF_CONTRACT,,2025-08-12,fleetbridge cargo,False
TXN003508,CORPORATE_CARD,SUP0015,Voyager Corporate Travel,Travel,It,12382.07,INR,,OFF_CONTRACT,REQ00417,2026-02-17,voyager corporate travel,False
TXN003514,CORPORATE_CARD,SUP0020,BrightArc Media,Marketing Services,Finance,23615.06,INR,,OFF_CONTRACT,,2025-08-08,brightarc media,False
TXN003519,CORPORATE_CARD,SUP0003,BluePeak Systems,It Hardware,Facilities,6063.26,INR,,NO_CONTRACT,REQ00395,2025-12-17,bluepeak systems,False
TXN003521,CORPORATE_CARD,SUP0007,Meridian Softworks,It Software & Licences,It,11459.0,INR,,NO_CONTRACT,REQ00640,2026-02-22,meridian softworks,False
TXN003527,CORPORATE_CARD,SUP0022,Transcore Logistics,Logistics & Freight,Marketing,28422.83,INR,CTR0008,ON_CONTRACT,REQ00488,2025-04-22,transcore logistics,False
TXN003533,CORPORATE_CARD,SUP0019,Lumen Creative,Marketing Services,Operations,13949.83,INR,CTR0007,ON_CONTRACT,REQ00808,2025-12-20,lumen creative,False
TXN003540,CORPORATE_CARD,SUP0023,FleetBridge Cargo,Logistics & Freight,Marketing,6476.57,INR,,OFF_CONTRACT,REQ00710,2025-12-03,fleetbridge cargo,False
TXN003548,CORPORATE_CARD,SUP0027,Orion Office Supplies Ltd,Office Supplies,Operations,720781.88,INR,,OFF_CONTRACT,,2025-07-03,orion office supplies,False
TXN003562,CORPORATE_CARD,SUP0002,Zenith Computing,It Hardware,It,40114.17,INR,,NO_CONTRACT,,2025-09-21,zenith computing,False
TXN003564,CORPORATE_CARD,SUP0025,NEXA TECHNOLOGIES PVT. LTD.,It Hardware,R&D,40133.77,INR,,NO_CONTRACT,,2025-07-21,nexa technologies,False
TXN003568,CORPORATE_CARD,SUP0004,Arcadia IT Traders,It Hardware,Facilities,55798.43,INR,,NO_CONTRACT,REQ00615,2025-07-02,arcadia it traders,False
TXN003603,CORPORATE_CARD,SUP0014,Skyroute Travel,Travel,Logistics,7636.45,INR,CTR0005,ON_CONTRACT,REQ00738,2025-10-12,skyroute travel,False
TXN003604,CORPORATE_CARD,SUP0023,FleetBridge Cargo,Logistics & Freight,Human Resources,7936.87,INR,,OFF_CONTRACT,REQ00068,2025-08-22,fleetbridge cargo,False
TXN003611,CORPORATE_CARD,SUP0011,Sterling Advisory,Professional Services,R&D,38428.29,INR,CTR0004,ON_CONTRACT,,2026-03-20,sterling advisory,False
TXN003622,CORPORATE_CARD,SUP0012,Cobalt Consulting,Professional Services,Finance,36394.71,INR,,OFF_CONTRACT,,2025-08-19,cobalt consulting,False
TXN003628,CORPORATE_CARD,SUP0016,Prime Facility Care,Facilities Maintenance,R&D,22194.29,INR,CTR0006,ON_CONTRACT,REQ00191,2026-01-04,prime facility care,False
TXN003634,CORPORATE_CARD,SUP0017,GreenEdge Services,Facilities Maintenance,It,13433.16,INR,,OFF_CONTRACT,,2026-02-10,greenedge services,False
TXN003657,CORPORATE_CARD,SUP0015,Voyager Corporate Travel,Travel,Marketing,12707.22,INR,,OFF_CONTRACT,REQ00435,2026-01-03,voyager corporate travel,False
TXN003662,CORPORATE_CARD,SUP0020,BrightArc Media,Marketing Services,Operations,555623.96,INR,,OFF_CONTRACT,REQ00693,2026-03-08,brightarc media,False
TXN003663,CORPORATE_CARD,SUP0005,Cloudspan Software,It Software & Licences,It,9065.33,INR,CTR0002,ON_CONTRACT,REQ00523,2026-01-29,cloudspan software,False
TXN003665,CORPORATE_CARD,SUP0028,ORION OFFICE SUPPLIES,Office Supplies,It,2640.58,INR,,OFF_CONTRACT,REQ00445,2025-08-02,orion office supplies,False
TXN003671,CORPORATE_CARD,SUP0005,Cloudspan Software,It Software & Licences,R&D,11986.28,INR,CTR0002,ON_CONTRACT,REQ00363,2025-10-23,cloudspan software,False
TXN003676,CORPORATE_CARD,SUP0022,Transcore Logistics,Logistics & Freight,It,5308.06,INR,CTR0008,ON_CONTRACT,REQ00469,2025-10-31,transcore logistics,False
TXN003681,CORPORATE_CARD,SUP0012,Cobalt Consulting,Professional Services,Facilities,67641.58,INR,,OFF_CONTRACT,,2026-01-21,cobalt consulting,False
TXN003701,CORPORATE_CARD,SUP0020,BrightArc Media,Marketing Services,Marketing,44894.84,INR,,OFF_CONTRACT,REQ00286,2025-07-21,brightarc media,False
TXN003703,CORPORATE_CARD,SUP0007,Meridian Softworks,It Software & Licences,Facilities,11931.05,INR,,NO_CONTRACT,,2025-08-09,meridian softworks,False
TXN003708,CORPORATE_CARD,SUP0019,Lumen Creative,Marketing Services,R&D,22511.24,INR,CTR0007,ON_CONTRACT,,2025-09-04,lumen creative,False
TXN003716,CORPORATE_CARD,SUP0007,Meridian Softworks,It Software & Licences,Human Resources,11602.66,INR,,NO_CONTRACT,REQ00685,2025-04-16,meridian softworks,False
TXN003718,CORPORATE_CARD,SUP0023,FleetBridge Cargo,Logistics & Freight,Facilities,8003.21,INR,,OFF_CONTRACT,,2025-10-31,fleetbridge cargo,False
TXN003720,CORPORATE_CARD,SUP0012,Cobalt Consulting,Professional Services,Finance,16070.7,INR,,OFF_CONTRACT,REQ00652,2025-06-08,cobalt consulting,False
TXN003721,CORPORATE_CARD,SUP0015,Voyager Corporate Travel,Travel,R&D,12187.92,INR,,OFF_CONTRACT,,2026-03-08,voyager corporate travel,False
TXN003730,CORPORATE_CARD,SUP0021,Pulse Marketing Co,Marketing Services,Human Resources,38179.99,INR,,OFF_CONTRACT,REQ00256,2026-01-13,pulse marketing,False
TXN003731,CORPORATE_CARD,SUP0009,Paperline Traders,Office Supplies,Logistics,1037.92,INR,,OFF_CONTRACT,REQ00349,2025-04-12,paperline traders,False
TXN003743,CORPORATE_CARD,SUP0005,Cloudspan Software,It Software & Licences,Marketing,21565.26,INR,CTR0002,ON_CONTRACT,REQ00711,2025-07-16,cloudspan software,False
TXN003744,CORPORATE_CARD,SUP0017,GreenEdge Services,Facilities Maintenance,Human Resources,3740.59,INR,,OFF_CONTRACT,REQ00018,2026-02-25,greenedge services,False
TXN003760,CORPORATE_CARD,SUP0023,FleetBridge Cargo,Logistics & Freight,Logistics,33768.65,INR,,OFF_CONTRACT,REQ00714,2025-04-22,fleetbridge cargo,False
TXN003775,CORPORATE_CARD,SUP0007,Meridian Softworks,It Software & Licences,Human Resources,20659.84,INR,,NO_CONTRACT,REQ00079,2025-09-07,meridian softworks,False
TXN003777,CORPORATE_CARD,SUP0021,Pulse Marketing Co,Marketing Services,R&D,31602.22,INR,,OFF_CONTRACT,,2025-10-14,pulse marketing,False
TXN003779,CORPORATE_CARD,SUP0020,BrightArc Media,Marketing Services,Human Resources,29393.43,INR,,OFF_CONTRACT,,2026-03-26,brightarc media,False
TXN003788,CORPORATE_CARD,SUP0005,Cloudspan Software,It Software & Licences,R&D,22932.42,INR,CTR0002,ON_CONTRACT,REQ00888,2025-12-11,cloudspan software,False
TXN003792,CORPORATE_CARD,SUP0005,Cloudspan Software,It Software & Licences,It,5583.68,INR,CTR0002,ON_CONTRACT,,2025-12-24,cloudspan software,False
TXN003793,CORPORATE_CARD,SUP0014,Skyroute Travel,Travel,R&D,25097.91,INR,CTR0005,ON_CONTRACT,REQ00828,2025-12-22,skyroute travel,False
TXN003797,CORPORATE_CARD,SUP0015,Voyager Corporate Travel,Travel,Facilities,20397.27,INR,,OFF_CONTRACT,,2025-10-07,voyager corporate travel,False
TXN003800,CORPORATE_CARD,SUP0006,Vertex Licensing,It Software & Licences,Finance,13168.73,INR,,NO_CONTRACT,,2025-09-30,vertex licensing,False
TXN003806,CORPORATE_CARD,SUP0010,Kanban Stationers,Office Supplies,It,10242.81,INR,,OFF_CONTRACT,REQ00701,2025-05-13,kanban stationers,False
TXN003810,CORPORATE_CARD,SUP0022,Transcore Logistics,Logistics & Freight,R&D,3294.74,INR,CTR0008,ON_CONTRACT,,2025-04-16,transcore logistics,False
TXN003833,CORPORATE_CARD,SUP0021,Pulse Marketing Co,Marketing Services,R&D,37096.05,INR,,OFF_CONTRACT,,2025-06-16,pulse marketing,False
TXN003834,CORPORATE_CARD,SUP0008,Orion Office Supplies,Office Supplies,Marketing,3782.32,INR,CTR0003,ON_CONTRACT,REQ00169,2025-12-31,orion office supplies,False
TXN003841,CORPORATE_CARD,SUP0023,FleetBridge Cargo,Logistics & Freight,Human Resources,24671.15,INR,,OFF_CONTRACT,,2025-10-15,fleetbridge cargo,False
TXN003849,CORPORATE_CARD,SUP0012,Cobalt Consulting,Professional Services,Human Resources,38061.06,INR,,OFF_CONTRACT,REQ00711,2025-04-26,cobalt consulting,False
TXN003855,CORPORATE_CARD,SUP0023,FleetBridge Cargo,Logistics & Freight,Finance,12805.64,INR,,OFF_CONTRACT,,2025-10-20,fleetbridge cargo,False
TXN003857,CORPORATE_CARD,SUP0019,Lumen Creative,Marketing Services,Finance,24715.77,INR,CTR0007,ON_CONTRACT,,2025-06-27,lumen creative,False
TXN003862,CORPORATE_CARD,SUP0022,Transcore Logistics,Logistics & Freight,Facilities,26249.97,INR,CTR0008,ON_CONTRACT,,2025-05-04,transcore logistics,False
TXN003877,CORPORATE_CARD,SUP0022,Transcore Logistics,Logistics & Freight,Finance,5075.22,INR,CTR0008,ON_CONTRACT,,2025-09-26,transcore logistics,False
TXN003878,CORPORATE_CARD,SUP0025,NEXA TECHNOLOGIES PVT. LTD.,It Hardware,Logistics,62216.28,INR,,NO_CONTRACT,,2025-09-02,nexa technologies,False
TXN003887,CORPORATE_CARD,SUP0023,FleetBridge Cargo,Logistics & Freight,Marketing,28390.36,INR,,OFF_CONTRACT,,2025-09-08,fleetbridge cargo,False
TXN003895,CORPORATE_CARD,SUP0012,Cobalt Consulting,Professional Services,Human Resources,71279.86,INR,,OFF_CONTRACT,REQ00023,2025-07-10,cobalt consulting,False
TXN003909,CORPORATE_CARD,SUP0005,Cloudspan Software,It Software & Licences,Human Resources,15014.62,INR,CTR0002,ON_CONTRACT,,2025-08-03,cloudspan software,False
TXN003913,CORPORATE_CARD,SUP0025,NEXA TECHNOLOGIES PVT. LTD.,It Hardware,Operations,7293.67,INR,,NO_CONTRACT,,2025-10-11,nexa technologies,False
TXN003916,CORPORATE_CARD,SUP0020,BrightArc Media,Marketing Services,It,13625.21,INR,,OFF_CONTRACT,REQ00847,2026-03-10,brightarc media,False
TXN003920,CORPORATE_CARD,SUP0025,NEXA TECHNOLOGIES PVT. LTD.,It Hardware,Human Resources,44347.56,INR,,NO_CONTRACT,REQ00834,2026-03-05,nexa technologies,False
TXN003928,CORPORATE_CARD,SUP0013,Adept Partners,Professional Services,Operations,31202.02,INR,,OFF_CONTRACT,,2025-09-15,adept partners,False
TXN003939,CORPORATE_CARD,SUP0023,FleetBridge Cargo,Logistics & Freight,Operations,5760.08,INR,,OFF_CONTRACT,REQ00232,2025-06-30,fleetbridge cargo,False
TXN003942,CORPORATE_CARD,SUP0001,Nexa Technologies Pvt Ltd,It Hardware,Operations,73056.48,INR,CTR0001,ON_CONTRACT,,2026-01-03,nexa technologies,False
TXN003950,CORPORATE_CARD,SUP0004,Arcadia IT Traders,It Hardware,R&D,22577.97,INR,,NO_CONTRACT,REQ00532,2025-06-07,arcadia it traders,False
TXN003960,CORPORATE_CARD,SUP0021,Pulse Marketing Co,Marketing Services,Finance,5287.16,INR,,OFF_CONTRACT,,2026-02-01,pulse marketing,False
TXN003969,CORPORATE_CARD,SUP0007,Meridian Softworks,It Software & Licences,Operations,19025.99,INR,,NO_CONTRACT,,2026-01-21,meridian softworks,False
TXN003975,CORPORATE_CARD,SUP0023,FleetBridge Cargo,Logistics & Freight,It,6734.75,INR,,OFF_CONTRACT,REQ00501,2025-10-02,fleetbridge cargo,False
TXN003977,CORPORATE_CARD,SUP0008,Orion Office Supplies,Office Supplies,R&D,1769.76,INR,CTR0003,ON_CONTRACT,REQ00896,2025-11-25,orion office supplies,False
TXN003982,CORPORATE_CARD,SUP0012,Cobalt Consulting,Professional Services,Human Resources,32034.72,INR,,OFF_CONTRACT,REQ00609,2025-06-18,cobalt consulting,False
TXN003988,CORPORATE_CARD,SUP0024,Nexa Technologies,It Hardware,Finance,19834.14,INR,,NO_CONTRACT,REQ00608,2025-05-23,nexa technologies,False
TXN003994,CORPORATE_CARD,SUP0005,Cloudspan Software,It Software & Licences,Logistics,8882.95,INR,CTR0002,ON_CONTRACT,,2025-07-30,cloudspan software,False
TXN004014,CORPORATE_CARD,SUP0001,Nexa Technologies Pvt Ltd,It Hardware,R&D,15378.44,INR,CTR0001,ON_CONTRACT,REQ00861,2026-02-25,nexa technologies,False
TXN004016,CORPORATE_CARD,SUP0016,Prime Facility Care,Facilities Maintenance,Marketing,4241.47,INR,CTR0006,ON_CONTRACT,,2025-06-03,prime facility care,False
TXN004033,CORPORATE_CARD,SUP0012,Cobalt Consulting,Professional Services,Facilities,12905.34,INR,,OFF_CONTRACT,,2025-11-27,cobalt consulting,False
TXN004062,CORPORATE_CARD,SUP0007,Meridian Softworks,It Software & Licences,Finance,7103.29,INR,,NO_CONTRACT,REQ00674,2025-04-30,meridian softworks,False
TXN004086,CORPORATE_CARD,SUP0020,BrightArc Media,Marketing Services,Operations,6059.59,INR,,OFF_CONTRACT,REQ00288,2025-05-18,brightarc media,False
TXN004088,CORPORATE_CARD,SUP0011,Sterling Advisory,Professional Services,It,47414.73,INR,CTR0004,ON_CONTRACT,REQ00462,2025-04-20,sterling advisory,False
TXN004090,CORPORATE_CARD,SUP0023,FleetBridge Cargo,Logistics & Freight,It,4736.13,INR,,OFF_CONTRACT,REQ00269,2025-09-29,fleetbridge cargo,False
TXN004092,CORPORATE_CARD,SUP0015,Voyager Corporate Travel,Travel,Logistics,5693.19,INR,,OFF_CONTRACT,REQ00634,2026-02-16,voyager corporate travel,False
TXN004108,CORPORATE_CARD,SUP0014,Skyroute Travel,Travel,Finance,5405.51,INR,CTR0005,ON_CONTRACT,,2025-07-27,skyroute travel,False
TXN004109,CORPORATE_CARD,SUP0005,Cloudspan Software,It Software & Licences,Finance,42914.77,INR,CTR0002,ON_CONTRACT,REQ00002,2025-04-29,cloudspan software,False
TXN004111,CORPORATE_CARD,SUP0011,Sterling Advisory,Professional Services,Logistics,69258.38,INR,CTR0004,ON_CONTRACT,REQ00466,2025-07-20,sterling advisory,False
TXN004123,CORPORATE_CARD,SUP0001,Nexa Technologies Pvt Ltd,It Hardware,It,26911.18,INR,CTR0001,ON_CONTRACT,REQ00083,2025-05-27,nexa technologies,False
TXN004130,CORPORATE_CARD,SUP0022,Transcore Logistics,Logistics & Freight,Finance,3310.96,INR,CTR0008,ON_CONTRACT,,2025-11-01,transcore logistics,False
TXN004135,CORPORATE_CARD,SUP0013,Adept Partners,Professional Services,R&D,53885.09,INR,,OFF_CONTRACT,REQ00857,2025-08-03,adept partners,False
TXN004140,CORPORATE_CARD,SUP0014,Skyroute Travel,Travel,R&D,12526.22,INR,CTR0005,ON_CONTRACT,,2026-01-03,skyroute travel,False
TXN004143,CORPORATE_CARD,SUP0006,Vertex Licensing,It Software & Licences,It,8175.51,INR,,NO_CONTRACT,,2025-10-16,vertex licensing,False
TXN004148,CORPORATE_CARD,SUP0017,GreenEdge Services,Facilities Maintenance,Logistics,10930.26,INR,,OFF_CONTRACT,,2026-01-18,greenedge services,False
TXN004162,CORPORATE_CARD,SUP0006,Vertex Licensing,It Software & Licences,It,5938.97,INR,,NO_CONTRACT,,2025-05-12,vertex licensing,False
TXN004163,CORPORATE_CARD,SUP0001,Nexa Technologies Pvt Ltd,It Hardware,Marketing,39251.82,INR,CTR0001,ON_CONTRACT,REQ00899,2025-06-28,nexa technologies,False
TXN004169,CORPORATE_CARD,SUP0020,BrightArc Media,Marketing Services,It,15487.94,INR,,OFF_CONTRACT,REQ00286,2025-08-08,brightarc media,False
TXN004174,CORPORATE_CARD,SUP0018,Urban Upkeep,Facilities Maintenance,R&D,16421.92,INR,,OFF_CONTRACT,REQ00737,2025-07-09,urban upkeep,False
TXN004180,CORPORATE_CARD,SUP0017,GreenEdge Services,Facilities Maintenance,R&D,11350.53,INR,,OFF_CONTRACT,REQ00085,2025-11-14,greenedge services,False
TXN004184,CORPORATE_CARD,SUP0017,GreenEdge Services,Facilities Maintenance,It,7498.64,INR,,OFF_CONTRACT,REQ00813,2025-09-28,greenedge services,False
TXN004191,CORPORATE_CARD,SUP0014,Skyroute Travel,Travel,Operations,11940.47,INR,CTR0005,ON_CONTRACT,REQ00508,2025-08-22,skyroute travel,False
TXN004200,CORPORATE_CARD,SUP0020,BrightArc Media,Marketing Services,Human Resources,45523.75,INR,,OFF_CONTRACT,,2025-09-29,brightarc media,False
TXN004204,CORPORATE_CARD,SUP0023,FleetBridge Cargo,Logistics & Freight,Human Resources,35795.23,INR,,OFF_CONTRACT,,2025-07-21,fleetbridge cargo,False
TXN004212,CORPORATE_CARD,SUP0013,Adept Partners,Professional Services,Marketing,40629.98,INR,,OFF_CONTRACT,REQ00707,2025-04-28,adept partners,False
TXN004221,CORPORATE_CARD,SUP0013,Adept Partners,Professional Services,Finance,27141.86,INR,,OFF_CONTRACT,REQ00005,2025-08-10,adept partners,False
TXN004223,CORPORATE_CARD,SUP0009,Paperline Traders,Office Supplies,Logistics,6311.24,INR,,OFF_CONTRACT,,2026-02-05,paperline traders,False
TXN004227,CORPORATE_CARD,SUP0001,Nexa Technologies Pvt Ltd,It Hardware,Finance,15893.6,INR,CTR0001,ON_CONTRACT,,2026-03-13,nexa technologies,False
TXN004231,CORPORATE_CARD,SUP0006,Vertex Licensing,It Software & Licences,Operations,27967.8,INR,,NO_CONTRACT,,2026-02-20,vertex licensing,False
TXN004241,CORPORATE_CARD,SUP0022,Transcore Logistics,Logistics & Freight,Marketing,28937.06,INR,CTR0008,ON_CONTRACT,REQ00223,2025-11-18,transcore logistics,False
TXN004248,CORPORATE_CARD,SUP0004,Arcadia IT Traders,It Hardware,Logistics,19175.58,INR,,NO_CONTRACT,,2026-01-21,arcadia it traders,False
TXN004250,CORPORATE_CARD,SUP0015,Voyager Corporate Travel,Travel,Facilities,19374.88,INR,,OFF_CONTRACT,,2025-04-10,voyager corporate travel,False
TXN004252,CORPORATE_CARD,SUP0022,Transcore Logistics,Logistics & Freight,R&D,4996.96,INR,CTR0008,ON_CONTRACT,REQ00106,2025-10-05,transcore logistics,False
TXN004270,CORPORATE_CARD,SUP0018,Urban Upkeep,Facilities Maintenance,Human Resources,17756.51,INR,,OFF_CONTRACT,,2025-04-18,urban upkeep,False
TXN004277,CORPORATE_CARD,SUP0019,Lumen Creative,Marketing Services,Operations,12626.7,INR,CTR0007,ON_CONTRACT,,2026-03-21,lumen creative,False
TXN004279,CORPORATE_CARD,SUP0014,Skyroute Travel,Travel,Marketing,7994.27,INR,CTR0005,ON_CONTRACT,REQ00872,2025-09-17,skyroute travel,False
TXN004282,CORPORATE_CARD,SUP0023,FleetBridge Cargo,Logistics & Freight,R&D,22757.46,INR,,OFF_CONTRACT,REQ00179,2026-01-24,fleetbridge cargo,False
TXN004292,CORPORATE_CARD,SUP0015,Voyager Corporate Travel,Travel,Finance,4010.68,INR,,OFF_CONTRACT,REQ00072,2025-10-02,voyager corporate travel,False
TXN004312,CORPORATE_CARD,SUP0018,Urban Upkeep,Facilities Maintenance,R&D,19543.88,INR,,OFF_CONTRACT,REQ00666,2025-06-06,urban upkeep,False
TXN004313,CORPORATE_CARD,SUP0023,FleetBridge Cargo,Logistics & Freight,Finance,3592.86,INR,,OFF_CONTRACT,REQ00723,2026-01-25,fleetbridge cargo,False
TXN004320,CORPORATE_CARD,SUP0015,Voyager Corporate Travel,Travel,R&D,11066.4,INR,,OFF_CONTRACT,,2025-08-31,voyager corporate travel,False
TXN004323,CORPORATE_CARD,SUP0028,ORION OFFICE SUPPLIES,Office Supplies,It,4464.53,INR,,OFF_CONTRACT,REQ00870,2025-11-03,orion office supplies,False
TXN004324,CORPORATE_CARD,SUP0008,Orion Office Supplies,Office Supplies,Human Resources,5646.04,INR,CTR0003,ON_CONTRACT,,2025-11-02,orion office supplies,False
TXN004345,CORPORATE_CARD,SUP0016,Prime Facility Care,Facilities Maintenance,It,11595.06,INR,CTR0006,ON_CONTRACT,,2025-08-23,prime facility care,False
TXN004354,CORPORATE_CARD,SUP0006,Vertex Licensing,It Software & Licences,Facilities,27810.23,INR,,NO_CONTRACT,,2025-05-26,vertex licensing,False
TXN004358,CORPORATE_CARD,SUP0002,Zenith Computing,It Hardware,Facilities,51299.87,INR,,NO_CONTRACT,,2025-12-02,zenith computing,False
TXN004373,CORPORATE_CARD,SUP0012,Cobalt Consulting,Professional Services,Logistics,11316.47,INR,,OFF_CONTRACT,REQ00538,2025-09-14,cobalt consulting,False
TXN004387,CORPORATE_CARD,SUP0016,Prime Facility Care,Facilities Maintenance,Human Resources,15604.86,INR,CTR0006,ON_CONTRACT,REQ00408,2025-12-13,prime facility care,False
TXN004390,CORPORATE_CARD,SUP0015,Voyager Corporate Travel,Travel,Operations,4487.17,INR,,OFF_CONTRACT,,2025-05-15,voyager corporate travel,False
TXN004393,CORPORATE_CARD,SUP0008,Orion Office Supplies,Office Supplies,Operations,6200.69,INR,CTR0003,ON_CONTRACT,REQ00544,2025-07-28,orion office supplies,False
TXN004397,CORPORATE_CARD,SUP0011,Sterling Advisory,Professional Services,It,23310.2,INR,CTR0004,ON_CONTRACT,REQ00836,2025-12-27,sterling advisory,False
TXN004401,CORPORATE_CARD,SUP0015,Voyager Corporate Travel,Travel,Facilities,5040.25,INR,,OFF_CONTRACT,,2026-03-23,voyager corporate travel,False
TXN004405,CORPORATE_CARD,SUP0008,Orion Office Supplies,Office Supplies,Operations,9775.55,INR,CTR0003,ON_CONTRACT,,2025-11-03,orion office supplies,False
TXN004406,CORPORATE_CARD,SUP0015,Voyager Corporate Travel,Travel,It,22828.06,INR,,OFF_CONTRACT,REQ00456,2025-04-07,voyager corporate travel,False
TXN004410,CORPORATE_CARD,SUP0014,Skyroute Travel,Travel,Operations,18246.36,INR,CTR0005,ON_CONTRACT,REQ00360,2025-06-16,skyroute travel,False
TXN004413,CORPORATE_CARD,SUP0017,GreenEdge Services,Facilities Maintenance,Finance,21857.16,INR,,OFF_CONTRACT,REQ00134,2025-05-04,greenedge services,False
TXN004417,CORPORATE_CARD,SUP0016,Prime Facility Care,Facilities Maintenance,Operations,8403.06,INR,CTR0006,ON_CONTRACT,,2026-03-10,prime facility care,False
TXN004422,CORPORATE_CARD,SUP0025,NEXA TECHNOLOGIES PVT. LTD.,It Hardware,R&D,47409.21,INR,,NO_CONTRACT,REQ00737,2025-07-14,nexa technologies,False
TXN004429,CORPORATE_CARD,SUP0028,ORION OFFICE SUPPLIES,Office Supplies,R&D,1820.1,INR,,OFF_CONTRACT,,2025-06-30,orion office supplies,False
TXN004438,CORPORATE_CARD,SUP0015,Voyager Corporate Travel,Travel,Marketing,15740.03,INR,,OFF_CONTRACT,,2025-08-18,voyager corporate travel,False
TXN004440,CORPORATE_CARD,SUP0013,Adept Partners,Professional Services,Operations,29703.4,INR,,OFF_CONTRACT,REQ00786,2025-10-26,adept partners,False
TXN004445,CORPORATE_CARD,SUP0001,Nexa Technologies Pvt Ltd,It Hardware,Human Resources,21563.58,INR,CTR0001,ON_CONTRACT,,2025-04-18,nexa technologies,False
TXN004448,CORPORATE_CARD,SUP0005,Cloudspan Software,It Software & Licences,It,41271.41,INR,CTR0002,ON_CONTRACT,REQ00225,2025-11-12,cloudspan software,False
TXN004465,CORPORATE_CARD,SUP0014,Skyroute Travel,Travel,Human Resources,17392.85,INR,CTR0005,ON_CONTRACT,,2026-01-31,skyroute travel,False
TXN004470,CORPORATE_CARD,SUP0022,Transcore Logistics,Logistics & Freight,Operations,17491.56,INR,CTR0008,ON_CONTRACT,REQ00518,2025-11-18,transcore logistics,False
TXN004473,CORPORATE_CARD,SUP0020,BrightArc Media,Marketing Services,R&D,18403.96,INR,,OFF_CONTRACT,REQ00774,2025-11-16,brightarc media,False
TXN004484,CORPORATE_CARD,SUP0025,NEXA TECHNOLOGIES PVT. LTD.,It Hardware,R&D,18974.0,INR,,NO_CONTRACT,REQ00822,2026-02-06,nexa technologies,False
TXN004488,CORPORATE_CARD,SUP0017,GreenEdge Services,Facilities Maintenance,Human Resources,8277.06,INR,,OFF_CONTRACT,,2025-05-01,greenedge services,False
TXN004492,CORPORATE_CARD,SUP0019,Lumen Creative,Marketing Services,It,42292.83,INR,CTR0007,ON_CONTRACT,REQ00849,2025-09-02,lumen creative,False
TXN004493,CORPORATE_CARD,SUP0007,Meridian Softworks,It Software & Licences,R&D,15993.37,INR,,NO_CONTRACT,REQ00835,2025-07-24,meridian softworks,False
TXN004499,CORPORATE_CARD,SUP0005,Cloudspan Software,It Software & Licences,R&D,15783.79,INR,CTR0002,ON_CONTRACT,REQ00084,2025-12-13,cloudspan software,False
TXN004506,CORPORATE_CARD,SUP0018,Urban Upkeep,Facilities Maintenance,Facilities,6145.73,INR,,OFF_CONTRACT,REQ00186,2025-10-30,urban upkeep,False
TXN004509,CORPORATE_CARD,SUP0019,Lumen Creative,Marketing Services,Marketing,31847.7,INR,CTR0007,ON_CONTRACT,,2026-03-30,lumen creative,False
TXN004511,CORPORATE_CARD,SUP0016,Prime Facility Care,Facilities Maintenance,Marketing,7790.77,INR,CTR0006,ON_CONTRACT,REQ00807,2025-06-17,prime facility care,False
TXN004513,CORPORATE_CARD,SUP0007,Meridian Softworks,It Software & Licences,R&D,8363.27,INR,,NO_CONTRACT,,2025-04-25,meridian softworks,False
TXN004516,CORPORATE_CARD,SUP0001,Nexa Technologies Pvt Ltd,It Hardware,Facilities,34567.56,INR,CTR0001,ON_CONTRACT,,2025-12-12,nexa technologies,False
TXN004522,CORPORATE_CARD,SUP0014,Skyroute Travel,Travel,Logistics,8565.36,INR,CTR0005,ON_CONTRACT,,2026-02-28,skyroute travel,False
TXN004533,CORPORATE_CARD,SUP0010,Kanban Stationers,Office Supplies,Operations,1491.44,INR,,OFF_CONTRACT,REQ00350,2025-10-17,kanban stationers,False
TXN004540,CORPORATE_CARD,SUP0015,Voyager Corporate Travel,Travel,Human Resources,5894.78,INR,,OFF_CONTRACT,,2026-01-01,voyager corporate travel,False
TXN004546,CORPORATE_CARD,SUP0022,Transcore Logistics,Logistics & Freight,Finance,31091.87,INR,CTR0008,ON_CONTRACT,REQ00485,2025-11-18,transcore logistics,False
TXN004549,CORPORATE_CARD,SUP0018,Urban Upkeep,Facilities Maintenance,Facilities,9448.91,INR,,OFF_CONTRACT,REQ00478,2025-12-26,urban upkeep,False
TXN004554,CORPORATE_CARD,SUP0023,FleetBridge Cargo,Logistics & Freight,Facilities,14260.24,INR,,OFF_CONTRACT,,2025-07-20,fleetbridge cargo,False
TXN004555,CORPORATE_CARD,SUP0019,Lumen Creative,Marketing Services,Marketing,15223.44,INR,CTR0007,ON_CONTRACT,REQ00098,2026-03-03,lumen creative,False
TXN004573,CORPORATE_CARD,SUP0022,Transcore Logistics,Logistics & Freight,Marketing,6324.44,INR,CTR0008,ON_CONTRACT,REQ00186,2026-03-18,transcore logistics,False
TXN004578,CORPORATE_CARD,SUP0004,Arcadia IT Traders,It Hardware,Finance,15475.38,INR,,NO_CONTRACT,,2025-05-19,arcadia it traders,False
TXN004579,CORPORATE_CARD,SUP0008,Orion Office Supplies,Office Supplies,Human Resources,5611.02,INR,CTR0003,ON_CONTRACT,,2026-01-13,orion office supplies,False
TXN004582,CORPORATE_CARD,SUP0011,Sterling Advisory,Professional Services,Human Resources,30299.36,INR,CTR0004,ON_CONTRACT,,2025-07-25,sterling advisory,False
TXN004586,CORPORATE_CARD,SUP0021,Pulse Marketing Co,Marketing Services,R&D,38942.65,INR,,OFF_CONTRACT,REQ00533,2025-12-09,pulse marketing,False
TXN004593,CORPORATE_CARD,SUP0015,Voyager Corporate Travel,Travel,Facilities,13516.71,INR,,OFF_CONTRACT,REQ00600,2026-02-04,voyager corporate travel,False
TXN004596,CORPORATE_CARD,SUP0003,BluePeak Systems,It Hardware,R&D,40213.95,INR,,NO_CONTRACT,REQ00038,2026-01-25,bluepeak systems,False
TXN004599,CORPORATE_CARD,SUP0010,Kanban Stationers,Office Supplies,Finance,3291.35,INR,,OFF_CONTRACT,REQ00699,2025-11-14,kanban stationers,False
TXN004601,CORPORATE_CARD,SUP0018,Urban Upkeep,Facilities Maintenance,Operations,8768.5,INR,,OFF_CONTRACT,,2025-07-03,urban upkeep,False
TXN004610,CORPORATE_CARD,SUP0018,Urban Upkeep,Facilities Maintenance,Operations,6158.66,INR,,OFF_CONTRACT,REQ00174,2026-02-02,urban upkeep,False
TXN004615,CORPORATE_CARD,SUP0005,Cloudspan Software,It Software & Licences,It,9899.5,INR,CTR0002,ON_CONTRACT,,2025-08-20,cloudspan software,False
TXN004617,CORPORATE_CARD,SUP0007,Meridian Softworks,It Software & Licences,It,26570.24,INR,,NO_CONTRACT,REQ00047,2025-06-12,meridian softworks,False
TXN004632,CORPORATE_CARD,SUP0008,Orion Office Supplies,Office Supplies,Facilities,3916.32,INR,CTR0003,ON_CONTRACT,REQ00504,2025-11-23,orion office supplies,False
TXN004633,CORPORATE_CARD,SUP0015,Voyager Corporate Travel,Travel,Operations,22602.03,INR,,OFF_CONTRACT,,2025-08-06,voyager corporate travel,False
TXN004642,CORPORATE_CARD,SUP0023,FleetBridge Cargo,Logistics & Freight,Human Resources,11421.04,INR,,OFF_CONTRACT,,2025-04-22,fleetbridge cargo,False
TXN004645,CORPORATE_CARD,SUP0008,Orion Office Supplies,Office Supplies,Marketing,3027.95,INR,CTR0003,ON_CONTRACT,REQ00665,2025-04-20,orion office supplies,False
TXN004648,CORPORATE_CARD,SUP0002,Zenith Computing,It Hardware,Marketing,11873.06,INR,,NO_CONTRACT,,2025-07-16,zenith computing,False
TXN004654,CORPORATE_CARD,SUP0023,FleetBridge Cargo,Logistics & Freight,Marketing,34267.84,INR,,OFF_CONTRACT,REQ00734,2025-09-16,fleetbridge cargo,False
TXN004658,CORPORATE_CARD,SUP0016,Prime Facility Care,Facilities Maintenance,Facilities,16409.66,INR,CTR0006,ON_CONTRACT,REQ00347,2026-01-28,prime facility care,False
TXN004660,CORPORATE_CARD,SUP0017,GreenEdge Services,Facilities Maintenance,Finance,15224.17,INR,,OFF_CONTRACT,REQ00726,2025-08-29,greenedge services,False
TXN004668,CORPORATE_CARD,SUP0023,FleetBridge Cargo,Logistics & Freight,Finance,12660.68,INR,,OFF_CONTRACT,,2026-02-02,fleetbridge cargo,False
TXN004673,CORPORATE_CARD,SUP0009,Paperline Traders,Office Supplies,Human Resources,5029.43,INR,,OFF_CONTRACT,,2025-05-28,paperline traders,False
TXN004682,CORPORATE_CARD,SUP0013,Adept Partners,Professional Services,Finance,14834.5,INR,,OFF_CONTRACT,,2025-04-13,adept partners,False
TXN004687,CORPORATE_CARD,SUP0011,Sterling Advisory,Professional Services,Facilities,21162.71,INR,CTR0004,ON_CONTRACT,,2026-02-09,sterling advisory,False
TXN004696,CORPORATE_CARD,SUP0013,Adept Partners,Professional Services,Finance,56305.17,INR,,OFF_CONTRACT,REQ00448,2025-10-24,adept partners,False
TXN004706,CORPORATE_CARD,SUP0021,Pulse Marketing Co,Marketing Services,R&D,30633.46,INR,,OFF_CONTRACT,,2025-04-02,pulse marketing,False
TXN004711,CORPORATE_CARD,SUP0009,Paperline Traders,Office Supplies,Finance,3251.04,INR,,OFF_CONTRACT,REQ00256,2025-09-14,paperline traders,False
TXN004744,CORPORATE_CARD,SUP0014,Skyroute Travel,Travel,Human Resources,14852.13,INR,CTR0005,ON_CONTRACT,REQ00790,2025-08-13,skyroute travel,False
TXN004747,CORPORATE_CARD,SUP0008,Orion Office Supplies,Office Supplies,Logistics,2492.72,INR,CTR0003,ON_CONTRACT,REQ00658,2026-01-02,orion office supplies,False
TXN004750,CORPORATE_CARD,SUP0011,Sterling Advisory,Professional Services,Finance,92640.48,INR,CTR0004,ON_CONTRACT,,2026-01-27,sterling advisory,False
TXN004756,CORPORATE_CARD,SUP0017,GreenEdge Services,Facilities Maintenance,R&D,22701.16,INR,,OFF_CONTRACT,REQ00132,2026-02-18,greenedge services,False
TXN004758,CORPORATE_CARD,SUP0006,Vertex Licensing,It Software & Licences,Facilities,41751.61,INR,,NO_CONTRACT,,2026-01-18,vertex licensing,False
TXN004759,CORPORATE_CARD,SUP0001,Nexa Technologies Pvt Ltd,It Hardware,Marketing,15878.14,INR,CTR0001,ON_CONTRACT,REQ00416,2026-03-08,nexa technologies,False
TXN004761,CORPORATE_CARD,SUP0001,Nexa Technologies Pvt Ltd,It Hardware,Marketing,28895.73,INR,CTR0001,ON_CONTRACT,,2025-05-22,nexa technologies,False
TXN004772,CORPORATE_CARD,SUP0020,BrightArc Media,Marketing Services,Logistics,14297.52,INR,,OFF_CONTRACT,REQ00092,2026-01-17,brightarc media,False
TXN004775,CORPORATE_CARD,SUP0010,Kanban Stationers,Office Supplies,Finance,3755.87,INR,,OFF_CONTRACT,,2025-07-01,kanban stationers,False
TXN004785,CORPORATE_CARD,SUP0022,Transcore Logistics,Logistics & Freight,Operations,14210.99,INR,CTR0008,ON_CONTRACT,REQ00719,2025-10-09,transcore logistics,False
TXN004789,CORPORATE_CARD,SUP0013,Adept Partners,Professional Services,It,33264.69,INR,,OFF_CONTRACT,,2025-05-05,adept partners,False
TXN004809,CORPORATE_CARD,SUP0005,Cloudspan Software,It Software & Licences,Finance,12878.56,INR,CTR0002,ON_CONTRACT,REQ00823,2025-09-03,cloudspan software,False
TXN004816,CORPORATE_CARD,SUP0019,Lumen Creative,Marketing Services,Marketing,47242.01,INR,CTR0007,ON_CONTRACT,REQ00819,2026-02-02,lumen creative,False
TXN004822,CORPORATE_CARD,SUP0010,Kanban Stationers,Office Supplies,R&D,3202.87,INR,,OFF_CONTRACT,REQ00084,2026-02-17,kanban stationers,False
TXN004830,CORPORATE_CARD,SUP0005,Cloudspan Software,It Software & Licences,Logistics,26541.29,INR,CTR0002,ON_CONTRACT,,2025-06-14,cloudspan software,False
TXN004833,CORPORATE_CARD,SUP0021,Pulse Marketing Co,Marketing Services,Marketing,35792.24,INR,,OFF_CONTRACT,REQ00674,2025-05-23,pulse marketing,False
TXN004837,CORPORATE_CARD,SUP0012,Cobalt Consulting,Professional Services,R&D,31023.67,INR,,OFF_CONTRACT,,2026-01-29,cobalt consulting,False
TXN004838,CORPORATE_CARD,SUP0028,ORION OFFICE SUPPLIES,Office Supplies,It,2827.35,INR,,OFF_CONTRACT,REQ00835,2025-11-27,orion office supplies,False
TXN004845,CORPORATE_CARD,SUP0018,Urban Upkeep,Facilities Maintenance,Logistics,8861.57,INR,,OFF_CONTRACT,REQ00110,2026-03-11,urban upkeep,False
TXN004863,CORPORATE_CARD,SUP0023,FleetBridge Cargo,Logistics & Freight,R&D,4291.32,INR,,OFF_CONTRACT,REQ00892,2025-04-24,fleetbridge cargo,False
TXN004866,CORPORATE_CARD,SUP0014,Skyroute Travel,Travel,Marketing,22723.56,INR,CTR0005,ON_CONTRACT,,2026-01-31,skyroute travel,False
TXN004868,CORPORATE_CARD,SUP0019,Lumen Creative,Marketing Services,Logistics,15917.5,INR,CTR0007,ON_CONTRACT,,2025-11-19,lumen creative,False
TXN004869,CORPORATE_CARD,SUP0022,Transcore Logistics,Logistics & Freight,Operations,788702.02,INR,CTR0008,ON_CONTRACT,REQ00476,2026-03-03,transcore logistics,False
TXN004873,CORPORATE_CARD,SUP0019,Lumen Creative,Marketing Services,Operations,18401.78,INR,CTR0007,ON_CONTRACT,REQ00552,2026-01-10,lumen creative,False
TXN004875,CORPORATE_CARD,SUP0001,Nexa Technologies Pvt Ltd,It Hardware,Finance,13016.05,INR,CTR0001,ON_CONTRACT,REQ00635,2025-07-08,nexa technologies,False
TXN004876,CORPORATE_CARD,SUP0007,Meridian Softworks,It Software & Licences,Marketing,18274.6,INR,,NO_CONTRACT,REQ00286,2025-09-04,meridian softworks,False
TXN004883,CORPORATE_CARD,SUP0020,BrightArc Media,Marketing Services,Marketing,39771.64,INR,,OFF_CONTRACT,,2025-05-25,brightarc media,False
TXN004895,CORPORATE_CARD,SUP0006,Vertex Licensing,It Software & Licences,Marketing,22996.99,INR,,NO_CONTRACT,REQ00862,2026-01-19,vertex licensing,False
TXN004911,CORPORATE_CARD,SUP0027,Orion Office Supplies Ltd,Office Supplies,It,3753.8,INR,,OFF_CONTRACT,REQ00197,2025-06-08,orion office supplies,False
TXN004925,CORPORATE_CARD,SUP0012,Cobalt Consulting,Professional Services,R&D,11387.32,INR,,OFF_CONTRACT,,2025-10-02,cobalt consulting,False
TXN004928,CORPORATE_CARD,SUP0015,Voyager Corporate Travel,Travel,Marketing,8051.66,INR,,OFF_CONTRACT,REQ00587,2025-10-01,voyager corporate travel,False
TXN004930,CORPORATE_CARD,SUP0014,Skyroute Travel,Travel,Finance,20913.55,INR,CTR0005,ON_CONTRACT,,2025-09-29,skyroute travel,False
TXN004935,CORPORATE_CARD,SUP0020,BrightArc Media,Marketing Services,It,33611.51,INR,,OFF_CONTRACT,REQ00399,2025-09-20,brightarc media,False
TXN004938,CORPORATE_CARD,SUP0004,Arcadia IT Traders,It Hardware,Marketing,40040.44,INR,,NO_CONTRACT,,2025-12-26,arcadia it traders,False
TXN004959,CORPORATE_CARD,SUP0022,Transcore Logistics,Logistics & Freight,Finance,6907.37,INR,CTR0008,ON_CONTRACT,,2025-05-20,transcore logistics,False
TXN004961,CORPORATE_CARD,SUP0021,Pulse Marketing Co,Marketing Services,Finance,18159.43,INR,,OFF_CONTRACT,REQ00128,2025-08-26,pulse marketing,False
TXN004966,CORPORATE_CARD,SUP0019,Lumen Creative,Marketing Services,Finance,20573.41,INR,CTR0007,ON_CONTRACT,REQ00458,2025-08-17,lumen creative,False
TXN004968,CORPORATE_CARD,SUP0015,Voyager Corporate Travel,Travel,Finance,400423.74,INR,,OFF_CONTRACT,REQ00485,2025-04-27,voyager corporate travel,False
TXN004973,CORPORATE_CARD,SUP0009,Paperline Traders,Office Supplies,Operations,6116.99,INR,,OFF_CONTRACT,,2025-12-11,paperline traders,False
TXN004989,CORPORATE_CARD,SUP0006,Vertex Licensing,It Software & Licences,R&D,571383.59,INR,,NO_CONTRACT,REQ00265,2026-03-18,vertex licensing,False
TXN004992,CORPORATE_CARD,SUP0011,Sterling Advisory,Professional Services,Human Resources,24390.75,INR,CTR0004,ON_CONTRACT,,2025-09-27,sterling advisory,False
TXN004996,CORPORATE_CARD,SUP0014,Skyroute Travel,Travel,Logistics,24269.16,INR,CTR0005,ON_CONTRACT,,2025-10-22,skyroute travel,False
TXN005003,CORPORATE_CARD,SUP0022,Transcore Logistics,Logistics & Freight,It,23181.4,INR,CTR0008,ON_CONTRACT,REQ00820,2025-12-02,transcore logistics,False
TXN005013,CORPORATE_CARD,SUP0013,Adept Partners,Professional Services,R&D,49164.1,INR,,OFF_CONTRACT,,2025-05-05,adept partners,False
TXN005015,CORPORATE_CARD,SUP0001,Nexa Technologies Pvt Ltd,It Hardware,R&D,20795.34,INR,CTR0001,ON_CONTRACT,REQ00882,2025-11-04,nexa technologies,False
TXN005026,CORPORATE_CARD,SUP0010,Kanban Stationers,Office Supplies,It,2507.51,INR,,OFF_CONTRACT,,2025-09-08,kanban stationers,False
TXN005032,CORPORATE_CARD,SUP0022,Transcore Logistics,Logistics & Freight,Operations,11360.8,INR,CTR0008,ON_CONTRACT,,2025-06-06,transcore logistics,False
TXN005033,CORPORATE_CARD,SUP0023,FleetBridge Cargo,Logistics & Freight,Logistics,17468.94,INR,,OFF_CONTRACT,REQ00449,2025-06-05,fleetbridge cargo,False
TXN005038,CORPORATE_CARD,SUP0013,Adept Partners,Professional Services,Finance,78171.19,INR,,OFF_CONTRACT,REQ00295,2025-11-15,adept partners,False
TXN005039,CORPORATE_CARD,SUP0023,FleetBridge Cargo,Logistics & Freight,It,28933.47,INR,,OFF_CONTRACT,REQ00115,2026-03-19,fleetbridge cargo,False
TXN005042,CORPORATE_CARD,SUP0007,Meridian Softworks,It Software & Licences,Finance,34315.82,INR,,NO_CONTRACT,,2025-04-24,meridian softworks,False
TXN005048,CORPORATE_CARD,SUP0023,FleetBridge Cargo,Logistics & Freight,Operations,10165.81,INR,,OFF_CONTRACT,REQ00769,2025-10-08,fleetbridge cargo,False
TXN005052,CORPORATE_CARD,SUP0022,Transcore Logistics,Logistics & Freight,Operations,34620.18,INR,CTR0008,ON_CONTRACT,REQ00823,2025-11-02,transcore logistics,False
TXN005053,CORPORATE_CARD,SUP0013,Adept Partners,Professional Services,Human Resources,31290.29,INR,,OFF_CONTRACT,,2025-05-04,adept partners,False
TXN005056,CORPORATE_CARD,SUP0018,Urban Upkeep,Facilities Maintenance,Finance,22161.36,INR,,OFF_CONTRACT,,2026-01-15,urban upkeep,False
TXN005059,CORPORATE_CARD,SUP0014,Skyroute Travel,Travel,Marketing,9489.48,INR,CTR0005,ON_CONTRACT,,2025-06-05,skyroute travel,False
TXN005064,CORPORATE_CARD,SUP0008,Orion Office Supplies,Office Supplies,Marketing,2004.58,INR,CTR0003,ON_CONTRACT,REQ00688,2025-07-07,orion office supplies,False
TXN005065,CORPORATE_CARD,SUP0008,Orion Office Supplies,Office Supplies,Human Resources,3030.4,INR,CTR0003,ON_CONTRACT,,2025-06-08,orion office supplies,False
TXN005070,CORPORATE_CARD,SUP0021,Pulse Marketing Co,Marketing Services,Marketing,6927.33,INR,,OFF_CONTRACT,,2025-09-30,pulse marketing,False
TXN005074,CORPORATE_CARD,SUP0021,Pulse Marketing Co,Marketing Services,Human Resources,6381.51,INR,,OFF_CONTRACT,REQ00198,2026-03-11,pulse marketing,False
TXN005082,CORPORATE_CARD,SUP0006,Vertex Licensing,It Software & Licences,Marketing,6023.1,INR,,NO_CONTRACT,,2025-07-14,vertex licensing,False
TXN005083,CORPORATE_CARD,SUP0022,Transcore Logistics,Logistics & Freight,Facilities,27140.98,INR,CTR0008,ON_CONTRACT,,2025-06-20,transcore logistics,False
TXN005085,CORPORATE_CARD,SUP0010,Kanban Stationers,Office Supplies,Operations,1440.35,INR,,OFF_CONTRACT,REQ00200,2025-08-03,kanban stationers,False
TXN005086,CORPORATE_CARD,SUP0020,BrightArc Media,Marketing Services,Marketing,32073.19,INR,,OFF_CONTRACT,REQ00497,2025-04-24,brightarc media,False
TXN005088,CORPORATE_CARD,SUP0008,Orion Office Supplies,Office Supplies,Facilities,1435.9,INR,CTR0003,ON_CONTRACT,,2025-11-20,orion office supplies,False
TXN005090,CORPORATE_CARD,SUP0007,Meridian Softworks,It Software & Licences,R&D,10333.91,INR,,NO_CONTRACT,,2025-07-18,meridian softworks,False
TXN005096,CORPORATE_CARD,SUP0012,Cobalt Consulting,Professional Services,Marketing,45189.85,INR,,OFF_CONTRACT,REQ00683,2026-03-15,cobalt consulting,False
TXN005098,CORPORATE_CARD,SUP0011,Sterling Advisory,Professional Services,R&D,24260.62,INR,CTR0004,ON_CONTRACT,REQ00152,2026-03-02,sterling advisory,False
TXN005105,CORPORATE_CARD,SUP0015,Voyager Corporate Travel,Travel,Human Resources,14542.69,INR,,OFF_CONTRACT,,2025-04-07,voyager corporate travel,False
TXN005106,CORPORATE_CARD,SUP0018,Urban Upkeep,Facilities Maintenance,It,3841.97,INR,,OFF_CONTRACT,REQ00815,2025-09-11,urban upkeep,False
TXN005109,CORPORATE_CARD,SUP0024,Nexa Technologies,It Hardware,Logistics,31377.23,INR,,NO_CONTRACT,REQ00676,2025-08-29,nexa technologies,False
TXN005114,CORPORATE_CARD,SUP0004,Arcadia IT Traders,It Hardware,It,21630.31,INR,,NO_CONTRACT,REQ00066,2025-05-04,arcadia it traders,False
TXN005138,CORPORATE_CARD,SUP0011,Sterling Advisory,Professional Services,R&D,14355.86,INR,CTR0004,ON_CONTRACT,REQ00176,2025-12-27,sterling advisory,False
TXN005144,CORPORATE_CARD,SUP0015,Voyager Corporate Travel,Travel,Finance,17007.13,INR,,OFF_CONTRACT,REQ00640,2025-05-27,voyager corporate travel,False
TXN005151,CORPORATE_CARD,SUP0009,Paperline Traders,Office Supplies,Marketing,4098.86,INR,,OFF_CONTRACT,REQ00308,2025-08-01,paperline traders,False
TXN005152,CORPORATE_CARD,SUP0022,Transcore Logistics,Logistics & Freight,Human Resources,12751.43,INR,CTR0008,ON_CONTRACT,REQ00049,2026-02-20,transcore logistics,False
TXN005161,CORPORATE_CARD,SUP0020,BrightArc Media,Marketing Services,Finance,35633.37,INR,,OFF_CONTRACT,REQ00474,2026-02-11,brightarc media,False
TXN005162,CORPORATE_CARD,SUP0021,Pulse Marketing Co,Marketing Services,Human Resources,8745.41,INR,,OFF_CONTRACT,REQ00064,2026-02-26,pulse marketing,False
TXN005167,CORPORATE_CARD,SUP0023,FleetBridge Cargo,Logistics & Freight,Finance,5904.22,INR,,OFF_CONTRACT,REQ00589,2025-11-27,fleetbridge cargo,False
TXN005171,CORPORATE_CARD,SUP0017,GreenEdge Services,Facilities Maintenance,R&D,14651.71,INR,,OFF_CONTRACT,,2025-10-14,greenedge services,False
TXN005175,CORPORATE_CARD,SUP0020,BrightArc Media,Marketing Services,Human Resources,34982.36,INR,,OFF_CONTRACT,REQ00301,2025-05-02,brightarc media,False
TXN005176,CORPORATE_CARD,SUP0018,Urban Upkeep,Facilities Maintenance,Finance,14543.04,INR,,OFF_CONTRACT,REQ00284,2026-02-23,urban upkeep,False
TXN005191,CORPORATE_CARD,SUP0012,Cobalt Consulting,Professional Services,Logistics,17815.64,INR,,OFF_CONTRACT,REQ00825,2025-10-14,cobalt consulting,False
TXN005194,CORPORATE_CARD,SUP0001,Nexa Technologies Pvt Ltd,It Hardware,Facilities,57333.9,INR,CTR0001,ON_CONTRACT,REQ00567,2026-01-02,nexa technologies,False
TXN000003,ERP_EXPORT,SUP0005,Cloudspan Software,It Software & Licences,Operations,91859.36,INR,CTR0002,ON_CONTRACT,REQ00389,2025-08-17,cloudspan software,False
TXN000005,ERP_EXPORT,SUP0019,Lumen Creative,Marketing Services,Finance,41842.61,INR,CTR0007,ON_CONTRACT,REQ00512,2025-10-20,lumen creative,False
TXN000006,ERP_EXPORT,SUP0022,Transcore Logistics,Logistics & Freight,Human Resources,24947.55,INR,CTR0008,ON_CONTRACT,,2025-11-06,transcore logistics,False
TXN000008,ERP_EXPORT,SUP0005,Cloudspan Software,It Software & Licences,R&D,105948.5,INR,CTR0002,ON_CONTRACT,,2025-10-15,cloudspan software,False
TXN000009,ERP_EXPORT,SUP0019,Lumen Creative,Marketing Services,Human Resources,104156.1,INR,CTR0007,ON_CONTRACT,,2025-04-06,lumen creative,False
TXN000010,ERP_EXPORT,SUP0005,Cloudspan Software,It Software & Licences,Human Resources,89347.62,INR,CTR0002,ON_CONTRACT,,2025-09-22,cloudspan software,False
TXN000011,ERP_EXPORT,SUP0005,Cloudspan Software,It Software & Licences,It,17161.37,INR,CTR0002,ON_CONTRACT,,2025-08-13,cloudspan software,False
TXN000012,ERP_EXPORT,SUP0008,Orion Office Supplies,Office Supplies,Human Resources,24307.93,INR,CTR0003,ON_CONTRACT,,2025-12-16,orion office supplies,False
TXN000014,ERP_EXPORT,SUP0001,Nexa Technologies Pvt Ltd,It Hardware,Human Resources,57912.56,INR,CTR0001,ON_CONTRACT,REQ00247,2026-01-16,nexa technologies,False
TXN000015,ERP_EXPORT,SUP0005,Cloudspan Software,It Software & Licences,Facilities,34091.62,INR,CTR0002,ON_CONTRACT,,2025-12-29,cloudspan software,False
TXN000016,ERP_EXPORT,SUP0008,Orion Office Supplies,Office Supplies,Marketing,6218.3,INR,CTR0003,ON_CONTRACT,REQ00894,2026-02-05,orion office supplies,False
TXN000018,ERP_EXPORT,SUP0016,Prime Facility Care,Facilities Maintenance,Facilities,41485.39,INR,CTR0006,ON_CONTRACT,REQ00066,2025-09-21,prime facility care,False
TXN000019,ERP_EXPORT,SUP0001,Nexa Technologies Pvt Ltd,It Hardware,Operations,91951.48,INR,CTR0001,ON_CONTRACT,REQ00725,2026-02-18,nexa technologies,False
TXN000021,ERP_EXPORT,SUP0022,Transcore Logistics,Logistics & Freight,Logistics,62783.79,INR,CTR0008,ON_CONTRACT,REQ00485,2025-10-26,transcore logistics,False
TXN000023,ERP_EXPORT,SUP0005,Cloudspan Software,It Software & Licences,Logistics,45675.19,INR,CTR0002,ON_CONTRACT,REQ00188,2025-08-21,cloudspan software,False
TXN000026,ERP_EXPORT,SUP0008,Orion Office Supplies,Office Supplies,R&D,20059.05,INR,CTR0003,ON_CONTRACT,,2025-06-24,orion office supplies,False
TXN000027,ERP_EXPORT,SUP0019,Lumen Creative,Marketing Services,Logistics,47954.33,INR,CTR0007,ON_CONTRACT,REQ00714,2026-01-10,lumen creative,False
TXN000028,ERP_EXPORT,SUP0022,Transcore Logistics,Logistics & Freight,It,54681.46,INR,CTR0008,ON_CONTRACT,,2026-01-03,transcore logistics,False
TXN000029,ERP_EXPORT,SUP0001,Nexa Technologies Pvt Ltd,It Hardware,Logistics,116824.26,INR,CTR0001,ON_CONTRACT,REQ00874,2025-12-28,nexa technologies,False
TXN000030,ERP_EXPORT,SUP0008,Orion Office Supplies,Office Supplies,Marketing,3068.36,INR,CTR0003,ON_CONTRACT,REQ00070,2026-03-12,orion office supplies,False
TXN000032,ERP_EXPORT,SUP0005,Cloudspan Software,It Software & Licences,Finance,32905.03,INR,CTR0002,ON_CONTRACT,,2025-07-14,cloudspan software,False
TXN000033,ERP_EXPORT,SUP0016,Prime Facility Care,Facilities Maintenance,Human Resources,13903.1,INR,CTR0006,ON_CONTRACT,REQ00770,2025-05-08,prime facility care,False
TXN000035,ERP_EXPORT,SUP0014,Skyroute Travel,Travel,Facilities,87181.83,INR,CTR0005,ON_CONTRACT,,2025-10-07,skyroute travel,False
TXN000037,ERP_EXPORT,SUP0001,Nexa Technologies Pvt Ltd,It Hardware,Facilities,72215.13,INR,CTR0001,ON_CONTRACT,,2025-06-08,nexa technologies,False
TXN000038,ERP_EXPORT,SUP0014,Skyroute Travel,Travel,Marketing,16009.11,INR,CTR0005,ON_CONTRACT,REQ00620,2025-07-17,skyroute travel,False
TXN000041,ERP_EXPORT,SUP0019,Lumen Creative,Marketing Services,Marketing,37085.35,INR,CTR0007,ON_CONTRACT,REQ00855,2025-10-07,lumen creative,False
TXN000042,ERP_EXPORT,SUP0008,Orion Office Supplies,Office Supplies,Finance,13389.07,INR,CTR0003,ON_CONTRACT,,2025-04-21,orion office supplies,False
TXN000043,ERP_EXPORT,SUP0016,Prime Facility Care,Facilities Maintenance,Facilities,12063.31,INR,CTR0006,ON_CONTRACT,REQ00574,2025-10-26,prime facility care,False
TXN000047,ERP_EXPORT,SUP0014,Skyroute Travel,Travel,Operations,33560.31,INR,CTR0005,ON_CONTRACT,REQ00286,2025-05-06,skyroute travel,False
TXN000048,ERP_EXPORT,SUP0014,Skyroute Travel,Travel,Finance,50645.58,INR,CTR0005,ON_CONTRACT,,2025-05-30,skyroute travel,False
TXN000050,ERP_EXPORT,SUP0017,GreenEdge Services,Facilities Maintenance,Facilities,21091.27,INR,,OFF_CONTRACT,REQ00591,2025-07-07,greenedge services,False
TXN000051,ERP_EXPORT,SUP0014,Skyroute Travel,Travel,Operations,87505.94,INR,CTR0005,ON_CONTRACT,REQ00072,2026-03-07,skyroute travel,False
TXN000053,ERP_EXPORT,SUP0019,Lumen Creative,Marketing Services,Operations,151529.85,INR,CTR0007,ON_CONTRACT,REQ00389,2026-03-13,lumen creative,False
TXN000054,ERP_EXPORT,SUP0008,Orion Office Supplies,Office Supplies,It,22581.03,INR,CTR0003,ON_CONTRACT,REQ00216,2025-11-07,orion office supplies,False
TXN000055,ERP_EXPORT,SUP0016,Prime Facility Care,Facilities Maintenance,Operations,45874.0,INR,CTR0006,ON_CONTRACT,REQ00813,2025-06-26,prime facility care,False
TXN000058,ERP_EXPORT,SUP0011,Sterling Advisory,Professional Services,R&D,81156.4,INR,CTR0004,ON_CONTRACT,REQ00672,2026-03-19,sterling advisory,False
TXN000060,ERP_EXPORT,SUP0028,ORION OFFICE SUPPLIES,Office Supplies,Operations,9482.6,INR,,OFF_CONTRACT,,2025-06-02,orion office supplies,False
TXN000061,ERP_EXPORT,SUP0022,Transcore Logistics,Logistics & Freight,Finance,44260.22,INR,CTR0008,ON_CONTRACT,,2025-11-13,transcore logistics,False
TXN000062,ERP_EXPORT,SUP0021,Pulse Marketing Co,Marketing Services,Marketing,57988.86,INR,,OFF_CONTRACT,,2025-11-30,pulse marketing,False
TXN000063,ERP_EXPORT,SUP0022,Transcore Logistics,Logistics & Freight,Human Resources,80785.21,INR,CTR0008,ON_CONTRACT,,2025-12-23,transcore logistics,False
TXN000064,ERP_EXPORT,SUP0022,Transcore Logistics,Logistics & Freight,Facilities,41610.53,INR,CTR0008,ON_CONTRACT,,2025-07-30,transcore logistics,False
TXN000066,ERP_EXPORT,SUP0008,Orion Office Supplies,Office Supplies,R&D,14482.01,INR,CTR0003,ON_CONTRACT,REQ00478,2025-10-30,orion office supplies,False
TXN000067,ERP_EXPORT,SUP0001,Nexa Technologies Pvt Ltd,It Hardware,It,46843.25,INR,CTR0001,ON_CONTRACT,,2026-01-20,nexa technologies,False
TXN000069,ERP_EXPORT,SUP0011,Sterling Advisory,Professional Services,Logistics,55655.64,INR,CTR0004,ON_CONTRACT,REQ00345,2026-03-09,sterling advisory,False
TXN000071,ERP_EXPORT,SUP0001,Nexa Technologies Pvt Ltd,It Hardware,Logistics,144697.94,INR,CTR0001,ON_CONTRACT,REQ00267,2025-10-12,nexa technologies,False
TXN000072,ERP_EXPORT,SUP0016,Prime Facility Care,Facilities Maintenance,R&D,21922.94,INR,CTR0006,ON_CONTRACT,REQ00852,2025-11-02,prime facility care,False
TXN000073,ERP_EXPORT,SUP0015,Voyager Corporate Travel,Travel,It,8452.81,INR,,OFF_CONTRACT,,2025-09-27,voyager corporate travel,False
TXN000075,ERP_EXPORT,SUP0013,Adept Partners,Professional Services,Marketing,188440.04,INR,,OFF_CONTRACT,REQ00118,2026-01-14,adept partners,False
TXN000076,ERP_EXPORT,SUP0011,Sterling Advisory,Professional Services,Finance,193091.51,INR,CTR0004,ON_CONTRACT,REQ00622,2025-05-29,sterling advisory,False
TXN000077,ERP_EXPORT,SUP0008,Orion Office Supplies,Office Supplies,Human Resources,19739.22,INR,CTR0003,ON_CONTRACT,,2025-10-10,orion office supplies,False
TXN000078,ERP_EXPORT,SUP0019,Lumen Creative,Marketing Services,Operations,30366.25,INR,CTR0007,ON_CONTRACT,REQ00792,2025-09-02,lumen creative,False
TXN000080,ERP_EXPORT,SUP0005,Cloudspan Software,It Software & Licences,R&D,840961.85,INR,CTR0002,ON_CONTRACT,,2025-05-25,cloudspan software,False
TXN000083,ERP_EXPORT,SUP0014,Skyroute Travel,Travel,Facilities,35133.64,INR,CTR0005,ON_CONTRACT,REQ00462,2025-08-03,skyroute travel,False
TXN000085,ERP_EXPORT,SUP0016,Prime Facility Care,Facilities Maintenance,Human Resources,28658.94,INR,CTR0006,ON_CONTRACT,,2025-12-21,prime facility care,False
TXN000087,ERP_EXPORT,SUP0022,Transcore Logistics,Logistics & Freight,R&D,72557.31,INR,CTR0008,ON_CONTRACT,,2025-09-04,transcore logistics,False
TXN000088,ERP_EXPORT,SUP0016,Prime Facility Care,Facilities Maintenance,R&D,48253.45,INR,CTR0006,ON_CONTRACT,,2026-01-07,prime facility care,False
TXN000089,ERP_EXPORT,SUP0016,Prime Facility Care,Facilities Maintenance,Human Resources,63232.76,INR,CTR0006,ON_CONTRACT,REQ00124,2025-07-08,prime facility care,False
TXN000090,ERP_EXPORT,SUP0016,Prime Facility Care,Facilities Maintenance,Marketing,38332.9,INR,CTR0006,ON_CONTRACT,REQ00757,2025-12-04,prime facility care,False
TXN000092,ERP_EXPORT,SUP0014,Skyroute Travel,Travel,Human Resources,66486.07,INR,CTR0005,ON_CONTRACT,REQ00056,2026-01-09,skyroute travel,False
TXN000093,ERP_EXPORT,SUP0014,Skyroute Travel,Travel,Logistics,70384.37,INR,CTR0005,ON_CONTRACT,REQ00013,2026-01-19,skyroute travel,False
TXN000094,ERP_EXPORT,SUP0014,Skyroute Travel,Travel,Marketing,54024.73,INR,CTR0005,ON_CONTRACT,,2025-08-08,skyroute travel,False
TXN000095,ERP_EXPORT,SUP0022,Transcore Logistics,Logistics & Freight,Logistics,75990.28,INR,CTR0008,ON_CONTRACT,REQ00645,2026-03-18,transcore logistics,False
TXN000102,ERP_EXPORT,SUP0009,Paperline Traders,Office Supplies,Marketing,16637.44,INR,,OFF_CONTRACT,,2026-01-30,paperline traders,False
TXN000103,ERP_EXPORT,SUP0014,Skyroute Travel,Travel,Human Resources,33777.19,INR,CTR0005,ON_CONTRACT,,2025-08-18,skyroute travel,False
TXN000104,ERP_EXPORT,SUP0022,Transcore Logistics,Logistics & Freight,R&D,54211.37,INR,CTR0008,ON_CONTRACT,,2026-02-04,transcore logistics,False
TXN000105,ERP_EXPORT,SUP0014,Skyroute Travel,Travel,It,82420.45,INR,CTR0005,ON_CONTRACT,,2026-03-11,skyroute travel,False
TXN000107,ERP_EXPORT,SUP0014,Skyroute Travel,Travel,Logistics,41651.4,INR,CTR0005,ON_CONTRACT,,2025-11-27,skyroute travel,False
TXN000108,ERP_EXPORT,SUP0016,Prime Facility Care,Facilities Maintenance,Facilities,55333.07,INR,CTR0006,ON_CONTRACT,,2025-09-16,prime facility care,False
TXN000109,ERP_EXPORT,SUP0019,Lumen Creative,Marketing Services,R&D,52031.74,INR,CTR0007,ON_CONTRACT,,2026-01-07,lumen creative,False
TXN000110,ERP_EXPORT,SUP0001,Nexa Technologies Pvt Ltd,It Hardware,Finance,36931.89,INR,CTR0001,ON_CONTRACT,REQ00792,2025-10-24,nexa technologies,False
TXN000111,ERP_EXPORT,SUP0001,Nexa Technologies Pvt Ltd,It Hardware,R&D,69911.48,INR,CTR0001,ON_CONTRACT,REQ00531,2025-10-03,nexa technologies,False
TXN000113,ERP_EXPORT,SUP0023,FleetBridge Cargo,Logistics & Freight,Operations,89164.91,INR,,OFF_CONTRACT,,2025-09-07,fleetbridge cargo,False
TXN000114,ERP_EXPORT,SUP0001,Nexa Technologies Pvt Ltd,It Hardware,Facilities,150258.66,INR,CTR0001,ON_CONTRACT,REQ00121,2026-02-26,nexa technologies,False
TXN000116,ERP_EXPORT,SUP0019,Lumen Creative,Marketing Services,Marketing,142004.48,INR,CTR0007,ON_CONTRACT,,2025-08-20,lumen creative,False
TXN000119,ERP_EXPORT,SUP0019,Lumen Creative,Marketing Services,Operations,144958.26,INR,CTR0007,ON_CONTRACT,,2025-08-01,lumen creative,False
TXN000122,ERP_EXPORT,SUP0017,GreenEdge Services,Facilities Maintenance,Logistics,63765.48,INR,,OFF_CONTRACT,REQ00148,2025-10-27,greenedge services,False
TXN000127,ERP_EXPORT,SUP0017,GreenEdge Services,Facilities Maintenance,R&D,59080.89,INR,,OFF_CONTRACT,REQ00544,2025-10-28,greenedge services,False
TXN000128,ERP_EXPORT,SUP0008,Orion Office Supplies,Office Supplies,R&D,21796.8,INR,CTR0003,ON_CONTRACT,,2025-08-02,orion office supplies,False
TXN000129,ERP_EXPORT,SUP0022,Transcore Logistics,Logistics & Freight,Human Resources,12577.03,INR,CTR0008,ON_CONTRACT,REQ00683,2025-04-05,transcore logistics,False
TXN000130,ERP_EXPORT,SUP0022,Transcore Logistics,Logistics & Freight,Finance,54392.03,INR,CTR0008,ON_CONTRACT,,2025-09-01,transcore logistics,False
TXN000131,ERP_EXPORT,SUP0019,Lumen Creative,Marketing Services,Human Resources,78437.54,INR,CTR0007,ON_CONTRACT,REQ00394,2025-12-04,lumen creative,False
TXN000132,ERP_EXPORT,SUP0005,Cloudspan Software,It Software & Licences,Human Resources,38321.32,INR,CTR0002,ON_CONTRACT,,2025-08-30,cloudspan software,False
TXN000133,ERP_EXPORT,SUP0025,NEXA TECHNOLOGIES PVT. LTD.,It Hardware,It,43579.13,INR,,NO_CONTRACT,,2026-03-18,nexa technologies,False
TXN000134,ERP_EXPORT,SUP0025,NEXA TECHNOLOGIES PVT. LTD.,It Hardware,Human Resources,77330.35,INR,,NO_CONTRACT,,2025-07-27,nexa technologies,False
TXN000135,ERP_EXPORT,SUP0016,Prime Facility Care,Facilities Maintenance,Human Resources,66574.58,INR,CTR0006,ON_CONTRACT,,2026-03-04,prime facility care,False
TXN000138,ERP_EXPORT,SUP0011,Sterling Advisory,Professional Services,Finance,187633.98,INR,CTR0004,ON_CONTRACT,REQ00280,2025-06-24,sterling advisory,False
TXN000140,ERP_EXPORT,SUP0005,Cloudspan Software,It Software & Licences,Operations,117037.12,INR,CTR0002,ON_CONTRACT,,2026-03-12,cloudspan software,False
TXN000141,ERP_EXPORT,SUP0021,Pulse Marketing Co,Marketing Services,R&D,154742.62,INR,,OFF_CONTRACT,REQ00550,2025-06-03,pulse marketing,False
TXN000144,ERP_EXPORT,SUP0005,Cloudspan Software,It Software & Licences,Human Resources,46592.22,INR,CTR0002,ON_CONTRACT,,2025-05-30,cloudspan software,False
TXN000145,ERP_EXPORT,SUP0008,Orion Office Supplies,Office Supplies,Logistics,8551.33,INR,CTR0003,ON_CONTRACT,REQ00241,2026-01-01,orion office supplies,False
TXN000146,ERP_EXPORT,SUP0008,Orion Office Supplies,Office Supplies,R&D,2848.4,INR,CTR0003,ON_CONTRACT,,2025-06-19,orion office supplies,False
TXN000148,ERP_EXPORT,SUP0001,Nexa Technologies Pvt Ltd,It Hardware,Logistics,102915.25,INR,CTR0001,ON_CONTRACT,,2025-10-03,nexa technologies,False
TXN000149,ERP_EXPORT,SUP0006,Vertex Licensing,It Software & Licences,Finance,20405.27,INR,,NO_CONTRACT,REQ00283,2025-07-07,vertex licensing,False
TXN000150,ERP_EXPORT,SUP0006,Vertex Licensing,It Software & Licences,Operations,44257.88,INR,,NO_CONTRACT,,2026-01-31,vertex licensing,False
TXN000151,ERP_EXPORT,SUP0001,Nexa Technologies Pvt Ltd,It Hardware,Marketing,165781.21,INR,CTR0001,ON_CONTRACT,,2025-07-15,nexa technologies,False
TXN000152,ERP_EXPORT,SUP0007,Meridian Softworks,It Software & Licences,Operations,40154.0,INR,,NO_CONTRACT,,2025-07-29,meridian softworks,False
TXN000153,ERP_EXPORT,SUP0018,Urban Upkeep,Facilities Maintenance,Marketing,18693.69,INR,,OFF_CONTRACT,,2026-01-02,urban upkeep,False
TXN000155,ERP_EXPORT,SUP0028,ORION OFFICE SUPPLIES,Office Supplies,Facilities,24669.96,INR,,OFF_CONTRACT,REQ00797,2025-10-03,orion office supplies,False
TXN000156,ERP_EXPORT,SUP0005,Cloudspan Software,It Software & Licences,It,40415.8,INR,CTR0002,ON_CONTRACT,,2026-03-04,cloudspan software,False
TXN000158,ERP_EXPORT,SUP0019,Lumen Creative,Marketing Services,Logistics,126626.75,INR,CTR0007,ON_CONTRACT,REQ00083,2025-09-12,lumen creative,False
TXN000159,ERP_EXPORT,SUP0008,Orion Office Supplies,Office Supplies,Finance,7465.66,INR,CTR0003,ON_CONTRACT,REQ00612,2025-12-28,orion office supplies,False
TXN000161,ERP_EXPORT,SUP0017,GreenEdge Services,Facilities Maintenance,Facilities,32066.99,INR,,OFF_CONTRACT,REQ00321,2026-03-07,greenedge services,False
TXN000162,ERP_EXPORT,SUP0014,Skyroute Travel,Travel,Logistics,59849.08,INR,CTR0005,ON_CONTRACT,REQ00852,2025-05-14,skyroute travel,False
TXN000165,ERP_EXPORT,SUP0014,Skyroute Travel,Travel,Operations,15403.76,INR,CTR0005,ON_CONTRACT,REQ00494,2025-07-24,skyroute travel,False
TXN000166,ERP_EXPORT,SUP0005,Cloudspan Software,It Software & Licences,Facilities,102706.76,INR,CTR0002,ON_CONTRACT,,2026-01-19,cloudspan software,False
TXN000168,ERP_EXPORT,SUP0014,Skyroute Travel,Travel,Human Resources,23294.52,INR,CTR0005,ON_CONTRACT,,2025-09-27,skyroute travel,False
TXN000169,ERP_EXPORT,SUP0001,Nexa Technologies Pvt Ltd,It Hardware,R&D,323897.11,INR,CTR0001,ON_CONTRACT,REQ00759,2026-02-19,nexa technologies,False
TXN000170,ERP_EXPORT,SUP0001,Nexa Technologies Pvt Ltd,It Hardware,R&D,116588.41,INR,CTR0001,ON_CONTRACT,REQ00350,2025-06-20,nexa technologies,False
TXN000171,ERP_EXPORT,SUP0016,Prime Facility Care,Facilities Maintenance,Facilities,50653.86,INR,CTR0006,ON_CONTRACT,,2025-06-19,prime facility care,False
TXN000173,ERP_EXPORT,SUP0014,Skyroute Travel,Travel,Finance,49991.63,INR,CTR0005,ON_CONTRACT,REQ00291,2026-03-14,skyroute travel,False
TXN000174,ERP_EXPORT,SUP0022,Transcore Logistics,Logistics & Freight,Operations,30799.15,INR,CTR0008,ON_CONTRACT,REQ00614,2025-04-29,transcore logistics,False
TXN000176,ERP_EXPORT,SUP0016,Prime Facility Care,Facilities Maintenance,R&D,20461.99,INR,CTR0006,ON_CONTRACT,REQ00390,2025-12-29,prime facility care,False
TXN000179,ERP_EXPORT,SUP0019,Lumen Creative,Marketing Services,Facilities,151142.2,INR,CTR0007,ON_CONTRACT,REQ00333,2025-06-27,lumen creative,False
TXN000180,ERP_EXPORT,SUP0023,FleetBridge Cargo,Logistics & Freight,Facilities,23414.24,INR,,OFF_CONTRACT,REQ00604,2025-10-23,fleetbridge cargo,False
TXN000181,ERP_EXPORT,SUP0005,Cloudspan Software,It Software & Licences,Finance,50811.97,INR,CTR0002,ON_CONTRACT,REQ00798,2025-06-26,cloudspan software,False
TXN000182,ERP_EXPORT,SUP0005,Cloudspan Software,It Software & Licences,Operations,26914.72,INR,CTR0002,ON_CONTRACT,,2025-09-26,cloudspan software,False
TXN000185,ERP_EXPORT,SUP0022,Transcore Logistics,Logistics & Freight,Logistics,33409.16,INR,CTR0008,ON_CONTRACT,,2026-01-15,transcore logistics,False
TXN000186,ERP_EXPORT,SUP0018,Urban Upkeep,Facilities Maintenance,Logistics,49599.04,INR,,OFF_CONTRACT,REQ00453,2026-02-18,urban upkeep,False
TXN000187,ERP_EXPORT,SUP0014,Skyroute Travel,Travel,Facilities,75012.22,INR,CTR0005,ON_CONTRACT,REQ00463,2025-04-20,skyroute travel,False
TXN000188,ERP_EXPORT,SUP0001,Nexa Technologies Pvt Ltd,It Hardware,Facilities,111056.13,INR,CTR0001,ON_CONTRACT,,2025-12-16,nexa technologies,False
TXN000189,ERP_EXPORT,SUP0019,Lumen Creative,Marketing Services,It,94151.08,INR,CTR0007,ON_CONTRACT,REQ00830,2026-01-18,lumen creative,False
TXN000190,ERP_EXPORT,SUP0011,Sterling Advisory,Professional Services,Marketing,90788.98,INR,CTR0004,ON_CONTRACT,,2025-11-17,sterling advisory,False
TXN000193,ERP_EXPORT,SUP0021,Pulse Marketing Co,Marketing Services,Finance,146058.53,INR,,OFF_CONTRACT,REQ00097,2026-01-11,pulse marketing,False
TXN000197,ERP_EXPORT,SUP0014,Skyroute Travel,Travel,Logistics,67528.37,INR,CTR0005,ON_CONTRACT,REQ00141,2025-06-19,skyroute travel,False
TXN000199,ERP_EXPORT,SUP0008,Orion Office Supplies,Office Supplies,Marketing,22402.99,INR,CTR0003,ON_CONTRACT,,2026-02-14,orion office supplies,False
TXN000200,ERP_EXPORT,SUP0008,Orion Office Supplies,Office Supplies,Operations,19937.14,INR,CTR0003,ON_CONTRACT,,2026-02-07,orion office supplies,False
TXN000201,ERP_EXPORT,SUP0015,Voyager Corporate Travel,Travel,Operations,60646.59,INR,,OFF_CONTRACT,REQ00829,2025-11-27,voyager corporate travel,False
TXN000206,ERP_EXPORT,SUP0019,Lumen Creative,Marketing Services,Operations,21287.59,INR,CTR0007,ON_CONTRACT,REQ00084,2025-10-09,lumen creative,False
TXN000210,ERP_EXPORT,SUP0019,Lumen Creative,Marketing Services,Human Resources,42513.13,INR,CTR0007,ON_CONTRACT,REQ00245,2025-11-01,lumen creative,False
TXN000212,ERP_EXPORT,SUP0011,Sterling Advisory,Professional Services,It,185297.99,INR,CTR0004,ON_CONTRACT,,2025-08-02,sterling advisory,False
TXN000218,ERP_EXPORT,SUP0001,Nexa Technologies Pvt Ltd,It Hardware,R&D,140706.17,INR,CTR0001,ON_CONTRACT,,2026-01-04,nexa technologies,False
TXN000221,ERP_EXPORT,SUP0019,Lumen Creative,Marketing Services,Logistics,112065.8,INR,CTR0007,ON_CONTRACT,REQ00817,2025-12-22,lumen creative,False
TXN000222,ERP_EXPORT,SUP0015,Voyager Corporate Travel,Travel,Marketing,54601.31,INR,,OFF_CONTRACT,REQ00329,2025-05-23,voyager corporate travel,False
TXN000223,ERP_EXPORT,SUP0005,Cloudspan Software,It Software & Licences,Logistics,24835.85,INR,CTR0002,ON_CONTRACT,,2025-11-05,cloudspan software,False
TXN000224,ERP_EXPORT,SUP0008,Orion Office Supplies,Office Supplies,It,10457.46,INR,CTR0003,ON_CONTRACT,,2025-09-28,orion office supplies,False
TXN000228,ERP_EXPORT,SUP0023,FleetBridge Cargo,Logistics & Freight,Facilities,44627.11,INR,,OFF_CONTRACT,,2025-12-28,fleetbridge cargo,False
TXN000230,ERP_EXPORT,SUP0015,Voyager Corporate Travel,Travel,Human Resources,59753.37,INR,,OFF_CONTRACT,,2025-12-08,voyager corporate travel,False
TXN000233,ERP_EXPORT,SUP0028,ORION OFFICE SUPPLIES,Office Supplies,Operations,15268.79,INR,,OFF_CONTRACT,,2025-07-31,orion office supplies,False
TXN000234,ERP_EXPORT,SUP0022,Transcore Logistics,Logistics & Freight,Finance,52878.97,INR,CTR0008,ON_CONTRACT,REQ00565,2025-06-06,transcore logistics,False
TXN000235,ERP_EXPORT,SUP0005,Cloudspan Software,It Software & Licences,Logistics,35500.51,INR,CTR0002,ON_CONTRACT,REQ00788,2025-10-27,cloudspan software,False
TXN000236,ERP_EXPORT,SUP0005,Cloudspan Software,It Software & Licences,Facilities,90857.47,INR,CTR0002,ON_CONTRACT,REQ00697,2025-12-21,cloudspan software,False
TXN000240,ERP_EXPORT,SUP0011,Sterling Advisory,Professional Services,Marketing,77193.24,INR,CTR0004,ON_CONTRACT,,2026-02-09,sterling advisory,False
TXN000241,ERP_EXPORT,SUP0005,Cloudspan Software,It Software & Licences,Marketing,113748.15,INR,CTR0002,ON_CONTRACT,REQ00640,2026-02-04,cloudspan software,False
TXN000242,ERP_EXPORT,SUP0018,Urban Upkeep,Facilities Maintenance,It,67235.71,INR,,OFF_CONTRACT,REQ00657,2026-01-21,urban upkeep,False
TXN000245,ERP_EXPORT,SUP0001,Nexa Technologies Pvt Ltd,It Hardware,Logistics,27395.78,INR,CTR0001,ON_CONTRACT,REQ00622,2025-06-13,nexa technologies,False
TXN000247,ERP_EXPORT,SUP0005,Cloudspan Software,It Software & Licences,Human Resources,59959.34,INR,CTR0002,ON_CONTRACT,REQ00145,2025-05-20,cloudspan software,False
TXN000248,ERP_EXPORT,SUP0001,Nexa Technologies Pvt Ltd,It Hardware,R&D,174831.5,INR,CTR0001,ON_CONTRACT,REQ00887,2025-06-21,nexa technologies,False
TXN000249,ERP_EXPORT,SUP0018,Urban Upkeep,Facilities Maintenance,Marketing,67817.2,INR,,OFF_CONTRACT,REQ00528,2025-11-26,urban upkeep,False
TXN000250,ERP_EXPORT,SUP0023,FleetBridge Cargo,Logistics & Freight,R&D,82799.78,INR,,OFF_CONTRACT,REQ00247,2025-07-20,fleetbridge cargo,False
TXN000251,ERP_EXPORT,SUP0016,Prime Facility Care,Facilities Maintenance,Logistics,27666.93,INR,CTR0006,ON_CONTRACT,REQ00009,2025-05-26,prime facility care,False
TXN000252,ERP_EXPORT,SUP0019,Lumen Creative,Marketing Services,Finance,73913.68,INR,CTR0007,ON_CONTRACT,,2025-10-05,lumen creative,False
TXN000253,ERP_EXPORT,SUP0001,Nexa Technologies Pvt Ltd,It Hardware,Operations,156926.18,INR,CTR0001,ON_CONTRACT,REQ00296,2025-05-08,nexa technologies,False
TXN000255,ERP_EXPORT,SUP0005,Cloudspan Software,It Software & Licences,Finance,32796.74,INR,CTR0002,ON_CONTRACT,,2025-09-21,cloudspan software,False
TXN000259,ERP_EXPORT,SUP0023,FleetBridge Cargo,Logistics & Freight,Facilities,59315.08,INR,,OFF_CONTRACT,,2026-01-24,fleetbridge cargo,False
TXN000260,ERP_EXPORT,SUP0014,Skyroute Travel,Travel,Human Resources,15968.47,INR,CTR0005,ON_CONTRACT,,2026-01-22,skyroute travel,False
TXN000261,ERP_EXPORT,SUP0013,Adept Partners,Professional Services,R&D,169151.52,INR,,OFF_CONTRACT,REQ00698,2025-08-03,adept partners,False
TXN000264,ERP_EXPORT,SUP0023,FleetBridge Cargo,Logistics & Freight,Human Resources,55021.36,INR,,OFF_CONTRACT,,2025-07-08,fleetbridge cargo,False
TXN000265,ERP_EXPORT,SUP0011,Sterling Advisory,Professional Services,Human Resources,224248.35,INR,CTR0004,ON_CONTRACT,,2026-03-27,sterling advisory,False
TXN000266,ERP_EXPORT,SUP0011,Sterling Advisory,Professional Services,Logistics,195561.41,INR,CTR0004,ON_CONTRACT,REQ00815,2025-08-19,sterling advisory,False
TXN000269,ERP_EXPORT,SUP0014,Skyroute Travel,Travel,Human Resources,37478.27,INR,CTR0005,ON_CONTRACT,,2026-03-23,skyroute travel,False
TXN000273,ERP_EXPORT,SUP0016,Prime Facility Care,Facilities Maintenance,Facilities,62024.34,INR,CTR0006,ON_CONTRACT,,2025-07-28,prime facility care,False
TXN000274,ERP_EXPORT,SUP0002,Zenith Computing,It Hardware,Marketing,166552.29,INR,,NO_CONTRACT,,2025-04-19,zenith computing,False
TXN000276,ERP_EXPORT,SUP0014,Skyroute Travel,Travel,Finance,49124.34,INR,CTR0005,ON_CONTRACT,REQ00657,2026-01-04,skyroute travel,True
TXN000278,ERP_EXPORT,SUP0016,Prime Facility Care,Facilities Maintenance,Human Resources,48997.84,INR,CTR0006,ON_CONTRACT,,2025-04-08,prime facility care,False
TXN000281,ERP_EXPORT,SUP0023,FleetBridge Cargo,Logistics & Freight,It,85870.44,INR,,OFF_CONTRACT,REQ00369,2026-03-21,fleetbridge cargo,False
TXN000282,ERP_EXPORT,SUP0011,Sterling Advisory,Professional Services,Human Resources,110978.98,INR,CTR0004,ON_CONTRACT,REQ00703,2025-12-14,sterling advisory,False
TXN000286,ERP_EXPORT,SUP0016,Prime Facility Care,Facilities Maintenance,It,12156.54,INR,CTR0006,ON_CONTRACT,,2025-12-15,prime facility care,False
TXN000287,ERP_EXPORT,SUP0011,Sterling Advisory,Professional Services,Finance,137775.58,INR,CTR0004,ON_CONTRACT,,2025-11-13,sterling advisory,False
TXN000289,ERP_EXPORT,SUP0008,Orion Office Supplies,Office Supplies,It,8590.45,INR,CTR0003,ON_CONTRACT,,2026-03-11,orion office supplies,False
TXN000290,ERP_EXPORT,SUP0015,Voyager Corporate Travel,Travel,It,56448.33,INR,,OFF_CONTRACT,,2026-01-22,voyager corporate travel,False
TXN000291,ERP_EXPORT,SUP0005,Cloudspan Software,It Software & Licences,Facilities,18202.53,INR,CTR0002,ON_CONTRACT,REQ00062,2025-05-06,cloudspan software,False
TXN000292,ERP_EXPORT,SUP0022,Transcore Logistics,Logistics & Freight,Marketing,15099.9,INR,CTR0008,ON_CONTRACT,,2026-02-25,transcore logistics,False
TXN000295,ERP_EXPORT,SUP0005,Cloudspan Software,It Software & Licences,Marketing,28341.35,INR,CTR0002,ON_CONTRACT,,2025-07-24,cloudspan software,False
TXN000296,ERP_EXPORT,SUP0003,BluePeak Systems,It Hardware,R&D,105947.71,INR,,NO_CONTRACT,REQ00844,2025-07-27,bluepeak systems,False
TXN000297,ERP_EXPORT,SUP0011,Sterling Advisory,Professional Services,Operations,201698.65,INR,CTR0004,ON_CONTRACT,,2025-05-28,sterling advisory,False
TXN000302,ERP_EXPORT,SUP0011,Sterling Advisory,Professional Services,Marketing,151584.47,INR,CTR0004,ON_CONTRACT,,2025-11-05,sterling advisory,False
TXN000303,ERP_EXPORT,SUP0022,Transcore Logistics,Logistics & Freight,R&D,56872.72,INR,CTR0008,ON_CONTRACT,,2025-09-11,transcore logistics,False
TXN000304,ERP_EXPORT,SUP0019,Lumen Creative,Marketing Services,Marketing,109240.19,INR,CTR0007,ON_CONTRACT,,2025-11-29,lumen creative,False
TXN000306,ERP_EXPORT,SUP0021,Pulse Marketing Co,Marketing Services,R&D,156619.29,INR,,OFF_CONTRACT,REQ00209,2025-09-17,pulse marketing,False
TXN000307,ERP_EXPORT,SUP0006,Vertex Licensing,It Software & Licences,Operations,69211.54,INR,,NO_CONTRACT,REQ00387,2026-03-11,vertex licensing,False
TXN000309,ERP_EXPORT,SUP0014,Skyroute Travel,Travel,Operations,73205.27,INR,CTR0005,ON_CONTRACT,,2025-05-31,skyroute travel,False
TXN000310,ERP_EXPORT,SUP0022,Transcore Logistics,Logistics & Freight,Operations,34479.08,INR,CTR0008,ON_CONTRACT,,2025-08-23,transcore logistics,False
TXN000312,ERP_EXPORT,SUP0017,GreenEdge Services,Facilities Maintenance,It,14707.38,INR,,OFF_CONTRACT,,2025-07-23,greenedge services,False
TXN000313,ERP_EXPORT,SUP0008,Orion Office Supplies,Office Supplies,R&D,2583.07,INR,CTR0003,ON_CONTRACT,REQ00201,2025-09-16,orion office supplies,False
TXN000316,ERP_EXPORT,SUP0008,Orion Office Supplies,Office Supplies,Marketing,18007.41,INR,CTR0003,ON_CONTRACT,,2026-01-03,orion office supplies,False
TXN000318,ERP_EXPORT,SUP0004,Arcadia IT Traders,It Hardware,Operations,51860.62,INR,,NO_CONTRACT,REQ00155,2025-04-05,arcadia it traders,False
TXN000319,ERP_EXPORT,SUP0011,Sterling Advisory,Professional Services,Logistics,72851.78,INR,CTR0004,ON_CONTRACT,,2025-04-09,sterling advisory,False
TXN000320,ERP_EXPORT,SUP0001,Nexa Technologies Pvt Ltd,It Hardware,It,63787.65,INR,CTR0001,ON_CONTRACT,REQ00282,2025-12-31,nexa technologies,False
TXN000322,ERP_EXPORT,SUP0007,Meridian Softworks,It Software & Licences,Operations,90032.57,INR,,NO_CONTRACT,,2025-08-08,meridian softworks,False
TXN000323,ERP_EXPORT,SUP0016,Prime Facility Care,Facilities Maintenance,Finance,49611.84,INR,CTR0006,ON_CONTRACT,,2025-11-22,prime facility care,False
TXN000324,ERP_EXPORT,SUP0011,Sterling Advisory,Professional Services,Facilities,98786.12,INR,CTR0004,ON_CONTRACT,,2026-02-27,sterling advisory,False
TXN000325,ERP_EXPORT,SUP0001,Nexa Technologies Pvt Ltd,It Hardware,Logistics,173004.12,INR,CTR0001,ON_CONTRACT,REQ00010,2026-03-26,nexa technologies,False
TXN000328,ERP_EXPORT,SUP0014,Skyroute Travel,Travel,Finance,58161.1,INR,CTR0005,ON_CONTRACT,REQ00213,2026-01-26,skyroute travel,False
TXN000330,ERP_EXPORT,SUP0019,Lumen Creative,Marketing Services,R&D,54682.34,INR,CTR0007,ON_CONTRACT,,2025-06-11,lumen creative,False
TXN000333,ERP_EXPORT,SUP0022,Transcore Logistics,Logistics & Freight,R&D,13194.66,INR,CTR0008,ON_CONTRACT,REQ00697,2026-01-25,transcore logistics,False
TXN000335,ERP_EXPORT,SUP0010,Kanban Stationers,Office Supplies,Facilities,3058.06,INR,,OFF_CONTRACT,REQ00316,2025-11-14,kanban stationers,False
TXN000336,ERP_EXPORT,SUP0016,Prime Facility Care,Facilities Maintenance,Marketing,12443.73,INR,CTR0006,ON_CONTRACT,REQ00571,2026-01-10,prime facility care,False
TXN000337,ERP_EXPORT,SUP0019,Lumen Creative,Marketing Services,Facilities,139764.48,INR,CTR0007,ON_CONTRACT,,2025-09-14,lumen creative,False
TXN000338,ERP_EXPORT,SUP0019,Lumen Creative,Marketing Services,Facilities,118512.1,INR,CTR0007,ON_CONTRACT,,2026-01-12,lumen creative,False
TXN000339,ERP_EXPORT,SUP0011,Sterling Advisory,Professional Services,R&D,139576.5,INR,CTR0004,ON_CONTRACT,REQ00276,2025-09-02,sterling advisory,False
TXN000340,ERP_EXPORT,SUP0014,Skyroute Travel,Travel,R&D,16022.4,INR,CTR0005,ON_CONTRACT,REQ00307,2025-12-04,skyroute travel,False
TXN000342,ERP_EXPORT,SUP0022,Transcore Logistics,Logistics & Freight,R&D,51298.16,INR,CTR0008,ON_CONTRACT,REQ00636,2025-10-12,transcore logistics,False
TXN000343,ERP_EXPORT,SUP0016,PRIME FACILITY CARE,Facilities Maintenance,Marketing,20392.11,INR,CTR0006,ON_CONTRACT,REQ00618,2026-03-22,prime facility care,False
TXN000344,ERP_EXPORT,SUP0011,Sterling Advisory,Professional Services,R&D,131108.85,INR,CTR0004,ON_CONTRACT,,2025-08-28,sterling advisory,False
TXN000345,ERP_EXPORT,SUP0022,Transcore Logistics,Logistics & Freight,Human Resources,45075.89,INR,CTR0008,ON_CONTRACT,,2025-10-19,transcore logistics,False
TXN000346,ERP_EXPORT,SUP0016,Prime Facility Care,Facilities Maintenance,Marketing,46951.01,INR,CTR0006,ON_CONTRACT,,2026-01-07,prime facility care,False
TXN000351,ERP_EXPORT,SUP0005,Cloudspan Software,It Software & Licences,Finance,67829.31,INR,CTR0002,ON_CONTRACT,REQ00628,2025-04-23,cloudspan software,False
TXN000353,ERP_EXPORT,SUP0011,Sterling Advisory,Professional Services,Operations,178325.66,INR,CTR0004,ON_CONTRACT,REQ00401,2025-11-24,sterling advisory,False
TXN000354,ERP_EXPORT,SUP0008,Orion Office Supplies,Office Supplies,Facilities,5747.49,INR,CTR0003,ON_CONTRACT,REQ00088,2025-05-30,orion office supplies,False
TXN000355,ERP_EXPORT,SUP0008,Orion Office Supplies,Office Supplies,Operations,3623.08,INR,CTR0003,ON_CONTRACT,REQ00357,2025-11-30,orion office supplies,False
TXN000357,ERP_EXPORT,SUP0005,Cloudspan Software,It Software & Licences,Operations,17783.69,INR,CTR0002,ON_CONTRACT,REQ00566,2025-06-21,cloudspan software,False
TXN000360,ERP_EXPORT,SUP0001,Nexa Technologies Pvt Ltd,It Hardware,Facilities,114198.5,INR,CTR0001,ON_CONTRACT,,2025-12-31,nexa technologies,False
TXN000361,ERP_EXPORT,SUP0008,Orion Office Supplies,Office Supplies,Facilities,10927.91,INR,CTR0003,ON_CONTRACT,REQ00884,2025-12-07,orion office supplies,False
TXN000364,ERP_EXPORT,SUP0019,Lumen Creative,Marketing Services,R&D,96386.35,INR,CTR0007,ON_CONTRACT,REQ00499,2026-02-20,lumen creative,False
TXN000365,ERP_EXPORT,SUP0008,Orion Office Supplies,Office Supplies,Marketing,23653.69,INR,CTR0003,ON_CONTRACT,REQ00863,2025-11-17,orion office supplies,False
TXN000366,ERP_EXPORT,SUP0001,Nexa Technologies Pvt Ltd,It Hardware,Operations,84845.91,INR,CTR0001,ON_CONTRACT,,2026-01-13,nexa technologies,False
TXN000367,ERP_EXPORT,SUP0022,Transcore Logistics,Logistics & Freight,Logistics,91778.82,INR,CTR0008,ON_CONTRACT,REQ00085,2026-01-15,transcore logistics,False
TXN000368,ERP_EXPORT,SUP0002,Zenith Computing,It Hardware,Human Resources,165329.35,INR,,NO_CONTRACT,REQ00296,2025-06-26,zenith computing,False
TXN000370,ERP_EXPORT,SUP0005,Cloudspan Software,It Software & Licences,Finance,22282.94,INR,CTR0002,ON_CONTRACT,REQ00775,2025-04-22,cloudspan software,False
TXN000375,ERP_EXPORT,SUP0016,Prime Facility Care,Facilities Maintenance,Marketing,14271.32,INR,CTR0006,ON_CONTRACT,REQ00721,2025-08-28,prime facility care,False
TXN000378,ERP_EXPORT,SUP0019,Lumen Creative,Marketing Services,Human Resources,23258.07,INR,CTR0007,ON_CONTRACT,,2025-10-10,lumen creative,False
TXN000380,ERP_EXPORT,SUP0016,Prime Facility Care,Facilities Maintenance,It,26911.29,INR,CTR0006,ON_CONTRACT,,2025-05-18,prime facility care,False
TXN000383,ERP_EXPORT,SUP0022,Transcore Logistics,Logistics & Freight,Logistics,64202.26,INR,CTR0008,ON_CONTRACT,REQ00879,2025-06-20,transcore logistics,False
TXN000387,ERP_EXPORT,SUP0011,Sterling Advisory,Professional Services,Facilities,99227.26,INR,CTR0004,ON_CONTRACT,REQ00489,2025-05-10,sterling advisory,False
TXN000388,ERP_EXPORT,SUP0008,Orion Office Supplies,Uncategorised,Logistics,6081.11,INR,CTR0003,ON_CONTRACT,REQ00713,2025-09-23,orion office supplies,False
TXN000391,ERP_EXPORT,SUP0008,Orion Office Supplies,Office Supplies,Marketing,24781.62,INR,CTR0003,ON_CONTRACT,REQ00740,2025-07-19,orion office supplies,False
TXN000393,ERP_EXPORT,SUP0019,Lumen Creative,Marketing Services,Marketing,72082.53,INR,CTR0007,ON_CONTRACT,REQ00661,2025-05-14,lumen creative,False
TXN000396,ERP_EXPORT,SUP0022,Transcore Logistics,Logistics & Freight,It,89252.86,INR,CTR0008,ON_CONTRACT,,2025-09-10,transcore logistics,False
TXN000398,ERP_EXPORT,SUP0022,Transcore Logistics,Logistics & Freight,Facilities,47606.5,INR,CTR0008,ON_CONTRACT,REQ00221,2025-04-21,transcore logistics,False
TXN000399,ERP_EXPORT,SUP0004,Arcadia IT Traders,It Hardware,R&D,141385.02,INR,,NO_CONTRACT,REQ00412,2025-05-13,arcadia it traders,False
TXN000400,ERP_EXPORT,SUP0008,Orion Office Supplies,Office Supplies,Operations,19354.49,INR,CTR0003,ON_CONTRACT,,2025-06-19,orion office supplies,False
TXN000404,ERP_EXPORT,SUP0014,Skyroute Travel,Travel,Human Resources,75769.51,INR,CTR0005,ON_CONTRACT,,2025-05-31,skyroute travel,False
TXN000405,ERP_EXPORT,SUP0001,Nexa Technologies Pvt Ltd,It Hardware,Facilities,74607.69,INR,CTR0001,ON_CONTRACT,REQ00591,2026-02-16,nexa technologies,False
TXN000406,ERP_EXPORT,SUP0005,Cloudspan Software,It Software & Licences,It,109029.94,INR,CTR0002,ON_CONTRACT,REQ00581,2025-06-25,cloudspan software,False
TXN000408,ERP_EXPORT,SUP0001,Nexa Technologies Pvt Ltd,It Hardware,Logistics,26679.84,INR,CTR0001,ON_CONTRACT,REQ00154,2025-07-01,nexa technologies,False
TXN000410,ERP_EXPORT,SUP0016,Prime Facility Care,Facilities Maintenance,Finance,15477.2,INR,CTR0006,ON_CONTRACT,REQ00690,2025-04-27,prime facility care,False
TXN000411,ERP_EXPORT,SUP0008,Orion Office Supplies,Office Supplies,It,9344.21,INR,CTR0003,ON_CONTRACT,,2025-05-06,orion office supplies,False
TXN000412,ERP_EXPORT,SUP0023,FleetBridge Cargo,Logistics & Freight,Logistics,90855.14,INR,,OFF_CONTRACT,REQ00206,2025-08-28,fleetbridge cargo,False
TXN000413,ERP_EXPORT,SUP0014,Skyroute Travel,Travel,Logistics,85949.79,INR,CTR0005,ON_CONTRACT,,2025-07-10,skyroute travel,False
TXN000418,ERP_EXPORT,SUP0022,Transcore Logistics,Logistics & Freight,Marketing,39279.16,INR,CTR0008,ON_CONTRACT,,2025-10-19,transcore logistics,False
TXN000419,ERP_EXPORT,SUP0005,Cloudspan Software,It Software & Licences,Marketing,85614.44,INR,CTR0002,ON_CONTRACT,REQ00268,2025-09-09,cloudspan software,False
TXN000421,ERP_EXPORT,SUP0005,Cloudspan Software,It Software & Licences,Logistics,98115.8,INR,CTR0002,ON_CONTRACT,REQ00124,2025-12-31,cloudspan software,False
TXN000422,ERP_EXPORT,SUP0016,Prime Facility Care,Facilities Maintenance,Logistics,57377.09,INR,CTR0006,ON_CONTRACT,REQ00123,2025-05-17,prime facility care,False
TXN000424,ERP_EXPORT,SUP0008,Orion Office Supplies,Office Supplies,Finance,13371.67,INR,CTR0003,ON_CONTRACT,REQ00051,2026-03-13,orion office supplies,False
TXN000426,ERP_EXPORT,SUP0011,Sterling Advisory,Professional Services,Marketing,155401.07,INR,CTR0004,ON_CONTRACT,REQ00064,2025-07-23,sterling advisory,False
TXN000427,ERP_EXPORT,SUP0008,Orion Office Supplies,Office Supplies,Facilities,12155.2,INR,CTR0003,ON_CONTRACT,,2025-08-11,orion office supplies,False
TXN000428,ERP_EXPORT,SUP0005,Cloudspan Software,It Software & Licences,Logistics,108208.94,INR,CTR0002,ON_CONTRACT,,2025-05-18,cloudspan software,False
TXN000430,ERP_EXPORT,SUP0019,Lumen Creative,Marketing Services,R&D,36389.38,INR,CTR0007,ON_CONTRACT,REQ00220,2025-07-05,lumen creative,False
TXN000432,ERP_EXPORT,SUP0011,Sterling Advisory,Professional Services,Logistics,199917.23,INR,CTR0004,ON_CONTRACT,REQ00287,2025-10-14,sterling advisory,False
TXN000434,ERP_EXPORT,SUP0022,Transcore Logistics,Logistics & Freight,Finance,20393.18,INR,CTR0008,ON_CONTRACT,REQ00185,2025-04-14,transcore logistics,False
TXN000435,ERP_EXPORT,SUP0016,Prime Facility Care,Facilities Maintenance,Human Resources,15046.41,INR,CTR0006,ON_CONTRACT,REQ00484,2025-12-28,prime facility care,False
TXN000437,ERP_EXPORT,SUP0002,Zenith Computing,It Hardware,R&D,36278.27,INR,,NO_CONTRACT,REQ00860,2025-06-28,zenith computing,False
TXN000438,ERP_EXPORT,SUP0008,Orion Office Supplies,Office Supplies,Finance,20902.78,INR,CTR0003,ON_CONTRACT,,2025-04-15,orion office supplies,False
TXN000439,ERP_EXPORT,SUP0018,Urban Upkeep,Facilities Maintenance,Operations,52374.53,INR,,OFF_CONTRACT,,2025-12-09,urban upkeep,False
TXN000440,ERP_EXPORT,SUP0014,Skyroute Travel,Travel,It,14670.6,INR,CTR0005,ON_CONTRACT,REQ00225,2025-04-11,skyroute travel,False
TXN000442,ERP_EXPORT,SUP0010,Kanban Stationers,Office Supplies,Marketing,24692.71,INR,,OFF_CONTRACT,,2025-06-12,kanban stationers,False
TXN000444,ERP_EXPORT,SUP0019,Lumen Creative,Marketing Services,Finance,71889.9,INR,CTR0007,ON_CONTRACT,REQ00162,2025-11-10,lumen creative,False
TXN000445,ERP_EXPORT,SUP0022,Transcore Logistics,Logistics & Freight,Finance,79462.36,INR,CTR0008,ON_CONTRACT,REQ00604,2025-06-29,transcore logistics,False
TXN000447,ERP_EXPORT,SUP0001,Nexa Technologies Pvt Ltd,It Hardware,Operations,177830.16,INR,CTR0001,ON_CONTRACT,,2025-05-24,nexa technologies,False
TXN000449,ERP_EXPORT,SUP0016,Prime Facility Care,Facilities Maintenance,Operations,32575.58,INR,CTR0006,ON_CONTRACT,,2025-09-27,prime facility care,False
TXN000450,ERP_EXPORT,SUP0014,Skyroute Travel,Travel,Logistics,14847.06,INR,CTR0005,ON_CONTRACT,,2025-06-25,skyroute travel,False
TXN000451,ERP_EXPORT,SUP0019,Lumen Creative,Marketing Services,R&D,128800.57,INR,CTR0007,ON_CONTRACT,REQ00491,2026-01-21,lumen creative,False
TXN000452,ERP_EXPORT,SUP0011,Sterling Advisory,Professional Services,It,157264.89,INR,CTR0004,ON_CONTRACT,REQ00327,2025-08-12,sterling advisory,False
TXN000453,ERP_EXPORT,SUP0005,Cloudspan Software,It Software & Licences,R&D,59543.31,INR,CTR0002,ON_CONTRACT,REQ00077,2026-01-06,cloudspan software,False
TXN000455,ERP_EXPORT,SUP0008,Orion Office Supplies,Office Supplies,It,4557.54,INR,CTR0003,ON_CONTRACT,REQ00211,2025-07-07,orion office supplies,False
TXN000457,ERP_EXPORT,SUP0022,Transcore Logistics,Logistics & Freight,R&D,12942.35,INR,CTR0008,ON_CONTRACT,REQ00844,2026-03-05,transcore logistics,False
TXN000458,ERP_EXPORT,SUP0022,Transcore Logistics,Logistics & Freight,Marketing,50898.83,INR,CTR0008,ON_CONTRACT,,2025-05-12,transcore logistics,False
TXN000460,ERP_EXPORT,SUP0005,Cloudspan Software,It Software & Licences,Finance,27475.88,INR,CTR0002,ON_CONTRACT,,2025-10-07,cloudspan software,False
TXN000461,ERP_EXPORT,SUP0008,Orion Office Supplies,Office Supplies,Logistics,4703.1,INR,CTR0003,ON_CONTRACT,REQ00858,2025-08-16,orion office supplies,False
TXN000464,ERP_EXPORT,SUP0022,Transcore Logistics,Logistics & Freight,Human Resources,60419.61,INR,CTR0008,ON_CONTRACT,REQ00875,2025-04-18,transcore logistics,False
TXN000466,ERP_EXPORT,SUP0011,Sterling Advisory,Professional Services,Facilities,118722.82,INR,CTR0004,ON_CONTRACT,,2025-11-09,sterling advisory,False
TXN000467,ERP_EXPORT,SUP0013,Adept Partners,Professional Services,Human Resources,99999.54,INR,,OFF_CONTRACT,REQ00745,2025-05-05,adept partners,False
TXN000468,ERP_EXPORT,SUP0005,Cloudspan Software,It Software & Licences,Finance,106202.91,INR,CTR0002,ON_CONTRACT,,2025-12-23,cloudspan software,False
TXN000473,ERP_EXPORT,SUP0023,FleetBridge Cargo,Logistics & Freight,Human Resources,15582.27,INR,,OFF_CONTRACT,REQ00864,2025-12-08,fleetbridge cargo,False
TXN000474,ERP_EXPORT,SUP0005,Cloudspan Software,It Software & Licences,Logistics,108570.03,INR,CTR0002,ON_CONTRACT,,2025-09-12,cloudspan software,False
TXN000475,ERP_EXPORT,SUP0014,Skyroute Travel,Travel,Operations,51271.49,INR,CTR0005,ON_CONTRACT,,2025-10-26,skyroute travel,False
TXN000478,ERP_EXPORT,SUP0001,Nexa Technologies Pvt Ltd,It Hardware,Finance,110847.41,INR,CTR0001,ON_CONTRACT,,2025-08-19,nexa technologies,False
TXN000479,ERP_EXPORT,SUP0018,Urban Upkeep,Facilities Maintenance,Facilities,68158.15,INR,,OFF_CONTRACT,,2025-08-02,urban upkeep,False
TXN000480,ERP_EXPORT,SUP0016,Prime Facility Care,Facilities Maintenance,Logistics,41385.87,INR,CTR0006,ON_CONTRACT,,2025-09-27,prime facility care,False
TXN000484,ERP_EXPORT,SUP0008,Orion Office Supplies,Office Supplies,Human Resources,16433.84,INR,CTR0003,ON_CONTRACT,,2025-09-04,orion office supplies,False
TXN000485,ERP_EXPORT,SUP0014,Skyroute Travel,Travel,Finance,55913.77,INR,CTR0005,ON_CONTRACT,REQ00224,2025-11-25,skyroute travel,False
TXN000487,ERP_EXPORT,SUP0016,Prime Facility Care,Facilities Maintenance,Human Resources,12726.78,INR,CTR0006,ON_CONTRACT,REQ00111,2025-12-03,prime facility care,False
TXN000488,ERP_EXPORT,SUP0005,Cloudspan Software,It Software & Licences,Finance,44501.13,INR,CTR0002,ON_CONTRACT,,2025-08-12,cloudspan software,False
TXN000489,ERP_EXPORT,SUP0014,Skyroute Travel,Travel,Operations,85933.74,INR,CTR0005,ON_CONTRACT,,2026-02-02,skyroute travel,False
TXN000492,ERP_EXPORT,SUP0023,FleetBridge Cargo,Logistics & Freight,Marketing,63471.01,INR,,OFF_CONTRACT,,2026-01-11,fleetbridge cargo,False
TXN000493,ERP_EXPORT,SUP0008,Orion Office Supplies,Office Supplies,Human Resources,8379.77,INR,CTR0003,ON_CONTRACT,,2026-01-12,orion office supplies,False
TXN000495,ERP_EXPORT,SUP0014,Skyroute Travel,Travel,Facilities,46023.27,INR,CTR0005,ON_CONTRACT,REQ00888,2026-02-19,skyroute travel,False
TXN000496,ERP_EXPORT,SUP0005,Cloudspan Software,It Software & Licences,Facilities,52101.98,INR,CTR0002,ON_CONTRACT,,2025-10-13,cloudspan software,False
TXN000498,ERP_EXPORT,SUP0020,BrightArc Media,Marketing Services,Marketing,30882.85,INR,,OFF_CONTRACT,,2025-12-06,brightarc media,False
TXN000499,ERP_EXPORT,SUP0016,Prime Facility Care,Facilities Maintenance,It,68463.69,INR,CTR0006,ON_CONTRACT,REQ00281,2025-07-17,prime facility care,False
TXN000500,ERP_EXPORT,SUP0008,Orion Office Supplies,Office Supplies,Facilities,24682.85,INR,CTR0003,ON_CONTRACT,REQ00445,2026-02-19,orion office supplies,False
TXN000506,ERP_EXPORT,SUP0019,Lumen Creative,Marketing Services,Marketing,42766.37,INR,CTR0007,ON_CONTRACT,REQ00023,2026-01-27,lumen creative,False
TXN000508,ERP_EXPORT,SUP0005,Cloudspan Software,It Software & Licences,Facilities,101366.41,INR,CTR0002,ON_CONTRACT,REQ00390,2025-06-03,cloudspan software,False
TXN000509,ERP_EXPORT,SUP0014,Skyroute Travel,Travel,It,85883.59,INR,CTR0005,ON_CONTRACT,REQ00678,2025-05-22,skyroute travel,False
TXN000511,ERP_EXPORT,SUP0022,Transcore Logistics,Logistics & Freight,Human Resources,62913.46,INR,CTR0008,ON_CONTRACT,,2025-07-13,transcore logistics,False
TXN000512,ERP_EXPORT,SUP0016,Prime Facility Care,Facilities Maintenance,It,35094.58,INR,CTR0006,ON_CONTRACT,REQ00213,2026-03-19,prime facility care,False
TXN000513,ERP_EXPORT,SUP0022,Transcore Logistics,Logistics & Freight,Facilities,89416.46,INR,CTR0008,ON_CONTRACT,,2026-01-19,transcore logistics,False
TXN000514,ERP_EXPORT,SUP0022,Transcore Logistics,Logistics & Freight,Facilities,83883.3,INR,CTR0008,ON_CONTRACT,,2025-05-22,transcore logistics,False
TXN000515,ERP_EXPORT,SUP0014,Skyroute Travel,Travel,Human Resources,11707.93,INR,CTR0005,ON_CONTRACT,REQ00052,2025-05-22,skyroute travel,False
TXN000516,ERP_EXPORT,SUP0010,Kanban Stationers,Office Supplies,Finance,2606.44,INR,,OFF_CONTRACT,REQ00119,2025-05-19,kanban stationers,False
TXN000517,ERP_EXPORT,SUP0001,Nexa Technologies Pvt Ltd,It Hardware,Marketing,83351.82,INR,CTR0001,ON_CONTRACT,REQ00449,2026-02-13,nexa technologies,False
TXN000518,ERP_EXPORT,SUP0014,Skyroute Travel,Travel,Finance,74465.37,INR,CTR0005,ON_CONTRACT,REQ00411,2025-10-22,skyroute travel,False
TXN000519,ERP_EXPORT,SUP0022,Transcore Logistics,Logistics & Freight,Logistics,93943.92,INR,CTR0008,ON_CONTRACT,,2026-02-27,transcore logistics,False
TXN000521,ERP_EXPORT,SUP0022,Transcore Logistics,Logistics & Freight,Finance,61312.85,INR,CTR0008,ON_CONTRACT,,2026-03-17,transcore logistics,False
TXN000522,ERP_EXPORT,SUP0008,Orion Office Supplies,Office Supplies,R&D,10760.49,INR,CTR0003,ON_CONTRACT,REQ00065,2025-08-12,orion office supplies,False
TXN000526,ERP_EXPORT,SUP0022,Transcore Logistics,Logistics & Freight,Logistics,50901.53,INR,CTR0008,ON_CONTRACT,REQ00339,2025-08-21,transcore logistics,False
TXN000527,ERP_EXPORT,SUP0001,Nexa Technologies Pvt Ltd,It Hardware,R&D,89297.02,INR,CTR0001,ON_CONTRACT,REQ00241,2025-05-11,nexa technologies,False
TXN000528,ERP_EXPORT,SUP0022,Transcore Logistics,Logistics & Freight,Facilities,34692.79,INR,CTR0008,ON_CONTRACT,,2025-11-15,transcore logistics,False
TXN000529,ERP_EXPORT,SUP0016,Prime Facility Care,Facilities Maintenance,It,13382.53,INR,CTR0006,ON_CONTRACT,REQ00423,2025-04-19,prime facility care,False
TXN000531,ERP_EXPORT,SUP0016,Prime Facility Care,Facilities Maintenance,Operations,58774.06,INR,CTR0006,ON_CONTRACT,,2025-09-17,prime facility care,False
TXN000532,ERP_EXPORT,SUP0022,Transcore Logistics,Logistics & Freight,Logistics,94976.57,INR,CTR0008,ON_CONTRACT,REQ00778,2026-03-04,transcore logistics,False
TXN000533,ERP_EXPORT,SUP0011,Sterling Advisory,Professional Services,Human Resources,249293.74,INR,CTR0004,ON_CONTRACT,REQ00383,2026-03-26,sterling advisory,False
TXN000534,ERP_EXPORT,SUP0005,Cloudspan Software,It Software & Licences,Marketing,73320.33,INR,CTR0002,ON_CONTRACT,,2025-10-27,cloudspan software,False
TXN000535,ERP_EXPORT,SUP0005,Cloudspan Software,It Software & Licences,Facilities,95743.68,INR,CTR0002,ON_CONTRACT,,2025-10-19,cloudspan software,False
TXN000537,ERP_EXPORT,SUP0006,Vertex Licensing,It Software & Licences,Marketing,104212.98,INR,,NO_CONTRACT,,2025-04-03,vertex licensing,False
TXN000538,ERP_EXPORT,SUP0001,Nexa Technologies Pvt Ltd,It Hardware,Logistics,63338.96,INR,CTR0001,ON_CONTRACT,,2025-06-30,nexa technologies,False
TXN000539,ERP_EXPORT,SUP0009,Paperline Traders,Office Supplies,Finance,12362.52,INR,,OFF_CONTRACT,REQ00394,2025-11-01,paperline traders,False
TXN000546,ERP_EXPORT,SUP0001,Nexa Technologies Pvt Ltd,It Hardware,Marketing,80515.22,INR,CTR0001,ON_CONTRACT,REQ00058,2025-07-12,nexa technologies,False
TXN000548,ERP_EXPORT,SUP0014,Skyroute Travel,Travel,Finance,63069.0,INR,CTR0005,ON_CONTRACT,,2025-05-23,skyroute travel,False
TXN000549,ERP_EXPORT,SUP0013,Adept Partners,Professional Services,Human Resources,149264.62,INR,,OFF_CONTRACT,,2025-04-25,adept partners,False
TXN000553,ERP_EXPORT,SUP0005,Cloudspan Software,It Software & Licences,Facilities,72950.22,INR,CTR0002,ON_CONTRACT,REQ00439,2025-08-21,cloudspan software,False
TXN000554,ERP_EXPORT,SUP0014,Skyroute Travel,Travel,Human Resources,53996.91,INR,CTR0005,ON_CONTRACT,REQ00478,2026-03-30,skyroute travel,False
TXN000556,ERP_EXPORT,SUP0014,Skyroute Travel,Travel,Finance,41085.6,INR,CTR0005,ON_CONTRACT,REQ00725,2025-09-10,skyroute travel,False
TXN000557,ERP_EXPORT,SUP0013,Adept Partners,Professional Services,Marketing,68143.2,INR,,OFF_CONTRACT,REQ00550,2025-10-24,adept partners,False
TXN000559,ERP_EXPORT,SUP0022,Transcore Logistics,Logistics & Freight,Finance,74676.39,INR,CTR0008,ON_CONTRACT,REQ00658,2026-02-09,transcore logistics,False
TXN000562,ERP_EXPORT,SUP0011,Sterling Advisory,Professional Services,Facilities,84722.47,INR,CTR0004,ON_CONTRACT,REQ00792,2026-01-01,sterling advisory,False
TXN000563,ERP_EXPORT,SUP0001,Nexa Technologies Pvt Ltd,It Hardware,Operations,46137.58,INR,CTR0001,ON_CONTRACT,,2025-11-04,nexa technologies,False
TXN000566,ERP_EXPORT,SUP0012,Cobalt Consulting,Professional Services,R&D,163882.71,INR,,OFF_CONTRACT,REQ00018,2025-10-17,cobalt consulting,False
TXN000568,ERP_EXPORT,SUP0016,Prime Facility Care,Facilities Maintenance,Human Resources,36248.5,INR,CTR0006,ON_CONTRACT,,2025-08-23,prime facility care,False
TXN000570,ERP_EXPORT,SUP0028,ORION OFFICE SUPPLIES,Office Supplies,Marketing,10009.88,INR,,OFF_CONTRACT,REQ00815,2026-02-26,orion office supplies,False
TXN000571,ERP_EXPORT,SUP0016,Prime Facility Care,Facilities Maintenance,Marketing,40839.37,INR,CTR0006,ON_CONTRACT,REQ00006,2026-01-19,prime facility care,False
TXN000574,ERP_EXPORT,SUP0024,Nexa Technologies,It Hardware,Facilities,121423.44,INR,,NO_CONTRACT,REQ00069,2025-08-07,nexa technologies,False
TXN000575,ERP_EXPORT,SUP0005,Cloudspan Software,It Software & Licences,Finance,105548.19,INR,CTR0002,ON_CONTRACT,REQ00688,2026-03-02,cloudspan software,False
TXN000577,ERP_EXPORT,SUP0008,Orion Office Supplies,Office Supplies,Finance,5382.69,INR,CTR0003,ON_CONTRACT,,2025-06-26,orion office supplies,False
TXN000579,ERP_EXPORT,SUP0017,GreenEdge Services,Facilities Maintenance,Human Resources,39526.98,INR,,OFF_CONTRACT,REQ00112,2025-06-29,greenedge services,False
TXN000584,ERP_EXPORT,SUP0005,Cloudspan Software,It Software & Licences,Operations,49518.92,INR,CTR0002,ON_CONTRACT,,2026-02-09,cloudspan software,False
TXN000585,ERP_EXPORT,SUP0009,Paperline Traders,Office Supplies,Marketing,409050.63,INR,,OFF_CONTRACT,,2026-01-15,paperline traders,False
TXN000587,ERP_EXPORT,SUP0005,Cloudspan Software,It Software & Licences,Operations,22965.65,INR,CTR0002,ON_CONTRACT,REQ00811,2025-10-02,cloudspan software,False
TXN000588,ERP_EXPORT,SUP0019,Lumen Creative,Marketing Services,It,38043.16,INR,CTR0007,ON_CONTRACT,REQ00665,2025-09-13,lumen creative,False
TXN000589,ERP_EXPORT,SUP0005,Cloudspan Software,It Software & Licences,Human Resources,28444.81,INR,CTR0002,ON_CONTRACT,,2025-08-13,cloudspan software,False
TXN000590,ERP_EXPORT,SUP0008,Orion Office Supplies,Office Supplies,Facilities,5493.76,INR,CTR0003,ON_CONTRACT,REQ00386,2025-07-24,orion office supplies,False
TXN000592,ERP_EXPORT,SUP0001,Nexa Technologies Pvt Ltd,It Hardware,Marketing,124335.59,INR,CTR0001,ON_CONTRACT,REQ00527,2026-02-24,nexa technologies,False
TXN000593,ERP_EXPORT,SUP0014,Skyroute Travel,Travel,Finance,22914.17,INR,CTR0005,ON_CONTRACT,,2025-05-31,skyroute travel,False
TXN000594,ERP_EXPORT,SUP0011,Sterling Advisory,Professional Services,Facilities,112590.13,INR,CTR0004,ON_CONTRACT,REQ00491,2025-12-02,sterling advisory,False
TXN000596,ERP_EXPORT,SUP0008,Orion Office Supplies,Office Supplies,Marketing,12901.12,INR,CTR0003,ON_CONTRACT,REQ00416,2026-02-01,orion office supplies,False
TXN000600,ERP_EXPORT,SUP0005,Cloudspan Software,It Software & Licences,R&D,19291.2,INR,CTR0002,ON_CONTRACT,,2026-02-05,cloudspan software,False
TXN000604,ERP_EXPORT,SUP0005,Cloudspan Software,It Software & Licences,Operations,24313.77,INR,CTR0002,ON_CONTRACT,,2025-05-13,cloudspan software,False
TXN000605,ERP_EXPORT,SUP0014,Skyroute Travel,Travel,Human Resources,17892.14,INR,CTR0005,ON_CONTRACT,REQ00727,2025-04-04,skyroute travel,False
TXN000606,ERP_EXPORT,SUP0005,Cloudspan Software,It Software & Licences,Operations,63381.77,INR,CTR0002,ON_CONTRACT,,2025-09-09,cloudspan software,False
TXN000607,ERP_EXPORT,SUP0019,Lumen Creative,Marketing Services,Human Resources,48886.72,INR,CTR0007,ON_CONTRACT,REQ00549,2025-11-03,lumen creative,False
TXN000609,ERP_EXPORT,SUP0022,Transcore Logistics,Logistics & Freight,Logistics,53783.63,INR,CTR0008,ON_CONTRACT,REQ00315,2026-01-21,transcore logistics,False
TXN000611,ERP_EXPORT,SUP0005,Cloudspan Software,It Software & Licences,Finance,19127.77,INR,CTR0002,ON_CONTRACT,,2026-02-09,cloudspan software,False
TXN000613,ERP_EXPORT,SUP0023,FleetBridge Cargo,Logistics & Freight,Human Resources,64115.73,INR,,OFF_CONTRACT,REQ00082,2026-02-06,fleetbridge cargo,False
TXN000615,ERP_EXPORT,SUP0022,Transcore Logistics,Logistics & Freight,Human Resources,84507.03,INR,CTR0008,ON_CONTRACT,REQ00803,2026-02-01,transcore logistics,False
TXN000617,ERP_EXPORT,SUP0016,Prime Facility Care,Facilities Maintenance,Operations,13664.68,INR,CTR0006,ON_CONTRACT,REQ00755,2026-03-27,prime facility care,False
TXN000618,ERP_EXPORT,SUP0007,Meridian Softworks,It Software & Licences,Finance,44072.15,INR,,NO_CONTRACT,REQ00836,2025-08-20,meridian softworks,False
TXN000619,ERP_EXPORT,SUP0011,Sterling Advisory,Professional Services,R&D,209302.27,INR,CTR0004,ON_CONTRACT,,2025-08-12,sterling advisory,False
TXN000620,ERP_EXPORT,SUP0008,Orion Office Supplies,Office Supplies,Facilities,19209.97,INR,CTR0003,ON_CONTRACT,REQ00349,2025-05-30,orion office supplies,False
TXN000622,ERP_EXPORT,SUP0022,Transcore Logistics,Logistics & Freight,Human Resources,29375.99,INR,CTR0008,ON_CONTRACT,REQ00649,2025-07-22,transcore logistics,False
TXN000624,ERP_EXPORT,SUP0011,Sterling Advisory,Professional Services,Finance,141749.83,INR,CTR0004,ON_CONTRACT,REQ00183,2025-11-30,sterling advisory,False
TXN000626,ERP_EXPORT,SUP0011,Sterling Advisory,Professional Services,Operations,117471.86,INR,CTR0004,ON_CONTRACT,,2025-07-15,sterling advisory,False
TXN000627,ERP_EXPORT,SUP0011,Sterling Advisory,Professional Services,Finance,137132.29,INR,CTR0004,ON_CONTRACT,REQ00110,2025-06-01,sterling advisory,False
TXN000631,ERP_EXPORT,SUP0022,Transcore Logistics,Logistics & Freight,R&D,71208.02,INR,CTR0008,ON_CONTRACT,,2025-06-29,transcore logistics,False
TXN000632,ERP_EXPORT,SUP0023,FleetBridge Cargo,Logistics & Freight,It,86302.17,INR,,OFF_CONTRACT,REQ00216,2025-10-12,fleetbridge cargo,False
TXN000634,ERP_EXPORT,SUP0016,Prime Facility Care,Facilities Maintenance,R&D,41926.81,INR,CTR0006,ON_CONTRACT,,2025-10-08,prime facility care,False
TXN000635,ERP_EXPORT,SUP0017,GreenEdge Services,Facilities Maintenance,Marketing,16430.32,INR,,OFF_CONTRACT,,2026-03-18,greenedge services,False
TXN000636,ERP_EXPORT,SUP0013,Adept Partners,Professional Services,Operations,133956.6,INR,,OFF_CONTRACT,,2025-10-13,adept partners,False
TXN000639,ERP_EXPORT,SUP0014,Skyroute Travel,Travel,R&D,30077.94,INR,CTR0005,ON_CONTRACT,REQ00168,2025-05-01,skyroute travel,False
TXN000641,ERP_EXPORT,SUP0016,Prime Facility Care,Facilities Maintenance,Human Resources,11204.27,INR,CTR0006,ON_CONTRACT,REQ00422,2025-06-02,prime facility care,False
TXN000642,ERP_EXPORT,SUP0018,Urban Upkeep,Facilities Maintenance,Marketing,29324.75,INR,,OFF_CONTRACT,,2025-08-24,urban upkeep,False
TXN000643,ERP_EXPORT,SUP0016,Prime Facility Care,Facilities Maintenance,Logistics,22686.88,INR,CTR0006,ON_CONTRACT,,2025-10-13,prime facility care,False
TXN000645,ERP_EXPORT,SUP0019,Lumen Creative,Marketing Services,Facilities,36766.7,INR,CTR0007,ON_CONTRACT,REQ00352,2025-07-26,lumen creative,False
TXN000646,ERP_EXPORT,SUP0016,Prime Facility Care,Facilities Maintenance,Human Resources,63431.64,INR,CTR0006,ON_CONTRACT,,2025-10-20,prime facility care,False
TXN000651,ERP_EXPORT,SUP0022,Transcore Logistics,Logistics & Freight,Marketing,19214.38,INR,CTR0008,ON_CONTRACT,REQ00680,2025-09-30,transcore logistics,False
TXN000653,ERP_EXPORT,SUP0008,Orion Office Supplies,Office Supplies,R&D,15497.35,INR,CTR0003,ON_CONTRACT,REQ00655,2025-12-30,orion office supplies,False
TXN000654,ERP_EXPORT,SUP0015,Voyager Corporate Travel,Travel,Facilities,69126.04,INR,,OFF_CONTRACT,REQ00375,2025-10-29,voyager corporate travel,False
TXN000655,ERP_EXPORT,SUP0014,Skyroute Travel,Travel,Marketing,586031.06,INR,CTR0005,ON_CONTRACT,REQ00481,2025-12-30,skyroute travel,False
TXN000656,ERP_EXPORT,SUP0001,Nexa Technologies Pvt Ltd,It Hardware,Logistics,44774.95,INR,CTR0001,ON_CONTRACT,REQ00785,2025-11-07,nexa technologies,False
TXN000661,ERP_EXPORT,SUP0022,Transcore Logistics,Logistics & Freight,Logistics,41556.03,INR,CTR0008,ON_CONTRACT,REQ00020,2025-06-17,transcore logistics,False
TXN000662,ERP_EXPORT,SUP0001,Nexa Technologies Pvt Ltd,It Hardware,Facilities,177909.86,INR,CTR0001,ON_CONTRACT,REQ00129,2025-11-11,nexa technologies,False
TXN000663,ERP_EXPORT,SUP0001,Nexa Technologies Pvt Ltd,It Hardware,Logistics,118895.1,INR,CTR0001,ON_CONTRACT,REQ00431,2025-09-07,nexa technologies,False
TXN000665,ERP_EXPORT,SUP0005,Cloudspan Software,It Software & Licences,Human Resources,25687.16,INR,CTR0002,ON_CONTRACT,,2025-04-07,cloudspan software,False
TXN000666,ERP_EXPORT,SUP0007,Meridian Softworks,It Software & Licences,Logistics,31050.21,INR,,NO_CONTRACT,REQ00035,2025-07-11,meridian softworks,False
TXN000667,ERP_EXPORT,SUP0022,Transcore Logistics,Logistics & Freight,Operations,32414.49,INR,CTR0008,ON_CONTRACT,REQ00698,2025-09-07,transcore logistics,False
TXN000669,ERP_EXPORT,SUP0018,Urban Upkeep,Facilities Maintenance,Facilities,21194.02,INR,,OFF_CONTRACT,REQ00445,2025-09-14,urban upkeep,False
TXN000670,ERP_EXPORT,SUP0001,Nexa Technologies Pvt Ltd,It Hardware,Facilities,69189.75,INR,CTR0001,ON_CONTRACT,REQ00249,2025-04-05,nexa technologies,False
TXN000672,ERP_EXPORT,SUP0018,Urban Upkeep,Facilities Maintenance,Finance,63805.93,INR,,OFF_CONTRACT,,2026-03-26,urban upkeep,False
TXN000673,ERP_EXPORT,SUP0005,Cloudspan Software,It Software & Licences,Finance,23424.54,INR,CTR0002,ON_CONTRACT,,2025-11-11,cloudspan software,False
TXN000674,ERP_EXPORT,SUP0011,Sterling Advisory,Professional Services,Marketing,150147.39,INR,CTR0004,ON_CONTRACT,REQ00041,2025-12-05,sterling advisory,False
TXN000675,ERP_EXPORT,SUP0022,Transcore Logistics,Logistics & Freight,Logistics,46062.94,INR,CTR0008,ON_CONTRACT,REQ00192,2026-01-04,transcore logistics,False
TXN000676,ERP_EXPORT,SUP0016,Prime Facility Care,Facilities Maintenance,Marketing,68942.72,INR,CTR0006,ON_CONTRACT,REQ00159,2025-11-17,prime facility care,False
TXN000677,ERP_EXPORT,SUP0015,Voyager Corporate Travel,Travel,It,17187.19,INR,,OFF_CONTRACT,,2025-04-10,voyager corporate travel,False
TXN000678,ERP_EXPORT,SUP0016,Prime Facility Care,Facilities Maintenance,Facilities,33871.34,INR,CTR0006,ON_CONTRACT,,2026-01-01,prime facility care,False
TXN000680,ERP_EXPORT,SUP0005,Cloudspan Software,It Software & Licences,Marketing,105878.25,INR,CTR0002,ON_CONTRACT,REQ00033,2025-07-13,cloudspan software,False
TXN000681,ERP_EXPORT,SUP0005,Cloudspan Software,It Software & Licences,R&D,100792.57,INR,CTR0002,ON_CONTRACT,,2025-12-26,cloudspan software,False
TXN000682,ERP_EXPORT,SUP0014,Skyroute Travel,Travel,Facilities,29148.03,INR,CTR0005,ON_CONTRACT,REQ00214,2026-03-02,skyroute travel,False
TXN000683,ERP_EXPORT,SUP0022,Transcore Logistics,Logistics & Freight,It,26183.67,INR,CTR0008,ON_CONTRACT,REQ00762,2025-10-30,transcore logistics,False
TXN000685,ERP_EXPORT,SUP0014,Skyroute Travel,Travel,Facilities,84208.83,INR,CTR0005,ON_CONTRACT,REQ00237,2025-12-29,skyroute travel,False
TXN000686,ERP_EXPORT,SUP0019,Lumen Creative,Marketing Services,Operations,97946.81,INR,CTR0007,ON_CONTRACT,,2025-07-01,lumen creative,False
TXN000687,ERP_EXPORT,SUP0021,Pulse Marketing Co,Marketing Services,Logistics,100025.78,INR,,OFF_CONTRACT,,2025-11-05,pulse marketing,False
TXN000688,ERP_EXPORT,SUP0005,Cloudspan Software,It Software & Licences,R&D,44397.8,INR,CTR0002,ON_CONTRACT,REQ00674,2025-06-20,cloudspan software,False
TXN000689,ERP_EXPORT,SUP0023,FleetBridge Cargo,Logistics & Freight,Finance,75867.91,INR,,OFF_CONTRACT,,2025-10-29,fleetbridge cargo,False
TXN000691,ERP_EXPORT,SUP0019,Lumen Creative,Marketing Services,Human Resources,65315.09,INR,CTR0007,ON_CONTRACT,,2025-12-22,lumen creative,False
TXN000692,ERP_EXPORT,SUP0010,Kanban Stationers,Office Supplies,Operations,11785.04,INR,,OFF_CONTRACT,REQ00323,2025-04-12,kanban stationers,False
TXN000693,ERP_EXPORT,SUP0014,Skyroute Travel,Travel,Logistics,49624.05,INR,CTR0005,ON_CONTRACT,REQ00142,2025-08-14,skyroute travel,False
TXN000694,ERP_EXPORT,SUP0016,Prime Facility Care,Facilities Maintenance,Human Resources,24544.58,INR,CTR0006,ON_CONTRACT,REQ00410,2026-01-17,prime facility care,False
TXN000695,ERP_EXPORT,SUP0013,Adept Partners,Professional Services,Logistics,64115.73,INR,,OFF_CONTRACT,REQ00846,2026-03-20,adept partners,False
TXN000696,ERP_EXPORT,SUP0005,Cloudspan Software,It Software & Licences,R&D,79115.1,INR,CTR0002,ON_CONTRACT,REQ00058,2025-09-19,cloudspan software,False
TXN000697,ERP_EXPORT,SUP0017,GreenEdge Services,Facilities Maintenance,Facilities,27317.83,INR,,OFF_CONTRACT,,2025-07-26,greenedge services,False
TXN000700,ERP_EXPORT,SUP0008,Orion Office Supplies,Office Supplies,It,13066.22,INR,CTR0003,ON_CONTRACT,REQ00269,2025-05-14,orion office supplies,False
TXN000703,ERP_EXPORT,SUP0016,Prime Facility Care,Facilities Maintenance,Facilities,30196.26,INR,CTR0006,ON_CONTRACT,,2025-11-03,prime facility care,False
TXN000704,ERP_EXPORT,SUP0016,Prime Facility Care,Facilities Maintenance,It,18064.88,INR,CTR0006,ON_CONTRACT,,2025-06-26,prime facility care,False
TXN000706,ERP_EXPORT,SUP0002,Zenith Computing,It Hardware,Finance,178443.84,INR,,NO_CONTRACT,REQ00746,2025-05-14,zenith computing,False
TXN000709,ERP_EXPORT,SUP0011,Sterling Advisory,Professional Services,Human Resources,93474.54,INR,CTR0004,ON_CONTRACT,REQ00638,2025-06-12,sterling advisory,False
TXN000711,ERP_EXPORT,SUP0013,Adept Partners,Professional Services,Logistics,199647.85,INR,,OFF_CONTRACT,,2025-04-05,adept partners,False
TXN000712,ERP_EXPORT,SUP0005,Cloudspan Software,It Software & Licences,Finance,77542.07,INR,CTR0002,ON_CONTRACT,,2025-04-10,cloudspan software,False
TXN000713,ERP_EXPORT,SUP0015,Voyager Corporate Travel,Travel,R&D,46669.25,INR,,OFF_CONTRACT,REQ00727,2025-05-21,voyager corporate travel,False
TXN000714,ERP_EXPORT,SUP0016,Prime Facility Care,Facilities Maintenance,Facilities,34710.45,INR,CTR0006,ON_CONTRACT,REQ00513,2025-11-21,prime facility care,False
TXN000716,ERP_EXPORT,SUP0001,Nexa Technologies Pvt Ltd,It Hardware,Human Resources,169077.02,INR,CTR0001,ON_CONTRACT,REQ00514,2025-08-20,nexa technologies,False
TXN000719,ERP_EXPORT,SUP0011,Sterling Advisory,Professional Services,R&D,66102.42,INR,CTR0004,ON_CONTRACT,,2026-02-04,sterling advisory,False
TXN000720,ERP_EXPORT,SUP0016,Prime Facility Care,Facilities Maintenance,Marketing,53852.05,INR,CTR0006,ON_CONTRACT,,2026-03-17,prime facility care,False
TXN000722,ERP_EXPORT,SUP0008,Orion Office Supplies,Office Supplies,Facilities,780852.85,INR,CTR0003,ON_CONTRACT,REQ00860,2025-06-14,orion office supplies,False
TXN000724,ERP_EXPORT,SUP0014,Skyroute Travel,Travel,Marketing,68771.89,INR,CTR0005,ON_CONTRACT,REQ00781,2026-02-08,skyroute travel,False
TXN000731,ERP_EXPORT,SUP0002,Zenith Computing,It Hardware,R&D,50461.2,INR,,NO_CONTRACT,,2025-04-21,zenith computing,False
TXN000733,ERP_EXPORT,SUP0022,Transcore Logistics,Logistics & Freight,It,67211.37,INR,CTR0008,ON_CONTRACT,,2025-06-12,transcore logistics,False
TXN000734,ERP_EXPORT,SUP0023,FleetBridge Cargo,Logistics & Freight,Facilities,55414.43,INR,,OFF_CONTRACT,REQ00600,2026-03-23,fleetbridge cargo,False
TXN000735,ERP_EXPORT,SUP0008,Orion Office Supplies,Office Supplies,It,10253.1,INR,CTR0003,ON_CONTRACT,REQ00605,2026-03-31,orion office supplies,False
TXN000736,ERP_EXPORT,SUP0011,Sterling Advisory,Professional Services,Marketing,224212.11,INR,CTR0004,ON_CONTRACT,,2025-06-03,sterling advisory,False
TXN000737,ERP_EXPORT,SUP0005,Cloudspan Software,It Software & Licences,Finance,56206.74,INR,CTR0002,ON_CONTRACT,REQ00725,2025-10-14,cloudspan software,False
TXN000738,ERP_EXPORT,SUP0008,Orion Office Supplies,Office Supplies,It,20781.79,INR,CTR0003,ON_CONTRACT,,2026-01-15,orion office supplies,False
TXN000739,ERP_EXPORT,SUP0008,Orion Office Supplies,Office Supplies,It,12100.1,INR,CTR0003,ON_CONTRACT,REQ00317,2025-11-15,orion office supplies,False
TXN000740,ERP_EXPORT,SUP0014,Skyroute Travel,Travel,Marketing,38909.44,INR,CTR0005,ON_CONTRACT,,2025-04-02,skyroute travel,False
TXN000741,ERP_EXPORT,SUP0014,Skyroute Travel,Travel,Logistics,45939.74,INR,CTR0005,ON_CONTRACT,REQ00006,2026-02-06,skyroute travel,False
TXN000742,ERP_EXPORT,SUP0022,Transcore Logistics,Logistics & Freight,Logistics,37014.36,INR,CTR0008,ON_CONTRACT,REQ00453,2025-05-11,transcore logistics,False
TXN000743,ERP_EXPORT,SUP0001,Nexa Technologies Pvt Ltd,Uncategorised,Operations,140879.45,INR,CTR0001,ON_CONTRACT,REQ00152,2025-04-29,nexa technologies,False
TXN000745,ERP_EXPORT,SUP0005,Cloudspan Software,It Software & Licences,Human Resources,39382.33,INR,CTR0002,ON_CONTRACT,,2026-03-21,cloudspan software,False
TXN000746,ERP_EXPORT,SUP0028,ORION OFFICE SUPPLIES,Office Supplies,It,22690.22,INR,,OFF_CONTRACT,REQ00307,2025-09-13,orion office supplies,False
TXN000748,ERP_EXPORT,SUP0014,Skyroute Travel,Travel,Operations,52571.33,INR,CTR0005,ON_CONTRACT,,2026-02-08,skyroute travel,False
TXN000751,ERP_EXPORT,SUP0008,Orion Office Supplies,Office Supplies,Logistics,4688.65,INR,CTR0003,ON_CONTRACT,REQ00185,2026-02-07,orion office supplies,False
TXN000754,ERP_EXPORT,SUP0011,Sterling Advisory,Professional Services,Human Resources,110330.18,INR,CTR0004,ON_CONTRACT,REQ00070,2025-09-05,sterling advisory,False
TXN000755,ERP_EXPORT,SUP0014,Skyroute Travel,Travel,It,19420.31,INR,CTR0005,ON_CONTRACT,REQ00342,2025-09-22,skyroute travel,False
TXN000758,ERP_EXPORT,SUP0003,BluePeak Systems,It Hardware,Finance,107686.47,INR,,NO_CONTRACT,,2025-04-10,bluepeak systems,False
TXN000759,ERP_EXPORT,SUP0011,Sterling Advisory,Professional Services,Finance,227717.44,INR,CTR0004,ON_CONTRACT,REQ00153,2025-08-22,sterling advisory,False
TXN000760,ERP_EXPORT,SUP0001,Nexa Technologies Pvt Ltd,It Hardware,Marketing,147232.57,INR,CTR0001,ON_CONTRACT,,2025-10-17,nexa technologies,False
TXN000762,ERP_EXPORT,SUP0001,Nexa Technologies Pvt Ltd,It Hardware,Operations,73316.92,INR,CTR0001,ON_CONTRACT,REQ00850,2025-09-02,nexa technologies,False
TXN000763,ERP_EXPORT,SUP0011,Sterling Advisory,Professional Services,Finance,92182.72,INR,CTR0004,ON_CONTRACT,,2025-07-13,sterling advisory,False
TXN000764,ERP_EXPORT,SUP0005,Cloudspan Software,It Software & Licences,Logistics,93114.36,INR,CTR0002,ON_CONTRACT,,2025-06-18,cloudspan software,False
TXN000765,ERP_EXPORT,SUP0011,Sterling Advisory,Professional Services,Human Resources,47041.81,INR,CTR0004,ON_CONTRACT,,2025-06-13,sterling advisory,False
TXN000771,ERP_EXPORT,SUP0011,Sterling Advisory,Professional Services,Finance,63232.66,INR,CTR0004,ON_CONTRACT,REQ00052,2025-06-06,sterling advisory,False
TXN000773,ERP_EXPORT,SUP0022,Transcore Logistics,Logistics & Freight,Operations,22581.56,INR,CTR0008,ON_CONTRACT,,2026-03-10,transcore logistics,False
TXN000774,ERP_EXPORT,SUP0006,Vertex Licensing,It Software & Licences,Facilities,56715.17,INR,,NO_CONTRACT,,2026-03-24,vertex licensing,False
TXN000775,ERP_EXPORT,SUP0022,Transcore Logistics,Logistics & Freight,Logistics,78175.52,INR,CTR0008,ON_CONTRACT,REQ00230,2025-06-13,transcore logistics,False
TXN000776,ERP_EXPORT,SUP0015,Voyager Corporate Travel,Travel,Finance,20293.23,INR,,OFF_CONTRACT,,2025-09-14,voyager corporate travel,False
TXN000777,ERP_EXPORT,SUP0022,Transcore Logistics,Logistics & Freight,Facilities,31027.87,INR,CTR0008,ON_CONTRACT,REQ00473,2025-06-27,transcore logistics,False
TXN000778,ERP_EXPORT,SUP0014,Skyroute Travel,Travel,R&D,67224.71,INR,CTR0005,ON_CONTRACT,,2025-05-25,skyroute travel,False
TXN000779,ERP_EXPORT,SUP0016,Prime Facility Care,Facilities Maintenance,Human Resources,53202.19,INR,CTR0006,ON_CONTRACT,REQ00411,2026-01-28,prime facility care,False
TXN000780,ERP_EXPORT,SUP0019,Lumen Creative,Marketing Services,Marketing,109760.67,INR,CTR0007,ON_CONTRACT,,2025-10-14,lumen creative,False
TXN000782,ERP_EXPORT,SUP0016,Prime Facility Care,Facilities Maintenance,Facilities,42563.47,INR,CTR0006,ON_CONTRACT,,2026-03-31,prime facility care,False
TXN000783,ERP_EXPORT,SUP0022,Transcore Logistics,Logistics & Freight,Finance,32899.32,INR,CTR0008,ON_CONTRACT,,2025-11-14,transcore logistics,False
TXN000784,ERP_EXPORT,SUP0008,Orion Office Supplies,Office Supplies,Facilities,9951.01,INR,CTR0003,ON_CONTRACT,,2026-01-31,orion office supplies,False
TXN000786,ERP_EXPORT,SUP0008,Orion Office Supplies,Office Supplies,Logistics,22894.36,INR,CTR0003,ON_CONTRACT,REQ00698,2025-09-10,orion office supplies,False
TXN000788,ERP_EXPORT,SUP0018,Urban Upkeep,Facilities Maintenance,R&D,34051.09,INR,,OFF_CONTRACT,,2025-08-29,urban upkeep,False
TXN000789,ERP_EXPORT,SUP0001,Nexa Technologies Pvt Ltd,It Hardware,It,96610.9,INR,CTR0001,ON_CONTRACT,REQ00574,2025-10-01,nexa technologies,False
TXN000790,ERP_EXPORT,SUP0005,Cloudspan Software,It Software & Licences,R&D,114464.75,INR,CTR0002,ON_CONTRACT,,2026-03-31,cloudspan software,False
TXN000791,ERP_EXPORT,SUP0019,Lumen Creative,Marketing Services,Operations,41469.2,INR,CTR0007,ON_CONTRACT,,2025-11-30,lumen creative,False
TXN000792,ERP_EXPORT,SUP0008,Orion Office Supplies,Office Supplies,Finance,15483.29,INR,CTR0003,ON_CONTRACT,,2025-06-18,orion office supplies,False
TXN000793,ERP_EXPORT,SUP0014,Skyroute Travel,Travel,Facilities,49482.87,INR,CTR0005,ON_CONTRACT,,2025-06-13,skyroute travel,False
TXN000796,ERP_EXPORT,SUP0019,Lumen Creative,Marketing Services,Operations,142097.35,INR,CTR0007,ON_CONTRACT,,2025-08-16,lumen creative,False
TXN000797,ERP_EXPORT,SUP0021,Pulse Marketing Co,Marketing Services,It,150496.56,INR,,OFF_CONTRACT,,2026-03-27,pulse marketing,False
TXN000798,ERP_EXPORT,SUP0016,Prime Facility Care,Facilities Maintenance,Facilities,43907.99,INR,CTR0006,ON_CONTRACT,REQ00749,2025-12-26,prime facility care,False
TXN000799,ERP_EXPORT,SUP0014,Skyroute Travel,Travel,Facilities,65125.37,INR,CTR0005,ON_CONTRACT,REQ00646,2026-03-06,skyroute travel,False
TXN000800,ERP_EXPORT,SUP0005,Cloudspan Software,It Software & Licences,Human Resources,111862.44,INR,CTR0002,ON_CONTRACT,,2025-09-23,cloudspan software,False
TXN000801,ERP_EXPORT,SUP0001,Nexa Technologies Pvt Ltd,It Hardware,Logistics,134621.99,INR,CTR0001,ON_CONTRACT,,2025-09-17,nexa technologies,False
TXN000803,ERP_EXPORT,SUP0015,Voyager Corporate Travel,Travel,Logistics,55255.65,INR,,OFF_CONTRACT,,2026-01-19,voyager corporate travel,False
TXN000804,ERP_EXPORT,SUP0001,Nexa Technologies Pvt Ltd,It Hardware,It,119040.83,INR,CTR0001,ON_CONTRACT,REQ00085,2025-06-04,nexa technologies,False
TXN000805,ERP_EXPORT,SUP0006,Vertex Licensing,It Software & Licences,Human Resources,59533.72,INR,,NO_CONTRACT,REQ00264,2025-04-08,vertex licensing,False
TXN000812,ERP_EXPORT,SUP0001,Nexa Technologies Pvt Ltd,It Hardware,Finance,155029.2,INR,CTR0001,ON_CONTRACT,,2025-11-08,nexa technologies,False
TXN000813,ERP_EXPORT,SUP0014,Skyroute Travel,Travel,Facilities,18222.34,INR,CTR0005,ON_CONTRACT,REQ00599,2025-10-18,skyroute travel,False
TXN000815,ERP_EXPORT,SUP0001,Nexa Technologies Pvt Ltd,It Hardware,Facilities,159833.94,INR,CTR0001,ON_CONTRACT,,2025-09-27,nexa technologies,False
TXN000816,ERP_EXPORT,SUP0012,Cobalt Consulting,Professional Services,It,148955.99,INR,,OFF_CONTRACT,,2025-04-30,cobalt consulting,False
TXN000817,ERP_EXPORT,SUP0013,Adept Partners,Professional Services,Facilities,164167.84,INR,,OFF_CONTRACT,REQ00620,2025-06-06,adept partners,False
TXN000819,ERP_EXPORT,SUP0008,Orion Office Supplies,Office Supplies,Facilities,3259.52,INR,CTR0003,ON_CONTRACT,,2025-08-20,orion office supplies,False
TXN000821,ERP_EXPORT,SUP0019,Lumen Creative,Marketing Services,Human Resources,132399.48,INR,CTR0007,ON_CONTRACT,REQ00072,2025-12-08,lumen creative,False
TXN000822,ERP_EXPORT,SUP0011,Sterling Advisory,Professional Services,Logistics,40972.72,INR,CTR0004,ON_CONTRACT,REQ00554,2025-11-07,sterling advisory,False
TXN000823,ERP_EXPORT,SUP0011,Sterling Advisory,Professional Services,Logistics,110034.83,INR,CTR0004,ON_CONTRACT,,2025-05-23,sterling advisory,False
TXN000824,ERP_EXPORT,SUP0001,Nexa Technologies Pvt Ltd,It Hardware,Human Resources,86716.15,INR,CTR0001,ON_CONTRACT,,2025-04-10,nexa technologies,False
TXN000828,ERP_EXPORT,SUP0016,Prime Facility Care,Facilities Maintenance,Facilities,30817.19,INR,CTR0006,ON_CONTRACT,REQ00874,2025-09-22,prime facility care,False
TXN000832,ERP_EXPORT,SUP0001,Nexa Technologies Pvt Ltd,It Hardware,It,95128.13,INR,CTR0001,ON_CONTRACT,REQ00217,2026-03-01,nexa technologies,False
TXN000838,ERP_EXPORT,SUP0001,Nexa Technologies Pvt Ltd,It Hardware,Facilities,81171.05,INR,CTR0001,ON_CONTRACT,REQ00776,2025-10-30,nexa technologies,False
TXN000839,ERP_EXPORT,SUP0008,Orion Office Supplies,Office Supplies,Logistics,15353.53,INR,CTR0003,ON_CONTRACT,REQ00596,2025-04-21,orion office supplies,False
TXN000841,ERP_EXPORT,SUP0022,Transcore Logistics,Logistics & Freight,Facilities,13086.84,INR,CTR0008,ON_CONTRACT,,2026-01-29,transcore logistics,False
TXN000843,ERP_EXPORT,SUP0008,Orion Office Supplies,Office Supplies,R&D,6094.83,INR,CTR0003,ON_CONTRACT,REQ00179,2026-02-07,orion office supplies,False
TXN000845,ERP_EXPORT,SUP0011,Sterling Advisory,Professional Services,Facilities,71219.17,INR,CTR0004,ON_CONTRACT,,2026-01-02,sterling advisory,False
TXN000849,ERP_EXPORT,SUP0022,Transcore Logistics,Logistics & Freight,Operations,53682.19,INR,CTR0008,ON_CONTRACT,,2025-09-14,transcore logistics,False
TXN000850,ERP_EXPORT,SUP0012,Cobalt Consulting,Professional Services,Operations,165030.85,INR,,OFF_CONTRACT,,2025-07-12,cobalt consulting,False
TXN000851,ERP_EXPORT,SUP0019,Lumen Creative,Marketing Services,Logistics,29390.71,INR,CTR0007,ON_CONTRACT,REQ00447,2025-06-14,lumen creative,False
TXN000852,ERP_EXPORT,SUP0012,Cobalt Consulting,Professional Services,Finance,197491.7,INR,,OFF_CONTRACT,REQ00738,2025-07-09,cobalt consulting,False
TXN000853,ERP_EXPORT,SUP0016,Prime Facility Care,Facilities Maintenance,It,22594.34,INR,CTR0006,ON_CONTRACT,,2025-05-01,prime facility care,False
TXN000855,ERP_EXPORT,SUP0013,Adept Partners,Professional Services,Marketing,83079.32,INR,,OFF_CONTRACT,,2026-01-09,adept partners,False
TXN000857,ERP_EXPORT,SUP0023,FleetBridge Cargo,Logistics & Freight,R&D,15033.62,INR,,OFF_CONTRACT,,2025-08-05,fleetbridge cargo,False
TXN000858,ERP_EXPORT,SUP0011,Sterling Advisory,Professional Services,Marketing,139134.06,INR,CTR0004,ON_CONTRACT,,2025-04-03,sterling advisory,False
TXN000860,ERP_EXPORT,SUP0005,Cloudspan Software,It Software & Licences,It,21899.41,INR,CTR0002,ON_CONTRACT,,2025-10-26,cloudspan software,False
TXN000861,ERP_EXPORT,SUP0011,Sterling Advisory,Professional Services,Facilities,202860.8,INR,CTR0004,ON_CONTRACT,REQ00686,2025-09-04,sterling advisory,False
TXN000863,ERP_EXPORT,SUP0027,Orion Office Supplies Ltd,Office Supplies,Finance,14060.98,INR,,OFF_CONTRACT,,2026-03-27,orion office supplies,False
TXN000864,ERP_EXPORT,SUP0001,Nexa Technologies Pvt Ltd,It Hardware,Finance,93318.23,INR,CTR0001,ON_CONTRACT,REQ00304,2025-11-05,nexa technologies,False
TXN000866,ERP_EXPORT,SUP0016,Prime Facility Care,Facilities Maintenance,Logistics,43578.42,INR,CTR0006,ON_CONTRACT,,2025-10-05,prime facility care,False
TXN000867,ERP_EXPORT,SUP0016,Prime Facility Care,Facilities Maintenance,Facilities,19314.41,INR,CTR0006,ON_CONTRACT,,2025-07-14,prime facility care,False
TXN000868,ERP_EXPORT,SUP0009,Paperline Traders,Office Supplies,Logistics,6184.35,INR,,OFF_CONTRACT,,2026-01-23,paperline traders,False
TXN000869,ERP_EXPORT,SUP0011,Sterling Advisory,Professional Services,Human Resources,220974.98,INR,CTR0004,ON_CONTRACT,REQ00434,2025-08-20,sterling advisory,False
TXN000870,ERP_EXPORT,SUP0001,Nexa Technologies Pvt Ltd,It Hardware,Logistics,171647.9,INR,CTR0001,ON_CONTRACT,REQ00850,2025-06-02,nexa technologies,False
TXN000872,ERP_EXPORT,SUP0005,Cloudspan Software,It Software & Licences,Facilities,43428.19,INR,CTR0002,ON_CONTRACT,REQ00283,2025-05-28,cloudspan software,False
TXN000874,ERP_EXPORT,SUP0008,Orion Office Supplies,Office Supplies,It,11400.89,INR,CTR0003,ON_CONTRACT,REQ00065,2025-04-12,orion office supplies,False
TXN000876,ERP_EXPORT,SUP0022,Transcore Logistics,Logistics & Freight,Human Resources,24960.67,INR,CTR0008,ON_CONTRACT,REQ00267,2025-07-26,transcore logistics,False
TXN000877,ERP_EXPORT,SUP0022,Transcore Logistics,Logistics & Freight,It,71425.69,INR,CTR0008,ON_CONTRACT,REQ00292,2025-11-20,transcore logistics,False
TXN000878,ERP_EXPORT,SUP0008,Orion Office Supplies,Office Supplies,Human Resources,17155.25,INR,CTR0003,ON_CONTRACT,REQ00180,2026-03-29,orion office supplies,False
TXN000879,ERP_EXPORT,SUP0008,Orion Office Supplies,Office Supplies,Finance,2623.21,INR,CTR0003,ON_CONTRACT,,2025-11-12,orion office supplies,False
TXN000880,ERP_EXPORT,SUP0014,Skyroute Travel,Travel,It,26201.72,INR,CTR0005,ON_CONTRACT,,2025-09-24,skyroute travel,False
TXN000881,ERP_EXPORT,SUP0008,Orion Office Supplies,Office Supplies,Marketing,7314.72,INR,CTR0003,ON_CONTRACT,REQ00125,2025-04-13,orion office supplies,False
TXN000883,ERP_EXPORT,SUP0016,Prime Facility Care,Facilities Maintenance,Human Resources,11182.63,INR,CTR0006,ON_CONTRACT,,2026-01-19,prime facility care,False
TXN000884,ERP_EXPORT,SUP0027,Orion Office Supplies Ltd,Office Supplies,Facilities,4394.5,INR,,OFF_CONTRACT,,2025-04-21,orion office supplies,False
TXN000885,ERP_EXPORT,SUP0008,Orion Office Supplies,Office Supplies,It,20398.07,INR,CTR0003,ON_CONTRACT,REQ00862,2025-07-22,orion office supplies,False
TXN000886,ERP_EXPORT,SUP0022,Transcore Logistics,Logistics & Freight,Operations,26819.21,INR,CTR0008,ON_CONTRACT,,2025-07-23,transcore logistics,False
TXN000887,ERP_EXPORT,SUP0014,Skyroute Travel,Travel,Logistics,61525.18,INR,CTR0005,ON_CONTRACT,,2025-05-15,skyroute travel,False
TXN000888,ERP_EXPORT,SUP0019,Lumen Creative,Marketing Services,It,53345.59,INR,CTR0007,ON_CONTRACT,,2025-10-02,lumen creative,False
TXN000892,ERP_EXPORT,SUP0028,ORION OFFICE SUPPLIES,Office Supplies,Operations,21681.02,INR,,OFF_CONTRACT,REQ00889,2025-12-25,orion office supplies,False
TXN000894,ERP_EXPORT,SUP0014,Skyroute Travel,Travel,Marketing,40569.05,INR,CTR0005,ON_CONTRACT,REQ00853,2025-10-13,skyroute travel,False
TXN000895,ERP_EXPORT,SUP0014,Skyroute Travel,Travel,Human Resources,62782.98,INR,CTR0005,ON_CONTRACT,,2025-09-03,skyroute travel,False
TXN000896,ERP_EXPORT,SUP0022,Transcore Logistics,Logistics & Freight,It,29013.7,INR,CTR0008,ON_CONTRACT,,2025-06-18,transcore logistics,False
TXN000899,ERP_EXPORT,SUP0016,Prime Facility Care,Facilities Maintenance,Human Resources,10780.12,INR,CTR0006,ON_CONTRACT,,2025-11-30,prime facility care,False
TXN000901,ERP_EXPORT,SUP0008,Orion Office Supplies,Office Supplies,Finance,6781.38,INR,CTR0003,ON_CONTRACT,REQ00365,2025-04-25,orion office supplies,False
TXN000904,ERP_EXPORT,SUP0016,Prime Facility Care,Facilities Maintenance,Marketing,44982.49,INR,CTR0006,ON_CONTRACT,REQ00531,2025-08-23,prime facility care,False
TXN000905,ERP_EXPORT,SUP0017,GreenEdge Services,Facilities Maintenance,Marketing,35285.47,INR,,OFF_CONTRACT,REQ00159,2025-12-14,greenedge services,False
TXN000907,ERP_EXPORT,SUP0027,Orion Office Supplies Ltd,Office Supplies,Finance,20801.2,INR,,OFF_CONTRACT,REQ00453,2026-01-31,orion office supplies,False
TXN000908,ERP_EXPORT,SUP0016,Prime Facility Care,Facilities Maintenance,Facilities,30509.04,INR,CTR0006,ON_CONTRACT,REQ00878,2026-03-22,prime facility care,False
TXN000909,ERP_EXPORT,SUP0008,Orion Office Supplies,Office Supplies,Operations,7966.74,INR,CTR0003,ON_CONTRACT,REQ00081,2025-11-04,orion office supplies,False
TXN000912,ERP_EXPORT,SUP0007,Meridian Softworks,It Software & Licences,Operations,43146.68,INR,,NO_CONTRACT,REQ00360,2025-04-15,meridian softworks,False
TXN000914,ERP_EXPORT,SUP0011,Sterling Advisory,Professional Services,It,125976.45,INR,CTR0004,ON_CONTRACT,REQ00733,2025-07-08,sterling advisory,False
TXN000916,ERP_EXPORT,SUP0013,Adept Partners,Professional Services,Marketing,131586.57,INR,,OFF_CONTRACT,REQ00110,2025-07-02,adept partners,False
TXN000917,ERP_EXPORT,SUP0017,GreenEdge Services,Facilities Maintenance,Operations,27667.95,INR,,OFF_CONTRACT,REQ00780,2025-09-08,greenedge services,False
TXN000918,ERP_EXPORT,SUP0005,Cloudspan Software,It Software & Licences,Logistics,114587.6,INR,CTR0002,ON_CONTRACT,,2026-03-27,cloudspan software,False
TXN000919,ERP_EXPORT,SUP0014,Skyroute Travel,Travel,Finance,70615.68,INR,CTR0005,ON_CONTRACT,REQ00395,2025-08-24,skyroute travel,False
TXN000920,ERP_EXPORT,SUP0022,Transcore Logistics,Logistics & Freight,Logistics,23629.39,INR,CTR0008,ON_CONTRACT,REQ00418,2025-08-27,transcore logistics,False
TXN000921,ERP_EXPORT,SUP0019,Lumen Creative,Marketing Services,Logistics,141585.52,INR,CTR0007,ON_CONTRACT,,2025-10-06,lumen creative,False
TXN000923,ERP_EXPORT,SUP0005,Cloudspan Software,It Software & Licences,Operations,108927.98,INR,CTR0002,ON_CONTRACT,REQ00610,2025-10-24,cloudspan software,False
TXN000924,ERP_EXPORT,SUP0005,Cloudspan Software,It Software & Licences,Logistics,98984.8,INR,CTR0002,ON_CONTRACT,REQ00731,2026-01-23,cloudspan software,False
TXN000925,ERP_EXPORT,SUP0015,Voyager Corporate Travel,Travel,R&D,42867.51,INR,,OFF_CONTRACT,,2025-12-18,voyager corporate travel,False
TXN000926,ERP_EXPORT,SUP0014,Skyroute Travel,Travel,Facilities,9842.48,INR,CTR0005,ON_CONTRACT,REQ00510,2025-07-28,skyroute travel,False
TXN000929,ERP_EXPORT,SUP0014,Skyroute Travel,Travel,Human Resources,59945.21,INR,CTR0005,ON_CONTRACT,REQ00829,2026-01-02,skyroute travel,False
TXN000931,ERP_EXPORT,SUP0022,Transcore Logistics,Logistics & Freight,Human Resources,23566.55,INR,CTR0008,ON_CONTRACT,,2025-06-24,transcore logistics,False
TXN000932,ERP_EXPORT,SUP0022,Transcore Logistics,Logistics & Freight,R&D,81299.21,INR,CTR0008,ON_CONTRACT,REQ00113,2026-01-17,transcore logistics,False
TXN000934,ERP_EXPORT,SUP0019,Lumen Creative,Marketing Services,Human Resources,93596.63,INR,CTR0007,ON_CONTRACT,REQ00029,2026-01-28,lumen creative,False
TXN000935,ERP_EXPORT,SUP0001,Nexa Technologies Pvt Ltd,It Hardware,It,51610.29,INR,CTR0001,ON_CONTRACT,,2026-02-15,nexa technologies,False
TXN000936,ERP_EXPORT,SUP0016,Prime Facility Care,Facilities Maintenance,Finance,26338.44,INR,CTR0006,ON_CONTRACT,REQ00058,2026-03-05,prime facility care,False
TXN000938,ERP_EXPORT,SUP0016,Prime Facility Care,Facilities Maintenance,It,64857.93,INR,CTR0006,ON_CONTRACT,REQ00885,2025-11-03,prime facility care,False
TXN000943,ERP_EXPORT,SUP0005,Cloudspan Software,It Software & Licences,R&D,83399.14,INR,CTR0002,ON_CONTRACT,REQ00815,2025-05-10,cloudspan software,False
TXN000944,ERP_EXPORT,SUP0014,Skyroute Travel,Travel,Finance,76038.83,INR,CTR0005,ON_CONTRACT,REQ00412,2025-08-07,skyroute travel,False
TXN000945,ERP_EXPORT,SUP0022,Transcore Logistics,Logistics & Freight,It,29132.97,INR,CTR0008,ON_CONTRACT,,2025-12-21,transcore logistics,False
TXN000946,ERP_EXPORT,SUP0008,Orion Office Supplies,Office Supplies,Logistics,2252.9,INR,CTR0003,ON_CONTRACT,REQ00654,2025-12-29,orion office supplies,False
TXN000948,ERP_EXPORT,SUP0015,Voyager Corporate Travel,Travel,Facilities,81801.53,INR,,OFF_CONTRACT,,2025-10-29,voyager corporate travel,False
TXN000949,ERP_EXPORT,SUP0014,Skyroute Travel,Travel,Operations,79658.99,INR,CTR0005,ON_CONTRACT,REQ00117,2025-06-16,skyroute travel,False
TXN000951,ERP_EXPORT,SUP0019,Lumen Creative,Marketing Services,Marketing,104072.36,INR,CTR0007,ON_CONTRACT,REQ00030,2025-08-11,lumen creative,False
TXN000952,ERP_EXPORT,SUP0014,Skyroute Travel,Travel,It,62533.01,INR,CTR0005,ON_CONTRACT,,2025-12-05,skyroute travel,False
TXN000956,ERP_EXPORT,SUP0006,Vertex Licensing,It Software & Licences,R&D,55229.55,INR,,NO_CONTRACT,,2025-07-30,vertex licensing,False
TXN000957,ERP_EXPORT,SUP0019,Lumen Creative,Marketing Services,Operations,92648.48,INR,CTR0007,ON_CONTRACT,,2025-11-12,lumen creative,False
TXN000958,ERP_EXPORT,SUP0019,Lumen Creative,Marketing Services,Logistics,26575.24,INR,CTR0007,ON_CONTRACT,REQ00717,2025-05-28,lumen creative,False
TXN000959,ERP_EXPORT,SUP0016,Prime Facility Care,Facilities Maintenance,Operations,19977.0,INR,CTR0006,ON_CONTRACT,,2025-06-14,prime facility care,False
TXN000960,ERP_EXPORT,SUP0016,Prime Facility Care,Facilities Maintenance,Human Resources,54282.02,INR,CTR0006,ON_CONTRACT,REQ00621,2025-04-18,prime facility care,False
TXN000962,ERP_EXPORT,SUP0018,Urban Upkeep,Facilities Maintenance,Operations,46189.13,INR,,OFF_CONTRACT,,2025-10-16,urban upkeep,False
TXN000967,ERP_EXPORT,SUP0016,Prime Facility Care,Facilities Maintenance,It,53142.75,INR,CTR0006,ON_CONTRACT,,2025-07-04,prime facility care,False
TXN000968,ERP_EXPORT,SUP0022,Transcore Logistics,Logistics & Freight,Operations,36661.1,INR,CTR0008,ON_CONTRACT,,2025-09-08,transcore logistics,False
TXN000969,ERP_EXPORT,SUP0005,Cloudspan Software,It Software & Licences,Marketing,74472.49,INR,CTR0002,ON_CONTRACT,,2026-03-18,cloudspan software,False
TXN000970,ERP_EXPORT,SUP0020,BrightArc Media,Marketing Services,Marketing,86647.06,INR,,OFF_CONTRACT,REQ00704,2026-01-29,brightarc media,False
TXN000971,ERP_EXPORT,SUP0016,Prime Facility Care,Facilities Maintenance,Finance,49820.27,INR,CTR0006,ON_CONTRACT,REQ00898,2025-10-11,prime facility care,False
TXN000972,ERP_EXPORT,SUP0011,Sterling Advisory,Professional Services,Operations,236734.25,INR,CTR0004,ON_CONTRACT,,2025-11-23,sterling advisory,False
TXN000975,ERP_EXPORT,SUP0001,Nexa Technologies Pvt Ltd,It Hardware,Logistics,29833.39,INR,CTR0001,ON_CONTRACT,,2025-12-10,nexa technologies,False
TXN000976,ERP_EXPORT,SUP0005,Cloudspan Software,It Software & Licences,Human Resources,42537.72,INR,CTR0002,ON_CONTRACT,REQ00507,2025-10-13,cloudspan software,False
TXN000977,ERP_EXPORT,SUP0008,Orion Office Supplies,Office Supplies,Operations,15686.79,INR,CTR0003,ON_CONTRACT,,2025-08-23,orion office supplies,False
TXN000978,ERP_EXPORT,SUP0011,Sterling Advisory,Professional Services,Marketing,50799.42,INR,CTR0004,ON_CONTRACT,REQ00269,2025-07-30,sterling advisory,False
TXN000979,ERP_EXPORT,SUP0023,FleetBridge Cargo,Logistics & Freight,Logistics,53198.4,INR,,OFF_CONTRACT,REQ00481,2025-06-08,fleetbridge cargo,False
TXN000981,ERP_EXPORT,SUP0001,Nexa Technologies Pvt Ltd,It Hardware,Finance,76807.8,INR,CTR0001,ON_CONTRACT,,2026-03-10,nexa technologies,False
TXN000982,ERP_EXPORT,SUP0001,Nexa Technologies Pvt Ltd,It Hardware,R&D,144491.39,INR,CTR0001,ON_CONTRACT,REQ00405,2026-03-10,nexa technologies,False
TXN000985,ERP_EXPORT,SUP0019,Lumen Creative,Marketing Services,It,121946.43,INR,CTR0007,ON_CONTRACT,,2025-12-12,lumen creative,False
TXN000986,ERP_EXPORT,SUP0015,Voyager Corporate Travel,Travel,It,48630.29,INR,,OFF_CONTRACT,,2025-08-14,voyager corporate travel,False
TXN000987,ERP_EXPORT,SUP0016,Prime Facility Care,Facilities Maintenance,Logistics,51304.14,INR,CTR0006,ON_CONTRACT,,2025-06-17,prime facility care,False
TXN000988,ERP_EXPORT,SUP0022,Transcore Logistics,Logistics & Freight,Operations,48090.67,INR,CTR0008,ON_CONTRACT,REQ00482,2025-08-12,transcore logistics,False
TXN000989,ERP_EXPORT,SUP0008,Orion Office Supplies,Office Supplies,Logistics,7667.25,INR,CTR0003,ON_CONTRACT,REQ00366,2026-03-30,orion office supplies,False
TXN000990,ERP_EXPORT,SUP0022,Transcore Logistics,Logistics & Freight,Marketing,79985.49,INR,CTR0008,ON_CONTRACT,REQ00096,2025-07-14,transcore logistics,False
TXN000991,ERP_EXPORT,SUP0014,Skyroute Travel,Travel,Human Resources,73552.1,INR,CTR0005,ON_CONTRACT,,2026-03-06,skyroute travel,False
TXN000996,ERP_EXPORT,SUP0001,Nexa Technologies Pvt Ltd,It Hardware,Logistics,39195.22,INR,CTR0001,ON_CONTRACT,REQ00750,2026-01-17,nexa technologies,False
TXN000997,ERP_EXPORT,SUP0008,Orion Office Supplies,Office Supplies,Human Resources,23098.21,INR,CTR0003,ON_CONTRACT,REQ00057,2025-05-07,orion office supplies,False
TXN000998,ERP_EXPORT,SUP0019,Lumen Creative,Marketing Services,Operations,39154.61,INR,CTR0007,ON_CONTRACT,,2025-10-22,lumen creative,False
TXN000999,ERP_EXPORT,SUP0005,Cloudspan Software,It Software & Licences,R&D,114774.92,INR,CTR0002,ON_CONTRACT,,2025-08-24,cloudspan software,False
TXN001000,ERP_EXPORT,SUP0008,Orion Office Supplies,Office Supplies,R&D,12258.13,INR,CTR0003,ON_CONTRACT,,2025-09-06,orion office supplies,False
TXN001001,ERP_EXPORT,SUP0008,Orion Office Supplies,Office Supplies,Finance,6258.06,INR,CTR0003,ON_CONTRACT,REQ00502,2025-11-15,orion office supplies,False
TXN001002,ERP_EXPORT,SUP0019,Lumen Creative,Marketing Services,R&D,95866.13,INR,CTR0007,ON_CONTRACT,REQ00433,2025-10-06,lumen creative,False
TXN001003,ERP_EXPORT,SUP0008,Orion Office Supplies,Office Supplies,It,22077.75,INR,CTR0003,ON_CONTRACT,REQ00475,2026-03-13,orion office supplies,False
TXN001005,ERP_EXPORT,SUP0014,Skyroute Travel,Travel,Human Resources,74138.01,INR,CTR0005,ON_CONTRACT,,2025-12-24,skyroute travel,False
TXN001006,ERP_EXPORT,SUP0019,Lumen Creative,Marketing Services,Facilities,112229.67,INR,CTR0007,ON_CONTRACT,,2025-12-19,lumen creative,False
TXN001007,ERP_EXPORT,SUP0005,Cloudspan Software,It Software & Licences,Logistics,87689.04,INR,CTR0002,ON_CONTRACT,,2026-01-17,cloudspan software,False
TXN001008,ERP_EXPORT,SUP0014,Skyroute Travel,Travel,It,77634.04,INR,CTR0005,ON_CONTRACT,REQ00678,2025-11-23,skyroute travel,False
TXN001009,ERP_EXPORT,SUP0027,Orion Office Supplies Ltd,Office Supplies,R&D,7742.36,INR,,OFF_CONTRACT,,2025-08-31,orion office supplies,False
TXN001010,ERP_EXPORT,SUP0016,Prime Facility Care,Facilities Maintenance,Logistics,39365.5,INR,CTR0006,ON_CONTRACT,,2025-08-14,prime facility care,False
TXN001011,ERP_EXPORT,SUP0016,Prime Facility Care,Facilities Maintenance,Facilities,23272.57,INR,CTR0006,ON_CONTRACT,,2026-02-04,prime facility care,False
TXN001012,ERP_EXPORT,SUP0014,Skyroute Travel,Travel,It,88988.78,INR,CTR0005,ON_CONTRACT,REQ00120,2025-04-07,skyroute travel,False
TXN001013,ERP_EXPORT,SUP0008,Orion Office Supplies,Office Supplies,R&D,23713.36,INR,CTR0003,ON_CONTRACT,,2026-02-03,orion office supplies,False
TXN001015,ERP_EXPORT,SUP0019,Lumen Creative,Marketing Services,It,118780.52,INR,CTR0007,ON_CONTRACT,REQ00836,2025-04-09,lumen creative,False
TXN001016,ERP_EXPORT,SUP0011,Sterling Advisory,Professional Services,Marketing,234302.15,INR,CTR0004,ON_CONTRACT,,2025-11-10,sterling advisory,False
TXN001019,ERP_EXPORT,SUP0011,Sterling Advisory,Professional Services,R&D,232252.54,INR,CTR0004,ON_CONTRACT,REQ00009,2025-05-23,sterling advisory,False
TXN001021,ERP_EXPORT,SUP0022,Transcore Logistics,Logistics & Freight,It,69885.88,INR,CTR0008,ON_CONTRACT,REQ00324,2026-01-09,transcore logistics,False
TXN001023,ERP_EXPORT,SUP0008,Orion Office Supplies,Office Supplies,Finance,23261.11,INR,CTR0003,ON_CONTRACT,REQ00520,2025-07-22,orion office supplies,False
TXN001026,ERP_EXPORT,SUP0022,Transcore Logistics,Logistics & Freight,Logistics,51359.78,INR,CTR0008,ON_CONTRACT,REQ00215,2026-01-11,transcore logistics,False
TXN001028,ERP_EXPORT,SUP0003,BluePeak Systems,It Hardware,Operations,155905.16,INR,,NO_CONTRACT,REQ00230,2025-12-06,bluepeak systems,False
TXN001032,ERP_EXPORT,SUP0005,Cloudspan Software,It Software & Licences,Operations,77608.34,INR,CTR0002,ON_CONTRACT,,2025-06-20,cloudspan software,False
TXN001034,ERP_EXPORT,SUP0008,Orion Office Supplies,Office Supplies,Marketing,4773.04,INR,CTR0003,ON_CONTRACT,REQ00207,2025-11-11,orion office supplies,False
TXN001035,ERP_EXPORT,SUP0019,Lumen Creative,Marketing Services,Logistics,30773.45,INR,CTR0007,ON_CONTRACT,REQ00518,2025-06-27,lumen creative,False
TXN001038,ERP_EXPORT,SUP0017,GreenEdge Services,Facilities Maintenance,It,53486.01,INR,,OFF_CONTRACT,,2025-12-21,greenedge services,False
TXN001039,ERP_EXPORT,SUP0005,Cloudspan Software,It Software & Licences,Marketing,21862.42,INR,CTR0002,ON_CONTRACT,REQ00403,2025-04-19,cloudspan software,False
TXN001042,ERP_EXPORT,SUP0008,Orion Office Supplies,Office Supplies,Operations,20186.63,INR,CTR0003,ON_CONTRACT,,2026-02-14,orion office supplies,False
TXN001044,ERP_EXPORT,SUP0005,Cloudspan Software,It Software & Licences,Marketing,80718.59,INR,CTR0002,ON_CONTRACT,REQ00554,2025-08-24,cloudspan software,False
TXN001045,ERP_EXPORT,SUP0011,Sterling Advisory,Professional Services,Finance,226055.33,INR,CTR0004,ON_CONTRACT,,2025-06-21,sterling advisory,False
TXN001049,ERP_EXPORT,SUP0008,Orion Office Supplies,Office Supplies,Operations,22012.27,INR,CTR0003,ON_CONTRACT,REQ00529,2026-01-24,orion office supplies,False
TXN001050,ERP_EXPORT,SUP0012,Cobalt Consulting,Professional Services,Marketing,44466.58,INR,,OFF_CONTRACT,,2025-10-28,cobalt consulting,False
TXN001051,ERP_EXPORT,SUP0005,Cloudspan Software,It Software & Licences,Marketing,106843.68,INR,CTR0002,ON_CONTRACT,REQ00457,2025-05-10,cloudspan software,False
TXN001052,ERP_EXPORT,SUP0016,Prime Facility Care,Facilities Maintenance,R&D,41736.23,INR,CTR0006,ON_CONTRACT,,2026-01-25,prime facility care,False
TXN001054,ERP_EXPORT,SUP0008,Orion Office Supplies,Office Supplies,Logistics,20372.01,INR,CTR0003,ON_CONTRACT,REQ00722,2025-12-19,orion office supplies,False
TXN001055,ERP_EXPORT,SUP0005,Cloudspan Software,It Software & Licences,It,119783.08,INR,CTR0002,ON_CONTRACT,,2026-01-12,cloudspan software,False
TXN001057,ERP_EXPORT,SUP0015,Voyager Corporate Travel,Travel,It,70909.44,INR,,OFF_CONTRACT,,2025-06-12,voyager corporate travel,False
TXN001059,ERP_EXPORT,SUP0001,Nexa Technologies Pvt Ltd,It Hardware,It,99380.72,INR,CTR0001,ON_CONTRACT,REQ00587,2025-09-06,nexa technologies,False
TXN001060,ERP_EXPORT,SUP0023,FleetBridge Cargo,Logistics & Freight,Marketing,64082.95,INR,,OFF_CONTRACT,,2025-12-15,fleetbridge cargo,False
TXN001061,ERP_EXPORT,SUP0023,FleetBridge Cargo,Logistics & Freight,Finance,84515.2,INR,,OFF_CONTRACT,REQ00640,2026-03-07,fleetbridge cargo,False
TXN001064,ERP_EXPORT,SUP0014,Skyroute Travel,Travel,Facilities,42256.88,INR,CTR0005,ON_CONTRACT,REQ00634,2026-01-03,skyroute travel,False
TXN001065,ERP_EXPORT,SUP0024,Nexa Technologies,It Hardware,Logistics,90310.34,INR,,NO_CONTRACT,REQ00020,2025-06-01,nexa technologies,False
TXN001067,ERP_EXPORT,SUP0022,Transcore Logistics,Logistics & Freight,Finance,31818.5,INR,CTR0008,ON_CONTRACT,REQ00047,2025-12-08,transcore logistics,False
TXN001068,ERP_EXPORT,SUP0001,Nexa Technologies Pvt Ltd,It Hardware,It,42123.49,INR,CTR0001,ON_CONTRACT,,2025-09-10,nexa technologies,False
TXN001069,ERP_EXPORT,SUP0019,Lumen Creative,Marketing Services,Facilities,69647.1,INR,CTR0007,ON_CONTRACT,REQ00293,2025-06-13,lumen creative,False
TXN001070,ERP_EXPORT,SUP0008,Orion Office Supplies,Office Supplies,Human Resources,8606.5,INR,CTR0003,ON_CONTRACT,,2026-03-14,orion office supplies,False
TXN001072,ERP_EXPORT,SUP0019,Lumen Creative,Marketing Services,Finance,52705.09,INR,CTR0007,ON_CONTRACT,REQ00848,2025-06-01,lumen creative,False
TXN001074,ERP_EXPORT,SUP0020,BrightArc Media,Marketing Services,Logistics,22502.35,INR,,OFF_CONTRACT,,2025-05-04,brightarc media,False
TXN001076,ERP_EXPORT,SUP0008,Orion Office Supplies,Office Supplies,Facilities,11838.78,INR,CTR0003,ON_CONTRACT,,2025-12-13,orion office supplies,False
TXN001077,ERP_EXPORT,SUP0011,Sterling Advisory,Professional Services,Marketing,120708.6,INR,CTR0004,ON_CONTRACT,,2026-01-01,sterling advisory,False
TXN001078,ERP_EXPORT,SUP0021,Pulse Marketing Co,Marketing Services,It,115150.62,INR,,OFF_CONTRACT,,2026-02-12,pulse marketing,False
TXN001079,ERP_EXPORT,SUP0014,Skyroute Travel,Travel,It,25896.82,INR,CTR0005,ON_CONTRACT,,2025-12-03,skyroute travel,False
TXN001081,ERP_EXPORT,SUP0011,Sterling Advisory,Professional Services,It,205132.45,INR,CTR0004,ON_CONTRACT,REQ00547,2026-01-14,sterling advisory,False
TXN001082,ERP_EXPORT,SUP0005,Cloudspan Software,It Software & Licences,Facilities,24388.16,INR,CTR0002,ON_CONTRACT,,2026-01-10,cloudspan software,False
TXN001085,ERP_EXPORT,SUP0001,Nexa Technologies Pvt Ltd,It Hardware,It,171433.46,INR,CTR0001,ON_CONTRACT,,2025-10-29,nexa technologies,False
TXN001087,ERP_EXPORT,SUP0022,Transcore Logistics,Logistics & Freight,R&D,62913.15,INR,CTR0008,ON_CONTRACT,,2025-10-01,transcore logistics,False
TXN001090,ERP_EXPORT,SUP0014,Skyroute Travel,Travel,Logistics,26997.08,INR,CTR0005,ON_CONTRACT,,2025-04-19,skyroute travel,False
TXN001092,ERP_EXPORT,SUP0022,Transcore Logistics,Logistics & Freight,Marketing,65920.67,INR,CTR0008,ON_CONTRACT,REQ00132,2025-05-04,transcore logistics,False
TXN001093,ERP_EXPORT,SUP0008,Orion Office Supplies,Office Supplies,Operations,15977.95,INR,CTR0003,ON_CONTRACT,,2025-08-19,orion office supplies,False
TXN001096,ERP_EXPORT,SUP0005,Cloudspan Software,It Software & Licences,Finance,33535.44,INR,CTR0002,ON_CONTRACT,REQ00045,2025-07-24,cloudspan software,False
TXN001097,ERP_EXPORT,SUP0001,Nexa Technologies Pvt Ltd,It Hardware,Logistics,59175.36,INR,CTR0001,ON_CONTRACT,REQ00402,2025-07-09,nexa technologies,False
TXN001098,ERP_EXPORT,SUP0016,Prime Facility Care,Facilities Maintenance,It,21186.3,INR,CTR0006,ON_CONTRACT,,2025-07-25,prime facility care,False
TXN001099,ERP_EXPORT,SUP0019,Lumen Creative,Marketing Services,Finance,129141.83,INR,CTR0007,ON_CONTRACT,REQ00642,2026-02-15,lumen creative,False
TXN001100,ERP_EXPORT,SUP0005,Cloudspan Software,It Software & Licences,It,51763.15,INR,CTR0002,ON_CONTRACT,,2026-02-15,cloudspan software,False
TXN001101,ERP_EXPORT,SUP0016,Prime Facility Care,Facilities Maintenance,Operations,13470.56,INR,CTR0006,ON_CONTRACT,,2025-04-28,prime facility care,False
TXN001102,ERP_EXPORT,SUP0016,Prime Facility Care,Facilities Maintenance,Facilities,68146.16,INR,CTR0006,ON_CONTRACT,,2026-02-12,prime facility care,False
TXN001103,ERP_EXPORT,SUP0023,FleetBridge Cargo,Logistics & Freight,Facilities,85354.23,INR,,OFF_CONTRACT,,2025-04-18,fleetbridge cargo,False
TXN001106,ERP_EXPORT,SUP0005,Cloudspan Software,It Software & Licences,It,33259.0,INR,CTR0002,ON_CONTRACT,REQ00476,2025-11-06,cloudspan software,False
TXN001108,ERP_EXPORT,SUP0011,Sterling Advisory,Professional Services,Facilities,199230.08,INR,CTR0004,ON_CONTRACT,,2025-07-09,sterling advisory,False
TXN001109,ERP_EXPORT,SUP0008,Orion Office Supplies,Office Supplies,R&D,18008.47,INR,CTR0003,ON_CONTRACT,REQ00636,2025-11-14,orion office supplies,False
TXN001113,ERP_EXPORT,SUP0001,Nexa Technologies Pvt Ltd,It Hardware,Operations,59691.73,INR,CTR0001,ON_CONTRACT,,2025-07-13,nexa technologies,False
TXN001115,ERP_EXPORT,SUP0016,Prime Facility Care,Facilities Maintenance,Marketing,45576.4,INR,CTR0006,ON_CONTRACT,REQ00898,2025-04-22,prime facility care,False
TXN001116,ERP_EXPORT,SUP0022,Transcore Logistics,Logistics & Freight,Operations,60147.16,INR,CTR0008,ON_CONTRACT,,2025-11-25,transcore logistics,False
TXN001118,ERP_EXPORT,SUP0016,Prime Facility Care,Facilities Maintenance,Facilities,62647.65,INR,CTR0006,ON_CONTRACT,REQ00451,2025-07-09,prime facility care,False
TXN001119,ERP_EXPORT,SUP0016,Prime Facility Care,Facilities Maintenance,Operations,25936.0,INR,CTR0006,ON_CONTRACT,REQ00225,2025-08-13,prime facility care,False
TXN001120,ERP_EXPORT,SUP0008,Orion Office Supplies,Office Supplies,Marketing,4978.84,INR,CTR0003,ON_CONTRACT,REQ00181,2025-08-13,orion office supplies,False
TXN001123,ERP_EXPORT,SUP0019,Lumen Creative,Marketing Services,Marketing,140697.87,INR,CTR0007,ON_CONTRACT,,2025-07-08,lumen creative,False
TXN001124,ERP_EXPORT,SUP0019,Lumen Creative,Marketing Services,R&D,133332.25,INR,CTR0007,ON_CONTRACT,,2025-08-04,lumen creative,False
TXN001125,ERP_EXPORT,SUP0024,Nexa Technologies,It Hardware,Human Resources,126562.51,INR,,NO_CONTRACT,,2025-09-15,nexa technologies,False
TXN001127,ERP_EXPORT,SUP0022,Transcore Logistics,Logistics & Freight,Logistics,481379.92,INR,CTR0008,ON_CONTRACT,,2026-02-09,transcore logistics,False
TXN001128,ERP_EXPORT,SUP0005,Cloudspan Software,It Software & Licences,Finance,57887.59,INR,CTR0002,ON_CONTRACT,REQ00476,2025-07-01,cloudspan software,True
TXN001129,ERP_EXPORT,SUP0016,Prime Facility Care,Facilities Maintenance,Logistics,32361.31,INR,CTR0006,ON_CONTRACT,,2025-12-10,prime facility care,False
TXN001130,ERP_EXPORT,SUP0022,Transcore Logistics,Logistics & Freight,It,33559.56,INR,CTR0008,ON_CONTRACT,REQ00208,2025-11-18,transcore logistics,False
TXN001131,ERP_EXPORT,SUP0011,Sterling Advisory,Professional Services,R&D,191918.22,INR,CTR0004,ON_CONTRACT,,2025-10-09,sterling advisory,False
TXN001132,ERP_EXPORT,SUP0014,Skyroute Travel,Travel,Facilities,48661.81,INR,CTR0005,ON_CONTRACT,REQ00532,2025-09-28,skyroute travel,False
TXN001133,ERP_EXPORT,SUP0011,Sterling Advisory,Professional Services,Finance,57019.71,INR,CTR0004,ON_CONTRACT,REQ00479,2025-11-08,sterling advisory,False
TXN001134,ERP_EXPORT,SUP0019,Lumen Creative,Marketing Services,Human Resources,50825.65,INR,CTR0007,ON_CONTRACT,REQ00184,2025-11-13,lumen creative,False
TXN001135,ERP_EXPORT,SUP0011,Sterling Advisory,Professional Services,Facilities,183484.34,INR,CTR0004,ON_CONTRACT,REQ00514,2025-12-19,sterling advisory,False
TXN001136,ERP_EXPORT,SUP0005,Cloudspan Software,It Software & Licences,Facilities,22993.74,INR,CTR0002,ON_CONTRACT,REQ00560,2025-07-12,cloudspan software,False
TXN001137,ERP_EXPORT,SUP0016,Prime Facility Care,Facilities Maintenance,Human Resources,61072.41,INR,CTR0006,ON_CONTRACT,,2026-03-16,prime facility care,False
TXN001142,ERP_EXPORT,SUP0001,Nexa Technologies Pvt Ltd,It Hardware,Marketing,78910.43,INR,CTR0001,ON_CONTRACT,REQ00756,2025-04-05,nexa technologies,False
TXN001143,ERP_EXPORT,SUP0023,FleetBridge Cargo,Logistics & Freight,R&D,68275.34,INR,,OFF_CONTRACT,REQ00771,2025-10-24,fleetbridge cargo,False
TXN001144,ERP_EXPORT,SUP0014,Skyroute Travel,Travel,It,54390.02,INR,CTR0005,ON_CONTRACT,,2025-06-18,skyroute travel,False
TXN001146,ERP_EXPORT,SUP0019,Lumen Creative,Marketing Services,Logistics,143008.2,INR,CTR0007,ON_CONTRACT,REQ00584,2025-11-18,lumen creative,False
TXN001147,ERP_EXPORT,SUP0014,Skyroute Travel,Travel,Marketing,73388.93,INR,CTR0005,ON_CONTRACT,REQ00706,2026-02-03,skyroute travel,True
TXN001148,ERP_EXPORT,SUP0022,Transcore Logistics,Logistics & Freight,R&D,66651.5,INR,CTR0008,ON_CONTRACT,REQ00239,2025-08-28,transcore logistics,False
TXN001149,ERP_EXPORT,SUP0005,Cloudspan Software,It Software & Licences,It,104311.08,INR,CTR0002,ON_CONTRACT,REQ00881,2025-10-28,cloudspan software,False
TXN001150,ERP_EXPORT,SUP0019,Lumen Creative,Marketing Services,R&D,141421.19,INR,CTR0007,ON_CONTRACT,REQ00071,2025-10-17,lumen creative,False
TXN001151,ERP_EXPORT,SUP0011,Sterling Advisory,Professional Services,R&D,188756.23,INR,CTR0004,ON_CONTRACT,,2026-03-07,sterling advisory,False
TXN001152,ERP_EXPORT,SUP0022,Transcore Logistics,Logistics & Freight,Human Resources,81472.11,INR,CTR0008,ON_CONTRACT,,2025-12-14,transcore logistics,False
TXN001153,ERP_EXPORT,SUP0022,Transcore Logistics,Logistics & Freight,Marketing,69890.13,INR,CTR0008,ON_CONTRACT,REQ00845,2025-10-22,transcore logistics,False
TXN001158,ERP_EXPORT,SUP0019,Lumen Creative,Marketing Services,Marketing,143321.91,INR,CTR0007,ON_CONTRACT,REQ00644,2026-01-01,lumen creative,False
TXN001159,ERP_EXPORT,SUP0014,Skyroute Travel,Travel,Operations,79491.17,INR,CTR0005,ON_CONTRACT,,2025-10-28,skyroute travel,False
TXN001161,ERP_EXPORT,SUP0011,Sterling Advisory,Professional Services,Facilities,213421.52,INR,CTR0004,ON_CONTRACT,,2026-03-12,sterling advisory,False
TXN001163,ERP_EXPORT,SUP0022,Transcore Logistics,Logistics & Freight,Operations,39814.86,INR,CTR0008,ON_CONTRACT,,2025-11-11,transcore logistics,False
TXN001164,ERP_EXPORT,SUP0008,Orion Office Supplies,Office Supplies,Marketing,19100.69,INR,CTR0003,ON_CONTRACT,REQ00019,2026-02-05,orion office supplies,False
TXN001165,ERP_EXPORT,SUP0005,Cloudspan Software,It Software & Licences,R&D,31879.79,INR,CTR0002,ON_CONTRACT,REQ00688,2025-04-06,cloudspan software,False
TXN001166,ERP_EXPORT,SUP0014,Skyroute Travel,Travel,Operations,75073.3,INR,CTR0005,ON_CONTRACT,,2026-03-12,skyroute travel,False
TXN001167,ERP_EXPORT,SUP0011,Sterling Advisory,Professional Services,Facilities,214748.18,INR,CTR0004,ON_CONTRACT,REQ00316,2025-11-14,sterling advisory,False
TXN001168,ERP_EXPORT,SUP0001,Nexa Technologies Pvt Ltd,It Hardware,R&D,103657.5,INR,CTR0001,ON_CONTRACT,,2025-08-06,nexa technologies,False
TXN001169,ERP_EXPORT,SUP0016,Prime Facility Care,Facilities Maintenance,R&D,10383.15,INR,CTR0006,ON_CONTRACT,REQ00015,2025-09-20,prime facility care,False
TXN001170,ERP_EXPORT,SUP0011,Sterling Advisory,Professional Services,Facilities,100278.01,INR,CTR0004,ON_CONTRACT,,2026-03-07,sterling advisory,False
TXN001171,ERP_EXPORT,SUP0008,Orion Office Supplies,Office Supplies,Facilities,16189.32,INR,CTR0003,ON_CONTRACT,,2025-09-13,orion office supplies,False
TXN001173,ERP_EXPORT,SUP0011,Sterling Advisory,Professional Services,Marketing,172680.84,INR,CTR0004,ON_CONTRACT,REQ00670,2025-09-09,sterling advisory,False
TXN001174,ERP_EXPORT,SUP0001,Nexa Technologies Pvt Ltd,It Hardware,Facilities,65269.56,INR,CTR0001,ON_CONTRACT,,2025-08-21,nexa technologies,False
TXN001177,ERP_EXPORT,SUP0018,Urban Upkeep,Facilities Maintenance,Marketing,56790.72,INR,,OFF_CONTRACT,REQ00651,2026-03-19,urban upkeep,False
TXN001178,ERP_EXPORT,SUP0018,Urban Upkeep,Facilities Maintenance,Finance,16418.84,INR,,OFF_CONTRACT,REQ00600,2025-11-16,urban upkeep,False
TXN001180,ERP_EXPORT,SUP0014,Skyroute Travel,Travel,Operations,52383.86,INR,CTR0005,ON_CONTRACT,,2025-05-01,skyroute travel,False
TXN001181,ERP_EXPORT,SUP0008,Orion Office Supplies,Office Supplies,Marketing,24148.82,INR,CTR0003,ON_CONTRACT,REQ00658,2025-04-20,orion office supplies,False
TXN001184,ERP_EXPORT,SUP0016,Prime Facility Care,Facilities Maintenance,It,65921.69,INR,CTR0006,ON_CONTRACT,,2026-03-07,prime facility care,False
TXN001187,ERP_EXPORT,SUP0011,Sterling Advisory,Professional Services,Operations,184456.0,INR,CTR0004,ON_CONTRACT,REQ00081,2025-11-05,sterling advisory,False
TXN001190,ERP_EXPORT,SUP0019,Lumen Creative,Marketing Services,R&D,119144.09,INR,CTR0007,ON_CONTRACT,REQ00753,2025-11-08,lumen creative,False
TXN001191,ERP_EXPORT,SUP0027,Orion Office Supplies Ltd,Office Supplies,R&D,3549.06,INR,,OFF_CONTRACT,REQ00086,2025-09-01,orion office supplies,False
TXN001192,ERP_EXPORT,SUP0008,Orion Office Supplies,Office Supplies,R&D,15389.92,INR,CTR0003,ON_CONTRACT,REQ00465,2025-08-24,orion office supplies,False
TXN001193,ERP_EXPORT,SUP0019,Lumen Creative,Marketing Services,Finance,68423.63,INR,CTR0007,ON_CONTRACT,REQ00481,2025-07-10,lumen creative,False
TXN001194,ERP_EXPORT,SUP0008,Orion Office Supplies,Office Supplies,Finance,16281.06,INR,CTR0003,ON_CONTRACT,REQ00426,2025-10-20,orion office supplies,False
TXN001195,ERP_EXPORT,SUP0016,Prime Facility Care,Facilities Maintenance,Facilities,12744.52,INR,CTR0006,ON_CONTRACT,REQ00040,2025-06-03,prime facility care,False
TXN001196,ERP_EXPORT,SUP0019,Lumen Creative,Marketing Services,R&D,142015.15,INR,CTR0007,ON_CONTRACT,,2025-09-26,lumen creative,False
TXN001197,ERP_EXPORT,SUP0022,Transcore Logistics,Logistics & Freight,It,92799.58,INR,CTR0008,ON_CONTRACT,,2025-11-04,transcore logistics,False
TXN001198,ERP_EXPORT,SUP0011,Sterling Advisory,Professional Services,Finance,243464.35,INR,CTR0004,ON_CONTRACT,,2026-03-13,sterling advisory,False
TXN001203,ERP_EXPORT,SUP0008,Orion Office Supplies,Office Supplies,R&D,2508.84,INR,CTR0003,ON_CONTRACT,,2025-04-04,orion office supplies,False
TXN001204,ERP_EXPORT,SUP0008,Orion Office Supplies,Office Supplies,R&D,9443.04,INR,CTR0003,ON_CONTRACT,REQ00671,2025-08-26,orion office supplies,False
TXN001205,ERP_EXPORT,SUP0019,Lumen Creative,Marketing Services,Marketing,88410.05,INR,CTR0007,ON_CONTRACT,REQ00187,2025-12-14,lumen creative,False
TXN001208,ERP_EXPORT,SUP0008,Orion Office Supplies,Office Supplies,Facilities,12255.76,INR,CTR0003,ON_CONTRACT,REQ00351,2025-04-16,orion office supplies,False
TXN001211,ERP_EXPORT,SUP0016,Prime Facility Care,Facilities Maintenance,Finance,35570.88,INR,CTR0006,ON_CONTRACT,,2025-08-01,prime facility care,False
TXN001212,ERP_EXPORT,SUP0016,Prime Facility Care,Facilities Maintenance,It,37083.22,INR,CTR0006,ON_CONTRACT,,2025-09-17,prime facility care,False
TXN001219,ERP_EXPORT,SUP0015,Voyager Corporate Travel,Travel,Logistics,61669.92,INR,,OFF_CONTRACT,,2025-12-03,voyager corporate travel,False
TXN001220,ERP_EXPORT,SUP0011,Sterling Advisory,Professional Services,Facilities,97384.5,INR,CTR0004,ON_CONTRACT,REQ00733,2025-04-15,sterling advisory,False
TXN001223,ERP_EXPORT,SUP0013,Adept Partners,Professional Services,Finance,130790.31,INR,,OFF_CONTRACT,REQ00735,2025-10-13,adept partners,False
TXN001224,ERP_EXPORT,SUP0019,Lumen Creative,Marketing Services,Human Resources,152106.23,INR,CTR0007,ON_CONTRACT,REQ00092,2025-09-22,lumen creative,False
TXN001225,ERP_EXPORT,SUP0011,Sterling Advisory,Professional Services,Marketing,128142.74,INR,CTR0004,ON_CONTRACT,,2025-10-12,sterling advisory,False
TXN001226,ERP_EXPORT,SUP0001,Nexa Technologies Pvt Ltd,It Hardware,Operations,123971.52,INR,CTR0001,ON_CONTRACT,,2025-11-03,nexa technologies,False
TXN001228,ERP_EXPORT,SUP0011,Sterling Advisory,Professional Services,Logistics,97585.19,INR,CTR0004,ON_CONTRACT,REQ00836,2025-08-30,sterling advisory,False
TXN001229,ERP_EXPORT,SUP0011,Sterling Advisory,Professional Services,Human Resources,246635.31,INR,CTR0004,ON_CONTRACT,REQ00682,2026-03-26,sterling advisory,False
TXN001230,ERP_EXPORT,SUP0001,Nexa Technologies Pvt Ltd,It Hardware,Facilities,88446.77,INR,CTR0001,ON_CONTRACT,REQ00869,2026-03-28,nexa technologies,False
TXN001231,ERP_EXPORT,SUP0022,Transcore Logistics,Logistics & Freight,Human Resources,86210.23,INR,CTR0008,ON_CONTRACT,,2025-10-10,transcore logistics,False
TXN001232,ERP_EXPORT,SUP0003,BluePeak Systems,It Hardware,Operations,542990.38,INR,,NO_CONTRACT,,2025-07-25,bluepeak systems,False
TXN001233,ERP_EXPORT,SUP0026,Nexa Tech Pvt Ltd,It Hardware,Logistics,58031.23,INR,,NO_CONTRACT,,2025-09-01,nexa tech,False
TXN001234,ERP_EXPORT,SUP0028,ORION OFFICE SUPPLIES,Office Supplies,R&D,2716.08,INR,,OFF_CONTRACT,,2025-09-26,orion office supplies,False
TXN001235,ERP_EXPORT,SUP0019,Lumen Creative,Marketing Services,Human Resources,111233.36,INR,CTR0007,ON_CONTRACT,REQ00200,2026-03-25,lumen creative,False
TXN001236,ERP_EXPORT,SUP0019,Lumen Creative,Marketing Services,It,71593.69,INR,CTR0007,ON_CONTRACT,,2026-03-30,lumen creative,False
TXN001237,ERP_EXPORT,SUP0014,Skyroute Travel,Travel,Marketing,78877.38,INR,CTR0005,ON_CONTRACT,REQ00495,2025-08-28,skyroute travel,False
TXN001239,ERP_EXPORT,SUP0018,Urban Upkeep,Facilities Maintenance,Marketing,68091.61,INR,,OFF_CONTRACT,REQ00438,2026-03-14,urban upkeep,False
TXN001240,ERP_EXPORT,SUP0008,Orion Office Supplies,Office Supplies,Logistics,6267.09,INR,CTR0003,ON_CONTRACT,REQ00054,2025-05-31,orion office supplies,False
TXN001243,ERP_EXPORT,SUP0007,Meridian Softworks,It Software & Licences,Logistics,95946.79,INR,,NO_CONTRACT,REQ00123,2025-05-30,meridian softworks,False
TXN001247,ERP_EXPORT,SUP0019,Lumen Creative,Marketing Services,Logistics,38374.28,INR,CTR0007,ON_CONTRACT,REQ00858,2026-01-25,lumen creative,False
TXN001249,ERP_EXPORT,SUP0008,Orion Office Supplies,Office Supplies,Finance,23179.5,INR,CTR0003,ON_CONTRACT,REQ00132,2026-01-20,orion office supplies,False
TXN001250,ERP_EXPORT,SUP0011,Sterling Advisory,Professional Services,Human Resources,169496.57,INR,CTR0004,ON_CONTRACT,,2025-04-18,sterling advisory,False
TXN001251,ERP_EXPORT,SUP0007,Meridian Softworks,It Software & Licences,Marketing,98636.42,INR,,NO_CONTRACT,REQ00674,2025-04-01,meridian softworks,False
TXN001255,ERP_EXPORT,SUP0008,Orion Office Supplies,Office Supplies,Finance,17768.0,INR,CTR0003,ON_CONTRACT,REQ00747,2026-02-13,orion office supplies,False
TXN001256,ERP_EXPORT,SUP0019,Lumen Creative,Marketing Services,R&D,80242.83,INR,CTR0007,ON_CONTRACT,,2025-06-23,lumen creative,False
TXN001259,ERP_EXPORT,SUP0008,Orion Office Supplies,Office Supplies,R&D,3476.81,INR,CTR0003,ON_CONTRACT,REQ00619,2025-08-05,orion office supplies,False
TXN001260,ERP_EXPORT,SUP0005,Cloudspan Software,It Software & Licences,R&D,76107.0,INR,CTR0002,ON_CONTRACT,REQ00656,2025-05-16,cloudspan software,False
TXN001261,ERP_EXPORT,SUP0017,GreenEdge Services,Facilities Maintenance,Operations,26139.6,INR,,OFF_CONTRACT,REQ00101,2025-10-11,greenedge services,False
TXN001262,ERP_EXPORT,SUP0011,Sterling Advisory,Professional Services,Facilities,207487.41,INR,CTR0004,ON_CONTRACT,REQ00746,2025-09-04,sterling advisory,False
TXN001263,ERP_EXPORT,SUP0022,Transcore Logistics,Uncategorised,Human Resources,37760.04,INR,CTR0008,ON_CONTRACT,,2026-02-06,transcore logistics,False
TXN001264,ERP_EXPORT,SUP0005,Cloudspan Software,It Software & Licences,R&D,62798.12,INR,CTR0002,ON_CONTRACT,REQ00826,2026-03-14,cloudspan software,False
TXN001265,ERP_EXPORT,SUP0019,Lumen Creative,Marketing Services,It,21626.88,INR,CTR0007,ON_CONTRACT,,2025-06-19,lumen creative,False
TXN001266,ERP_EXPORT,SUP0008,Orion Office Supplies,Office Supplies,Human Resources,3666.28,INR,CTR0003,ON_CONTRACT,REQ00743,2026-02-22,orion office supplies,False
TXN001267,ERP_EXPORT,SUP0016,Prime Facility Care,Facilities Maintenance,R&D,33549.61,INR,CTR0006,ON_CONTRACT,,2025-07-03,prime facility care,False
TXN001268,ERP_EXPORT,SUP0023,FleetBridge Cargo,Logistics & Freight,Human Resources,51834.92,INR,,OFF_CONTRACT,,2025-12-23,fleetbridge cargo,False
TXN001270,ERP_EXPORT,SUP0005,Cloudspan Software,It Software & Licences,Facilities,45624.57,INR,CTR0002,ON_CONTRACT,REQ00059,2025-05-14,cloudspan software,False
TXN001271,ERP_EXPORT,SUP0014,Skyroute Travel,Travel,It,64988.51,INR,CTR0005,ON_CONTRACT,,2025-11-04,skyroute travel,False
TXN001272,ERP_EXPORT,SUP0008,Orion Office Supplies,Office Supplies,Facilities,21782.82,INR,CTR0003,ON_CONTRACT,REQ00632,2025-07-07,orion office supplies,False
TXN001274,ERP_EXPORT,SUP0011,Sterling Advisory,Professional Services,Marketing,48319.95,INR,CTR0004,ON_CONTRACT,REQ00053,2025-11-03,sterling advisory,False
TXN001275,ERP_EXPORT,SUP0022,Transcore Logistics,Logistics & Freight,Facilities,51882.08,INR,CTR0008,ON_CONTRACT,REQ00696,2025-08-06,transcore logistics,False
TXN001276,ERP_EXPORT,SUP0005,Cloudspan Software,It Software & Licences,Human Resources,26017.67,INR,CTR0002,ON_CONTRACT,REQ00756,2026-02-18,cloudspan software,False
TXN001277,ERP_EXPORT,SUP0019,Lumen Creative,Marketing Services,It,53886.3,INR,CTR0007,ON_CONTRACT,,2026-02-11,lumen creative,False
TXN001278,ERP_EXPORT,SUP0022,Transcore Logistics,Logistics & Freight,Logistics,93893.0,INR,CTR0008,ON_CONTRACT,REQ00363,2025-05-25,transcore logistics,False
TXN001281,ERP_EXPORT,SUP0011,Sterling Advisory,Professional Services,Finance,169812.7,INR,CTR0004,ON_CONTRACT,REQ00187,2025-12-31,sterling advisory,False
TXN001282,ERP_EXPORT,SUP0014,Skyroute Travel,Travel,Logistics,65602.13,INR,CTR0005,ON_CONTRACT,REQ00363,2025-11-09,skyroute travel,False
TXN001285,ERP_EXPORT,SUP0005,Cloudspan Software,It Software & Licences,Marketing,49278.44,INR,CTR0002,ON_CONTRACT,REQ00783,2025-10-22,cloudspan software,False
TXN001287,ERP_EXPORT,SUP0002,Zenith Computing,It Hardware,Finance,38619.31,INR,,NO_CONTRACT,REQ00612,2025-04-05,zenith computing,False
TXN001288,ERP_EXPORT,SUP0019,Lumen Creative,Marketing Services,Facilities,69087.77,INR,CTR0007,ON_CONTRACT,,2025-08-05,lumen creative,False
TXN001289,ERP_EXPORT,SUP0009,Paperline Traders,Office Supplies,Facilities,2763.67,INR,,OFF_CONTRACT,,2026-03-25,paperline traders,False
TXN001290,ERP_EXPORT,SUP0011,Sterling Advisory,Professional Services,Logistics,56501.48,INR,CTR0004,ON_CONTRACT,,2025-05-23,sterling advisory,False
TXN001292,ERP_EXPORT,SUP0001,Nexa Technologies Pvt Ltd,Uncategorised,Marketing,45570.94,INR,CTR0001,ON_CONTRACT,REQ00632,2025-07-12,nexa technologies,False
TXN001293,ERP_EXPORT,SUP0006,Vertex Licensing,It Software & Licences,Human Resources,74591.79,INR,,NO_CONTRACT,,2025-07-28,vertex licensing,False
TXN001294,ERP_EXPORT,SUP0011,Sterling Advisory,Professional Services,R&D,184787.64,INR,CTR0004,ON_CONTRACT,,2025-09-03,sterling advisory,False
TXN001295,ERP_EXPORT,SUP0005,Cloudspan Software,It Software & Licences,Finance,99061.6,INR,CTR0002,ON_CONTRACT,,2025-08-05,cloudspan software,False
TXN001296,ERP_EXPORT,SUP0016,Prime Facility Care,Facilities Maintenance,It,22009.01,INR,CTR0006,ON_CONTRACT,,2025-09-12,prime facility care,False
TXN001297,ERP_EXPORT,SUP0011,Sterling Advisory,Professional Services,Facilities,75171.34,INR,CTR0004,ON_CONTRACT,REQ00259,2025-12-08,sterling advisory,False
TXN001298,ERP_EXPORT,SUP0016,Prime Facility Care,Facilities Maintenance,It,16274.07,INR,CTR0006,ON_CONTRACT,,2025-06-06,prime facility care,False
TXN001300,ERP_EXPORT,SUP0019,Lumen Creative,Marketing Services,Facilities,118906.6,INR,CTR0007,ON_CONTRACT,REQ00671,2025-07-07,lumen creative,False
TXN001302,ERP_EXPORT,SUP0016,Prime Facility Care,Facilities Maintenance,Operations,66172.73,INR,CTR0006,ON_CONTRACT,REQ00158,2025-04-23,prime facility care,False
TXN001303,ERP_EXPORT,SUP0008,Orion Office Supplies,Office Supplies,Human Resources,3195.34,INR,CTR0003,ON_CONTRACT,,2026-01-12,orion office supplies,False
TXN001307,ERP_EXPORT,SUP0019,Lumen Creative,Marketing Services,Human Resources,119972.17,INR,CTR0007,ON_CONTRACT,REQ00004,2025-06-21,lumen creative,False
TXN001308,ERP_EXPORT,SUP0011,Sterling Advisory,Professional Services,Logistics,208362.9,INR,CTR0004,ON_CONTRACT,REQ00738,2025-12-25,sterling advisory,False
TXN001309,ERP_EXPORT,SUP0014,Skyroute Travel,Travel,Human Resources,35834.92,INR,CTR0005,ON_CONTRACT,,2025-06-27,skyroute travel,False
TXN001310,ERP_EXPORT,SUP0011,Sterling Advisory,Professional Services,It,211113.27,INR,CTR0004,ON_CONTRACT,,2025-08-21,sterling advisory,False
TXN001312,ERP_EXPORT,SUP0005,Cloudspan Software,It Software & Licences,Finance,108955.75,INR,CTR0002,ON_CONTRACT,REQ00723,2026-01-07,cloudspan software,False
TXN001315,ERP_EXPORT,SUP0007,Meridian Softworks,It Software & Licences,Human Resources,62493.42,INR,,NO_CONTRACT,,2026-02-19,meridian softworks,False
TXN001316,ERP_EXPORT,SUP0011,Sterling Advisory,Professional Services,Operations,175151.32,INR,CTR0004,ON_CONTRACT,,2025-10-20,sterling advisory,False
TXN001318,ERP_EXPORT,SUP0008,Orion Office Supplies,Office Supplies,Marketing,18826.56,INR,CTR0003,ON_CONTRACT,,2025-04-11,orion office supplies,False
TXN001319,ERP_EXPORT,SUP0014,Skyroute Travel,Travel,R&D,14693.66,INR,CTR0005,ON_CONTRACT,,2025-07-06,skyroute travel,False
TXN001320,ERP_EXPORT,SUP0005,Cloudspan Software,It Software & Licences,Logistics,21336.97,INR,CTR0002,ON_CONTRACT,,2025-10-24,cloudspan software,False
TXN001324,ERP_EXPORT,SUP0005,Cloudspan Software,It Software & Licences,Logistics,38017.47,INR,CTR0002,ON_CONTRACT,,2025-09-05,cloudspan software,False
TXN001325,ERP_EXPORT,SUP0016,Prime Facility Care,Facilities Maintenance,Human Resources,68551.92,INR,CTR0006,ON_CONTRACT,,2025-06-03,prime facility care,False
TXN001326,ERP_EXPORT,SUP0001,Nexa Technologies Pvt Ltd,It Hardware,Facilities,77218.85,INR,CTR0001,ON_CONTRACT,REQ00857,2025-10-30,nexa technologies,False
TXN001327,ERP_EXPORT,SUP0008,Orion Office Supplies,Office Supplies,Operations,6188.71,INR,CTR0003,ON_CONTRACT,REQ00151,2025-09-28,orion office supplies,False
TXN001329,ERP_EXPORT,SUP0022,Transcore Logistics,Logistics & Freight,Facilities,66672.75,INR,CTR0008,ON_CONTRACT,,2025-08-23,transcore logistics,False
TXN001330,ERP_EXPORT,SUP0016,Prime Facility Care,Facilities Maintenance,Finance,39891.74,INR,CTR0006,ON_CONTRACT,,2025-05-14,prime facility care,False
TXN001331,ERP_EXPORT,SUP0001,Nexa Technologies Pvt Ltd,It Hardware,Finance,111081.35,INR,CTR0001,ON_CONTRACT,,2026-03-14,nexa technologies,False
TXN001334,ERP_EXPORT,SUP0008,Orion Office Supplies,Office Supplies,Logistics,24915.68,INR,CTR0003,ON_CONTRACT,,2025-05-28,orion office supplies,False
TXN001335,ERP_EXPORT,SUP0020,BrightArc Media,Marketing Services,Finance,156471.04,INR,,OFF_CONTRACT,,2025-07-03,brightarc media,False
TXN001336,ERP_EXPORT,SUP0019,Lumen Creative,Marketing Services,Logistics,111045.6,INR,CTR0007,ON_CONTRACT,,2025-10-29,lumen creative,False
TXN001339,ERP_EXPORT,SUP0011,Sterling Advisory,Professional Services,It,55161.67,INR,CTR0004,ON_CONTRACT,REQ00872,2025-04-09,sterling advisory,False
TXN001341,ERP_EXPORT,SUP0008,Orion Office Supplies,Office Supplies,R&D,7926.71,INR,CTR0003,ON_CONTRACT,REQ00848,2025-07-24,orion office supplies,False
TXN001344,ERP_EXPORT,SUP0011,Sterling Advisory,Professional Services,R&D,192705.5,INR,CTR0004,ON_CONTRACT,REQ00187,2025-11-27,sterling advisory,False
TXN001345,ERP_EXPORT,SUP0010,Kanban Stationers,Office Supplies,Finance,435949.01,INR,,OFF_CONTRACT,REQ00661,2026-03-22,kanban stationers,False
TXN001346,ERP_EXPORT,SUP0001,Nexa Technologies Pvt Ltd,It Hardware,It,90951.47,INR,CTR0001,ON_CONTRACT,,2025-06-28,nexa technologies,False
TXN001348,ERP_EXPORT,SUP0014,Skyroute Travel,Travel,Marketing,38425.18,INR,CTR0005,ON_CONTRACT,REQ00095,2025-12-24,skyroute travel,False
TXN001350,ERP_EXPORT,SUP0006,Vertex Licensing,It Software & Licences,R&D,19211.47,INR,,NO_CONTRACT,,2025-06-24,vertex licensing,False
TXN001351,ERP_EXPORT,SUP0025,NEXA TECHNOLOGIES PVT. LTD.,It Hardware,Human Resources,159389.88,INR,,NO_CONTRACT,REQ00080,2025-10-03,nexa technologies,False
TXN001352,ERP_EXPORT,SUP0016,Prime Facility Care,Facilities Maintenance,Facilities,44720.52,INR,CTR0006,ON_CONTRACT,REQ00612,2025-04-06,prime facility care,False
TXN001353,ERP_EXPORT,SUP0014,Skyroute Travel,Travel,It,43966.46,INR,CTR0005,ON_CONTRACT,REQ00088,2026-01-17,skyroute travel,False
TXN001355,ERP_EXPORT,SUP0026,Nexa Tech Pvt Ltd,It Hardware,R&D,100433.69,INR,,NO_CONTRACT,REQ00323,2025-10-18,nexa tech,False
TXN001357,ERP_EXPORT,SUP0001,Nexa Technologies Pvt Ltd,It Hardware,It,164608.79,INR,CTR0001,ON_CONTRACT,REQ00156,2026-03-16,nexa technologies,False
TXN001359,ERP_EXPORT,SUP0016,Prime Facility Care,Facilities Maintenance,Human Resources,26609.67,INR,CTR0006,ON_CONTRACT,REQ00877,2025-11-07,prime facility care,False
TXN001361,ERP_EXPORT,SUP0022,Transcore Logistics,Logistics & Freight,Human Resources,87726.16,INR,CTR0008,ON_CONTRACT,REQ00817,2025-05-15,transcore logistics,False
TXN001362,ERP_EXPORT,SUP0022,Transcore Logistics,Logistics & Freight,Human Resources,29484.96,INR,CTR0008,ON_CONTRACT,REQ00287,2026-01-21,transcore logistics,False
TXN001363,ERP_EXPORT,SUP0016,Prime Facility Care,Facilities Maintenance,Logistics,47378.0,INR,CTR0006,ON_CONTRACT,REQ00485,2025-08-10,prime facility care,False
TXN001364,ERP_EXPORT,SUP0022,Transcore Logistics,Logistics & Freight,Facilities,64419.5,INR,CTR0008,ON_CONTRACT,,2025-12-06,transcore logistics,False
TXN001365,ERP_EXPORT,SUP0001,Nexa Technologies Pvt Ltd,It Hardware,R&D,138632.52,INR,CTR0001,ON_CONTRACT,,2026-03-15,nexa technologies,False
TXN001366,ERP_EXPORT,SUP0008,Orion Office Supplies,Office Supplies,Finance,5026.06,INR,CTR0003,ON_CONTRACT,REQ00699,2025-10-29,orion office supplies,False
TXN001369,ERP_EXPORT,SUP0019,Lumen Creative,Marketing Services,Logistics,45155.64,INR,CTR0007,ON_CONTRACT,,2025-09-26,lumen creative,False
TXN001370,ERP_EXPORT,SUP0022,Transcore Logistics,Logistics & Freight,Logistics,31716.1,INR,CTR0008,ON_CONTRACT,REQ00185,2025-05-26,transcore logistics,False
TXN001371,ERP_EXPORT,SUP0019,Lumen Creative,Marketing Services,Facilities,155995.31,INR,CTR0007,ON_CONTRACT,REQ00619,2025-12-05,lumen creative,False
TXN001372,ERP_EXPORT,SUP0011,Sterling Advisory,Professional Services,Human Resources,78005.16,INR,CTR0004,ON_CONTRACT,REQ00559,2025-06-19,sterling advisory,False
TXN001373,ERP_EXPORT,SUP0022,Transcore Logistics,Logistics & Freight,It,82913.96,INR,CTR0008,ON_CONTRACT,,2025-10-12,transcore logistics,False
TXN001377,ERP_EXPORT,SUP0017,GreenEdge Services,Facilities Maintenance,Finance,36718.32,INR,,OFF_CONTRACT,,2025-12-03,greenedge services,False
TXN001383,ERP_EXPORT,SUP0008,Orion Office Supplies,Office Supplies,Operations,24296.48,INR,CTR0003,ON_CONTRACT,,2026-03-14,orion office supplies,False
TXN001384,ERP_EXPORT,SUP0001,Nexa Technologies Pvt Ltd,It Hardware,Human Resources,65010.68,INR,CTR0001,ON_CONTRACT,,2025-12-14,nexa technologies,False
TXN001386,ERP_EXPORT,SUP0006,Vertex Licensing,It Software & Licences,Marketing,49144.96,INR,,NO_CONTRACT,,2025-06-23,vertex licensing,False
TXN001388,ERP_EXPORT,SUP0005,Cloudspan Software,It Software & Licences,It,28741.73,INR,CTR0002,ON_CONTRACT,,2025-10-28,cloudspan software,False
TXN001394,ERP_EXPORT,SUP0019,Lumen Creative,Marketing Services,Finance,92768.35,INR,CTR0007,ON_CONTRACT,,2025-12-22,lumen creative,False
TXN001396,ERP_EXPORT,SUP0021,Pulse Marketing Co,Marketing Services,R&D,136043.67,INR,,OFF_CONTRACT,,2025-06-28,pulse marketing,False
TXN001397,ERP_EXPORT,SUP0021,Pulse Marketing Co,Marketing Services,Operations,80324.25,INR,,OFF_CONTRACT,REQ00821,2025-06-04,pulse marketing,False
TXN001399,ERP_EXPORT,SUP0016,Prime Facility Care,Facilities Maintenance,R&D,47028.7,INR,CTR0006,ON_CONTRACT,REQ00789,2026-01-29,prime facility care,False
TXN001402,ERP_EXPORT,SUP0011,Sterling Advisory,Professional Services,R&D,75200.04,INR,CTR0004,ON_CONTRACT,,2026-03-04,sterling advisory,False
TXN001405,ERP_EXPORT,SUP0008,Orion Office Supplies,Office Supplies,Finance,17267.5,INR,CTR0003,ON_CONTRACT,,2025-07-16,orion office supplies,False
TXN001407,ERP_EXPORT,SUP0011,Sterling Advisory,Professional Services,Finance,217275.79,INR,CTR0004,ON_CONTRACT,,2025-11-17,sterling advisory,False
TXN001408,ERP_EXPORT,SUP0008,Orion Office Supplies,Office Supplies,Marketing,20530.41,INR,CTR0003,ON_CONTRACT,,2026-02-18,orion office supplies,False
TXN001409,ERP_EXPORT,SUP0001,Nexa Technologies Pvt Ltd,It Hardware,Finance,115729.93,INR,CTR0001,ON_CONTRACT,REQ00629,2026-02-02,nexa technologies,False
TXN001412,ERP_EXPORT,SUP0008,Orion Office Supplies,Office Supplies,Facilities,4574.15,INR,CTR0003,ON_CONTRACT,REQ00565,2026-02-28,orion office supplies,False
TXN001415,ERP_EXPORT,SUP0014,Skyroute Travel,Travel,Logistics,51555.9,INR,CTR0005,ON_CONTRACT,REQ00457,2025-11-03,skyroute travel,False
TXN001417,ERP_EXPORT,SUP0022,Transcore Logistics,Logistics & Freight,Human Resources,15265.51,INR,CTR0008,ON_CONTRACT,,2025-08-29,transcore logistics,False
TXN001418,ERP_EXPORT,SUP0016,Prime Facility Care,Facilities Maintenance,Finance,17326.59,INR,CTR0006,ON_CONTRACT,REQ00191,2025-10-01,prime facility care,False
TXN001420,ERP_EXPORT,SUP0016,Prime Facility Care,Facilities Maintenance,Finance,66032.5,INR,CTR0006,ON_CONTRACT,,2026-01-13,prime facility care,False
TXN001422,ERP_EXPORT,SUP0019,Lumen Creative,Marketing Services,Finance,91012.87,INR,CTR0007,ON_CONTRACT,REQ00051,2025-12-09,lumen creative,False
TXN001423,ERP_EXPORT,SUP0022,Transcore Logistics,Logistics & Freight,Facilities,15450.55,INR,CTR0008,ON_CONTRACT,REQ00176,2026-02-02,transcore logistics,False
TXN001424,ERP_EXPORT,SUP0016,Prime Facility Care,Facilities Maintenance,It,18900.59,INR,CTR0006,ON_CONTRACT,REQ00660,2026-01-20,prime facility care,False
TXN001425,ERP_EXPORT,SUP0003,BluePeak Systems,It Hardware,R&D,177927.67,INR,,NO_CONTRACT,REQ00547,2025-12-27,bluepeak systems,False
TXN001426,ERP_EXPORT,SUP0001,Nexa Technologies Pvt Ltd,It Hardware,Logistics,174593.4,INR,CTR0001,ON_CONTRACT,REQ00822,2025-10-30,nexa technologies,False
TXN001428,ERP_EXPORT,SUP0022,Transcore Logistics,Logistics & Freight,Logistics,91000.38,INR,CTR0008,ON_CONTRACT,REQ00657,2025-06-02,transcore logistics,False
TXN001429,ERP_EXPORT,SUP0016,Prime Facility Care,Facilities Maintenance,It,48347.2,INR,CTR0006,ON_CONTRACT,,2025-06-11,prime facility care,False
TXN001431,ERP_EXPORT,SUP0026,Nexa Tech Pvt Ltd,It Hardware,It,95484.68,INR,,NO_CONTRACT,REQ00312,2025-05-09,nexa tech,False
TXN001433,ERP_EXPORT,SUP0008,Orion Office Supplies,Office Supplies,R&D,13243.47,INR,CTR0003,ON_CONTRACT,,2026-03-09,orion office supplies,False
TXN001434,ERP_EXPORT,SUP0005,Cloudspan Software,It Software & Licences,Logistics,85020.75,INR,CTR0002,ON_CONTRACT,,2025-08-22,cloudspan software,False
TXN001435,ERP_EXPORT,SUP0017,GreenEdge Services,Facilities Maintenance,Human Resources,18379.08,INR,,OFF_CONTRACT,,2026-03-31,greenedge services,False
TXN001437,ERP_EXPORT,SUP0005,Cloudspan Software,It Software & Licences,Operations,47332.64,INR,CTR0002,ON_CONTRACT,REQ00222,2025-11-26,cloudspan software,False
TXN001438,ERP_EXPORT,SUP0019,Lumen Creative,Marketing Services,Operations,118655.31,INR,CTR0007,ON_CONTRACT,,2025-12-27,lumen creative,False
TXN001440,ERP_EXPORT,SUP0016,Prime Facility Care,Facilities Maintenance,Operations,50405.95,INR,CTR0006,ON_CONTRACT,,2025-07-06,prime facility care,False
TXN001441,ERP_EXPORT,SUP0005,Cloudspan Software,It Software & Licences,Human Resources,116840.76,INR,CTR0002,ON_CONTRACT,,2026-01-21,cloudspan software,False
TXN001444,ERP_EXPORT,SUP0019,Lumen Creative,Marketing Services,Human Resources,82125.03,INR,CTR0007,ON_CONTRACT,REQ00051,2026-02-27,lumen creative,False
TXN001445,ERP_EXPORT,SUP0020,BrightArc Media,Marketing Services,Operations,141539.92,INR,,OFF_CONTRACT,REQ00609,2025-08-20,brightarc media,False
TXN001446,ERP_EXPORT,SUP0022,Transcore Logistics,Logistics & Freight,It,26703.43,INR,CTR0008,ON_CONTRACT,,2025-05-27,transcore logistics,False
TXN001449,ERP_EXPORT,SUP0014,Skyroute Travel,Travel,Operations,85458.37,INR,CTR0005,ON_CONTRACT,REQ00295,2026-03-28,skyroute travel,False
TXN001450,ERP_EXPORT,SUP0014,Skyroute Travel,Travel,Logistics,64026.34,INR,CTR0005,ON_CONTRACT,,2026-03-19,skyroute travel,False
TXN001452,ERP_EXPORT,SUP0022,Transcore Logistics,Logistics & Freight,Human Resources,63281.32,INR,CTR0008,ON_CONTRACT,,2025-06-27,transcore logistics,False
TXN001454,ERP_EXPORT,SUP0005,Cloudspan Software,It Software & Licences,Human Resources,74914.02,INR,CTR0002,ON_CONTRACT,,2025-12-25,cloudspan software,False
TXN001455,ERP_EXPORT,SUP0008,Orion Office Supplies,Office Supplies,Finance,2698.9,INR,CTR0003,ON_CONTRACT,REQ00753,2025-09-27,orion office supplies,False
TXN001456,ERP_EXPORT,SUP0014,Skyroute Travel,Travel,Logistics,84337.79,INR,CTR0005,ON_CONTRACT,REQ00362,2025-09-02,skyroute travel,False
TXN001458,ERP_EXPORT,SUP0001,Nexa Technologies Pvt Ltd,It Hardware,Operations,129859.57,INR,CTR0001,ON_CONTRACT,,2025-06-12,nexa technologies,False
TXN001459,ERP_EXPORT,SUP0016,Prime Facility Care,Facilities Maintenance,R&D,22940.51,INR,CTR0006,ON_CONTRACT,REQ00763,2025-05-16,prime facility care,False
TXN001462,ERP_EXPORT,SUP0016,Prime Facility Care,Facilities Maintenance,Logistics,49073.98,INR,CTR0006,ON_CONTRACT,,2025-09-25,prime facility care,False
TXN001463,ERP_EXPORT,SUP0014,Skyroute Travel,Travel,Marketing,16740.63,INR,CTR0005,ON_CONTRACT,REQ00154,2025-12-24,skyroute travel,False
TXN001465,ERP_EXPORT,SUP0005,Cloudspan Software,It Software & Licences,R&D,119938.44,INR,CTR0002,ON_CONTRACT,REQ00855,2025-04-01,cloudspan software,False
TXN001466,ERP_EXPORT,SUP0001,Nexa Technologies Pvt Ltd,It Hardware,Human Resources,32472.87,INR,CTR0001,ON_CONTRACT,,2025-12-14,nexa technologies,False
TXN001467,ERP_EXPORT,SUP0010,Kanban Stationers,Office Supplies,Operations,24475.01,INR,,OFF_CONTRACT,REQ00083,2025-08-27,kanban stationers,False
TXN001470,ERP_EXPORT,SUP0014,Skyroute Travel,Travel,Finance,72155.61,INR,CTR0005,ON_CONTRACT,,2025-06-11,skyroute travel,False
TXN001471,ERP_EXPORT,SUP0011,Sterling Advisory,Professional Services,Operations,159073.41,INR,CTR0004,ON_CONTRACT,REQ00088,2025-08-31,sterling advisory,False
TXN001472,ERP_EXPORT,SUP0022,Transcore Logistics,Logistics & Freight,R&D,73291.28,INR,CTR0008,ON_CONTRACT,REQ00540,2025-11-13,transcore logistics,False
TXN001475,ERP_EXPORT,SUP0015,Voyager Corporate Travel,Travel,Human Resources,34816.72,INR,,OFF_CONTRACT,REQ00866,2025-10-19,voyager corporate travel,False
TXN001476,ERP_EXPORT,SUP0008,Orion Office Supplies,Office Supplies,Logistics,17354.65,INR,CTR0003,ON_CONTRACT,,2025-05-14,orion office supplies,False
TXN001479,ERP_EXPORT,SUP0001,Nexa Technologies Pvt Ltd,It Hardware,Logistics,148661.12,INR,CTR0001,ON_CONTRACT,REQ00692,2026-02-22,nexa technologies,False
TXN001480,ERP_EXPORT,SUP0008,Orion Office Supplies,Office Supplies,It,12018.42,INR,CTR0003,ON_CONTRACT,,2026-02-14,orion office supplies,False
TXN001481,ERP_EXPORT,SUP0011,Sterling Advisory,Professional Services,Facilities,211745.19,INR,CTR0004,ON_CONTRACT,REQ00254,2025-07-14,sterling advisory,False
TXN001483,ERP_EXPORT,SUP0019,Lumen Creative,Marketing Services,Operations,96228.47,INR,CTR0007,ON_CONTRACT,,2026-01-05,lumen creative,False
TXN001486,ERP_EXPORT,SUP0006,Vertex Licensing,It Software & Licences,Human Resources,53478.46,INR,,NO_CONTRACT,REQ00715,2025-05-25,vertex licensing,False
TXN001487,ERP_EXPORT,SUP0022,Transcore Logistics,Logistics & Freight,It,44882.33,INR,CTR0008,ON_CONTRACT,REQ00124,2026-01-14,transcore logistics,False
TXN001488,ERP_EXPORT,SUP0019,Lumen Creative,Marketing Services,Logistics,117365.41,INR,CTR0007,ON_CONTRACT,REQ00364,2025-06-11,lumen creative,False
TXN001489,ERP_EXPORT,SUP0023,FleetBridge Cargo,Logistics & Freight,Marketing,44250.32,INR,,OFF_CONTRACT,REQ00877,2025-12-14,fleetbridge cargo,False
TXN001495,ERP_EXPORT,SUP0011,Sterling Advisory,Professional Services,Logistics,166724.2,INR,CTR0004,ON_CONTRACT,REQ00238,2025-07-31,sterling advisory,False
TXN001497,ERP_EXPORT,SUP0001,Nexa Technologies Pvt Ltd,It Hardware,Finance,121021.0,INR,CTR0001,ON_CONTRACT,,2025-04-16,nexa technologies,False
TXN001502,ERP_EXPORT,SUP0022,Transcore Logistics,Logistics & Freight,Marketing,51772.1,INR,CTR0008,ON_CONTRACT,,2025-11-11,transcore logistics,False
TXN001504,ERP_EXPORT,SUP0005,Cloudspan Software,It Software & Licences,Finance,50831.02,INR,CTR0002,ON_CONTRACT,REQ00842,2025-08-27,cloudspan software,False
TXN001505,ERP_EXPORT,SUP0014,Skyroute Travel,Travel,Marketing,39176.04,INR,CTR0005,ON_CONTRACT,,2025-05-09,skyroute travel,False
TXN001506,ERP_EXPORT,SUP0013,Adept Partners,Professional Services,R&D,123752.78,INR,,OFF_CONTRACT,,2026-01-05,adept partners,False
TXN001508,ERP_EXPORT,SUP0016,Prime Facility Care,Facilities Maintenance,It,42016.15,INR,CTR0006,ON_CONTRACT,REQ00561,2025-09-16,prime facility care,False
TXN001509,ERP_EXPORT,SUP0001,Nexa Technologies Pvt Ltd,It Hardware,It,119225.29,INR,CTR0001,ON_CONTRACT,REQ00073,2025-10-31,nexa technologies,False
TXN001511,ERP_EXPORT,SUP0001,Nexa Technologies Pvt Ltd,It Hardware,Finance,151012.79,INR,CTR0001,ON_CONTRACT,REQ00311,2025-07-26,nexa technologies,False
TXN001513,ERP_EXPORT,SUP0001,Nexa Technologies Pvt Ltd,It Hardware,R&D,173106.17,INR,CTR0001,ON_CONTRACT,,2025-11-07,nexa technologies,False
TXN001514,ERP_EXPORT,SUP0019,Lumen Creative,Marketing Services,Facilities,22552.56,INR,CTR0007,ON_CONTRACT,,2025-10-06,lumen creative,False
TXN001515,ERP_EXPORT,SUP0016,Prime Facility Care,Facilities Maintenance,It,21746.68,INR,CTR0006,ON_CONTRACT,REQ00095,2026-01-27,prime facility care,False
TXN001517,ERP_EXPORT,SUP0011,Sterling Advisory,Professional Services,Logistics,175969.69,INR,CTR0004,ON_CONTRACT,REQ00045,2025-09-08,sterling advisory,False
TXN001519,ERP_EXPORT,SUP0005,Cloudspan Software,It Software & Licences,Operations,40565.64,INR,CTR0002,ON_CONTRACT,REQ00753,2025-09-30,cloudspan software,False
TXN001520,ERP_EXPORT,SUP0011,Sterling Advisory,Professional Services,Finance,234677.25,INR,CTR0004,ON_CONTRACT,,2025-08-28,sterling advisory,False
TXN001521,ERP_EXPORT,SUP0011,Sterling Advisory,Professional Services,Facilities,52656.15,INR,CTR0004,ON_CONTRACT,REQ00421,2026-03-28,sterling advisory,False
TXN001522,ERP_EXPORT,SUP0022,Transcore Logistics,Logistics & Freight,Marketing,89558.19,INR,CTR0008,ON_CONTRACT,,2025-12-23,transcore logistics,False
TXN001523,ERP_EXPORT,SUP0011,Sterling Advisory,Professional Services,Facilities,113840.76,INR,CTR0004,ON_CONTRACT,REQ00836,2025-06-12,sterling advisory,False
TXN001524,ERP_EXPORT,SUP0025,NEXA TECHNOLOGIES PVT. LTD.,It Hardware,Logistics,40720.23,INR,,NO_CONTRACT,,2025-04-11,nexa technologies,False
TXN001525,ERP_EXPORT,SUP0023,FleetBridge Cargo,Logistics & Freight,R&D,52327.36,INR,,OFF_CONTRACT,REQ00087,2025-05-01,fleetbridge cargo,False
TXN001526,ERP_EXPORT,SUP0015,Voyager Corporate Travel,Travel,R&D,29055.68,INR,,OFF_CONTRACT,REQ00046,2025-07-24,voyager corporate travel,False
TXN001530,ERP_EXPORT,SUP0021,Pulse Marketing Co,Marketing Services,Logistics,95482.58,INR,,OFF_CONTRACT,REQ00737,2026-01-16,pulse marketing,False
TXN001531,ERP_EXPORT,SUP0014,Skyroute Travel,Travel,Operations,33527.23,INR,CTR0005,ON_CONTRACT,REQ00016,2025-08-22,skyroute travel,False
TXN001532,ERP_EXPORT,SUP0014,Skyroute Travel,Travel,Human Resources,58047.37,INR,CTR0005,ON_CONTRACT,REQ00405,2025-04-20,skyroute travel,False
TXN001534,ERP_EXPORT,SUP0016,Prime Facility Care,Facilities Maintenance,It,26357.44,INR,CTR0006,ON_CONTRACT,REQ00478,2025-04-19,prime facility care,False
TXN001537,ERP_EXPORT,SUP0014,Skyroute Travel,Travel,Marketing,22854.25,INR,CTR0005,ON_CONTRACT,REQ00633,2026-03-02,skyroute travel,False
TXN001540,ERP_EXPORT,SUP0001,Nexa Technologies Pvt Ltd,It Hardware,Facilities,106400.32,INR,CTR0001,ON_CONTRACT,REQ00116,2025-12-18,nexa technologies,False
TXN001541,ERP_EXPORT,SUP0005,Cloudspan Software,It Software & Licences,Finance,89449.86,INR,CTR0002,ON_CONTRACT,,2026-03-15,cloudspan software,False
TXN001542,ERP_EXPORT,SUP0019,Lumen Creative,Marketing Services,Human Resources,34962.77,INR,CTR0007,ON_CONTRACT,REQ00335,2026-02-05,lumen creative,False
TXN001543,ERP_EXPORT,SUP0016,PRIME FACILITY CARE,Facilities Maintenance,Finance,44038.73,INR,CTR0006,ON_CONTRACT,REQ00302,2026-02-13,prime facility care,False
TXN001544,ERP_EXPORT,SUP0001,Nexa Technologies Pvt Ltd,It Hardware,Marketing,64767.23,INR,CTR0001,ON_CONTRACT,,2025-04-14,nexa technologies,False
TXN001546,ERP_EXPORT,SUP0001,Nexa Technologies Pvt Ltd,It Hardware,Facilities,99949.58,INR,CTR0001,ON_CONTRACT,,2025-07-24,nexa technologies,False
TXN001547,ERP_EXPORT,SUP0019,Lumen Creative,Marketing Services,It,132838.96,INR,CTR0007,ON_CONTRACT,,2026-03-04,lumen creative,False
TXN001548,ERP_EXPORT,SUP0022,Transcore Logistics,Logistics & Freight,Human Resources,57668.8,INR,CTR0008,ON_CONTRACT,,2025-09-16,transcore logistics,False
TXN001549,ERP_EXPORT,SUP0012,Cobalt Consulting,Professional Services,Finance,49116.63,INR,,OFF_CONTRACT,,2025-05-30,cobalt consulting,False
TXN001551,ERP_EXPORT,SUP0007,Meridian Softworks,It Software & Licences,Operations,114897.35,INR,,NO_CONTRACT,REQ00429,2025-07-27,meridian softworks,False
TXN001554,ERP_EXPORT,SUP0019,Lumen Creative,Marketing Services,Logistics,143788.9,INR,CTR0007,ON_CONTRACT,,2025-07-11,lumen creative,False
TXN001555,ERP_EXPORT,SUP0008,Orion Office Supplies,Office Supplies,R&D,7245.83,INR,CTR0003,ON_CONTRACT,REQ00568,2026-03-31,orion office supplies,False
TXN001557,ERP_EXPORT,SUP0008,Orion Office Supplies,Office Supplies,R&D,16052.56,INR,CTR0003,ON_CONTRACT,,2025-09-29,orion office supplies,False
TXN001558,ERP_EXPORT,SUP0008,Orion Office Supplies,Office Supplies,Human Resources,11453.65,INR,CTR0003,ON_CONTRACT,REQ00845,2025-09-20,orion office supplies,False
TXN001559,ERP_EXPORT,SUP0005,Cloudspan Software,It Software & Licences,Finance,103185.44,INR,CTR0002,ON_CONTRACT,,2025-10-27,cloudspan software,False
TXN001560,ERP_EXPORT,SUP0023,FleetBridge Cargo,Logistics & Freight,Logistics,86701.92,INR,,OFF_CONTRACT,,2025-07-03,fleetbridge cargo,False
TXN001561,ERP_EXPORT,SUP0005,Cloudspan Software,It Software & Licences,Finance,52109.24,INR,CTR0002,ON_CONTRACT,,2025-11-19,cloudspan software,False
TXN001562,ERP_EXPORT,SUP0019,Lumen Creative,Marketing Services,Human Resources,53161.88,INR,CTR0007,ON_CONTRACT,,2025-05-20,lumen creative,False
TXN001563,ERP_EXPORT,SUP0011,Sterling Advisory,Professional Services,R&D,203910.36,INR,CTR0004,ON_CONTRACT,REQ00394,2025-09-11,sterling advisory,False
TXN001565,ERP_EXPORT,SUP0016,Prime Facility Care,Facilities Maintenance,Facilities,59356.86,INR,CTR0006,ON_CONTRACT,REQ00499,2025-11-11,prime facility care,False
TXN001567,ERP_EXPORT,SUP0011,Sterling Advisory,Professional Services,Operations,180185.48,INR,CTR0004,ON_CONTRACT,,2025-12-17,sterling advisory,False
TXN001571,ERP_EXPORT,SUP0014,Skyroute Travel,Travel,Human Resources,56101.89,INR,CTR0005,ON_CONTRACT,,2025-05-30,skyroute travel,False
TXN001574,ERP_EXPORT,SUP0016,Prime Facility Care,Facilities Maintenance,It,61767.82,INR,CTR0006,ON_CONTRACT,,2026-02-16,prime facility care,False
TXN001575,ERP_EXPORT,SUP0001,Nexa Technologies Pvt Ltd,It Hardware,Operations,58594.67,INR,CTR0001,ON_CONTRACT,,2025-08-14,nexa technologies,False
TXN001579,ERP_EXPORT,SUP0013,Adept Partners,Professional Services,R&D,167489.75,INR,,OFF_CONTRACT,,2026-01-04,adept partners,False
TXN001580,ERP_EXPORT,SUP0022,Transcore Logistics,Logistics & Freight,Human Resources,57375.89,INR,CTR0008,ON_CONTRACT,REQ00458,2025-09-14,transcore logistics,False
TXN001581,ERP_EXPORT,SUP0011,Sterling Advisory,Professional Services,Logistics,88708.89,INR,CTR0004,ON_CONTRACT,,2026-03-05,sterling advisory,False
TXN001582,ERP_EXPORT,SUP0005,Cloudspan Software,It Software & Licences,Marketing,56045.13,INR,CTR0002,ON_CONTRACT,,2025-12-04,cloudspan software,False
TXN001584,ERP_EXPORT,SUP0014,Skyroute Travel,Travel,Logistics,48734.88,INR,CTR0005,ON_CONTRACT,REQ00267,2025-04-28,skyroute travel,False
TXN001585,ERP_EXPORT,SUP0014,Skyroute Travel,Travel,It,88998.41,INR,CTR0005,ON_CONTRACT,REQ00420,2025-07-23,skyroute travel,False
TXN001587,ERP_EXPORT,SUP0016,Prime Facility Care,Facilities Maintenance,It,51708.67,INR,CTR0006,ON_CONTRACT,,2025-05-17,prime facility care,False
TXN001588,ERP_EXPORT,SUP0018,Urban Upkeep,Facilities Maintenance,It,34259.13,INR,,OFF_CONTRACT,REQ00371,2025-12-31,urban upkeep,False
TXN001589,ERP_EXPORT,SUP0013,Adept Partners,Professional Services,Operations,129921.92,INR,,OFF_CONTRACT,REQ00166,2025-10-09,adept partners,False
TXN001590,ERP_EXPORT,SUP0016,Prime Facility Care,Facilities Maintenance,Operations,53055.87,INR,CTR0006,ON_CONTRACT,,2025-04-19,prime facility care,False
TXN001591,ERP_EXPORT,SUP0024,Nexa Technologies,It Hardware,R&D,132327.6,INR,,NO_CONTRACT,,2025-04-22,nexa technologies,False
TXN001592,ERP_EXPORT,SUP0008,Orion Office Supplies,Office Supplies,Operations,24798.89,INR,CTR0003,ON_CONTRACT,REQ00768,2025-06-03,orion office supplies,False
TXN001593,ERP_EXPORT,SUP0019,Lumen Creative,Marketing Services,Human Resources,822273.67,INR,CTR0007,ON_CONTRACT,,2025-05-10,lumen creative,False
TXN001596,ERP_EXPORT,SUP0014,Skyroute Travel,Travel,Logistics,713456.07,INR,CTR0005,ON_CONTRACT,REQ00440,2025-05-18,skyroute travel,False
TXN001597,ERP_EXPORT,SUP0013,Adept Partners,Professional Services,Human Resources,97573.74,INR,,OFF_CONTRACT,,2025-12-30,adept partners,False
TXN001599,ERP_EXPORT,SUP0005,Cloudspan Software,It Software & Licences,It,23994.12,INR,CTR0002,ON_CONTRACT,REQ00238,2025-11-15,cloudspan software,False
TXN001600,ERP_EXPORT,SUP0016,Prime Facility Care,Facilities Maintenance,Human Resources,63651.45,INR,CTR0006,ON_CONTRACT,REQ00830,2026-02-17,prime facility care,False
TXN001601,ERP_EXPORT,SUP0005,Cloudspan Software,It Software & Licences,Logistics,35146.07,INR,CTR0002,ON_CONTRACT,,2025-05-13,cloudspan software,False
TXN001603,ERP_EXPORT,SUP0019,Lumen Creative,Marketing Services,Marketing,51731.9,INR,CTR0007,ON_CONTRACT,REQ00706,2026-01-15,lumen creative,False
TXN001605,ERP_EXPORT,SUP0016,Prime Facility Care,Facilities Maintenance,Facilities,14165.43,INR,CTR0006,ON_CONTRACT,,2025-11-04,prime facility care,False
TXN001608,ERP_EXPORT,SUP0008,Orion Office Supplies,Office Supplies,Marketing,20408.2,INR,CTR0003,ON_CONTRACT,,2026-01-06,orion office supplies,False
TXN001609,ERP_EXPORT,SUP0019,Lumen Creative,Marketing Services,R&D,52719.69,INR,CTR0007,ON_CONTRACT,,2026-03-13,lumen creative,False
TXN001611,ERP_EXPORT,SUP0016,Prime Facility Care,Facilities Maintenance,Logistics,62804.75,INR,CTR0006,ON_CONTRACT,REQ00339,2025-06-09,prime facility care,False
TXN001614,ERP_EXPORT,SUP0005,Cloudspan Software,It Software & Licences,It,49055.04,INR,CTR0002,ON_CONTRACT,,2026-01-30,cloudspan software,False
TXN001617,ERP_EXPORT,SUP0011,Sterling Advisory,Professional Services,Operations,248769.27,INR,CTR0004,ON_CONTRACT,REQ00270,2026-01-14,sterling advisory,False
TXN001618,ERP_EXPORT,SUP0005,Cloudspan Software,It Software & Licences,R&D,84493.11,INR,CTR0002,ON_CONTRACT,REQ00791,2026-01-29,cloudspan software,False
TXN001619,ERP_EXPORT,SUP0015,Voyager Corporate Travel,Travel,It,53738.24,INR,,OFF_CONTRACT,,2025-07-20,voyager corporate travel,False
TXN001620,ERP_EXPORT,SUP0007,Meridian Softworks,It Software & Licences,Marketing,91718.3,INR,,NO_CONTRACT,REQ00001,2025-09-13,meridian softworks,False
TXN001621,ERP_EXPORT,SUP0005,Cloudspan Software,It Software & Licences,Logistics,63846.59,INR,CTR0002,ON_CONTRACT,REQ00484,2025-09-15,cloudspan software,False
TXN001622,ERP_EXPORT,SUP0014,Skyroute Travel,Travel,R&D,12931.67,INR,CTR0005,ON_CONTRACT,REQ00395,2026-03-28,skyroute travel,False
TXN001625,ERP_EXPORT,SUP0005,Cloudspan Software,It Software & Licences,Finance,33406.81,INR,CTR0002,ON_CONTRACT,REQ00887,2025-10-05,cloudspan software,False
TXN001627,ERP_EXPORT,SUP0011,Sterling Advisory,Professional Services,It,82196.07,INR,CTR0004,ON_CONTRACT,,2025-09-16,sterling advisory,False
TXN001628,ERP_EXPORT,SUP0006,Vertex Licensing,It Software & Licences,It,71261.91,INR,,NO_CONTRACT,,2025-04-18,vertex licensing,False
TXN001629,ERP_EXPORT,SUP0014,Skyroute Travel,Travel,Human Resources,15927.47,INR,CTR0005,ON_CONTRACT,REQ00059,2026-01-18,skyroute travel,False
TXN001631,ERP_EXPORT,SUP0005,Cloudspan Software,It Software & Licences,Marketing,94397.15,INR,CTR0002,ON_CONTRACT,,2025-06-30,cloudspan software,False
TXN001637,ERP_EXPORT,SUP0008,Orion Office Supplies,Office Supplies,Operations,11184.27,INR,CTR0003,ON_CONTRACT,,2025-10-27,orion office supplies,False
TXN001639,ERP_EXPORT,SUP0005,Cloudspan Software,It Software & Licences,Facilities,119210.77,INR,CTR0002,ON_CONTRACT,,2025-11-24,cloudspan software,False
TXN001640,ERP_EXPORT,SUP0005,Cloudspan Software,It Software & Licences,Facilities,112335.1,INR,CTR0002,ON_CONTRACT,REQ00606,2026-02-15,cloudspan software,False
TXN001641,ERP_EXPORT,SUP0026,Nexa Tech Pvt Ltd,It Hardware,Finance,108693.36,INR,,NO_CONTRACT,REQ00899,2025-08-05,nexa tech,False
TXN001644,ERP_EXPORT,SUP0014,Skyroute Travel,Travel,Facilities,59134.03,INR,CTR0005,ON_CONTRACT,REQ00593,2025-10-04,skyroute travel,False
TXN001645,ERP_EXPORT,SUP0018,Urban Upkeep,Facilities Maintenance,Marketing,15347.47,INR,,OFF_CONTRACT,REQ00855,2026-01-25,urban upkeep,False
TXN001646,ERP_EXPORT,SUP0019,Lumen Creative,Marketing Services,R&D,125737.86,INR,CTR0007,ON_CONTRACT,REQ00831,2026-03-16,lumen creative,False
TXN001648,ERP_EXPORT,SUP0014,Skyroute Travel,Travel,Facilities,75737.55,INR,CTR0005,ON_CONTRACT,REQ00647,2025-07-05,skyroute travel,False
TXN001649,ERP_EXPORT,SUP0022,Transcore Logistics,Logistics & Freight,Finance,76908.33,INR,CTR0008,ON_CONTRACT,,2026-03-04,transcore logistics,False
TXN001650,ERP_EXPORT,SUP0001,Nexa Technologies Pvt Ltd,It Hardware,Finance,134855.43,INR,CTR0001,ON_CONTRACT,,2025-04-05,nexa technologies,False
TXN001651,ERP_EXPORT,SUP0008,Orion Office Supplies,Office Supplies,Facilities,2831.69,INR,CTR0003,ON_CONTRACT,REQ00367,2025-09-04,orion office supplies,False
TXN001652,ERP_EXPORT,SUP0008,Orion Office Supplies,Office Supplies,It,8971.95,INR,CTR0003,ON_CONTRACT,REQ00632,2025-11-20,orion office supplies,False
TXN001654,ERP_EXPORT,SUP0016,Prime Facility Care,Facilities Maintenance,It,31608.18,INR,CTR0006,ON_CONTRACT,,2025-07-29,prime facility care,False
TXN001657,ERP_EXPORT,SUP0008,Orion Office Supplies,Office Supplies,It,14737.45,INR,CTR0003,ON_CONTRACT,,2025-09-06,orion office supplies,False
TXN001658,ERP_EXPORT,SUP0027,Orion Office Supplies Ltd,Office Supplies,Logistics,9027.06,INR,,OFF_CONTRACT,REQ00152,2025-07-12,orion office supplies,False
TXN001659,ERP_EXPORT,SUP0008,Orion Office Supplies,Office Supplies,Operations,11130.57,INR,CTR0003,ON_CONTRACT,,2025-11-10,orion office supplies,False
TXN001662,ERP_EXPORT,SUP0011,Sterling Advisory,Professional Services,Finance,148292.68,INR,CTR0004,ON_CONTRACT,,2025-06-08,sterling advisory,False
TXN001666,ERP_EXPORT,SUP0022,Transcore Logistics,Logistics & Freight,R&D,82668.27,INR,CTR0008,ON_CONTRACT,REQ00394,2026-03-01,transcore logistics,False
TXN001667,ERP_EXPORT,SUP0008,Orion Office Supplies,Office Supplies,R&D,6795.74,INR,CTR0003,ON_CONTRACT,,2025-12-03,orion office supplies,False
TXN001669,ERP_EXPORT,SUP0005,Cloudspan Software,It Software & Licences,Facilities,27218.47,INR,CTR0002,ON_CONTRACT,,2025-10-25,cloudspan software,False
TXN001670,ERP_EXPORT,SUP0001,Nexa Technologies Pvt Ltd,It Hardware,R&D,151704.7,INR,CTR0001,ON_CONTRACT,,2025-04-06,nexa technologies,False
TXN001673,ERP_EXPORT,SUP0006,Vertex Licensing,It Software & Licences,R&D,106145.95,INR,,NO_CONTRACT,,2025-05-11,vertex licensing,False
TXN001675,ERP_EXPORT,SUP0022,Transcore Logistics,Logistics & Freight,It,77572.53,INR,CTR0008,ON_CONTRACT,REQ00502,2025-11-22,transcore logistics,False
TXN001676,ERP_EXPORT,SUP0016,Prime Facility Care,Facilities Maintenance,Finance,28280.75,INR,CTR0006,ON_CONTRACT,REQ00346,2026-03-12,prime facility care,False
TXN001677,ERP_EXPORT,SUP0014,Skyroute Travel,Travel,Marketing,14635.38,INR,CTR0005,ON_CONTRACT,REQ00428,2025-04-09,skyroute travel,False
TXN001679,ERP_EXPORT,SUP0005,Cloudspan Software,It Software & Licences,Logistics,33220.07,INR,CTR0002,ON_CONTRACT,REQ00282,2025-09-24,cloudspan software,False
TXN001680,ERP_EXPORT,SUP0022,Transcore Logistics,Logistics & Freight,Logistics,69680.94,INR,CTR0008,ON_CONTRACT,REQ00335,2025-10-08,transcore logistics,False
TXN001682,ERP_EXPORT,SUP0018,Urban Upkeep,Facilities Maintenance,R&D,68536.61,INR,,OFF_CONTRACT,REQ00765,2025-08-10,urban upkeep,False
TXN001684,ERP_EXPORT,SUP0011,Sterling Advisory,Professional Services,Logistics,212720.92,INR,CTR0004,ON_CONTRACT,REQ00448,2025-08-19,sterling advisory,False
TXN001686,ERP_EXPORT,SUP0025,NEXA TECHNOLOGIES PVT. LTD.,It Hardware,Human Resources,158612.24,INR,,NO_CONTRACT,REQ00810,2026-02-20,nexa technologies,False
TXN001687,ERP_EXPORT,SUP0016,Prime Facility Care,Facilities Maintenance,Finance,65365.43,INR,CTR0006,ON_CONTRACT,REQ00627,2025-08-26,prime facility care,False
TXN001690,ERP_EXPORT,SUP0005,Cloudspan Software,It Software & Licences,Finance,95305.03,INR,CTR0002,ON_CONTRACT,REQ00766,2025-12-28,cloudspan software,False
TXN001692,ERP_EXPORT,SUP0008,Orion Office Supplies,Office Supplies,Finance,13559.02,INR,CTR0003,ON_CONTRACT,,2025-10-30,orion office supplies,False
TXN001693,ERP_EXPORT,SUP0003,BluePeak Systems,It Hardware,Logistics,86792.77,INR,,NO_CONTRACT,,2025-10-10,bluepeak systems,False
TXN001695,ERP_EXPORT,SUP0005,Cloudspan Software,It Software & Licences,Marketing,53591.11,INR,CTR0002,ON_CONTRACT,,2025-10-23,cloudspan software,False
TXN001696,ERP_EXPORT,SUP0019,Lumen Creative,Marketing Services,Human Resources,29544.12,INR,CTR0007,ON_CONTRACT,REQ00372,2026-02-17,lumen creative,False
TXN001699,ERP_EXPORT,SUP0019,Lumen Creative,Marketing Services,Finance,154836.12,INR,CTR0007,ON_CONTRACT,,2026-03-02,lumen creative,False
TXN001700,ERP_EXPORT,SUP0008,Orion Office Supplies,Office Supplies,R&D,14639.18,INR,CTR0003,ON_CONTRACT,,2025-10-28,orion office supplies,False
TXN001702,ERP_EXPORT,SUP0001,Nexa Technologies Pvt Ltd,It Hardware,Logistics,92037.17,INR,CTR0001,ON_CONTRACT,,2025-10-07,nexa technologies,False
TXN001705,ERP_EXPORT,SUP0011,Sterling Advisory,Professional Services,Operations,132297.45,INR,CTR0004,ON_CONTRACT,,2025-11-23,sterling advisory,False
TXN001709,ERP_EXPORT,SUP0014,Skyroute Travel,Travel,Logistics,58806.21,INR,CTR0005,ON_CONTRACT,REQ00128,2025-05-24,skyroute travel,False
TXN001711,ERP_EXPORT,SUP0019,Lumen Creative,Marketing Services,Operations,41283.48,INR,CTR0007,ON_CONTRACT,,2025-07-17,lumen creative,False
TXN001713,ERP_EXPORT,SUP0016,Prime Facility Care,Facilities Maintenance,Logistics,56845.7,INR,CTR0006,ON_CONTRACT,,2026-01-16,prime facility care,False
TXN001717,ERP_EXPORT,SUP0014,Skyroute Travel,Travel,Operations,12738.01,INR,CTR0005,ON_CONTRACT,,2025-06-15,skyroute travel,False
TXN001719,ERP_EXPORT,SUP0008,Orion Office Supplies,Office Supplies,Finance,24624.62,INR,CTR0003,ON_CONTRACT,REQ00497,2026-02-26,orion office supplies,False
TXN001720,ERP_EXPORT,SUP0027,Orion Office Supplies Ltd,Office Supplies,R&D,7501.14,INR,,OFF_CONTRACT,REQ00067,2025-09-23,orion office supplies,False
TXN001721,ERP_EXPORT,SUP0011,Sterling Advisory,Professional Services,Human Resources,69872.37,INR,CTR0004,ON_CONTRACT,,2025-06-01,sterling advisory,False
TXN001722,ERP_EXPORT,SUP0011,Sterling Advisory,Professional Services,It,65490.84,INR,CTR0004,ON_CONTRACT,,2025-12-25,sterling advisory,False
TXN001724,ERP_EXPORT,SUP0005,Cloudspan Software,It Software & Licences,Operations,25609.81,INR,CTR0002,ON_CONTRACT,REQ00817,2025-07-03,cloudspan software,False
TXN001728,ERP_EXPORT,SUP0016,Prime Facility Care,Facilities Maintenance,Facilities,69801.81,INR,CTR0006,ON_CONTRACT,REQ00488,2025-07-11,prime facility care,False
TXN001729,ERP_EXPORT,SUP0005,Cloudspan Software,It Software & Licences,Logistics,100466.88,INR,CTR0002,ON_CONTRACT,REQ00010,2026-01-23,cloudspan software,False
TXN001731,ERP_EXPORT,SUP0019,Lumen Creative,Marketing Services,Marketing,62875.51,INR,CTR0007,ON_CONTRACT,REQ00495,2025-12-20,lumen creative,False
TXN001732,ERP_EXPORT,SUP0015,Voyager Corporate Travel,Travel,Operations,59159.46,INR,,OFF_CONTRACT,REQ00695,2026-01-13,voyager corporate travel,False
TXN001733,ERP_EXPORT,SUP0014,Skyroute Travel,Travel,Marketing,51217.4,INR,CTR0005,ON_CONTRACT,REQ00327,2025-12-17,skyroute travel,False
TXN001734,ERP_EXPORT,SUP0022,Transcore Logistics,Logistics & Freight,R&D,47364.92,INR,CTR0008,ON_CONTRACT,,2025-05-19,transcore logistics,False
TXN001736,ERP_EXPORT,SUP0017,GreenEdge Services,Facilities Maintenance,Human Resources,63196.25,INR,,OFF_CONTRACT,,2025-07-17,greenedge services,False
TXN001737,ERP_EXPORT,SUP0008,Orion Office Supplies,Office Supplies,R&D,700368.36,INR,CTR0003,ON_CONTRACT,,2025-06-20,orion office supplies,False
TXN001738,ERP_EXPORT,SUP0008,Orion Office Supplies,Office Supplies,Logistics,6476.32,INR,CTR0003,ON_CONTRACT,,2025-10-31,orion office supplies,False
TXN001739,ERP_EXPORT,SUP0014,Skyroute Travel,Travel,Human Resources,38156.27,INR,CTR0005,ON_CONTRACT,REQ00314,2025-09-18,skyroute travel,False
TXN001740,ERP_EXPORT,SUP0017,GreenEdge Services,Facilities Maintenance,R&D,34847.79,INR,,OFF_CONTRACT,,2025-10-31,greenedge services,False
TXN001741,ERP_EXPORT,SUP0004,Arcadia IT Traders,It Hardware,R&D,153268.37,INR,,NO_CONTRACT,REQ00825,2025-06-11,arcadia it traders,False
TXN001743,ERP_EXPORT,SUP0014,Skyroute Travel,Travel,R&D,71083.0,INR,CTR0005,ON_CONTRACT,REQ00574,2025-07-12,skyroute travel,False
TXN001744,ERP_EXPORT,SUP0011,Sterling Advisory,Professional Services,Human Resources,42316.57,INR,CTR0004,ON_CONTRACT,REQ00249,2025-06-22,sterling advisory,False
TXN001745,ERP_EXPORT,SUP0018,Urban Upkeep,Facilities Maintenance,It,34969.24,INR,,OFF_CONTRACT,,2025-10-17,urban upkeep,False
TXN001747,ERP_EXPORT,SUP0016,Prime Facility Care,Facilities Maintenance,Human Resources,11151.54,INR,CTR0006,ON_CONTRACT,REQ00138,2025-05-08,prime facility care,False
TXN001748,ERP_EXPORT,SUP0018,Urban Upkeep,Facilities Maintenance,Marketing,25588.79,INR,,OFF_CONTRACT,,2026-01-27,urban upkeep,False
TXN001749,ERP_EXPORT,SUP0014,Skyroute Travel,Travel,Logistics,70343.77,INR,CTR0005,ON_CONTRACT,REQ00587,2026-01-05,skyroute travel,False
TXN001752,ERP_EXPORT,SUP0008,Orion Office Supplies,Office Supplies,Finance,6949.64,INR,CTR0003,ON_CONTRACT,REQ00694,2026-03-27,orion office supplies,False
TXN001754,ERP_EXPORT,SUP0024,Nexa Technologies,It Hardware,R&D,62386.23,INR,,NO_CONTRACT,,2025-12-15,nexa technologies,False
TXN001755,ERP_EXPORT,SUP0017,GreenEdge Services,Facilities Maintenance,Finance,68552.43,INR,,OFF_CONTRACT,,2025-05-09,greenedge services,False
TXN001756,ERP_EXPORT,SUP0005,Cloudspan Software,It Software & Licences,Facilities,99161.4,INR,CTR0002,ON_CONTRACT,,2025-11-26,cloudspan software,False
TXN001757,ERP_EXPORT,SUP0013,Adept Partners,Professional Services,Human Resources,241511.1,INR,,OFF_CONTRACT,REQ00757,2025-06-17,adept partners,False
TXN001759,ERP_EXPORT,SUP0019,Lumen Creative,Marketing Services,R&D,35363.07,INR,CTR0007,ON_CONTRACT,REQ00877,2025-07-24,lumen creative,False
TXN001761,ERP_EXPORT,SUP0008,Orion Office Supplies,Office Supplies,Human Resources,12450.68,INR,CTR0003,ON_CONTRACT,REQ00027,2025-12-30,orion office supplies,False
TXN001762,ERP_EXPORT,SUP0024,Nexa Technologies,It Hardware,Facilities,155875.35,INR,,NO_CONTRACT,REQ00323,2025-07-27,nexa technologies,False
TXN001763,ERP_EXPORT,SUP0011,Sterling Advisory,Professional Services,Human Resources,60597.34,INR,CTR0004,ON_CONTRACT,REQ00223,2025-09-29,sterling advisory,False
TXN001765,ERP_EXPORT,SUP0022,Transcore Logistics,Logistics & Freight,Logistics,24454.04,INR,CTR0008,ON_CONTRACT,REQ00204,2025-07-15,transcore logistics,False
TXN001766,ERP_EXPORT,SUP0019,Lumen Creative,Marketing Services,Marketing,65454.63,INR,CTR0007,ON_CONTRACT,REQ00593,2025-12-21,lumen creative,False
TXN001767,ERP_EXPORT,SUP0005,Cloudspan Software,It Software & Licences,Logistics,92422.49,INR,CTR0002,ON_CONTRACT,,2025-10-01,cloudspan software,False
TXN001768,ERP_EXPORT,SUP0016,Prime Facility Care,Facilities Maintenance,Facilities,38561.09,INR,CTR0006,ON_CONTRACT,,2025-10-02,prime facility care,False
TXN001769,ERP_EXPORT,SUP0022,Transcore Logistics,Logistics & Freight,Logistics,43198.73,INR,CTR0008,ON_CONTRACT,REQ00390,2025-11-02,transcore logistics,False
TXN001770,ERP_EXPORT,SUP0019,Lumen Creative,Marketing Services,Human Resources,75226.68,INR,CTR0007,ON_CONTRACT,,2025-11-09,lumen creative,False
TXN001773,ERP_EXPORT,SUP0008,Orion Office Supplies,Office Supplies,It,22517.95,INR,CTR0003,ON_CONTRACT,REQ00822,2025-07-17,orion office supplies,False
TXN001774,ERP_EXPORT,SUP0014,Skyroute Travel,Travel,Marketing,86337.44,INR,CTR0005,ON_CONTRACT,REQ00179,2025-12-22,skyroute travel,False
TXN001775,ERP_EXPORT,SUP0009,Paperline Traders,Office Supplies,Facilities,20098.78,INR,,OFF_CONTRACT,,2025-04-16,paperline traders,False
TXN001776,ERP_EXPORT,SUP0022,Transcore Logistics,Logistics & Freight,Finance,38178.77,INR,CTR0008,ON_CONTRACT,,2025-08-14,transcore logistics,False
TXN001777,ERP_EXPORT,SUP0016,Prime Facility Care,Facilities Maintenance,It,51288.08,INR,CTR0006,ON_CONTRACT,,2025-04-18,prime facility care,False
TXN001778,ERP_EXPORT,SUP0008,Orion Office Supplies,Office Supplies,Marketing,12064.87,INR,CTR0003,ON_CONTRACT,REQ00016,2025-09-26,orion office supplies,False
TXN001780,ERP_EXPORT,SUP0021,Pulse Marketing Co,Marketing Services,It,137722.02,INR,,OFF_CONTRACT,REQ00481,2025-08-10,pulse marketing,False
TXN001781,ERP_EXPORT,SUP0008,Orion Office Supplies,Office Supplies,Facilities,2883.81,INR,CTR0003,ON_CONTRACT,REQ00767,2026-01-18,orion office supplies,False
TXN001782,ERP_EXPORT,SUP0011,Sterling Advisory,Professional Services,Marketing,229370.02,INR,CTR0004,ON_CONTRACT,REQ00085,2025-05-19,sterling advisory,False
TXN001784,ERP_EXPORT,SUP0014,Skyroute Travel,Travel,Finance,60250.52,INR,CTR0005,ON_CONTRACT,,2026-01-22,skyroute travel,False
TXN001785,ERP_EXPORT,SUP0026,Nexa Tech Pvt Ltd,It Hardware,It,127199.86,INR,,NO_CONTRACT,,2025-07-03,nexa tech,False
TXN001786,ERP_EXPORT,SUP0001,Nexa Technologies Pvt Ltd,It Hardware,Operations,163743.25,INR,CTR0001,ON_CONTRACT,REQ00331,2025-04-06,nexa technologies,False
TXN001787,ERP_EXPORT,SUP0022,Transcore Logistics,Logistics & Freight,R&D,64843.58,INR,CTR0008,ON_CONTRACT,REQ00220,2025-11-19,transcore logistics,False
TXN001788,ERP_EXPORT,SUP0014,Skyroute Travel,Travel,Human Resources,58342.55,INR,CTR0005,ON_CONTRACT,,2025-12-20,skyroute travel,False
TXN001792,ERP_EXPORT,SUP0010,Kanban Stationers,Office Supplies,Facilities,18960.98,INR,,OFF_CONTRACT,,2025-12-15,kanban stationers,False
TXN001797,ERP_EXPORT,SUP0020,BrightArc Media,Marketing Services,R&D,120285.27,INR,,OFF_CONTRACT,REQ00535,2025-11-02,brightarc media,False
TXN001798,ERP_EXPORT,SUP0022,Transcore Logistics,Logistics & Freight,Human Resources,17983.0,INR,CTR0008,ON_CONTRACT,REQ00258,2026-03-29,transcore logistics,False
TXN001800,ERP_EXPORT,SUP0011,Sterling Advisory,Professional Services,R&D,42542.78,INR,CTR0004,ON_CONTRACT,REQ00199,2025-08-06,sterling advisory,False
TXN001802,ERP_EXPORT,SUP0008,Orion Office Supplies,Office Supplies,Human Resources,18962.69,INR,CTR0003,ON_CONTRACT,,2025-04-06,orion office supplies,False
TXN001803,ERP_EXPORT,SUP0005,Cloudspan Software,It Software & Licences,Logistics,52091.4,INR,CTR0002,ON_CONTRACT,REQ00449,2025-08-31,cloudspan software,False
TXN001805,ERP_EXPORT,SUP0020,BrightArc Media,Marketing Services,Logistics,68958.45,INR,,OFF_CONTRACT,REQ00173,2026-03-30,brightarc media,False
TXN001806,ERP_EXPORT,SUP0022,Transcore Logistics,Logistics & Freight,Facilities,76296.24,INR,CTR0008,ON_CONTRACT,,2026-02-03,transcore logistics,False
TXN001808,ERP_EXPORT,SUP0019,Lumen Creative,Marketing Services,Human Resources,45927.38,INR,CTR0007,ON_CONTRACT,,2025-08-20,lumen creative,False
TXN001809,ERP_EXPORT,SUP0014,Skyroute Travel,Travel,Human Resources,22276.97,INR,CTR0005,ON_CONTRACT,,2025-05-13,skyroute travel,False
TXN001811,ERP_EXPORT,SUP0019,Lumen Creative,Marketing Services,Logistics,112442.38,INR,CTR0007,ON_CONTRACT,,2026-01-15,lumen creative,False
TXN001813,ERP_EXPORT,SUP0005,Cloudspan Software,It Software & Licences,Operations,42829.87,INR,CTR0002,ON_CONTRACT,REQ00689,2026-03-30,cloudspan software,False
TXN001816,ERP_EXPORT,SUP0011,Sterling Advisory,Professional Services,Finance,243250.61,INR,CTR0004,ON_CONTRACT,REQ00423,2025-04-15,sterling advisory,False
TXN001817,ERP_EXPORT,SUP0023,FleetBridge Cargo,Logistics & Freight,Finance,36521.92,INR,,OFF_CONTRACT,REQ00255,2025-08-20,fleetbridge cargo,False
TXN001818,ERP_EXPORT,SUP0023,FleetBridge Cargo,Logistics & Freight,Human Resources,75845.52,INR,,OFF_CONTRACT,,2025-06-22,fleetbridge cargo,False
TXN001820,ERP_EXPORT,SUP0008,Orion Office Supplies,Office Supplies,Operations,10784.61,INR,CTR0003,ON_CONTRACT,REQ00314,2025-05-22,orion office supplies,False
TXN001821,ERP_EXPORT,SUP0005,Cloudspan Software,It Software & Licences,Logistics,36597.16,INR,CTR0002,ON_CONTRACT,,2025-10-13,cloudspan software,False
TXN001823,ERP_EXPORT,SUP0016,Prime Facility Care,Facilities Maintenance,Human Resources,46900.78,INR,CTR0006,ON_CONTRACT,,2026-03-25,prime facility care,False
TXN001824,ERP_EXPORT,SUP0014,Skyroute Travel,Travel,Facilities,71519.97,INR,CTR0005,ON_CONTRACT,REQ00093,2026-03-31,skyroute travel,False
TXN001826,ERP_EXPORT,SUP0005,Cloudspan Software,It Software & Licences,It,70681.72,INR,CTR0002,ON_CONTRACT,REQ00159,2026-03-08,cloudspan software,False
TXN001827,ERP_EXPORT,SUP0014,Skyroute Travel,Travel,Operations,11440.0,INR,CTR0005,ON_CONTRACT,REQ00232,2025-11-12,skyroute travel,False
TXN001828,ERP_EXPORT,SUP0011,Sterling Advisory,Professional Services,It,243382.64,INR,CTR0004,ON_CONTRACT,,2025-12-04,sterling advisory,False
TXN001829,ERP_EXPORT,SUP0022,Transcore Logistics,Logistics & Freight,Operations,78293.28,INR,CTR0008,ON_CONTRACT,REQ00869,2025-12-22,transcore logistics,False
TXN001831,ERP_EXPORT,SUP0017,GreenEdge Services,Facilities Maintenance,Finance,68798.22,INR,,OFF_CONTRACT,,2025-07-30,greenedge services,False
TXN001832,ERP_EXPORT,SUP0016,Prime Facility Care,Facilities Maintenance,Marketing,46112.9,INR,CTR0006,ON_CONTRACT,REQ00848,2026-03-26,prime facility care,False
TXN001833,ERP_EXPORT,SUP0013,Adept Partners,Professional Services,Logistics,162308.76,INR,,OFF_CONTRACT,REQ00108,2026-02-04,adept partners,False
TXN001835,ERP_EXPORT,SUP0022,Transcore Logistics,Logistics & Freight,R&D,79376.89,INR,CTR0008,ON_CONTRACT,REQ00176,2025-04-12,transcore logistics,False
TXN001836,ERP_EXPORT,SUP0022,Transcore Logistics,Logistics & Freight,Finance,66487.72,INR,CTR0008,ON_CONTRACT,REQ00724,2025-06-15,transcore logistics,False
TXN001837,ERP_EXPORT,SUP0005,Cloudspan Software,It Software & Licences,Human Resources,28450.05,INR,CTR0002,ON_CONTRACT,,2025-04-15,cloudspan software,False
TXN001840,ERP_EXPORT,SUP0018,Urban Upkeep,Facilities Maintenance,Finance,23476.94,INR,,OFF_CONTRACT,,2025-05-07,urban upkeep,False
TXN001843,ERP_EXPORT,SUP0022,Transcore Logistics,Logistics & Freight,Facilities,48470.61,INR,CTR0008,ON_CONTRACT,REQ00182,2026-03-29,transcore logistics,False
TXN001844,ERP_EXPORT,SUP0020,BrightArc Media,Marketing Services,Human Resources,105811.54,INR,,OFF_CONTRACT,REQ00233,2025-09-27,brightarc media,False
TXN001846,ERP_EXPORT,SUP0001,Nexa Technologies Pvt Ltd,It Hardware,It,62307.37,INR,CTR0001,ON_CONTRACT,,2025-12-27,nexa technologies,False
TXN001847,ERP_EXPORT,SUP0001,Nexa Technologies Pvt Ltd,It Hardware,It,43832.71,INR,CTR0001,ON_CONTRACT,,2026-01-16,nexa technologies,False
TXN001848,ERP_EXPORT,SUP0016,Prime Facility Care,Facilities Maintenance,Logistics,21848.23,INR,CTR0006,ON_CONTRACT,REQ00224,2025-09-24,prime facility care,False
TXN001849,ERP_EXPORT,SUP0005,Cloudspan Software,It Software & Licences,Marketing,108127.11,INR,CTR0002,ON_CONTRACT,,2026-03-28,cloudspan software,False
TXN001852,ERP_EXPORT,SUP0027,Orion Office Supplies Ltd,Office Supplies,Marketing,20766.78,INR,,OFF_CONTRACT,,2025-09-20,orion office supplies,False
TXN001854,ERP_EXPORT,SUP0016,Prime Facility Care,Facilities Maintenance,Logistics,60790.86,INR,CTR0006,ON_CONTRACT,REQ00414,2025-04-22,prime facility care,False
TXN001858,ERP_EXPORT,SUP0022,Transcore Logistics,Logistics & Freight,Human Resources,50224.78,INR,CTR0008,ON_CONTRACT,,2026-03-24,transcore logistics,False
TXN001859,ERP_EXPORT,SUP0001,Nexa Technologies Pvt Ltd,It Hardware,Facilities,155509.78,INR,CTR0001,ON_CONTRACT,REQ00602,2026-01-18,nexa technologies,False
TXN001863,ERP_EXPORT,SUP0011,Sterling Advisory,Professional Services,It,77260.04,INR,CTR0004,ON_CONTRACT,REQ00391,2025-07-15,sterling advisory,False
TXN001867,ERP_EXPORT,SUP0014,Skyroute Travel,Travel,R&D,11540.25,INR,CTR0005,ON_CONTRACT,REQ00863,2025-07-07,skyroute travel,False
TXN001868,ERP_EXPORT,SUP0022,Transcore Logistics,Logistics & Freight,R&D,25679.63,INR,CTR0008,ON_CONTRACT,REQ00786,2025-11-16,transcore logistics,False
TXN001869,ERP_EXPORT,SUP0008,Orion Office Supplies,Office Supplies,Facilities,5029.76,INR,CTR0003,ON_CONTRACT,REQ00811,2025-12-07,orion office supplies,False
TXN001870,ERP_EXPORT,SUP0005,Cloudspan Software,It Software & Licences,Human Resources,91227.89,INR,CTR0002,ON_CONTRACT,,2026-03-22,cloudspan software,False
TXN001871,ERP_EXPORT,SUP0019,Lumen Creative,Marketing Services,Human Resources,134489.95,INR,CTR0007,ON_CONTRACT,REQ00123,2025-10-20,lumen creative,False
TXN001873,ERP_EXPORT,SUP0022,Transcore Logistics,Logistics & Freight,R&D,53985.77,INR,CTR0008,ON_CONTRACT,REQ00781,2026-03-22,transcore logistics,False
TXN001876,ERP_EXPORT,SUP0008,Orion Office Supplies,Office Supplies,It,14471.46,INR,CTR0003,ON_CONTRACT,REQ00157,2025-08-28,orion office supplies,False
TXN001878,ERP_EXPORT,SUP0011,Sterling Advisory,Professional Services,Marketing,146755.71,INR,CTR0004,ON_CONTRACT,REQ00326,2025-04-30,sterling advisory,False
TXN001879,ERP_EXPORT,SUP0005,Cloudspan Software,It Software & Licences,It,46242.59,INR,CTR0002,ON_CONTRACT,,2025-06-26,cloudspan software,False
TXN001880,ERP_EXPORT,SUP0016,Prime Facility Care,Facilities Maintenance,Facilities,43901.32,INR,CTR0006,ON_CONTRACT,,2025-04-04,prime facility care,False
TXN001881,ERP_EXPORT,SUP0019,Lumen Creative,Marketing Services,R&D,116443.94,INR,CTR0007,ON_CONTRACT,,2025-06-01,lumen creative,False
TXN001882,ERP_EXPORT,SUP0011,Sterling Advisory,Professional Services,Facilities,223397.81,INR,CTR0004,ON_CONTRACT,REQ00844,2025-11-30,sterling advisory,False
TXN001886,ERP_EXPORT,SUP0014,Skyroute Travel,Travel,Operations,45847.71,INR,CTR0005,ON_CONTRACT,,2025-06-04,skyroute travel,False
TXN001887,ERP_EXPORT,SUP0016,Prime Facility Care,Facilities Maintenance,R&D,10559.9,INR,CTR0006,ON_CONTRACT,REQ00464,2025-11-14,prime facility care,False
TXN001888,ERP_EXPORT,SUP0019,Lumen Creative,Marketing Services,R&D,54535.04,INR,CTR0007,ON_CONTRACT,REQ00543,2025-07-15,lumen creative,False
TXN001889,ERP_EXPORT,SUP0011,Sterling Advisory,Professional Services,Operations,192556.96,INR,CTR0004,ON_CONTRACT,,2026-03-04,sterling advisory,False
TXN001891,ERP_EXPORT,SUP0019,Lumen Creative,Marketing Services,Logistics,33884.93,INR,CTR0007,ON_CONTRACT,REQ00853,2026-02-14,lumen creative,False
TXN001892,ERP_EXPORT,SUP0019,Lumen Creative,Marketing Services,Marketing,76209.2,INR,CTR0007,ON_CONTRACT,,2025-12-21,lumen creative,False
TXN001893,ERP_EXPORT,SUP0019,Lumen Creative,Marketing Services,Operations,132009.94,INR,CTR0007,ON_CONTRACT,REQ00684,2025-06-28,lumen creative,False
TXN001895,ERP_EXPORT,SUP0027,Orion Office Supplies Ltd,Office Supplies,It,14766.95,INR,,OFF_CONTRACT,,2025-05-04,orion office supplies,False
TXN001897,ERP_EXPORT,SUP0016,Prime Facility Care,Facilities Maintenance,Operations,46959.13,INR,CTR0006,ON_CONTRACT,REQ00068,2025-10-03,prime facility care,False
TXN001899,ERP_EXPORT,SUP0014,Skyroute Travel,Travel,Marketing,37141.53,INR,CTR0005,ON_CONTRACT,REQ00122,2025-12-29,skyroute travel,False
TXN001900,ERP_EXPORT,SUP0019,Lumen Creative,Marketing Services,Logistics,129730.85,INR,CTR0007,ON_CONTRACT,,2025-08-22,lumen creative,False
TXN001902,ERP_EXPORT,SUP0019,Lumen Creative,Marketing Services,It,20732.15,INR,CTR0007,ON_CONTRACT,,2025-10-03,lumen creative,False
TXN001903,ERP_EXPORT,SUP0022,Transcore Logistics,Logistics & Freight,It,75162.23,INR,CTR0008,ON_CONTRACT,,2026-03-10,transcore logistics,False
TXN001907,ERP_EXPORT,SUP0001,Nexa Technologies Pvt Ltd,It Hardware,Marketing,173501.39,INR,CTR0001,ON_CONTRACT,REQ00259,2025-07-08,nexa technologies,False
TXN001908,ERP_EXPORT,SUP0014,Skyroute Travel,Travel,Marketing,38171.14,INR,CTR0005,ON_CONTRACT,REQ00245,2026-03-25,skyroute travel,False
TXN001910,ERP_EXPORT,SUP0022,Transcore Logistics,Logistics & Freight,It,24357.71,INR,CTR0008,ON_CONTRACT,REQ00640,2025-04-06,transcore logistics,False
TXN001911,ERP_EXPORT,SUP0001,Nexa Technologies Pvt Ltd,It Hardware,Logistics,72368.65,INR,CTR0001,ON_CONTRACT,REQ00037,2026-03-22,nexa technologies,False
TXN001912,ERP_EXPORT,SUP0014,Skyroute Travel,Travel,R&D,79885.36,INR,CTR0005,ON_CONTRACT,REQ00351,2025-06-07,skyroute travel,False
TXN001913,ERP_EXPORT,SUP0016,Prime Facility Care,Facilities Maintenance,Logistics,69780.06,INR,CTR0006,ON_CONTRACT,REQ00086,2025-11-17,prime facility care,False
TXN001915,ERP_EXPORT,SUP0011,Sterling Advisory,Professional Services,Marketing,134208.23,INR,CTR0004,ON_CONTRACT,,2025-07-31,sterling advisory,False
TXN001918,ERP_EXPORT,SUP0019,Lumen Creative,Marketing Services,Facilities,103026.21,INR,CTR0007,ON_CONTRACT,REQ00641,2025-12-28,lumen creative,False
TXN001919,ERP_EXPORT,SUP0011,Sterling Advisory,Professional Services,Logistics,122220.4,INR,CTR0004,ON_CONTRACT,,2025-07-05,sterling advisory,False
TXN001922,ERP_EXPORT,SUP0011,Sterling Advisory,Professional Services,Operations,40675.84,INR,CTR0004,ON_CONTRACT,REQ00651,2026-01-29,sterling advisory,False
TXN001923,ERP_EXPORT,SUP0014,Skyroute Travel,Travel,Human Resources,58806.33,INR,CTR0005,ON_CONTRACT,REQ00257,2025-09-24,skyroute travel,False
TXN001926,ERP_EXPORT,SUP0025,NEXA TECHNOLOGIES PVT. LTD.,Uncategorised,Finance,39413.55,INR,,NO_CONTRACT,,2026-02-05,nexa technologies,False
TXN001931,ERP_EXPORT,SUP0008,Orion Office Supplies,Office Supplies,Marketing,15339.63,INR,CTR0003,ON_CONTRACT,REQ00189,2025-07-21,orion office supplies,False
TXN001932,ERP_EXPORT,SUP0005,Cloudspan Software,It Software & Licences,Human Resources,73955.88,INR,CTR0002,ON_CONTRACT,REQ00023,2025-12-11,cloudspan software,False
TXN001936,ERP_EXPORT,SUP0011,Sterling Advisory,Professional Services,Operations,209047.69,INR,CTR0004,ON_CONTRACT,REQ00014,2025-09-05,sterling advisory,False
TXN001937,ERP_EXPORT,SUP0008,Orion Office Supplies,Office Supplies,R&D,8205.88,INR,CTR0003,ON_CONTRACT,,2026-02-01,orion office supplies,False
TXN001938,ERP_EXPORT,SUP0008,Orion Office Supplies,Office Supplies,Finance,20976.14,INR,CTR0003,ON_CONTRACT,,2025-06-05,orion office supplies,False
TXN001939,ERP_EXPORT,SUP0016,Prime Facility Care,Facilities Maintenance,It,39895.34,INR,CTR0006,ON_CONTRACT,REQ00428,2025-08-05,prime facility care,False
TXN001940,ERP_EXPORT,SUP0013,Adept Partners,Professional Services,Finance,56182.24,INR,,OFF_CONTRACT,,2025-11-30,adept partners,False
TXN001941,ERP_EXPORT,SUP0014,Skyroute Travel,Travel,Finance,12801.18,INR,CTR0005,ON_CONTRACT,,2025-06-05,skyroute travel,False
TXN001943,ERP_EXPORT,SUP0011,Sterling Advisory,Professional Services,Logistics,204828.37,INR,CTR0004,ON_CONTRACT,,2025-09-08,sterling advisory,False
TXN001944,ERP_EXPORT,SUP0005,Cloudspan Software,It Software & Licences,Finance,89306.5,INR,CTR0002,ON_CONTRACT,REQ00503,2025-11-23,cloudspan software,False
TXN001945,ERP_EXPORT,SUP0014,Skyroute Travel,Travel,Operations,72666.43,INR,CTR0005,ON_CONTRACT,,2025-08-20,skyroute travel,False
TXN001948,ERP_EXPORT,SUP0013,Adept Partners,Professional Services,Facilities,70965.03,INR,,OFF_CONTRACT,REQ00063,2025-07-09,adept partners,False
TXN001949,ERP_EXPORT,SUP0014,Skyroute Travel,Travel,It,34911.81,INR,CTR0005,ON_CONTRACT,REQ00210,2025-06-13,skyroute travel,False
TXN001953,ERP_EXPORT,SUP0024,Nexa Technologies,It Hardware,Marketing,117724.92,INR,,NO_CONTRACT,REQ00738,2025-10-10,nexa technologies,False
TXN001956,ERP_EXPORT,SUP0011,Sterling Advisory,Professional Services,Finance,235953.8,INR,CTR0004,ON_CONTRACT,REQ00423,2025-09-23,sterling advisory,False
TXN001957,ERP_EXPORT,SUP0005,Cloudspan Software,It Software & Licences,R&D,82469.35,INR,CTR0002,ON_CONTRACT,,2025-10-20,cloudspan software,False
TXN001958,ERP_EXPORT,SUP0008,Orion Office Supplies,Office Supplies,Operations,11688.71,INR,CTR0003,ON_CONTRACT,REQ00119,2025-08-12,orion office supplies,False
TXN001960,ERP_EXPORT,SUP0009,Paperline Traders,Office Supplies,Finance,20069.99,INR,,OFF_CONTRACT,REQ00650,2026-03-10,paperline traders,False
TXN001962,ERP_EXPORT,SUP0019,Lumen Creative,Marketing Services,It,77386.68,INR,CTR0007,ON_CONTRACT,REQ00597,2025-12-08,lumen creative,False
TXN001963,ERP_EXPORT,SUP0001,Nexa Technologies Pvt Ltd,It Hardware,Finance,155169.35,INR,CTR0001,ON_CONTRACT,REQ00849,2025-06-24,nexa technologies,False
TXN001964,ERP_EXPORT,SUP0019,Lumen Creative,Marketing Services,Human Resources,73736.61,INR,CTR0007,ON_CONTRACT,REQ00384,2025-12-18,lumen creative,False
TXN001965,ERP_EXPORT,SUP0019,Lumen Creative,Marketing Services,Human Resources,100062.12,INR,CTR0007,ON_CONTRACT,REQ00335,2025-08-12,lumen creative,False
TXN001966,ERP_EXPORT,SUP0019,Lumen Creative,Marketing Services,It,102287.71,INR,CTR0007,ON_CONTRACT,REQ00668,2026-03-10,lumen creative,False
TXN001967,ERP_EXPORT,SUP0019,Lumen Creative,Marketing Services,R&D,45826.68,INR,CTR0007,ON_CONTRACT,,2025-07-15,lumen creative,False
TXN001970,ERP_EXPORT,SUP0001,Nexa Technologies Pvt Ltd,It Hardware,Finance,29060.49,INR,CTR0001,ON_CONTRACT,REQ00738,2025-10-16,nexa technologies,False
TXN001971,ERP_EXPORT,SUP0016,Prime Facility Care,Facilities Maintenance,Marketing,11451.51,INR,CTR0006,ON_CONTRACT,,2025-12-02,prime facility care,False
TXN001972,ERP_EXPORT,SUP0014,Skyroute Travel,Travel,Facilities,76199.16,INR,CTR0005,ON_CONTRACT,,2025-04-16,skyroute travel,False
TXN001974,ERP_EXPORT,SUP0008,Orion Office Supplies,Office Supplies,Operations,13915.81,INR,CTR0003,ON_CONTRACT,,2025-10-08,orion office supplies,False
TXN001977,ERP_EXPORT,SUP0008,Orion Office Supplies,Office Supplies,Operations,7963.83,INR,CTR0003,ON_CONTRACT,REQ00594,2026-03-22,orion office supplies,False
TXN001979,ERP_EXPORT,SUP0019,Lumen Creative,Marketing Services,Logistics,142182.24,INR,CTR0007,ON_CONTRACT,REQ00014,2026-01-21,lumen creative,False
TXN001983,ERP_EXPORT,SUP0016,Prime Facility Care,Facilities Maintenance,Marketing,37491.21,INR,CTR0006,ON_CONTRACT,REQ00381,2026-01-08,prime facility care,False
TXN001986,ERP_EXPORT,SUP0018,Urban Upkeep,Facilities Maintenance,Marketing,14836.09,INR,,OFF_CONTRACT,,2025-09-23,urban upkeep,False
TXN001987,ERP_EXPORT,SUP0008,Orion Office Supplies,Office Supplies,Marketing,18742.6,INR,CTR0003,ON_CONTRACT,,2026-01-19,orion office supplies,False
TXN001989,ERP_EXPORT,SUP0001,Nexa Technologies Pvt Ltd,It Hardware,Human Resources,92711.86,INR,CTR0001,ON_CONTRACT,,2026-03-07,nexa technologies,False
TXN001990,ERP_EXPORT,SUP0010,Kanban Stationers,Office Supplies,Finance,18778.69,INR,,OFF_CONTRACT,,2025-10-09,kanban stationers,False
TXN001994,ERP_EXPORT,SUP0011,Sterling Advisory,Professional Services,Operations,68424.36,INR,CTR0004,ON_CONTRACT,REQ00032,2025-08-30,sterling advisory,False
TXN001996,ERP_EXPORT,SUP0021,Pulse Marketing Co,Marketing Services,Human Resources,111973.72,INR,,OFF_CONTRACT,REQ00384,2025-07-16,pulse marketing,False
TXN001997,ERP_EXPORT,SUP0014,Skyroute Travel,Travel,Logistics,86442.4,INR,CTR0005,ON_CONTRACT,,2026-01-29,skyroute travel,False
TXN002000,ERP_EXPORT,SUP0018,Urban Upkeep,Facilities Maintenance,It,26931.22,INR,,OFF_CONTRACT,REQ00500,2025-05-15,urban upkeep,False
TXN002001,ERP_EXPORT,SUP0022,Transcore Logistics,Logistics & Freight,Operations,33721.57,INR,CTR0008,ON_CONTRACT,,2026-02-18,transcore logistics,False
TXN002003,ERP_EXPORT,SUP0022,Transcore Logistics,Logistics & Freight,It,87219.13,INR,CTR0008,ON_CONTRACT,,2026-01-29,transcore logistics,False
TXN002004,ERP_EXPORT,SUP0004,Arcadia IT Traders,It Hardware,Marketing,63679.66,INR,,NO_CONTRACT,REQ00714,2026-01-15,arcadia it traders,False
TXN002008,ERP_EXPORT,SUP0022,Transcore Logistics,Logistics & Freight,Facilities,76466.98,INR,CTR0008,ON_CONTRACT,REQ00143,2025-06-07,transcore logistics,False
TXN002009,ERP_EXPORT,SUP0001,Nexa Technologies Pvt Ltd,It Hardware,R&D,35131.75,INR,CTR0001,ON_CONTRACT,REQ00538,2026-03-22,nexa technologies,False
TXN002010,ERP_EXPORT,SUP0016,Prime Facility Care,Facilities Maintenance,Logistics,39254.27,INR,CTR0006,ON_CONTRACT,REQ00447,2026-01-11,prime facility care,False
TXN002011,ERP_EXPORT,SUP0019,Lumen Creative,Marketing Services,Finance,24705.9,INR,CTR0007,ON_CONTRACT,REQ00520,2025-08-03,lumen creative,False
TXN002012,ERP_EXPORT,SUP0008,Orion Office Supplies,Office Supplies,Marketing,3441.02,INR,CTR0003,ON_CONTRACT,,2025-11-15,orion office supplies,False
TXN002013,ERP_EXPORT,SUP0016,Prime Facility Care,Facilities Maintenance,Marketing,64386.25,INR,CTR0006,ON_CONTRACT,,2025-05-30,prime facility care,False
TXN002014,ERP_EXPORT,SUP0001,Nexa Technologies Pvt Ltd,It Hardware,Marketing,46583.03,INR,CTR0001,ON_CONTRACT,,2025-10-18,nexa technologies,False
TXN002015,ERP_EXPORT,SUP0001,Nexa Technologies Pvt Ltd,It Hardware,It,107525.21,INR,CTR0001,ON_CONTRACT,REQ00682,2025-08-15,nexa technologies,False
TXN002017,ERP_EXPORT,SUP0011,Sterling Advisory,Professional Services,Logistics,112942.1,INR,CTR0004,ON_CONTRACT,REQ00177,2025-10-16,sterling advisory,False
TXN002018,ERP_EXPORT,SUP0005,Cloudspan Software,It Software & Licences,Marketing,109482.5,INR,CTR0002,ON_CONTRACT,,2025-05-05,cloudspan software,False
TXN002020,ERP_EXPORT,SUP0017,GreenEdge Services,Facilities Maintenance,R&D,49827.38,INR,,OFF_CONTRACT,REQ00329,2025-10-20,greenedge services,False
TXN002023,ERP_EXPORT,SUP0023,FleetBridge Cargo,Logistics & Freight,R&D,89756.26,INR,,OFF_CONTRACT,REQ00087,2026-03-27,fleetbridge cargo,False
TXN002024,ERP_EXPORT,SUP0008,Orion Office Supplies,Office Supplies,R&D,3201.93,INR,CTR0003,ON_CONTRACT,REQ00666,2025-09-22,orion office supplies,False
TXN002026,ERP_EXPORT,SUP0008,Orion Office Supplies,Office Supplies,Logistics,7983.63,INR,CTR0003,ON_CONTRACT,,2025-12-29,orion office supplies,False
TXN002027,ERP_EXPORT,SUP0005,Cloudspan Software,It Software & Licences,Human Resources,91736.2,INR,CTR0002,ON_CONTRACT,,2026-01-30,cloudspan software,False
TXN002029,ERP_EXPORT,SUP0014,Skyroute Travel,Travel,R&D,29035.47,INR,CTR0005,ON_CONTRACT,REQ00613,2025-11-04,skyroute travel,False
TXN002031,ERP_EXPORT,SUP0016,Prime Facility Care,Facilities Maintenance,Marketing,21885.86,INR,CTR0006,ON_CONTRACT,REQ00741,2025-08-28,prime facility care,False
TXN002033,ERP_EXPORT,SUP0016,Prime Facility Care,Facilities Maintenance,Human Resources,37835.95,INR,CTR0006,ON_CONTRACT,,2025-11-22,prime facility care,False
TXN002036,ERP_EXPORT,SUP0014,Skyroute Travel,Travel,Logistics,36659.52,INR,CTR0005,ON_CONTRACT,,2025-11-30,skyroute travel,False
TXN002037,ERP_EXPORT,SUP0019,Lumen Creative,Marketing Services,Marketing,35973.41,INR,CTR0007,ON_CONTRACT,REQ00779,2025-04-28,lumen creative,False
TXN002038,ERP_EXPORT,SUP0003,BluePeak Systems,It Hardware,Human Resources,48443.26,INR,,NO_CONTRACT,REQ00099,2026-03-18,bluepeak systems,False
TXN002040,ERP_EXPORT,SUP0014,Skyroute Travel,Travel,Operations,28579.27,INR,CTR0005,ON_CONTRACT,,2026-01-18,skyroute travel,False
TXN002046,ERP_EXPORT,SUP0005,Cloudspan Software,It Software & Licences,Marketing,90895.5,INR,CTR0002,ON_CONTRACT,,2025-10-14,cloudspan software,False
TXN002048,ERP_EXPORT,SUP0021,Pulse Marketing Co,Marketing Services,It,119096.91,INR,,OFF_CONTRACT,REQ00631,2025-10-16,pulse marketing,False
TXN002049,ERP_EXPORT,SUP0022,Transcore Logistics,Logistics & Freight,Facilities,57113.67,INR,CTR0008,ON_CONTRACT,,2026-03-24,transcore logistics,False
TXN002050,ERP_EXPORT,SUP0019,Lumen Creative,Marketing Services,Operations,31441.55,INR,CTR0007,ON_CONTRACT,REQ00415,2025-08-19,lumen creative,False
TXN002052,ERP_EXPORT,SUP0001,Nexa Technologies Pvt Ltd,It Hardware,Facilities,100127.92,INR,CTR0001,ON_CONTRACT,REQ00820,2025-04-12,nexa technologies,False
TXN002053,ERP_EXPORT,SUP0019,Lumen Creative,Marketing Services,It,43208.44,INR,CTR0007,ON_CONTRACT,REQ00742,2025-11-15,lumen creative,False
TXN002054,ERP_EXPORT,SUP0019,Lumen Creative,Marketing Services,Operations,152397.74,INR,CTR0007,ON_CONTRACT,REQ00267,2025-12-02,lumen creative,False
TXN002056,ERP_EXPORT,SUP0016,Prime Facility Care,Facilities Maintenance,Marketing,50141.34,INR,CTR0006,ON_CONTRACT,REQ00713,2026-01-09,prime facility care,False
TXN002057,ERP_EXPORT,SUP0001,Nexa Technologies Pvt Ltd,It Hardware,Human Resources,96655.81,INR,CTR0001,ON_CONTRACT,REQ00301,2025-06-12,nexa technologies,False
TXN002059,ERP_EXPORT,SUP0005,Cloudspan Software,It Software & Licences,It,83352.21,INR,CTR0002,ON_CONTRACT,,2025-06-30,cloudspan software,False
TXN002061,ERP_EXPORT,SUP0005,Cloudspan Software,It Software & Licences,Marketing,21538.68,INR,CTR0002,ON_CONTRACT,REQ00798,2025-11-23,cloudspan software,False
TXN002062,ERP_EXPORT,SUP0016,Prime Facility Care,Facilities Maintenance,Marketing,40750.16,INR,CTR0006,ON_CONTRACT,REQ00009,2025-09-14,prime facility care,False
TXN002064,ERP_EXPORT,SUP0022,Transcore Logistics,Logistics & Freight,Finance,50116.91,INR,CTR0008,ON_CONTRACT,,2025-08-21,transcore logistics,False
TXN002065,ERP_EXPORT,SUP0022,Transcore Logistics,Logistics & Freight,Facilities,16312.4,INR,CTR0008,ON_CONTRACT,,2025-06-22,transcore logistics,False
TXN002066,ERP_EXPORT,SUP0001,Nexa Technologies Pvt Ltd,It Hardware,It,146873.12,INR,CTR0001,ON_CONTRACT,REQ00542,2025-12-07,nexa technologies,False
TXN002069,ERP_EXPORT,SUP0005,Cloudspan Software,It Software & Licences,Human Resources,32294.17,INR,CTR0002,ON_CONTRACT,REQ00423,2025-10-13,cloudspan software,False
TXN002070,ERP_EXPORT,SUP0019,Lumen Creative,Marketing Services,Logistics,66230.11,INR,CTR0007,ON_CONTRACT,REQ00017,2025-07-20,lumen creative,False
TXN002071,ERP_EXPORT,SUP0019,Lumen Creative,Marketing Services,Marketing,125945.21,INR,CTR0007,ON_CONTRACT,,2025-09-02,lumen creative,False
TXN002072,ERP_EXPORT,SUP0019,Lumen Creative,Marketing Services,Operations,92714.02,INR,CTR0007,ON_CONTRACT,,2025-08-08,lumen creative,False
TXN002074,ERP_EXPORT,SUP0008,Orion Office Supplies,Office Supplies,It,22190.09,INR,CTR0003,ON_CONTRACT,REQ00396,2026-03-01,orion office supplies,False
TXN002075,ERP_EXPORT,SUP0019,Lumen Creative,Marketing Services,Logistics,143141.46,INR,CTR0007,ON_CONTRACT,REQ00890,2025-12-02,lumen creative,False
TXN002076,ERP_EXPORT,SUP0005,Cloudspan Software,It Software & Licences,Marketing,106410.73,INR,CTR0002,ON_CONTRACT,REQ00104,2025-06-14,cloudspan software,False
TXN002077,ERP_EXPORT,SUP0014,Skyroute Travel,Travel,Finance,27581.29,INR,CTR0005,ON_CONTRACT,REQ00414,2025-09-19,skyroute travel,False
TXN002078,ERP_EXPORT,SUP0022,Transcore Logistics,Logistics & Freight,Finance,49452.87,INR,CTR0008,ON_CONTRACT,REQ00530,2026-01-25,transcore logistics,False
TXN002079,ERP_EXPORT,SUP0006,Vertex Licensing,It Software & Licences,It,118423.91,INR,,NO_CONTRACT,,2026-01-06,vertex licensing,False
TXN002082,ERP_EXPORT,SUP0019,Lumen Creative,Marketing Services,It,29128.64,INR,CTR0007,ON_CONTRACT,,2025-07-09,lumen creative,False
TXN002083,ERP_EXPORT,SUP0019,Lumen Creative,Marketing Services,Marketing,84950.39,INR,CTR0007,ON_CONTRACT,REQ00582,2025-08-09,lumen creative,False
TXN002084,ERP_EXPORT,SUP0011,Sterling Advisory,Professional Services,It,230936.24,INR,CTR0004,ON_CONTRACT,REQ00495,2025-05-04,sterling advisory,False
TXN002087,ERP_EXPORT,SUP0016,Prime Facility Care,Facilities Maintenance,Marketing,16328.42,INR,CTR0006,ON_CONTRACT,,2026-01-27,prime facility care,False
TXN002088,ERP_EXPORT,SUP0014,Skyroute Travel,Travel,It,61855.97,INR,CTR0005,ON_CONTRACT,REQ00279,2025-09-16,skyroute travel,False
TXN002090,ERP_EXPORT,SUP0007,Meridian Softworks,It Software & Licences,Operations,54944.1,INR,,NO_CONTRACT,,2025-08-06,meridian softworks,False
TXN002093,ERP_EXPORT,SUP0019,Lumen Creative,Marketing Services,R&D,48527.3,INR,CTR0007,ON_CONTRACT,REQ00032,2025-09-18,lumen creative,False
TXN002094,ERP_EXPORT,SUP0016,Prime Facility Care,Facilities Maintenance,Logistics,41399.78,INR,CTR0006,ON_CONTRACT,,2025-10-20,prime facility care,False
TXN002096,ERP_EXPORT,SUP0016,Prime Facility Care,Facilities Maintenance,R&D,57571.27,INR,CTR0006,ON_CONTRACT,,2025-05-22,prime facility care,False
TXN002098,ERP_EXPORT,SUP0022,Transcore Logistics,Logistics & Freight,Finance,64670.34,INR,CTR0008,ON_CONTRACT,,2026-03-25,transcore logistics,False
TXN002099,ERP_EXPORT,SUP0016,Prime Facility Care,Facilities Maintenance,Marketing,57874.85,INR,CTR0006,ON_CONTRACT,,2025-09-17,prime facility care,False
TXN002100,ERP_EXPORT,SUP0005,Cloudspan Software,It Software & Licences,It,56576.9,INR,CTR0002,ON_CONTRACT,,2025-07-08,cloudspan software,False
TXN002101,ERP_EXPORT,SUP0027,Orion Office Supplies Ltd,Office Supplies,Human Resources,23047.07,INR,,OFF_CONTRACT,,2025-12-26,orion office supplies,False
TXN002102,ERP_EXPORT,SUP0006,Vertex Licensing,It Software & Licences,Logistics,70968.03,INR,,NO_CONTRACT,,2025-08-12,vertex licensing,False
TXN002106,ERP_EXPORT,SUP0014,Skyroute Travel,Travel,Logistics,33974.46,INR,CTR0005,ON_CONTRACT,REQ00159,2025-04-19,skyroute travel,False
TXN002110,ERP_EXPORT,SUP0022,Transcore Logistics,Logistics & Freight,R&D,93632.28,INR,CTR0008,ON_CONTRACT,REQ00068,2025-04-26,transcore logistics,False
TXN002111,ERP_EXPORT,SUP0026,Nexa Tech Pvt Ltd,It Hardware,Marketing,46810.29,INR,,NO_CONTRACT,,2025-11-24,nexa tech,False
TXN002112,ERP_EXPORT,SUP0020,BrightArc Media,Marketing Services,Finance,48282.19,INR,,OFF_CONTRACT,,2026-03-29,brightarc media,False
TXN002114,ERP_EXPORT,SUP0014,Skyroute Travel,Travel,Finance,81307.16,INR,CTR0005,ON_CONTRACT,REQ00144,2025-08-01,skyroute travel,False
TXN002116,ERP_EXPORT,SUP0016,Prime Facility Care,Facilities Maintenance,Operations,19126.26,INR,CTR0006,ON_CONTRACT,REQ00341,2026-03-15,prime facility care,False
TXN002118,ERP_EXPORT,SUP0023,FleetBridge Cargo,Logistics & Freight,Logistics,63069.74,INR,,OFF_CONTRACT,REQ00341,2025-04-10,fleetbridge cargo,False
TXN002124,ERP_EXPORT,SUP0014,Skyroute Travel,Travel,Operations,42256.4,INR,CTR0005,ON_CONTRACT,REQ00566,2025-08-26,skyroute travel,False
TXN002125,ERP_EXPORT,SUP0006,Vertex Licensing,It Software & Licences,Finance,118331.58,INR,,NO_CONTRACT,REQ00672,2025-07-12,vertex licensing,False
TXN002126,ERP_EXPORT,SUP0001,Nexa Technologies Pvt Ltd,It Hardware,Operations,128527.6,INR,CTR0001,ON_CONTRACT,,2025-04-11,nexa technologies,False
TXN002129,ERP_EXPORT,SUP0005,Cloudspan Software,It Software & Licences,Facilities,107602.41,INR,CTR0002,ON_CONTRACT,,2025-04-02,cloudspan software,False
TXN002131,ERP_EXPORT,SUP0022,Transcore Logistics,Logistics & Freight,Logistics,25465.37,INR,CTR0008,ON_CONTRACT,REQ00493,2026-03-09,transcore logistics,False
TXN002135,ERP_EXPORT,SUP0019,Lumen Creative,Marketing Services,R&D,120709.51,INR,CTR0007,ON_CONTRACT,REQ00195,2026-02-12,lumen creative,False
TXN002138,ERP_EXPORT,SUP0016,Prime Facility Care,Facilities Maintenance,It,53889.79,INR,CTR0006,ON_CONTRACT,,2025-11-24,prime facility care,False
TXN002139,ERP_EXPORT,SUP0005,Cloudspan Software,It Software & Licences,Facilities,34678.25,INR,CTR0002,ON_CONTRACT,,2025-11-29,cloudspan software,False
TXN002140,ERP_EXPORT,SUP0022,Transcore Logistics,Logistics & Freight,Finance,83228.7,INR,CTR0008,ON_CONTRACT,REQ00831,2025-04-17,transcore logistics,False
TXN002141,ERP_EXPORT,SUP0016,Prime Facility Care,Facilities Maintenance,R&D,59143.81,INR,CTR0006,ON_CONTRACT,REQ00880,2025-05-25,prime facility care,False
TXN002145,ERP_EXPORT,SUP0005,Cloudspan Software,It Software & Licences,Human Resources,64472.63,INR,CTR0002,ON_CONTRACT,,2025-09-10,cloudspan software,False
TXN002146,ERP_EXPORT,SUP0005,Cloudspan Software,It Software & Licences,Facilities,101271.87,INR,CTR0002,ON_CONTRACT,REQ00284,2025-09-07,cloudspan software,False
TXN002148,ERP_EXPORT,SUP0014,Skyroute Travel,Travel,It,37339.46,INR,CTR0005,ON_CONTRACT,REQ00900,2025-11-02,skyroute travel,False
TXN002149,ERP_EXPORT,SUP0005,Cloudspan Software,It Software & Licences,It,66892.31,INR,CTR0002,ON_CONTRACT,REQ00097,2026-01-27,cloudspan software,False
TXN002150,ERP_EXPORT,SUP0001,Nexa Technologies Pvt Ltd,It Hardware,Logistics,153378.63,INR,CTR0001,ON_CONTRACT,,2025-10-25,nexa technologies,False
TXN002151,ERP_EXPORT,SUP0005,Cloudspan Software,It Software & Licences,Operations,50196.84,INR,CTR0002,ON_CONTRACT,REQ00173,2025-07-04,cloudspan software,False
TXN002152,ERP_EXPORT,SUP0005,Cloudspan Software,It Software & Licences,Operations,33244.97,INR,CTR0002,ON_CONTRACT,,2025-06-04,cloudspan software,False
TXN002153,ERP_EXPORT,SUP0028,ORION OFFICE SUPPLIES,Office Supplies,R&D,18376.32,INR,,OFF_CONTRACT,REQ00536,2025-08-18,orion office supplies,False
TXN002154,ERP_EXPORT,SUP0011,Sterling Advisory,Professional Services,R&D,213455.42,INR,CTR0004,ON_CONTRACT,REQ00683,2025-10-16,sterling advisory,False
TXN002155,ERP_EXPORT,SUP0012,Cobalt Consulting,Professional Services,R&D,61133.87,INR,,OFF_CONTRACT,,2025-10-28,cobalt consulting,False
TXN002157,ERP_EXPORT,SUP0004,Arcadia IT Traders,It Hardware,Human Resources,47005.66,INR,,NO_CONTRACT,,2026-01-21,arcadia it traders,False
TXN002158,ERP_EXPORT,SUP0028,ORION OFFICE SUPPLIES,Office Supplies,Operations,10002.65,INR,,OFF_CONTRACT,REQ00042,2025-07-28,orion office supplies,False
TXN002159,ERP_EXPORT,SUP0013,Adept Partners,Professional Services,R&D,134573.71,INR,,OFF_CONTRACT,REQ00224,2025-08-20,adept partners,False
TXN002162,ERP_EXPORT,SUP0014,Skyroute Travel,Travel,Marketing,58916.14,INR,CTR0005,ON_CONTRACT,REQ00362,2025-07-06,skyroute travel,False
TXN002165,ERP_EXPORT,SUP0014,Skyroute Travel,Travel,Human Resources,46645.55,INR,CTR0005,ON_CONTRACT,REQ00287,2025-06-30,skyroute travel,False
TXN002167,ERP_EXPORT,SUP0014,Skyroute Travel,Travel,Human Resources,59999.66,INR,CTR0005,ON_CONTRACT,,2025-10-17,skyroute travel,False
TXN002168,ERP_EXPORT,SUP0014,Skyroute Travel,Travel,Marketing,18353.71,INR,CTR0005,ON_CONTRACT,REQ00241,2026-02-25,skyroute travel,False
TXN002170,ERP_EXPORT,SUP0014,Skyroute Travel,Travel,Human Resources,34658.53,INR,CTR0005,ON_CONTRACT,,2025-04-11,skyroute travel,False
TXN002173,ERP_EXPORT,SUP0001,Nexa Technologies Pvt Ltd,It Hardware,R&D,52106.62,INR,CTR0001,ON_CONTRACT,,2025-04-01,nexa technologies,False
TXN002174,ERP_EXPORT,SUP0022,Transcore Logistics,Logistics & Freight,Human Resources,83026.19,INR,CTR0008,ON_CONTRACT,,2025-11-04,transcore logistics,False
TXN002175,ERP_EXPORT,SUP0014,Skyroute Travel,Travel,Operations,26628.72,INR,CTR0005,ON_CONTRACT,,2026-03-09,skyroute travel,False
TXN002176,ERP_EXPORT,SUP0016,Prime Facility Care,Facilities Maintenance,Operations,60222.47,INR,CTR0006,ON_CONTRACT,,2025-09-14,prime facility care,False
TXN002177,ERP_EXPORT,SUP0003,BluePeak Systems,It Hardware,Operations,68287.79,INR,,NO_CONTRACT,REQ00505,2025-07-26,bluepeak systems,False
TXN002180,ERP_EXPORT,SUP0008,Orion Office Supplies,Office Supplies,Finance,13791.06,INR,CTR0003,ON_CONTRACT,REQ00263,2025-04-06,orion office supplies,False
TXN002181,ERP_EXPORT,SUP0019,Lumen Creative,Marketing Services,Logistics,62743.49,INR,CTR0007,ON_CONTRACT,,2025-05-18,lumen creative,False
TXN002182,ERP_EXPORT,SUP0018,Urban Upkeep,Facilities Maintenance,Human Resources,22758.66,INR,,OFF_CONTRACT,,2025-12-31,urban upkeep,False
TXN002184,ERP_EXPORT,SUP0012,Cobalt Consulting,Professional Services,Operations,103828.74,INR,,OFF_CONTRACT,,2025-08-21,cobalt consulting,False
TXN002185,ERP_EXPORT,SUP0001,Nexa Technologies Pvt Ltd,It Hardware,Finance,126240.23,INR,CTR0001,ON_CONTRACT,,2026-01-10,nexa technologies,False
TXN002186,ERP_EXPORT,SUP0008,Orion Office Supplies,Office Supplies,It,23581.01,INR,CTR0003,ON_CONTRACT,,2025-07-08,orion office supplies,False
TXN002188,ERP_EXPORT,SUP0001,Nexa Technologies Pvt Ltd,It Hardware,Marketing,528690.23,INR,CTR0001,ON_CONTRACT,REQ00744,2025-07-14,nexa technologies,False
TXN002191,ERP_EXPORT,SUP0016,Prime Facility Care,Facilities Maintenance,R&D,25617.21,INR,CTR0006,ON_CONTRACT,REQ00783,2025-06-20,prime facility care,False
TXN002192,ERP_EXPORT,SUP0011,Sterling Advisory,Professional Services,R&D,230510.96,INR,CTR0004,ON_CONTRACT,REQ00833,2025-06-25,sterling advisory,False
TXN002194,ERP_EXPORT,SUP0012,Cobalt Consulting,Professional Services,Logistics,157692.53,INR,,OFF_CONTRACT,REQ00267,2026-02-05,cobalt consulting,False
TXN002195,ERP_EXPORT,SUP0011,Sterling Advisory,Professional Services,Human Resources,63307.79,INR,CTR0004,ON_CONTRACT,REQ00549,2025-11-25,sterling advisory,False
TXN002197,ERP_EXPORT,SUP0005,Cloudspan Software,It Software & Licences,Marketing,63337.62,INR,CTR0002,ON_CONTRACT,REQ00185,2026-01-01,cloudspan software,False
TXN002199,ERP_EXPORT,SUP0016,Prime Facility Care,Facilities Maintenance,Human Resources,42798.89,INR,CTR0006,ON_CONTRACT,REQ00140,2025-07-01,prime facility care,False
TXN002202,ERP_EXPORT,SUP0022,Transcore Logistics,Logistics & Freight,Finance,21189.81,INR,CTR0008,ON_CONTRACT,REQ00784,2025-04-06,transcore logistics,False
TXN002203,ERP_EXPORT,SUP0025,NEXA TECHNOLOGIES PVT. LTD.,It Hardware,It,90495.01,INR,,NO_CONTRACT,REQ00169,2026-02-21,nexa technologies,False
TXN002204,ERP_EXPORT,SUP0005,Cloudspan Software,It Software & Licences,Facilities,19412.59,INR,CTR0002,ON_CONTRACT,REQ00552,2026-02-26,cloudspan software,False
TXN002206,ERP_EXPORT,SUP0015,Voyager Corporate Travel,Travel,Marketing,83282.28,INR,,OFF_CONTRACT,,2026-01-21,voyager corporate travel,False
TXN002207,ERP_EXPORT,SUP0022,Transcore Logistics,Logistics & Freight,Facilities,35243.1,INR,CTR0008,ON_CONTRACT,REQ00845,2025-08-26,transcore logistics,False
TXN002208,ERP_EXPORT,SUP0001,Nexa Technologies Pvt Ltd,It Hardware,R&D,158042.96,INR,CTR0001,ON_CONTRACT,REQ00046,2026-02-01,nexa technologies,False
TXN002209,ERP_EXPORT,SUP0001,Nexa Technologies Pvt Ltd,It Hardware,Operations,70293.83,INR,CTR0001,ON_CONTRACT,REQ00652,2025-09-22,nexa technologies,False
TXN002210,ERP_EXPORT,SUP0005,Cloudspan Software,It Software & Licences,Marketing,110630.87,INR,CTR0002,ON_CONTRACT,REQ00577,2025-06-02,cloudspan software,False
TXN002213,ERP_EXPORT,SUP0001,Nexa Technologies Pvt Ltd,It Hardware,Operations,27791.02,INR,CTR0001,ON_CONTRACT,REQ00617,2026-02-09,nexa technologies,False
TXN002215,ERP_EXPORT,SUP0008,Orion Office Supplies,Office Supplies,It,18713.43,INR,CTR0003,ON_CONTRACT,,2025-10-18,orion office supplies,False
TXN002217,ERP_EXPORT,SUP0008,Orion Office Supplies,Office Supplies,Operations,21076.08,INR,CTR0003,ON_CONTRACT,REQ00388,2025-07-06,orion office supplies,False
TXN002218,ERP_EXPORT,SUP0005,Cloudspan Software,It Software & Licences,Facilities,44559.73,INR,CTR0002,ON_CONTRACT,REQ00410,2026-02-11,cloudspan software,False
TXN002219,ERP_EXPORT,SUP0015,Voyager Corporate Travel,Travel,Marketing,79565.81,INR,,OFF_CONTRACT,REQ00430,2025-06-06,voyager corporate travel,False
TXN002220,ERP_EXPORT,SUP0018,Urban Upkeep,Facilities Maintenance,Facilities,16754.82,INR,,OFF_CONTRACT,REQ00797,2025-08-07,urban upkeep,False
TXN002221,ERP_EXPORT,SUP0005,Cloudspan Software,It Software & Licences,R&D,88887.03,INR,CTR0002,ON_CONTRACT,REQ00647,2025-10-17,cloudspan software,False
TXN002223,ERP_EXPORT,SUP0008,Orion Office Supplies,Office Supplies,Finance,4220.29,INR,CTR0003,ON_CONTRACT,REQ00700,2025-07-05,orion office supplies,False
TXN002226,ERP_EXPORT,SUP0025,NEXA TECHNOLOGIES PVT. LTD.,It Hardware,Operations,97659.03,INR,,NO_CONTRACT,,2025-12-13,nexa technologies,False
TXN002227,ERP_EXPORT,SUP0010,Kanban Stationers,Office Supplies,Marketing,8929.1,INR,,OFF_CONTRACT,REQ00852,2026-03-23,kanban stationers,False
TXN002228,ERP_EXPORT,SUP0001,Nexa Technologies Pvt Ltd,It Hardware,Human Resources,117745.41,INR,CTR0001,ON_CONTRACT,,2025-04-30,nexa technologies,False
TXN002230,ERP_EXPORT,SUP0012,Cobalt Consulting,Professional Services,Facilities,102983.01,INR,,OFF_CONTRACT,REQ00228,2025-06-12,cobalt consulting,False
TXN002233,ERP_EXPORT,SUP0021,Pulse Marketing Co,Marketing Services,Facilities,146405.3,INR,,OFF_CONTRACT,,2026-02-08,pulse marketing,False
TXN002235,ERP_EXPORT,SUP0001,Nexa Technologies Pvt Ltd,It Hardware,It,128509.73,INR,CTR0001,ON_CONTRACT,,2025-04-16,nexa technologies,False
TXN002236,ERP_EXPORT,SUP0005,Cloudspan Software,It Software & Licences,Marketing,77288.26,INR,CTR0002,ON_CONTRACT,,2025-12-25,cloudspan software,False
TXN002237,ERP_EXPORT,SUP0001,Nexa Technologies Pvt Ltd,It Hardware,Logistics,163306.89,INR,CTR0001,ON_CONTRACT,,2025-12-11,nexa technologies,False
TXN002240,ERP_EXPORT,SUP0014,Skyroute Travel,Travel,Operations,27639.83,INR,CTR0005,ON_CONTRACT,REQ00489,2025-09-23,skyroute travel,False
TXN002242,ERP_EXPORT,SUP0011,Sterling Advisory,Professional Services,Facilities,47280.76,INR,CTR0004,ON_CONTRACT,REQ00282,2025-09-19,sterling advisory,False
TXN002243,ERP_EXPORT,SUP0016,Prime Facility Care,Facilities Maintenance,It,44968.41,INR,CTR0006,ON_CONTRACT,,2025-08-29,prime facility care,False
TXN002244,ERP_EXPORT,SUP0008,Orion Office Supplies,Office Supplies,It,24895.06,INR,CTR0003,ON_CONTRACT,,2026-02-17,orion office supplies,False
TXN002245,ERP_EXPORT,SUP0003,BluePeak Systems,It Hardware,R&D,157632.89,INR,,NO_CONTRACT,REQ00810,2025-04-24,bluepeak systems,False
TXN002246,ERP_EXPORT,SUP0005,Cloudspan Software,It Software & Licences,It,69751.8,INR,CTR0002,ON_CONTRACT,,2025-07-08,cloudspan software,False
TXN002247,ERP_EXPORT,SUP0001,Nexa Technologies Pvt Ltd,It Hardware,R&D,34864.34,INR,CTR0001,ON_CONTRACT,REQ00623,2025-05-16,nexa technologies,False
TXN002249,ERP_EXPORT,SUP0015,Voyager Corporate Travel,Travel,R&D,57116.24,INR,,OFF_CONTRACT,REQ00188,2025-11-10,voyager corporate travel,False
TXN002252,ERP_EXPORT,SUP0011,Sterling Advisory,Professional Services,Logistics,231021.63,INR,CTR0004,ON_CONTRACT,,2025-09-23,sterling advisory,False
TXN002254,ERP_EXPORT,SUP0016,Prime Facility Care,Facilities Maintenance,Facilities,59757.21,INR,CTR0006,ON_CONTRACT,,2025-11-18,prime facility care,False
TXN002255,ERP_EXPORT,SUP0001,Nexa Technologies Pvt Ltd,It Hardware,Finance,161241.73,INR,CTR0001,ON_CONTRACT,,2026-01-23,nexa technologies,False
TXN002256,ERP_EXPORT,SUP0006,Vertex Licensing,It Software & Licences,It,75036.1,INR,,NO_CONTRACT,,2025-11-18,vertex licensing,False
TXN002257,ERP_EXPORT,SUP0014,Skyroute Travel,Travel,R&D,50430.6,INR,CTR0005,ON_CONTRACT,,2026-01-19,skyroute travel,False
TXN002258,ERP_EXPORT,SUP0021,Pulse Marketing Co,Marketing Services,Logistics,80259.84,INR,,OFF_CONTRACT,REQ00535,2025-08-30,pulse marketing,False
TXN002259,ERP_EXPORT,SUP0008,Orion Office Supplies,Office Supplies,R&D,9289.77,INR,CTR0003,ON_CONTRACT,,2026-01-17,orion office supplies,False
TXN002260,ERP_EXPORT,SUP0011,Sterling Advisory,Professional Services,Human Resources,131265.15,INR,CTR0004,ON_CONTRACT,REQ00513,2025-09-06,sterling advisory,False
TXN002261,ERP_EXPORT,SUP0011,Sterling Advisory,Professional Services,Operations,202514.73,INR,CTR0004,ON_CONTRACT,REQ00145,2025-11-07,sterling advisory,False
TXN002264,ERP_EXPORT,SUP0011,Sterling Advisory,Professional Services,Finance,133109.8,INR,CTR0004,ON_CONTRACT,,2025-12-23,sterling advisory,False
TXN002265,ERP_EXPORT,SUP0008,Orion Office Supplies,Office Supplies,It,15963.06,INR,CTR0003,ON_CONTRACT,,2025-08-24,orion office supplies,False
TXN002267,ERP_EXPORT,SUP0019,Lumen Creative,Marketing Services,Marketing,102837.6,INR,CTR0007,ON_CONTRACT,REQ00782,2025-10-01,lumen creative,False
TXN002268,ERP_EXPORT,SUP0008,Orion Office Supplies,Office Supplies,R&D,18160.58,INR,CTR0003,ON_CONTRACT,,2025-09-24,orion office supplies,False
TXN002271,ERP_EXPORT,SUP0015,Voyager Corporate Travel,Travel,Marketing,16546.43,INR,,OFF_CONTRACT,REQ00816,2025-09-07,voyager corporate travel,False
TXN002272,ERP_EXPORT,SUP0014,Skyroute Travel,Travel,It,39529.93,INR,CTR0005,ON_CONTRACT,,2025-06-24,skyroute travel,False
TXN002273,ERP_EXPORT,SUP0022,Transcore Logistics,Logistics & Freight,R&D,52476.37,INR,CTR0008,ON_CONTRACT,,2025-10-17,transcore logistics,False
TXN002276,ERP_EXPORT,SUP0001,Nexa Technologies Pvt Ltd,It Hardware,Human Resources,118100.92,INR,CTR0001,ON_CONTRACT,,2025-05-08,nexa technologies,False
TXN002277,ERP_EXPORT,SUP0016,Prime Facility Care,Facilities Maintenance,Marketing,54615.63,INR,CTR0006,ON_CONTRACT,,2025-12-24,prime facility care,False
TXN002279,ERP_EXPORT,SUP0004,Arcadia IT Traders,It Hardware,Human Resources,123286.12,INR,,NO_CONTRACT,REQ00060,2025-11-16,arcadia it traders,False
TXN002282,ERP_EXPORT,SUP0001,Nexa Technologies Pvt Ltd,It Hardware,Human Resources,81087.23,INR,CTR0001,ON_CONTRACT,REQ00200,2025-07-11,nexa technologies,False
TXN002283,ERP_EXPORT,SUP0011,Sterling Advisory,Professional Services,Marketing,139223.6,INR,CTR0004,ON_CONTRACT,,2025-09-08,sterling advisory,False
TXN002284,ERP_EXPORT,SUP0016,Prime Facility Care,Facilities Maintenance,Finance,12738.92,INR,CTR0006,ON_CONTRACT,,2025-10-23,prime facility care,False
TXN002286,ERP_EXPORT,SUP0005,Cloudspan Software,It Software & Licences,R&D,44065.5,INR,CTR0002,ON_CONTRACT,REQ00769,2025-11-03,cloudspan software,False
TXN002287,ERP_EXPORT,SUP0013,Adept Partners,Professional Services,Logistics,244021.87,INR,,OFF_CONTRACT,REQ00588,2025-09-24,adept partners,False
TXN002288,ERP_EXPORT,SUP0019,Lumen Creative,Marketing Services,Facilities,66388.58,INR,CTR0007,ON_CONTRACT,,2026-01-05,lumen creative,False
TXN002289,ERP_EXPORT,SUP0014,Skyroute Travel,Travel,Marketing,47527.37,INR,CTR0005,ON_CONTRACT,,2025-09-13,skyroute travel,False
TXN002290,ERP_EXPORT,SUP0001,Nexa Technologies Pvt Ltd,It Hardware,It,55395.15,INR,CTR0001,ON_CONTRACT,,2025-05-19,nexa technologies,False
TXN002292,ERP_EXPORT,SUP0005,Cloudspan Software,It Software & Licences,Marketing,44471.74,INR,CTR0002,ON_CONTRACT,,2025-12-12,cloudspan software,False
TXN002293,ERP_EXPORT,SUP0008,Orion Office Supplies,Office Supplies,Marketing,672311.78,INR,CTR0003,ON_CONTRACT,,2025-12-08,orion office supplies,False
TXN002294,ERP_EXPORT,SUP0008,Orion Office Supplies,Office Supplies,R&D,13881.17,INR,CTR0003,ON_CONTRACT,REQ00560,2025-09-22,orion office supplies,False
TXN002295,ERP_EXPORT,SUP0023,FleetBridge Cargo,Logistics & Freight,R&D,12456.98,INR,,OFF_CONTRACT,,2025-07-28,fleetbridge cargo,False
TXN002296,ERP_EXPORT,SUP0013,Adept Partners,Professional Services,Finance,41609.45,INR,,OFF_CONTRACT,REQ00347,2025-07-27,adept partners,False
TXN002297,ERP_EXPORT,SUP0022,Transcore Logistics,Logistics & Freight,R&D,30182.71,INR,CTR0008,ON_CONTRACT,REQ00122,2025-11-19,transcore logistics,False
TXN002298,ERP_EXPORT,SUP0022,Transcore Logistics,Logistics & Freight,Logistics,15047.87,INR,CTR0008,ON_CONTRACT,REQ00415,2025-12-22,transcore logistics,False
TXN002299,ERP_EXPORT,SUP0008,Orion Office Supplies,Office Supplies,It,4484.59,INR,CTR0003,ON_CONTRACT,REQ00148,2025-05-14,orion office supplies,False
TXN002301,ERP_EXPORT,SUP0023,FleetBridge Cargo,Logistics & Freight,Marketing,78614.61,INR,,OFF_CONTRACT,,2025-12-24,fleetbridge cargo,False
TXN002302,ERP_EXPORT,SUP0008,Orion Office Supplies,Office Supplies,Finance,15157.12,INR,CTR0003,ON_CONTRACT,,2025-11-20,orion office supplies,False
TXN002303,ERP_EXPORT,SUP0001,Nexa Technologies Pvt Ltd,It Hardware,Human Resources,104463.5,INR,CTR0001,ON_CONTRACT,REQ00639,2026-02-06,nexa technologies,False
TXN002306,ERP_EXPORT,SUP0014,Skyroute Travel,Travel,Marketing,40555.23,INR,CTR0005,ON_CONTRACT,REQ00621,2025-09-20,skyroute travel,False
TXN002307,ERP_EXPORT,SUP0005,Cloudspan Software,It Software & Licences,Logistics,24144.74,INR,CTR0002,ON_CONTRACT,,2025-12-16,cloudspan software,False
TXN002309,ERP_EXPORT,SUP0022,Transcore Logistics,Logistics & Freight,Marketing,21448.59,INR,CTR0008,ON_CONTRACT,REQ00631,2025-11-18,transcore logistics,False
TXN002310,ERP_EXPORT,SUP0014,Skyroute Travel,Travel,Facilities,36308.3,INR,CTR0005,ON_CONTRACT,,2026-03-06,skyroute travel,False
TXN002311,ERP_EXPORT,SUP0022,Transcore Logistics,Logistics & Freight,R&D,54115.19,INR,CTR0008,ON_CONTRACT,REQ00878,2026-02-14,transcore logistics,False
TXN002313,ERP_EXPORT,SUP0024,Nexa Technologies,It Hardware,It,101499.72,INR,,NO_CONTRACT,REQ00191,2026-03-16,nexa technologies,False
TXN002316,ERP_EXPORT,SUP0017,GreenEdge Services,Facilities Maintenance,R&D,17889.35,INR,,OFF_CONTRACT,REQ00404,2025-07-10,greenedge services,False
TXN002319,ERP_EXPORT,SUP0005,Cloudspan Software,It Software & Licences,Facilities,59291.96,INR,CTR0002,ON_CONTRACT,,2025-09-15,cloudspan software,False
TXN002320,ERP_EXPORT,SUP0008,Orion Office Supplies,Office Supplies,Logistics,11453.48,INR,CTR0003,ON_CONTRACT,REQ00352,2025-10-17,orion office supplies,False
TXN002321,ERP_EXPORT,SUP0009,Paperline Traders,Office Supplies,Operations,22875.05,INR,,OFF_CONTRACT,,2025-07-23,paperline traders,False
TXN002323,ERP_EXPORT,SUP0005,Cloudspan Software,It Software & Licences,Finance,78830.05,INR,CTR0002,ON_CONTRACT,REQ00662,2025-12-07,cloudspan software,False
TXN002324,ERP_EXPORT,SUP0015,Voyager Corporate Travel,Travel,Finance,33368.56,INR,,OFF_CONTRACT,,2026-03-15,voyager corporate travel,False
TXN002325,ERP_EXPORT,SUP0014,Skyroute Travel,Travel,Human Resources,75550.81,INR,CTR0005,ON_CONTRACT,,2025-06-01,skyroute travel,False
TXN002327,ERP_EXPORT,SUP0016,Prime Facility Care,Facilities Maintenance,It,59271.9,INR,CTR0006,ON_CONTRACT,REQ00373,2025-07-17,prime facility care,False
TXN002328,ERP_EXPORT,SUP0019,Lumen Creative,Marketing Services,Logistics,20219.11,INR,CTR0007,ON_CONTRACT,REQ00848,2025-09-15,lumen creative,False
TXN002330,ERP_EXPORT,SUP0005,Cloudspan Software,It Software & Licences,Finance,20369.22,INR,CTR0002,ON_CONTRACT,REQ00636,2025-08-15,cloudspan software,False
TXN002332,ERP_EXPORT,SUP0022,Transcore Logistics,Logistics & Freight,Facilities,16940.55,INR,CTR0008,ON_CONTRACT,,2025-12-25,transcore logistics,False
TXN002335,ERP_EXPORT,SUP0019,Lumen Creative,Marketing Services,R&D,36028.27,INR,CTR0007,ON_CONTRACT,,2025-11-17,lumen creative,False
TXN002337,ERP_EXPORT,SUP0018,Urban Upkeep,Facilities Maintenance,Finance,37374.19,INR,,OFF_CONTRACT,,2025-11-03,urban upkeep,False
TXN002339,ERP_EXPORT,SUP0007,Meridian Softworks,Uncategorised,Finance,27707.63,INR,,NO_CONTRACT,REQ00872,2025-04-04,meridian softworks,False
TXN002341,ERP_EXPORT,SUP0011,Sterling Advisory,Professional Services,Facilities,197747.39,INR,CTR0004,ON_CONTRACT,,2025-09-10,sterling advisory,False
TXN002342,ERP_EXPORT,SUP0005,Cloudspan Software,It Software & Licences,Logistics,22455.8,INR,CTR0002,ON_CONTRACT,REQ00209,2026-02-19,cloudspan software,False
TXN002343,ERP_EXPORT,SUP0019,Lumen Creative,Marketing Services,Facilities,31225.2,INR,CTR0007,ON_CONTRACT,REQ00292,2025-12-23,lumen creative,False
TXN002345,ERP_EXPORT,SUP0014,Skyroute Travel,Travel,It,85221.51,INR,CTR0005,ON_CONTRACT,REQ00867,2025-12-20,skyroute travel,False
TXN002346,ERP_EXPORT,SUP0010,Kanban Stationers,Office Supplies,Facilities,17377.17,INR,,OFF_CONTRACT,REQ00825,2025-06-28,kanban stationers,False
TXN002350,ERP_EXPORT,SUP0022,Transcore Logistics,Logistics & Freight,Finance,12840.89,INR,CTR0008,ON_CONTRACT,REQ00329,2025-08-12,transcore logistics,False
TXN002351,ERP_EXPORT,SUP0016,Prime Facility Care,Facilities Maintenance,It,48165.76,INR,CTR0006,ON_CONTRACT,REQ00884,2026-01-18,prime facility care,False
TXN002353,ERP_EXPORT,SUP0012,Cobalt Consulting,Uncategorised,Marketing,168640.43,INR,,NO_CONTRACT,,2025-06-01,cobalt consulting,False
TXN002354,ERP_EXPORT,SUP0022,Transcore Logistics,Logistics & Freight,Operations,84516.98,INR,CTR0008,ON_CONTRACT,REQ00807,2025-07-21,transcore logistics,False
TXN002355,ERP_EXPORT,SUP0008,Orion Office Supplies,Office Supplies,Marketing,18651.38,INR,CTR0003,ON_CONTRACT,REQ00581,2026-02-09,orion office supplies,False
TXN002357,ERP_EXPORT,SUP0005,Cloudspan Software,It Software & Licences,Marketing,109757.6,INR,CTR0002,ON_CONTRACT,REQ00171,2025-09-14,cloudspan software,False
TXN002358,ERP_EXPORT,SUP0016,Prime Facility Care,Facilities Maintenance,Operations,13986.63,INR,CTR0006,ON_CONTRACT,REQ00316,2025-08-15,prime facility care,False
TXN002360,ERP_EXPORT,SUP0014,Skyroute Travel,Travel,Finance,19655.24,INR,CTR0005,ON_CONTRACT,REQ00260,2026-01-21,skyroute travel,False
TXN002362,ERP_EXPORT,SUP0005,Cloudspan Software,It Software & Licences,Logistics,59313.6,INR,CTR0002,ON_CONTRACT,,2025-12-11,cloudspan software,False
TXN002364,ERP_EXPORT,SUP0005,Cloudspan Software,It Software & Licences,It,66030.05,INR,CTR0002,ON_CONTRACT,REQ00178,2025-04-20,cloudspan software,False
TXN002365,ERP_EXPORT,SUP0001,Nexa Technologies Pvt Ltd,It Hardware,Logistics,114465.98,INR,CTR0001,ON_CONTRACT,REQ00519,2026-01-17,nexa technologies,False
TXN002366,ERP_EXPORT,SUP0022,Transcore Logistics,Logistics & Freight,Finance,15630.34,INR,CTR0008,ON_CONTRACT,,2025-09-30,transcore logistics,False
TXN002367,ERP_EXPORT,SUP0008,Orion Office Supplies,Office Supplies,It,4829.08,INR,CTR0003,ON_CONTRACT,,2025-04-21,orion office supplies,False
TXN002369,ERP_EXPORT,SUP0007,Meridian Softworks,It Software & Licences,Logistics,51032.57,INR,,NO_CONTRACT,REQ00856,2025-06-23,meridian softworks,False
TXN002373,ERP_EXPORT,SUP0005,Cloudspan Software,It Software & Licences,Facilities,87711.75,INR,CTR0002,ON_CONTRACT,,2025-05-29,cloudspan software,False
TXN002376,ERP_EXPORT,SUP0005,Cloudspan Software,It Software & Licences,Facilities,43915.02,INR,CTR0002,ON_CONTRACT,REQ00186,2025-04-22,cloudspan software,False
TXN002377,ERP_EXPORT,SUP0005,Cloudspan Software,It Software & Licences,Marketing,47162.92,INR,CTR0002,ON_CONTRACT,,2026-03-05,cloudspan software,False
TXN002379,ERP_EXPORT,SUP0019,Lumen Creative,Marketing Services,It,82498.73,INR,CTR0007,ON_CONTRACT,,2025-11-20,lumen creative,False
TXN002380,ERP_EXPORT,SUP0014,Skyroute Travel,Travel,Human Resources,73467.19,INR,CTR0005,ON_CONTRACT,REQ00093,2025-08-24,skyroute travel,False
TXN002381,ERP_EXPORT,SUP0025,NEXA TECHNOLOGIES PVT. LTD.,It Hardware,Marketing,152475.47,INR,,NO_CONTRACT,,2025-04-05,nexa technologies,False
TXN002382,ERP_EXPORT,SUP0016,Prime Facility Care,Facilities Maintenance,R&D,61453.74,INR,CTR0006,ON_CONTRACT,REQ00861,2026-01-28,prime facility care,False
TXN002383,ERP_EXPORT,SUP0011,Sterling Advisory,Professional Services,Finance,232493.4,INR,CTR0004,ON_CONTRACT,,2025-05-04,sterling advisory,False
TXN002385,ERP_EXPORT,SUP0011,Sterling Advisory,Professional Services,Operations,106962.03,INR,CTR0004,ON_CONTRACT,REQ00368,2026-01-07,sterling advisory,False
TXN002386,ERP_EXPORT,SUP0016,Prime Facility Care,Facilities Maintenance,Marketing,44931.92,INR,CTR0006,ON_CONTRACT,REQ00028,2025-08-11,prime facility care,False
TXN002387,ERP_EXPORT,SUP0005,Cloudspan Software,It Software & Licences,Logistics,53973.1,INR,CTR0002,ON_CONTRACT,,2025-11-03,cloudspan software,False
TXN002388,ERP_EXPORT,SUP0005,Cloudspan Software,It Software & Licences,Operations,78112.79,INR,CTR0002,ON_CONTRACT,,2025-08-21,cloudspan software,False
TXN002390,ERP_EXPORT,SUP0001,Nexa Technologies Pvt Ltd,It Hardware,Human Resources,131702.78,INR,CTR0001,ON_CONTRACT,REQ00110,2025-09-23,nexa technologies,False
TXN002392,ERP_EXPORT,SUP0001,Nexa Technologies Pvt Ltd,It Hardware,Finance,50863.33,INR,CTR0001,ON_CONTRACT,,2025-10-25,nexa technologies,False
TXN002394,ERP_EXPORT,SUP0005,Cloudspan Software,It Software & Licences,Finance,29972.39,INR,CTR0002,ON_CONTRACT,REQ00436,2025-06-28,cloudspan software,False
TXN002396,ERP_EXPORT,SUP0022,Transcore Logistics,Logistics & Freight,It,40707.83,INR,CTR0008,ON_CONTRACT,,2025-12-20,transcore logistics,False
TXN002397,ERP_EXPORT,SUP0005,Cloudspan Software,It Software & Licences,R&D,31218.27,INR,CTR0002,ON_CONTRACT,,2025-05-22,cloudspan software,False
TXN002399,ERP_EXPORT,SUP0001,Nexa Technologies Pvt Ltd,It Hardware,Finance,125102.47,INR,CTR0001,ON_CONTRACT,REQ00152,2026-01-29,nexa technologies,False
TXN002401,ERP_EXPORT,SUP0001,Nexa Technologies Pvt Ltd,It Hardware,It,77793.65,INR,CTR0001,ON_CONTRACT,REQ00235,2025-09-18,nexa technologies,False
TXN002402,ERP_EXPORT,SUP0006,Vertex Licensing,It Software & Licences,Human Resources,22529.75,INR,,NO_CONTRACT,REQ00205,2025-10-23,vertex licensing,False
TXN002403,ERP_EXPORT,SUP0008,Orion Office Supplies,Office Supplies,It,11421.46,INR,CTR0003,ON_CONTRACT,,2025-07-03,orion office supplies,False
TXN002404,ERP_EXPORT,SUP0016,Prime Facility Care,Facilities Maintenance,Finance,28673.05,INR,CTR0006,ON_CONTRACT,REQ00721,2025-11-06,prime facility care,False
TXN002405,ERP_EXPORT,SUP0014,Skyroute Travel,Travel,It,63523.89,INR,CTR0005,ON_CONTRACT,REQ00688,2025-07-12,skyroute travel,False
TXN002407,ERP_EXPORT,SUP0019,Lumen Creative,Marketing Services,Finance,71043.12,INR,CTR0007,ON_CONTRACT,,2025-12-25,lumen creative,False
TXN002409,ERP_EXPORT,SUP0019,Lumen Creative,Marketing Services,Finance,158325.04,INR,CTR0007,ON_CONTRACT,,2025-04-13,lumen creative,False
TXN002410,ERP_EXPORT,SUP0005,Cloudspan Software,It Software & Licences,Logistics,62670.17,INR,CTR0002,ON_CONTRACT,,2025-06-03,cloudspan software,False
TXN002414,ERP_EXPORT,SUP0005,Cloudspan Software,It Software & Licences,Facilities,17891.36,INR,CTR0002,ON_CONTRACT,,2025-10-13,cloudspan software,False
TXN002416,ERP_EXPORT,SUP0001,Nexa Technologies Pvt Ltd,It Hardware,Operations,174422.7,INR,CTR0001,ON_CONTRACT,REQ00179,2025-09-13,nexa technologies,False
TXN002419,ERP_EXPORT,SUP0022,Transcore Logistics,Logistics & Freight,R&D,14569.33,INR,CTR0008,ON_CONTRACT,REQ00163,2026-03-05,transcore logistics,False
TXN002421,ERP_EXPORT,SUP0022,Transcore Logistics,Logistics & Freight,Logistics,25282.07,INR,CTR0008,ON_CONTRACT,,2026-01-01,transcore logistics,False
TXN002423,ERP_EXPORT,SUP0014,Skyroute Travel,Travel,Facilities,70009.52,INR,CTR0005,ON_CONTRACT,REQ00365,2025-12-24,skyroute travel,False
TXN002424,ERP_EXPORT,SUP0011,Sterling Advisory,Professional Services,Finance,136289.83,INR,CTR0004,ON_CONTRACT,REQ00012,2026-01-02,sterling advisory,False
TXN002425,ERP_EXPORT,SUP0008,Orion Office Supplies,Office Supplies,It,8652.63,INR,CTR0003,ON_CONTRACT,REQ00328,2025-11-29,orion office supplies,False
TXN002428,ERP_EXPORT,SUP0019,Lumen Creative,Marketing Services,Logistics,153828.64,INR,CTR0007,ON_CONTRACT,,2025-10-18,lumen creative,False
TXN002429,ERP_EXPORT,SUP0022,Transcore Logistics,Logistics & Freight,It,38059.24,INR,CTR0008,ON_CONTRACT,,2025-07-27,transcore logistics,False
TXN002431,ERP_EXPORT,SUP0022,Transcore Logistics,Logistics & Freight,Human Resources,62044.26,INR,CTR0008,ON_CONTRACT,,2026-03-20,transcore logistics,False
TXN002432,ERP_EXPORT,SUP0011,Sterling Advisory,Professional Services,Facilities,213608.55,INR,CTR0004,ON_CONTRACT,,2025-11-22,sterling advisory,False
TXN002435,ERP_EXPORT,SUP0022,Transcore Logistics,Logistics & Freight,Facilities,91774.25,INR,CTR0008,ON_CONTRACT,REQ00164,2025-09-30,transcore logistics,False
TXN002436,ERP_EXPORT,SUP0012,Cobalt Consulting,Professional Services,Marketing,121791.2,INR,,OFF_CONTRACT,REQ00588,2025-07-23,cobalt consulting,False
TXN002437,ERP_EXPORT,SUP0014,Skyroute Travel,Travel,Operations,39611.98,INR,CTR0005,ON_CONTRACT,,2025-11-10,skyroute travel,False
TXN002438,ERP_EXPORT,SUP0027,Orion Office Supplies Ltd,Office Supplies,Logistics,9828.9,INR,,OFF_CONTRACT,,2025-05-05,orion office supplies,False
TXN002441,ERP_EXPORT,SUP0019,Lumen Creative,Marketing Services,R&D,97519.61,INR,CTR0007,ON_CONTRACT,,2025-09-22,lumen creative,False
TXN002444,ERP_EXPORT,SUP0015,Voyager Corporate Travel,Travel,Facilities,76359.3,INR,,OFF_CONTRACT,,2025-11-06,voyager corporate travel,False
TXN002446,ERP_EXPORT,SUP0019,Lumen Creative,Marketing Services,Logistics,62326.65,INR,CTR0007,ON_CONTRACT,,2025-05-04,lumen creative,False
TXN002447,ERP_EXPORT,SUP0008,Orion Office Supplies,Office Supplies,It,7964.7,INR,CTR0003,ON_CONTRACT,REQ00747,2025-04-02,orion office supplies,False
TXN002448,ERP_EXPORT,SUP0019,Lumen Creative,Marketing Services,Facilities,47247.34,INR,CTR0007,ON_CONTRACT,REQ00454,2025-08-17,lumen creative,False
TXN002451,ERP_EXPORT,SUP0011,Sterling Advisory,Professional Services,Logistics,96752.02,INR,CTR0004,ON_CONTRACT,REQ00519,2025-10-13,sterling advisory,False
TXN002456,ERP_EXPORT,SUP0021,Pulse Marketing Co,Marketing Services,Human Resources,39487.54,INR,,OFF_CONTRACT,REQ00614,2025-04-29,pulse marketing,False
TXN002457,ERP_EXPORT,SUP0019,Lumen Creative,Marketing Services,Human Resources,82166.12,INR,CTR0007,ON_CONTRACT,,2025-08-31,lumen creative,False
TXN002458,ERP_EXPORT,SUP0014,Skyroute Travel,Travel,R&D,59351.21,INR,CTR0005,ON_CONTRACT,,2026-03-16,skyroute travel,False
TXN002459,ERP_EXPORT,SUP0015,Voyager Corporate Travel,Travel,R&D,48089.62,INR,,OFF_CONTRACT,REQ00809,2025-11-10,voyager corporate travel,False
TXN002461,ERP_EXPORT,SUP0023,FleetBridge Cargo,Logistics & Freight,It,94489.42,INR,,OFF_CONTRACT,,2025-09-05,fleetbridge cargo,False
TXN002464,ERP_EXPORT,SUP0014,Skyroute Travel,Travel,Finance,54688.94,INR,CTR0005,ON_CONTRACT,,2025-09-25,skyroute travel,False
TXN002467,ERP_EXPORT,SUP0005,Cloudspan Software,It Software & Licences,Marketing,56489.46,INR,CTR0002,ON_CONTRACT,REQ00103,2025-05-18,cloudspan software,False
TXN002470,ERP_EXPORT,SUP0019,Lumen Creative,Marketing Services,Marketing,96023.44,INR,CTR0007,ON_CONTRACT,REQ00082,2025-06-28,lumen creative,False
TXN002473,ERP_EXPORT,SUP0008,Orion Office Supplies,Office Supplies,Operations,22917.46,INR,CTR0003,ON_CONTRACT,,2025-12-02,orion office supplies,False
TXN002474,ERP_EXPORT,SUP0016,Prime Facility Care,Facilities Maintenance,R&D,53328.59,INR,CTR0006,ON_CONTRACT,,2025-12-29,prime facility care,False
TXN002475,ERP_EXPORT,SUP0001,Nexa Technologies Pvt Ltd,It Hardware,Marketing,107674.93,INR,CTR0001,ON_CONTRACT,REQ00272,2025-12-20,nexa technologies,False
TXN002476,ERP_EXPORT,SUP0008,Orion Office Supplies,Office Supplies,Operations,22009.29,INR,CTR0003,ON_CONTRACT,REQ00900,2025-08-08,orion office supplies,False
TXN002477,ERP_EXPORT,SUP0017,GreenEdge Services,Facilities Maintenance,R&D,17839.14,INR,,OFF_CONTRACT,REQ00669,2025-10-06,greenedge services,False
TXN002478,ERP_EXPORT,SUP0014,Skyroute Travel,Travel,Marketing,72821.8,INR,CTR0005,ON_CONTRACT,,2025-05-10,skyroute travel,False
TXN002479,ERP_EXPORT,SUP0005,Cloudspan Software,It Software & Licences,Logistics,28106.19,INR,CTR0002,ON_CONTRACT,REQ00551,2026-02-09,cloudspan software,False
TXN002482,ERP_EXPORT,SUP0022,Transcore Logistics,Logistics & Freight,It,84798.52,INR,CTR0008,ON_CONTRACT,,2025-05-05,transcore logistics,False
TXN002483,ERP_EXPORT,SUP0019,Lumen Creative,Marketing Services,Operations,152165.89,INR,CTR0007,ON_CONTRACT,REQ00624,2025-07-27,lumen creative,False
TXN002484,ERP_EXPORT,SUP0016,Prime Facility Care,Facilities Maintenance,Marketing,18927.76,INR,CTR0006,ON_CONTRACT,REQ00235,2025-09-17,prime facility care,False
TXN002485,ERP_EXPORT,SUP0011,Sterling Advisory,Professional Services,Facilities,137161.88,INR,CTR0004,ON_CONTRACT,REQ00733,2025-10-20,sterling advisory,False
TXN002486,ERP_EXPORT,SUP0022,Transcore Logistics,Logistics & Freight,Facilities,93421.95,INR,CTR0008,ON_CONTRACT,,2025-09-24,transcore logistics,False
TXN002487,ERP_EXPORT,SUP0008,Orion Office Supplies,Office Supplies,Finance,13118.37,INR,CTR0003,ON_CONTRACT,REQ00438,2025-04-28,orion office supplies,False
TXN002491,ERP_EXPORT,SUP0021,Pulse Marketing Co,Marketing Services,Marketing,60009.7,INR,,OFF_CONTRACT,,2026-03-20,pulse marketing,False
TXN002494,ERP_EXPORT,SUP0007,Meridian Softworks,It Software & Licences,R&D,55586.75,INR,,NO_CONTRACT,,2025-06-29,meridian softworks,False
TXN002495,ERP_EXPORT,SUP0014,Skyroute Travel,Travel,Operations,49924.59,INR,CTR0005,ON_CONTRACT,,2025-06-23,skyroute travel,False
TXN002499,ERP_EXPORT,SUP0011,Sterling Advisory,Professional Services,Facilities,245955.26,INR,CTR0004,ON_CONTRACT,REQ00236,2025-06-29,sterling advisory,False
TXN002501,ERP_EXPORT,SUP0022,Transcore Logistics,Logistics & Freight,Facilities,80684.07,INR,CTR0008,ON_CONTRACT,,2025-07-06,transcore logistics,False
TXN002502,ERP_EXPORT,SUP0016,Prime Facility Care,Facilities Maintenance,It,55871.67,INR,CTR0006,ON_CONTRACT,,2025-07-30,prime facility care,False
TXN002504,ERP_EXPORT,SUP0008,Orion Office Supplies,Office Supplies,Finance,23989.08,INR,CTR0003,ON_CONTRACT,,2025-05-21,orion office supplies,False
TXN002506,ERP_EXPORT,SUP0018,Urban Upkeep,Facilities Maintenance,Facilities,16555.85,INR,,OFF_CONTRACT,REQ00706,2025-04-24,urban upkeep,False
TXN002510,ERP_EXPORT,SUP0022,Transcore Logistics,Logistics & Freight,Human Resources,86126.49,INR,CTR0008,ON_CONTRACT,,2025-11-27,transcore logistics,False
TXN002511,ERP_EXPORT,SUP0001,Nexa Technologies Pvt Ltd,It Hardware,Operations,34680.93,INR,CTR0001,ON_CONTRACT,REQ00562,2025-07-13,nexa technologies,False
TXN002512,ERP_EXPORT,SUP0014,Skyroute Travel,Travel,R&D,80444.11,INR,CTR0005,ON_CONTRACT,REQ00622,2025-11-22,skyroute travel,False
TXN002513,ERP_EXPORT,SUP0001,Nexa Technologies Pvt Ltd,It Hardware,Facilities,94489.45,INR,CTR0001,ON_CONTRACT,REQ00699,2026-03-05,nexa technologies,False
TXN002514,ERP_EXPORT,SUP0022,Transcore Logistics,Logistics & Freight,Finance,54365.9,INR,CTR0008,ON_CONTRACT,,2025-11-06,transcore logistics,False
TXN002517,ERP_EXPORT,SUP0022,Transcore Logistics,Logistics & Freight,Human Resources,13586.64,INR,CTR0008,ON_CONTRACT,,2026-01-09,transcore logistics,False
TXN002518,ERP_EXPORT,SUP0024,Nexa Technologies,It Hardware,Marketing,98910.74,INR,,NO_CONTRACT,,2025-11-23,nexa technologies,False
TXN002519,ERP_EXPORT,SUP0016,Prime Facility Care,Facilities Maintenance,Facilities,51263.32,INR,CTR0006,ON_CONTRACT,REQ00468,2025-08-27,prime facility care,False
TXN002520,ERP_EXPORT,SUP0005,Cloudspan Software,It Software & Licences,Human Resources,90884.23,INR,CTR0002,ON_CONTRACT,REQ00190,2025-05-09,cloudspan software,False
TXN002522,ERP_EXPORT,SUP0020,BrightArc Media,Marketing Services,Marketing,38820.92,INR,,OFF_CONTRACT,REQ00489,2025-09-19,brightarc media,False
TXN002525,ERP_EXPORT,SUP0022,Transcore Logistics,Logistics & Freight,Marketing,78768.29,INR,CTR0008,ON_CONTRACT,REQ00592,2025-06-12,transcore logistics,False
TXN002526,ERP_EXPORT,SUP0010,Kanban Stationers,Office Supplies,It,8411.48,INR,,OFF_CONTRACT,,2025-04-10,kanban stationers,False
TXN002527,ERP_EXPORT,SUP0001,Nexa Technologies Pvt Ltd,It Hardware,Finance,57659.27,INR,CTR0001,ON_CONTRACT,REQ00055,2025-11-22,nexa technologies,False
TXN002528,ERP_EXPORT,SUP0008,Orion Office Supplies,Office Supplies,Logistics,24021.3,INR,CTR0003,ON_CONTRACT,,2025-12-14,orion office supplies,False
TXN002529,ERP_EXPORT,SUP0028,ORION OFFICE SUPPLIES,Office Supplies,Human Resources,2203.86,INR,,OFF_CONTRACT,REQ00092,2025-12-05,orion office supplies,False
TXN002530,ERP_EXPORT,SUP0008,Orion Office Supplies,Office Supplies,Logistics,24949.88,INR,CTR0003,ON_CONTRACT,REQ00140,2025-11-01,orion office supplies,False
TXN002535,ERP_EXPORT,SUP0011,Sterling Advisory,Professional Services,R&D,194952.6,INR,CTR0004,ON_CONTRACT,,2026-03-15,sterling advisory,False
TXN002536,ERP_EXPORT,SUP0001,Nexa Technologies Pvt Ltd,It Hardware,Facilities,154292.41,INR,CTR0001,ON_CONTRACT,,2026-01-19,nexa technologies,False
TXN002537,ERP_EXPORT,SUP0014,Skyroute Travel,Travel,Human Resources,68719.04,INR,CTR0005,ON_CONTRACT,REQ00662,2025-06-12,skyroute travel,False
TXN002538,ERP_EXPORT,SUP0022,Transcore Logistics,Logistics & Freight,Operations,23856.57,INR,CTR0008,ON_CONTRACT,,2025-10-29,transcore logistics,False
TXN002539,ERP_EXPORT,SUP0016,Prime Facility Care,Facilities Maintenance,Logistics,55205.68,INR,CTR0006,ON_CONTRACT,,2025-10-29,prime facility care,False
TXN002540,ERP_EXPORT,SUP0007,Meridian Softworks,It Software & Licences,Marketing,95736.89,INR,,NO_CONTRACT,,2025-07-13,meridian softworks,False
TXN002541,ERP_EXPORT,SUP0014,Skyroute Travel,Travel,Facilities,62000.32,INR,CTR0005,ON_CONTRACT,REQ00341,2025-04-24,skyroute travel,False
TXN002542,ERP_EXPORT,SUP0008,Orion Office Supplies,Office Supplies,R&D,19620.67,INR,CTR0003,ON_CONTRACT,REQ00188,2025-05-06,orion office supplies,False
TXN002544,ERP_EXPORT,SUP0016,Prime Facility Care,Facilities Maintenance,It,46816.25,INR,CTR0006,ON_CONTRACT,REQ00280,2026-01-05,prime facility care,False
TXN002545,ERP_EXPORT,SUP0019,Lumen Creative,Marketing Services,Operations,32404.66,INR,CTR0007,ON_CONTRACT,,2025-07-22,lumen creative,False
TXN002546,ERP_EXPORT,SUP0014,Skyroute Travel,Travel,Marketing,47985.48,INR,CTR0005,ON_CONTRACT,REQ00234,2025-10-13,skyroute travel,False
TXN002547,ERP_EXPORT,SUP0014,Skyroute Travel,Travel,It,14367.25,INR,CTR0005,ON_CONTRACT,REQ00055,2025-11-15,skyroute travel,False
TXN002548,ERP_EXPORT,SUP0022,Transcore Logistics,Logistics & Freight,Logistics,45826.07,INR,CTR0008,ON_CONTRACT,,2025-09-28,transcore logistics,False
TXN002549,ERP_EXPORT,SUP0005,Cloudspan Software,It Software & Licences,Operations,57746.18,INR,CTR0002,ON_CONTRACT,,2025-04-05,cloudspan software,False
TXN002550,ERP_EXPORT,SUP0001,Nexa Technologies Pvt Ltd,It Hardware,Finance,35231.53,INR,CTR0001,ON_CONTRACT,REQ00506,2026-02-17,nexa technologies,False
TXN002552,ERP_EXPORT,SUP0023,FleetBridge Cargo,Logistics & Freight,It,21212.84,INR,,OFF_CONTRACT,REQ00825,2025-08-30,fleetbridge cargo,False
TXN002553,ERP_EXPORT,SUP0022,Transcore Logistics,Logistics & Freight,Marketing,79083.52,INR,CTR0008,ON_CONTRACT,REQ00025,2025-10-25,transcore logistics,False
TXN002556,ERP_EXPORT,SUP0001,Nexa Technologies Pvt Ltd,It Hardware,It,173042.86,INR,CTR0001,ON_CONTRACT,REQ00114,2025-09-20,nexa technologies,False
TXN002559,ERP_EXPORT,SUP0022,Transcore Logistics,Logistics & Freight,Operations,18379.55,INR,CTR0008,ON_CONTRACT,,2025-11-24,transcore logistics,False
TXN002561,ERP_EXPORT,SUP0001,Nexa Technologies Pvt Ltd,It Hardware,Operations,148149.91,INR,CTR0001,ON_CONTRACT,,2025-04-07,nexa technologies,False
TXN002562,ERP_EXPORT,SUP0011,Sterling Advisory,Professional Services,It,188488.16,INR,CTR0004,ON_CONTRACT,REQ00130,2025-04-17,sterling advisory,False
TXN002563,ERP_EXPORT,SUP0011,Sterling Advisory,Professional Services,Human Resources,50547.46,INR,CTR0004,ON_CONTRACT,REQ00556,2025-09-01,sterling advisory,False
TXN002564,ERP_EXPORT,SUP0007,Meridian Softworks,It Software & Licences,Marketing,22654.69,INR,,NO_CONTRACT,,2025-10-01,meridian softworks,False
TXN002566,ERP_EXPORT,SUP0005,Cloudspan Software,It Software & Licences,Logistics,46005.5,INR,CTR0002,ON_CONTRACT,,2026-01-21,cloudspan software,False
TXN002567,ERP_EXPORT,SUP0001,Nexa Technologies Pvt Ltd,It Hardware,R&D,61019.57,INR,CTR0001,ON_CONTRACT,,2026-01-06,nexa technologies,False
TXN002568,ERP_EXPORT,SUP0001,Nexa Technologies Pvt Ltd,It Hardware,Logistics,68555.7,INR,CTR0001,ON_CONTRACT,REQ00046,2026-03-23,nexa technologies,False
TXN002569,ERP_EXPORT,SUP0013,Adept Partners,Professional Services,Marketing,208731.38,INR,,OFF_CONTRACT,,2025-07-21,adept partners,False
TXN002570,ERP_EXPORT,SUP0011,Sterling Advisory,Professional Services,Finance,235137.89,INR,CTR0004,ON_CONTRACT,,2025-04-11,sterling advisory,False
TXN002571,ERP_EXPORT,SUP0001,Nexa Technologies Pvt Ltd,It Hardware,Marketing,87790.92,INR,CTR0001,ON_CONTRACT,REQ00009,2025-07-21,nexa technologies,False
TXN002573,ERP_EXPORT,SUP0014,Skyroute Travel,Travel,Human Resources,34362.65,INR,CTR0005,ON_CONTRACT,REQ00551,2025-08-09,skyroute travel,False
TXN002575,ERP_EXPORT,SUP0016,Prime Facility Care,Facilities Maintenance,It,23561.74,INR,CTR0006,ON_CONTRACT,,2026-02-24,prime facility care,False
TXN002576,ERP_EXPORT,SUP0019,Lumen Creative,Marketing Services,It,109666.65,INR,CTR0007,ON_CONTRACT,,2026-01-02,lumen creative,False
TXN002577,ERP_EXPORT,SUP0019,Lumen Creative,Marketing Services,Marketing,157057.36,INR,CTR0007,ON_CONTRACT,,2025-05-30,lumen creative,False
TXN002578,ERP_EXPORT,SUP0005,Cloudspan Software,It Software & Licences,Marketing,78366.78,INR,CTR0002,ON_CONTRACT,,2025-04-04,cloudspan software,False
TXN002580,ERP_EXPORT,SUP0022,Transcore Logistics,Logistics & Freight,Marketing,65768.85,INR,CTR0008,ON_CONTRACT,REQ00608,2026-01-29,transcore logistics,False
TXN002581,ERP_EXPORT,SUP0019,Lumen Creative,Marketing Services,Operations,37208.89,INR,CTR0007,ON_CONTRACT,,2025-08-02,lumen creative,False
TXN002583,ERP_EXPORT,SUP0022,Transcore Logistics,Logistics & Freight,It,53755.97,INR,CTR0008,ON_CONTRACT,REQ00475,2025-04-13,transcore logistics,False
TXN002584,ERP_EXPORT,SUP0008,Orion Office Supplies,Office Supplies,Facilities,12335.04,INR,CTR0003,ON_CONTRACT,,2025-06-22,orion office supplies,False
TXN002585,ERP_EXPORT,SUP0011,Sterling Advisory,Professional Services,Marketing,163031.61,INR,CTR0004,ON_CONTRACT,REQ00718,2025-06-26,sterling advisory,False
TXN002587,ERP_EXPORT,SUP0016,Prime Facility Care,Facilities Maintenance,Facilities,14306.55,INR,CTR0006,ON_CONTRACT,REQ00217,2025-12-31,prime facility care,False
TXN002588,ERP_EXPORT,SUP0016,Prime Facility Care,Facilities Maintenance,Finance,50957.03,INR,CTR0006,ON_CONTRACT,,2025-11-24,prime facility care,False
TXN002591,ERP_EXPORT,SUP0010,Kanban Stationers,Office Supplies,Human Resources,20918.3,INR,,OFF_CONTRACT,,2026-03-03,kanban stationers,False
TXN002592,ERP_EXPORT,SUP0005,Cloudspan Software,It Software & Licences,Logistics,99415.64,INR,CTR0002,ON_CONTRACT,REQ00056,2025-06-30,cloudspan software,False
TXN002593,ERP_EXPORT,SUP0011,Sterling Advisory,Professional Services,Operations,156025.2,INR,CTR0004,ON_CONTRACT,REQ00160,2025-05-01,sterling advisory,False
TXN002594,ERP_EXPORT,SUP0014,Skyroute Travel,Travel,It,50653.93,INR,CTR0005,ON_CONTRACT,,2025-06-07,skyroute travel,False
TXN002597,ERP_EXPORT,SUP0014,Skyroute Travel,Travel,Marketing,30255.57,INR,CTR0005,ON_CONTRACT,REQ00450,2025-12-11,skyroute travel,False
TXN002601,ERP_EXPORT,SUP0022,Transcore Logistics,Logistics & Freight,Facilities,64253.29,INR,CTR0008,ON_CONTRACT,,2025-07-24,transcore logistics,False
TXN002603,ERP_EXPORT,SUP0002,Zenith Computing,It Hardware,Operations,141040.01,INR,,NO_CONTRACT,REQ00805,2025-04-15,zenith computing,False
TXN002605,ERP_EXPORT,SUP0008,Orion Office Supplies,Office Supplies,Operations,2003.1,INR,CTR0003,ON_CONTRACT,,2025-11-01,orion office supplies,False
TXN002606,ERP_EXPORT,SUP0022,Transcore Logistics,Logistics & Freight,R&D,54423.72,INR,CTR0008,ON_CONTRACT,,2025-10-06,transcore logistics,False
TXN002607,ERP_EXPORT,SUP0020,BrightArc Media,Marketing Services,It,26559.27,INR,,OFF_CONTRACT,REQ00718,2025-10-19,brightarc media,False
TXN002608,ERP_EXPORT,SUP0008,Orion Office Supplies,Office Supplies,R&D,8351.9,INR,CTR0003,ON_CONTRACT,REQ00062,2025-09-03,orion office supplies,False
TXN002609,ERP_EXPORT,SUP0015,Voyager Corporate Travel,Travel,It,65972.07,INR,,OFF_CONTRACT,REQ00442,2025-10-18,voyager corporate travel,False
TXN002611,ERP_EXPORT,SUP0019,Lumen Creative,Marketing Services,Marketing,137507.39,INR,CTR0007,ON_CONTRACT,REQ00445,2025-05-31,lumen creative,False
TXN002612,ERP_EXPORT,SUP0005,Cloudspan Software,It Software & Licences,Operations,15401.09,INR,CTR0002,ON_CONTRACT,,2026-03-07,cloudspan software,False
TXN002614,ERP_EXPORT,SUP0001,Nexa Technologies Pvt Ltd,It Hardware,Facilities,139840.13,INR,CTR0001,ON_CONTRACT,,2025-10-26,nexa technologies,False
TXN002617,ERP_EXPORT,SUP0001,Nexa Technologies Pvt Ltd,It Hardware,Operations,80836.26,INR,CTR0001,ON_CONTRACT,REQ00208,2025-04-18,nexa technologies,False
TXN002619,ERP_EXPORT,SUP0018,Urban Upkeep,Facilities Maintenance,Human Resources,60562.71,INR,,OFF_CONTRACT,REQ00816,2025-11-19,urban upkeep,False
TXN002623,ERP_EXPORT,SUP0005,Cloudspan Software,It Software & Licences,It,60550.83,INR,CTR0002,ON_CONTRACT,REQ00009,2026-01-19,cloudspan software,False
TXN002625,ERP_EXPORT,SUP0028,ORION OFFICE SUPPLIES,Office Supplies,Finance,10678.32,INR,,OFF_CONTRACT,,2025-10-21,orion office supplies,False
TXN002626,ERP_EXPORT,SUP0014,Skyroute Travel,Travel,Operations,87054.43,INR,CTR0005,ON_CONTRACT,REQ00891,2025-08-20,skyroute travel,False
TXN002630,ERP_EXPORT,SUP0022,Transcore Logistics,Logistics & Freight,Logistics,44174.85,INR,CTR0008,ON_CONTRACT,REQ00698,2025-04-10,transcore logistics,False
TXN002633,ERP_EXPORT,SUP0014,Skyroute Travel,Travel,Logistics,8357.79,INR,CTR0005,ON_CONTRACT,REQ00865,2026-03-15,skyroute travel,False
TXN002634,ERP_EXPORT,SUP0022,Transcore Logistics,Logistics & Freight,Marketing,25857.11,INR,CTR0008,ON_CONTRACT,,2026-03-13,transcore logistics,False
TXN002635,ERP_EXPORT,SUP0001,Nexa Technologies Pvt Ltd,It Hardware,Finance,135522.14,INR,CTR0001,ON_CONTRACT,,2025-06-15,nexa technologies,False
TXN002636,ERP_EXPORT,SUP0012,Cobalt Consulting,Professional Services,R&D,179940.94,INR,,OFF_CONTRACT,REQ00332,2025-10-26,cobalt consulting,False
TXN002637,ERP_EXPORT,SUP0011,Sterling Advisory,Professional Services,Human Resources,242869.98,INR,CTR0004,ON_CONTRACT,,2026-02-25,sterling advisory,False
TXN002640,ERP_EXPORT,SUP0008,Orion Office Supplies,Office Supplies,Logistics,18158.43,INR,CTR0003,ON_CONTRACT,,2025-07-09,orion office supplies,False
TXN002643,ERP_EXPORT,SUP0016,Prime Facility Care,Facilities Maintenance,R&D,56909.43,INR,CTR0006,ON_CONTRACT,REQ00739,2025-04-14,prime facility care,False
TXN002645,ERP_EXPORT,SUP0011,Sterling Advisory,Professional Services,Logistics,50119.06,INR,CTR0004,ON_CONTRACT,REQ00631,2025-07-07,sterling advisory,False
TXN002646,ERP_EXPORT,SUP0008,Orion Office Supplies,Office Supplies,Logistics,10281.16,INR,CTR0003,ON_CONTRACT,,2025-07-23,orion office supplies,False
TXN002647,ERP_EXPORT,SUP0016,Prime Facility Care,Facilities Maintenance,R&D,67407.99,INR,CTR0006,ON_CONTRACT,REQ00359,2025-04-18,prime facility care,False
TXN002650,ERP_EXPORT,SUP0019,Lumen Creative,Marketing Services,Facilities,84077.94,INR,CTR0007,ON_CONTRACT,REQ00103,2025-09-29,lumen creative,False
TXN002652,ERP_EXPORT,SUP0020,BrightArc Media,Marketing Services,Human Resources,71619.0,INR,,OFF_CONTRACT,,2025-12-01,brightarc media,False
TXN002654,ERP_EXPORT,SUP0008,Orion Office Supplies,Office Supplies,It,3204.17,INR,CTR0003,ON_CONTRACT,,2026-02-06,orion office supplies,False
TXN002655,ERP_EXPORT,SUP0014,Skyroute Travel,Travel,Marketing,70940.55,INR,CTR0005,ON_CONTRACT,,2026-03-07,skyroute travel,False
TXN002659,ERP_EXPORT,SUP0015,Voyager Corporate Travel,Travel,Facilities,25383.51,INR,,OFF_CONTRACT,REQ00395,2025-06-29,voyager corporate travel,False
TXN002660,ERP_EXPORT,SUP0019,Lumen Creative,Marketing Services,Human Resources,112029.49,INR,CTR0007,ON_CONTRACT,,2025-07-27,lumen creative,False
TXN002661,ERP_EXPORT,SUP0022,Transcore Logistics,Logistics & Freight,Finance,51199.39,INR,CTR0008,ON_CONTRACT,,2025-11-30,transcore logistics,False
TXN002662,ERP_EXPORT,SUP0001,Nexa Technologies Pvt Ltd,It Hardware,Facilities,161424.29,INR,CTR0001,ON_CONTRACT,,2026-02-15,nexa technologies,False
TXN002663,ERP_EXPORT,SUP0005,Cloudspan Software,It Software & Licences,Human Resources,37652.77,INR,CTR0002,ON_CONTRACT,REQ00580,2026-03-11,cloudspan software,False
TXN002664,ERP_EXPORT,SUP0016,Prime Facility Care,Facilities Maintenance,Facilities,50668.79,INR,CTR0006,ON_CONTRACT,,2025-10-10,prime facility care,False
TXN002665,ERP_EXPORT,SUP0011,Sterling Advisory,Professional Services,Logistics,167627.95,INR,CTR0004,ON_CONTRACT,REQ00190,2025-05-01,sterling advisory,False
TXN002666,ERP_EXPORT,SUP0022,Transcore Logistics,Logistics & Freight,Marketing,36510.02,INR,CTR0008,ON_CONTRACT,REQ00163,2026-03-08,transcore logistics,False
TXN002668,ERP_EXPORT,SUP0005,Cloudspan Software,It Software & Licences,Operations,83422.17,INR,CTR0002,ON_CONTRACT,,2025-11-07,cloudspan software,False
TXN002669,ERP_EXPORT,SUP0019,Lumen Creative,Marketing Services,Logistics,123403.64,INR,CTR0007,ON_CONTRACT,REQ00580,2025-12-24,lumen creative,False
TXN002670,ERP_EXPORT,SUP0022,Transcore Logistics,Logistics & Freight,Logistics,38197.07,INR,CTR0008,ON_CONTRACT,,2025-07-28,transcore logistics,False
TXN002671,ERP_EXPORT,SUP0005,Cloudspan Software,It Software & Licences,R&D,82707.42,INR,CTR0002,ON_CONTRACT,,2025-04-15,cloudspan software,False
TXN002674,ERP_EXPORT,SUP0016,Prime Facility Care,Facilities Maintenance,It,21952.92,INR,CTR0006,ON_CONTRACT,REQ00601,2025-05-06,prime facility care,False
TXN002675,ERP_EXPORT,SUP0017,GreenEdge Services,Facilities Maintenance,R&D,63412.9,INR,,OFF_CONTRACT,REQ00290,2026-01-14,greenedge services,False
TXN002676,ERP_EXPORT,SUP0023,FleetBridge Cargo,Logistics & Freight,It,35855.0,INR,,OFF_CONTRACT,REQ00431,2026-01-13,fleetbridge cargo,False
TXN002677,ERP_EXPORT,SUP0022,Transcore Logistics,Logistics & Freight,R&D,42526.24,INR,CTR0008,ON_CONTRACT,REQ00305,2026-01-19,transcore logistics,False
TXN002680,ERP_EXPORT,SUP0001,Nexa Technologies Pvt Ltd,It Hardware,Operations,104958.59,INR,CTR0001,ON_CONTRACT,REQ00039,2026-01-27,nexa technologies,False
TXN002681,ERP_EXPORT,SUP0021,Pulse Marketing Co,Marketing Services,Marketing,57462.97,INR,,OFF_CONTRACT,,2025-11-12,pulse marketing,False
TXN002685,ERP_EXPORT,SUP0016,Prime Facility Care,Facilities Maintenance,Human Resources,30240.73,INR,CTR0006,ON_CONTRACT,REQ00446,2025-08-05,prime facility care,False
TXN002688,ERP_EXPORT,SUP0014,Skyroute Travel,Travel,Operations,41918.7,INR,CTR0005,ON_CONTRACT,,2025-08-17,skyroute travel,False
TXN002689,ERP_EXPORT,SUP0019,Lumen Creative,Marketing Services,Marketing,89001.04,INR,CTR0007,ON_CONTRACT,REQ00049,2026-01-29,lumen creative,False
TXN002690,ERP_EXPORT,SUP0016,Prime Facility Care,Facilities Maintenance,Logistics,34257.38,INR,CTR0006,ON_CONTRACT,,2025-07-21,prime facility care,False
TXN002691,ERP_EXPORT,SUP0014,Skyroute Travel,Travel,It,51536.89,INR,CTR0005,ON_CONTRACT,,2026-01-18,skyroute travel,False
TXN002694,ERP_EXPORT,SUP0001,Nexa Technologies Pvt Ltd,It Hardware,Human Resources,96934.75,INR,CTR0001,ON_CONTRACT,,2025-09-03,nexa technologies,False
TXN002696,ERP_EXPORT,SUP0005,Cloudspan Software,It Software & Licences,Logistics,69498.39,INR,CTR0002,ON_CONTRACT,REQ00403,2025-09-30,cloudspan software,False
TXN002697,ERP_EXPORT,SUP0019,Lumen Creative,Marketing Services,Logistics,114855.92,INR,CTR0007,ON_CONTRACT,,2026-01-10,lumen creative,False
TXN002699,ERP_EXPORT,SUP0016,Prime Facility Care,Facilities Maintenance,Finance,56439.48,INR,CTR0006,ON_CONTRACT,REQ00227,2025-05-14,prime facility care,False
TXN002700,ERP_EXPORT,SUP0005,Cloudspan Software,It Software & Licences,Finance,96156.76,INR,CTR0002,ON_CONTRACT,REQ00210,2025-08-30,cloudspan software,False
TXN002701,ERP_EXPORT,SUP0008,Orion Office Supplies,Office Supplies,Marketing,13989.81,INR,CTR0003,ON_CONTRACT,REQ00255,2025-07-09,orion office supplies,False
TXN002702,ERP_EXPORT,SUP0014,Skyroute Travel,Travel,R&D,88033.13,INR,CTR0005,ON_CONTRACT,REQ00111,2025-04-10,skyroute travel,False
TXN002703,ERP_EXPORT,SUP0014,Skyroute Travel,Travel,R&D,18295.12,INR,CTR0005,ON_CONTRACT,REQ00710,2026-03-12,skyroute travel,False
TXN002707,ERP_EXPORT,SUP0014,Skyroute Travel,Travel,Marketing,17856.99,INR,CTR0005,ON_CONTRACT,REQ00813,2025-10-05,skyroute travel,False
TXN002709,ERP_EXPORT,SUP0022,Transcore Logistics,Logistics & Freight,Marketing,13456.85,INR,CTR0008,ON_CONTRACT,REQ00157,2026-02-14,transcore logistics,False
TXN002710,ERP_EXPORT,SUP0011,Sterling Advisory,Professional Services,Finance,101594.81,INR,CTR0004,ON_CONTRACT,REQ00111,2025-07-20,sterling advisory,False
TXN002711,ERP_EXPORT,SUP0011,Sterling Advisory,Professional Services,Operations,202359.79,INR,CTR0004,ON_CONTRACT,REQ00480,2025-11-12,sterling advisory,False
TXN002713,ERP_EXPORT,SUP0022,Transcore Logistics,Logistics & Freight,Finance,40891.93,INR,CTR0008,ON_CONTRACT,REQ00767,2025-04-30,transcore logistics,False
TXN002714,ERP_EXPORT,SUP0008,Orion Office Supplies,Office Supplies,It,10550.0,INR,CTR0003,ON_CONTRACT,REQ00178,2025-07-28,orion office supplies,False
TXN002715,ERP_EXPORT,SUP0014,Skyroute Travel,Travel,Operations,8111.0,INR,CTR0005,ON_CONTRACT,REQ00812,2025-06-07,skyroute travel,False
TXN002716,ERP_EXPORT,SUP0001,Nexa Technologies Pvt Ltd,It Hardware,Facilities,71469.08,INR,CTR0001,ON_CONTRACT,,2026-01-23,nexa technologies,False
TXN002720,ERP_EXPORT,SUP0022,Transcore Logistics,Logistics & Freight,Facilities,13958.38,INR,CTR0008,ON_CONTRACT,,2026-02-02,transcore logistics,False
TXN002721,ERP_EXPORT,SUP0008,Orion Office Supplies,Office Supplies,Operations,22666.89,INR,CTR0003,ON_CONTRACT,REQ00452,2025-06-18,orion office supplies,False
TXN002722,ERP_EXPORT,SUP0022,Transcore Logistics,Logistics & Freight,Facilities,77005.47,INR,CTR0008,ON_CONTRACT,REQ00325,2026-02-01,transcore logistics,False
TXN002725,ERP_EXPORT,SUP0011,Sterling Advisory,Professional Services,Facilities,123581.11,INR,CTR0004,ON_CONTRACT,,2025-05-22,sterling advisory,False
TXN002732,ERP_EXPORT,SUP0008,Orion Office Supplies,Office Supplies,R&D,12897.63,INR,CTR0003,ON_CONTRACT,,2026-03-17,orion office supplies,False
TXN002734,ERP_EXPORT,SUP0012,Cobalt Consulting,Professional Services,It,241135.86,INR,,OFF_CONTRACT,REQ00861,2025-12-22,cobalt consulting,False
TXN002735,ERP_EXPORT,SUP0022,Transcore Logistics,Logistics & Freight,Finance,90246.12,INR,CTR0008,ON_CONTRACT,REQ00476,2025-04-11,transcore logistics,False
TXN002736,ERP_EXPORT,SUP0008,Orion Office Supplies,Office Supplies,R&D,20059.36,INR,CTR0003,ON_CONTRACT,,2026-03-17,orion office supplies,False
TXN002739,ERP_EXPORT,SUP0016,Prime Facility Care,Facilities Maintenance,Logistics,67766.1,INR,CTR0006,ON_CONTRACT,,2025-11-29,prime facility care,False
TXN002741,ERP_EXPORT,SUP0016,Prime Facility Care,Facilities Maintenance,Marketing,31940.84,INR,CTR0006,ON_CONTRACT,REQ00378,2026-01-19,prime facility care,False
TXN002742,ERP_EXPORT,SUP0008,Orion Office Supplies,Office Supplies,Facilities,7183.77,INR,CTR0003,ON_CONTRACT,REQ00886,2025-10-28,orion office supplies,False
TXN002743,ERP_EXPORT,SUP0011,Sterling Advisory,Professional Services,Finance,81124.95,INR,CTR0004,ON_CONTRACT,,2026-03-25,sterling advisory,False
TXN002744,ERP_EXPORT,SUP0019,Lumen Creative,Marketing Services,Marketing,39712.41,INR,CTR0007,ON_CONTRACT,,2025-06-28,lumen creative,False
TXN002746,ERP_EXPORT,SUP0014,Skyroute Travel,Travel,Finance,72068.39,INR,CTR0005,ON_CONTRACT,REQ00210,2025-05-25,skyroute travel,False
TXN002748,ERP_EXPORT,SUP0011,Sterling Advisory,Professional Services,Facilities,70862.17,INR,CTR0004,ON_CONTRACT,REQ00156,2025-05-19,sterling advisory,False
TXN002750,ERP_EXPORT,SUP0028,ORION OFFICE SUPPLIES,Office Supplies,Logistics,16626.96,INR,,OFF_CONTRACT,,2025-08-31,orion office supplies,False
TXN002751,ERP_EXPORT,SUP0001,Nexa Technologies Pvt Ltd,It Hardware,Finance,85165.68,INR,CTR0001,ON_CONTRACT,REQ00551,2025-04-30,nexa technologies,False
TXN002752,ERP_EXPORT,SUP0019,Lumen Creative,Marketing Services,Marketing,114378.24,INR,CTR0007,ON_CONTRACT,,2026-03-11,lumen creative,False
TXN002753,ERP_EXPORT,SUP0001,Nexa Technologies Pvt Ltd,It Hardware,Logistics,65285.27,INR,CTR0001,ON_CONTRACT,REQ00538,2025-12-02,nexa technologies,False
TXN002754,ERP_EXPORT,SUP0013,Adept Partners,Professional Services,R&D,112490.36,INR,,OFF_CONTRACT,,2025-08-23,adept partners,False
TXN002755,ERP_EXPORT,SUP0021,Pulse Marketing Co,Marketing Services,R&D,148448.02,INR,,OFF_CONTRACT,,2025-07-21,pulse marketing,False
TXN002756,ERP_EXPORT,SUP0014,Skyroute Travel,Travel,Marketing,31821.37,INR,CTR0005,ON_CONTRACT,,2025-11-10,skyroute travel,False
TXN002757,ERP_EXPORT,SUP0008,Orion Office Supplies,Office Supplies,It,12809.73,INR,CTR0003,ON_CONTRACT,REQ00066,2025-04-24,orion office supplies,False
TXN002758,ERP_EXPORT,SUP0014,Skyroute Travel,Travel,Operations,80991.57,INR,CTR0005,ON_CONTRACT,,2025-05-28,skyroute travel,False
TXN002759,ERP_EXPORT,SUP0014,Skyroute Travel,Travel,Logistics,66033.15,INR,CTR0005,ON_CONTRACT,REQ00779,2025-10-26,skyroute travel,False
TXN002760,ERP_EXPORT,SUP0014,Skyroute Travel,Travel,Marketing,13100.66,INR,CTR0005,ON_CONTRACT,REQ00204,2025-05-27,skyroute travel,False
TXN002762,ERP_EXPORT,SUP0008,Orion Office Supplies,Office Supplies,Finance,2180.36,INR,CTR0003,ON_CONTRACT,,2025-06-22,orion office supplies,False
TXN002763,ERP_EXPORT,SUP0016,Prime Facility Care,Facilities Maintenance,Facilities,47855.31,INR,CTR0006,ON_CONTRACT,REQ00647,2025-04-24,prime facility care,False
TXN002764,ERP_EXPORT,SUP0017,GreenEdge Services,Facilities Maintenance,Operations,36860.41,INR,,OFF_CONTRACT,REQ00002,2025-09-29,greenedge services,False
TXN002765,ERP_EXPORT,SUP0028,ORION OFFICE SUPPLIES,Office Supplies,It,5088.32,INR,,OFF_CONTRACT,REQ00408,2025-12-30,orion office supplies,False
TXN002766,ERP_EXPORT,SUP0019,Lumen Creative,Marketing Services,R&D,154110.78,INR,CTR0007,ON_CONTRACT,,2025-07-26,lumen creative,False
TXN002769,ERP_EXPORT,SUP0019,Lumen Creative,Marketing Services,Operations,90084.5,INR,CTR0007,ON_CONTRACT,REQ00313,2025-05-26,lumen creative,False
TXN002770,ERP_EXPORT,SUP0002,Zenith Computing,It Hardware,Marketing,130341.15,INR,,NO_CONTRACT,REQ00232,2026-02-06,zenith computing,False
TXN002771,ERP_EXPORT,SUP0008,Orion Office Supplies,Office Supplies,Operations,3753.5,INR,CTR0003,ON_CONTRACT,REQ00192,2025-11-23,orion office supplies,False
TXN002772,ERP_EXPORT,SUP0005,Cloudspan Software,It Software & Licences,It,43843.9,INR,CTR0002,ON_CONTRACT,REQ00494,2025-12-09,cloudspan software,False
TXN002773,ERP_EXPORT,SUP0019,Lumen Creative,Marketing Services,Finance,132975.17,INR,CTR0007,ON_CONTRACT,,2025-06-25,lumen creative,False
TXN002775,ERP_EXPORT,SUP0013,Adept Partners,Professional Services,Logistics,154781.2,INR,,OFF_CONTRACT,,2025-05-30,adept partners,False
TXN002776,ERP_EXPORT,SUP0022,Transcore Logistics,Logistics & Freight,R&D,47923.73,INR,CTR0008,ON_CONTRACT,,2025-12-30,transcore logistics,False
TXN002777,ERP_EXPORT,SUP0011,Sterling Advisory,Professional Services,Logistics,49218.99,INR,CTR0004,ON_CONTRACT,REQ00692,2025-04-09,sterling advisory,False
TXN002778,ERP_EXPORT,SUP0008,Orion Office Supplies,Office Supplies,R&D,5812.24,INR,CTR0003,ON_CONTRACT,REQ00783,2025-06-27,orion office supplies,False
TXN002779,ERP_EXPORT,SUP0016,Prime Facility Care,Facilities Maintenance,Finance,36732.5,INR,CTR0006,ON_CONTRACT,REQ00316,2026-02-10,prime facility care,False
TXN002780,ERP_EXPORT,SUP0008,Orion Office Supplies,Office Supplies,Human Resources,6811.27,INR,CTR0003,ON_CONTRACT,,2026-02-16,orion office supplies,False
TXN002781,ERP_EXPORT,SUP0025,NEXA TECHNOLOGIES PVT. LTD.,It Hardware,Marketing,32746.75,INR,,NO_CONTRACT,,2026-02-06,nexa technologies,False
TXN002785,ERP_EXPORT,SUP0014,Skyroute Travel,Travel,Human Resources,78010.36,INR,CTR0005,ON_CONTRACT,,2025-12-22,skyroute travel,False
TXN002787,ERP_EXPORT,SUP0001,Nexa Technologies Pvt Ltd,It Hardware,Marketing,173897.18,INR,CTR0001,ON_CONTRACT,,2025-12-20,nexa technologies,False
TXN002790,ERP_EXPORT,SUP0001,Nexa Technologies Pvt Ltd,It Hardware,Human Resources,179196.99,INR,CTR0001,ON_CONTRACT,REQ00259,2025-10-01,nexa technologies,False
TXN002791,ERP_EXPORT,SUP0005,Cloudspan Software,It Software & Licences,Operations,89730.89,INR,CTR0002,ON_CONTRACT,,2025-04-22,cloudspan software,False
TXN002794,ERP_EXPORT,SUP0001,Nexa Technologies Pvt Ltd,It Hardware,Finance,65228.98,INR,CTR0001,ON_CONTRACT,,2026-03-14,nexa technologies,False
TXN002796,ERP_EXPORT,SUP0016,Prime Facility Care,Facilities Maintenance,Human Resources,45613.66,INR,CTR0006,ON_CONTRACT,,2025-07-08,prime facility care,False
TXN002797,ERP_EXPORT,SUP0023,FleetBridge Cargo,Logistics & Freight,It,18065.77,INR,,OFF_CONTRACT,REQ00492,2025-04-10,fleetbridge cargo,False
TXN002798,ERP_EXPORT,SUP0005,Cloudspan Software,It Software & Licences,It,80346.04,INR,CTR0002,ON_CONTRACT,REQ00647,2025-07-14,cloudspan software,False
TXN002802,ERP_EXPORT,SUP0009,Paperline Traders,Office Supplies,Finance,22881.67,INR,,OFF_CONTRACT,,2025-11-10,paperline traders,False
TXN002804,ERP_EXPORT,SUP0005,Cloudspan Software,It Software & Licences,Operations,115814.24,INR,CTR0002,ON_CONTRACT,,2026-02-26,cloudspan software,False
TXN002805,ERP_EXPORT,SUP0014,Skyroute Travel,Travel,Logistics,50759.69,INR,CTR0005,ON_CONTRACT,REQ00399,2025-09-03,skyroute travel,False
TXN002806,ERP_EXPORT,SUP0014,Skyroute Travel,Travel,Operations,88139.25,INR,CTR0005,ON_CONTRACT,,2025-09-15,skyroute travel,False
TXN002808,ERP_EXPORT,SUP0022,Transcore Logistics,Logistics & Freight,Finance,25418.73,INR,CTR0008,ON_CONTRACT,REQ00171,2026-03-26,transcore logistics,False
TXN002809,ERP_EXPORT,SUP0001,Nexa Technologies Pvt Ltd,It Hardware,Marketing,98919.52,INR,CTR0001,ON_CONTRACT,,2025-05-17,nexa technologies,False
TXN002810,ERP_EXPORT,SUP0006,Vertex Licensing,It Software & Licences,Marketing,90424.77,INR,,NO_CONTRACT,,2025-11-24,vertex licensing,False
TXN002812,ERP_EXPORT,SUP0016,Prime Facility Care,Facilities Maintenance,Finance,48436.91,INR,CTR0006,ON_CONTRACT,REQ00599,2026-03-09,prime facility care,False
TXN002815,ERP_EXPORT,SUP0022,Transcore Logistics,Logistics & Freight,It,58902.08,INR,CTR0008,ON_CONTRACT,REQ00653,2025-04-25,transcore logistics,False
TXN002816,ERP_EXPORT,SUP0016,Prime Facility Care,Facilities Maintenance,Logistics,56297.61,INR,CTR0006,ON_CONTRACT,REQ00276,2025-11-28,prime facility care,False
TXN002817,ERP_EXPORT,SUP0013,Adept Partners,Professional Services,Marketing,144768.09,INR,,OFF_CONTRACT,REQ00895,2025-12-27,adept partners,False
TXN002819,ERP_EXPORT,SUP0022,Transcore Logistics,Logistics & Freight,Operations,12750.19,INR,CTR0008,ON_CONTRACT,REQ00237,2025-12-07,transcore logistics,False
TXN002820,ERP_EXPORT,SUP0001,Nexa Technologies Pvt Ltd,It Hardware,Operations,80339.55,INR,CTR0001,ON_CONTRACT,REQ00895,2025-05-06,nexa technologies,False
TXN002823,ERP_EXPORT,SUP0022,Transcore Logistics,Logistics & Freight,R&D,531991.0,INR,CTR0008,ON_CONTRACT,REQ00701,2025-05-03,transcore logistics,False
TXN002824,ERP_EXPORT,SUP0016,Prime Facility Care,Facilities Maintenance,Human Resources,23324.55,INR,CTR0006,ON_CONTRACT,REQ00852,2026-03-05,prime facility care,False
TXN002825,ERP_EXPORT,SUP0013,Adept Partners,Professional Services,It,107550.7,INR,,OFF_CONTRACT,REQ00579,2025-05-25,adept partners,False
TXN002826,ERP_EXPORT,SUP0016,Prime Facility Care,Facilities Maintenance,Human Resources,60882.53,INR,CTR0006,ON_CONTRACT,REQ00391,2025-12-11,prime facility care,False
TXN002829,ERP_EXPORT,SUP0015,Voyager Corporate Travel,Travel,Finance,43153.57,INR,,OFF_CONTRACT,REQ00602,2026-01-20,voyager corporate travel,False
TXN002830,ERP_EXPORT,SUP0001,Nexa Technologies Pvt Ltd,It Hardware,Finance,29521.31,INR,CTR0001,ON_CONTRACT,REQ00592,2025-04-09,nexa technologies,False
TXN002832,ERP_EXPORT,SUP0014,Skyroute Travel,Travel,Human Resources,62319.59,INR,CTR0005,ON_CONTRACT,,2025-12-20,skyroute travel,False
TXN002836,ERP_EXPORT,SUP0008,Orion Office Supplies,Office Supplies,Logistics,23149.21,INR,CTR0003,ON_CONTRACT,,2026-02-06,orion office supplies,False
TXN002837,ERP_EXPORT,SUP0006,Vertex Licensing,It Software & Licences,Operations,119291.78,INR,,NO_CONTRACT,,2025-11-18,vertex licensing,False
TXN002840,ERP_EXPORT,SUP0019,Lumen Creative,Marketing Services,Operations,72041.37,INR,CTR0007,ON_CONTRACT,,2025-07-17,lumen creative,False
TXN002841,ERP_EXPORT,SUP0018,Urban Upkeep,Facilities Maintenance,Facilities,33547.49,INR,,OFF_CONTRACT,,2026-02-07,urban upkeep,False
TXN002842,ERP_EXPORT,SUP0022,Transcore Logistics,Logistics & Freight,Finance,74603.99,INR,CTR0008,ON_CONTRACT,,2025-04-12,transcore logistics,False
TXN002843,ERP_EXPORT,SUP0027,Orion Office Supplies Ltd,Office Supplies,It,23123.81,INR,,OFF_CONTRACT,REQ00152,2026-01-12,orion office supplies,False
TXN002844,ERP_EXPORT,SUP0021,Pulse Marketing Co,Marketing Services,Finance,153130.0,INR,,OFF_CONTRACT,REQ00849,2026-03-03,pulse marketing,False
TXN002851,ERP_EXPORT,SUP0008,Orion Office Supplies,Office Supplies,Finance,17102.51,INR,CTR0003,ON_CONTRACT,REQ00614,2025-10-23,orion office supplies,False
TXN002852,ERP_EXPORT,SUP0011,Sterling Advisory,Professional Services,It,90483.77,INR,CTR0004,ON_CONTRACT,,2026-02-15,sterling advisory,False
TXN002854,ERP_EXPORT,SUP0022,Transcore Logistics,Logistics & Freight,Finance,88213.84,INR,CTR0008,ON_CONTRACT,,2025-10-10,transcore logistics,False
TXN002855,ERP_EXPORT,SUP0011,Sterling Advisory,Professional Services,Finance,61378.77,INR,CTR0004,ON_CONTRACT,REQ00899,2025-05-30,sterling advisory,False
TXN002856,ERP_EXPORT,SUP0005,Cloudspan Software,It Software & Licences,It,68125.58,INR,CTR0002,ON_CONTRACT,,2025-12-17,cloudspan software,False
TXN002857,ERP_EXPORT,SUP0011,Sterling Advisory,Professional Services,It,86379.08,INR,CTR0004,ON_CONTRACT,,2026-01-04,sterling advisory,False
TXN002858,ERP_EXPORT,SUP0021,Pulse Marketing Co,Marketing Services,It,25450.19,INR,,OFF_CONTRACT,REQ00256,2025-08-30,pulse marketing,False
TXN002859,ERP_EXPORT,SUP0008,Orion Office Supplies,Office Supplies,Human Resources,2828.43,INR,CTR0003,ON_CONTRACT,REQ00837,2026-03-27,orion office supplies,False
TXN002862,ERP_EXPORT,SUP0016,Prime Facility Care,Facilities Maintenance,It,26948.72,INR,CTR0006,ON_CONTRACT,REQ00220,2025-04-05,prime facility care,False
TXN002863,ERP_EXPORT,SUP0014,Skyroute Travel,Travel,R&D,85937.65,INR,CTR0005,ON_CONTRACT,REQ00878,2025-12-17,skyroute travel,False
TXN002864,ERP_EXPORT,SUP0005,Cloudspan Software,It Software & Licences,Human Resources,76070.34,INR,CTR0002,ON_CONTRACT,REQ00542,2026-01-22,cloudspan software,False
TXN002866,ERP_EXPORT,SUP0001,Nexa Technologies Pvt Ltd,It Hardware,It,114913.77,INR,CTR0001,ON_CONTRACT,,2025-06-28,nexa technologies,False
TXN002869,ERP_EXPORT,SUP0022,Transcore Logistics,Logistics & Freight,Operations,35447.17,INR,CTR0008,ON_CONTRACT,REQ00436,2026-01-09,transcore logistics,False
TXN002871,ERP_EXPORT,SUP0011,Sterling Advisory,Professional Services,Facilities,227759.8,INR,CTR0004,ON_CONTRACT,REQ00211,2026-01-06,sterling advisory,False
TXN002873,ERP_EXPORT,SUP0022,Transcore Logistics,Logistics & Freight,Operations,86082.33,INR,CTR0008,ON_CONTRACT,,2026-02-04,transcore logistics,False
TXN002874,ERP_EXPORT,SUP0001,Nexa Technologies Pvt Ltd,It Hardware,Finance,90014.44,INR,CTR0001,ON_CONTRACT,REQ00846,2026-02-21,nexa technologies,False
TXN002875,ERP_EXPORT,SUP0019,Lumen Creative,Marketing Services,R&D,129251.17,INR,CTR0007,ON_CONTRACT,REQ00271,2025-06-25,lumen creative,False
TXN002877,ERP_EXPORT,SUP0016,Prime Facility Care,Facilities Maintenance,Human Resources,39852.39,INR,CTR0006,ON_CONTRACT,,2025-05-04,prime facility care,False
TXN002881,ERP_EXPORT,SUP0022,Transcore Logistics,Logistics & Freight,Human Resources,39519.87,INR,CTR0008,ON_CONTRACT,,2026-01-20,transcore logistics,False
TXN002882,ERP_EXPORT,SUP0019,Lumen Creative,Marketing Services,Facilities,139704.23,INR,CTR0007,ON_CONTRACT,,2025-08-31,lumen creative,False
TXN002883,ERP_EXPORT,SUP0008,Orion Office Supplies,Office Supplies,Operations,6762.74,INR,CTR0003,ON_CONTRACT,REQ00103,2025-05-26,orion office supplies,False
TXN002884,ERP_EXPORT,SUP0001,Nexa Technologies Pvt Ltd,It Hardware,R&D,36029.53,INR,CTR0001,ON_CONTRACT,REQ00391,2025-07-20,nexa technologies,False
TXN002885,ERP_EXPORT,SUP0001,Nexa Technologies Pvt Ltd,It Hardware,R&D,35696.18,INR,CTR0001,ON_CONTRACT,REQ00669,2025-06-26,nexa technologies,False
TXN002888,ERP_EXPORT,SUP0001,Nexa Technologies Pvt Ltd,It Hardware,Finance,88458.87,INR,CTR0001,ON_CONTRACT,REQ00099,2025-12-10,nexa technologies,False
TXN002891,ERP_EXPORT,SUP0008,Orion Office Supplies,Office Supplies,R&D,9640.39,INR,CTR0003,ON_CONTRACT,,2025-12-17,orion office supplies,False
TXN002892,ERP_EXPORT,SUP0023,FleetBridge Cargo,Logistics & Freight,Marketing,69570.3,INR,,OFF_CONTRACT,REQ00824,2025-08-08,fleetbridge cargo,False
TXN002894,ERP_EXPORT,SUP0005,Cloudspan Software,It Software & Licences,Facilities,83738.32,INR,CTR0002,ON_CONTRACT,REQ00007,2025-11-19,cloudspan software,False
TXN002895,ERP_EXPORT,SUP0014,Skyroute Travel,Travel,Marketing,20430.8,INR,CTR0005,ON_CONTRACT,,2025-09-02,skyroute travel,False
TXN002896,ERP_EXPORT,SUP0014,Skyroute Travel,Travel,Marketing,79822.41,INR,CTR0005,ON_CONTRACT,REQ00407,2025-04-08,skyroute travel,False
TXN002897,ERP_EXPORT,SUP0008,Orion Office Supplies,Office Supplies,Human Resources,14399.17,INR,CTR0003,ON_CONTRACT,,2025-06-12,orion office supplies,False
TXN002898,ERP_EXPORT,SUP0001,Nexa Technologies Pvt Ltd,It Hardware,Logistics,68783.23,INR,CTR0001,ON_CONTRACT,,2025-11-29,nexa technologies,False
TXN002899,ERP_EXPORT,SUP0008,Orion Office Supplies,Office Supplies,Marketing,11780.25,INR,CTR0003,ON_CONTRACT,REQ00641,2025-09-28,orion office supplies,False
TXN002902,ERP_EXPORT,SUP0016,Prime Facility Care,Facilities Maintenance,R&D,55932.81,INR,CTR0006,ON_CONTRACT,REQ00109,2025-05-25,prime facility care,False
TXN002904,ERP_EXPORT,SUP0021,Pulse Marketing Co,Marketing Services,R&D,78319.22,INR,,OFF_CONTRACT,REQ00570,2025-11-06,pulse marketing,False
TXN002905,ERP_EXPORT,SUP0019,Lumen Creative,Marketing Services,It,93151.43,INR,CTR0007,ON_CONTRACT,,2025-12-13,lumen creative,False
TXN002906,ERP_EXPORT,SUP0014,Skyroute Travel,Travel,Operations,12480.02,INR,CTR0005,ON_CONTRACT,REQ00674,2026-01-11,skyroute travel,False
TXN002907,ERP_EXPORT,SUP0005,Cloudspan Software,It Software & Licences,Logistics,117173.21,INR,CTR0002,ON_CONTRACT,REQ00867,2026-01-16,cloudspan software,False
TXN002908,ERP_EXPORT,SUP0008,Orion Office Supplies,Office Supplies,It,7200.88,INR,CTR0003,ON_CONTRACT,REQ00755,2025-12-27,orion office supplies,False
TXN002910,ERP_EXPORT,SUP0011,Sterling Advisory,Professional Services,R&D,103827.93,INR,CTR0004,ON_CONTRACT,REQ00041,2025-12-15,sterling advisory,False
TXN002911,ERP_EXPORT,SUP0008,Orion Office Supplies,Office Supplies,R&D,7299.58,INR,CTR0003,ON_CONTRACT,REQ00443,2025-07-05,orion office supplies,False
TXN002912,ERP_EXPORT,SUP0008,Orion Office Supplies,Office Supplies,Facilities,2033.9,INR,CTR0003,ON_CONTRACT,,2025-07-12,orion office supplies,False
TXN002914,ERP_EXPORT,SUP0001,Nexa Technologies Pvt Ltd,It Hardware,R&D,174861.05,INR,CTR0001,ON_CONTRACT,REQ00299,2025-10-24,nexa technologies,False
TXN002915,ERP_EXPORT,SUP0022,Transcore Logistics,Logistics & Freight,It,30616.36,INR,CTR0008,ON_CONTRACT,REQ00534,2026-01-18,transcore logistics,False
TXN002916,ERP_EXPORT,SUP0005,Cloudspan Software,It Software & Licences,It,84619.96,INR,CTR0002,ON_CONTRACT,REQ00877,2025-05-18,cloudspan software,False
TXN002918,ERP_EXPORT,SUP0022,Transcore Logistics,Logistics & Freight,Finance,82419.31,INR,CTR0008,ON_CONTRACT,REQ00863,2025-05-13,transcore logistics,False
TXN002919,ERP_EXPORT,SUP0019,Lumen Creative,Marketing Services,Operations,79168.09,INR,CTR0007,ON_CONTRACT,REQ00024,2026-01-31,lumen creative,False
TXN002920,ERP_EXPORT,SUP0014,Skyroute Travel,Travel,Facilities,32840.33,INR,CTR0005,ON_CONTRACT,,2025-08-04,skyroute travel,False
TXN002921,ERP_EXPORT,SUP0022,Transcore Logistics,Logistics & Freight,Facilities,38999.5,INR,CTR0008,ON_CONTRACT,REQ00679,2026-02-04,transcore logistics,False
TXN002922,ERP_EXPORT,SUP0016,Prime Facility Care,Facilities Maintenance,Marketing,52757.28,INR,CTR0006,ON_CONTRACT,,2025-09-06,prime facility care,False
TXN002924,ERP_EXPORT,SUP0014,Skyroute Travel,Travel,Finance,22892.35,INR,CTR0005,ON_CONTRACT,REQ00589,2026-02-05,skyroute travel,False
TXN002926,ERP_EXPORT,SUP0022,Transcore Logistics,Logistics & Freight,It,86861.04,INR,CTR0008,ON_CONTRACT,,2025-08-15,transcore logistics,False
TXN002928,ERP_EXPORT,SUP0008,Orion Office Supplies,Office Supplies,Human Resources,24651.74,INR,CTR0003,ON_CONTRACT,,2025-06-16,orion office supplies,False
TXN002929,ERP_EXPORT,SUP0019,Lumen Creative,Marketing Services,Facilities,125594.76,INR,CTR0007,ON_CONTRACT,REQ00706,2025-09-14,lumen creative,False
TXN002932,ERP_EXPORT,SUP0001,Nexa Technologies Pvt Ltd,It Hardware,Facilities,127457.21,INR,CTR0001,ON_CONTRACT,,2026-01-12,nexa technologies,False
TXN002933,ERP_EXPORT,SUP0008,Orion Office Supplies,Office Supplies,Facilities,3804.48,INR,CTR0003,ON_CONTRACT,,2025-05-06,orion office supplies,False
TXN002934,ERP_EXPORT,SUP0010,Kanban Stationers,Office Supplies,It,14523.43,INR,,OFF_CONTRACT,REQ00888,2025-10-21,kanban stationers,False
TXN002935,ERP_EXPORT,SUP0005,Cloudspan Software,It Software & Licences,Marketing,89478.69,INR,CTR0002,ON_CONTRACT,REQ00271,2025-11-05,cloudspan software,False
TXN002936,ERP_EXPORT,SUP0019,Lumen Creative,Marketing Services,Operations,43424.98,INR,CTR0007,ON_CONTRACT,REQ00470,2025-05-15,lumen creative,False
TXN002938,ERP_EXPORT,SUP0019,Lumen Creative,Marketing Services,It,101728.19,INR,CTR0007,ON_CONTRACT,,2025-08-14,lumen creative,False
TXN002940,ERP_EXPORT,SUP0027,Orion Office Supplies Ltd,Office Supplies,Operations,2975.71,INR,,OFF_CONTRACT,,2025-09-01,orion office supplies,False
TXN002941,ERP_EXPORT,SUP0019,Lumen Creative,Marketing Services,Facilities,57145.66,INR,CTR0007,ON_CONTRACT,REQ00008,2025-10-05,lumen creative,False
TXN002943,ERP_EXPORT,SUP0023,FleetBridge Cargo,Logistics & Freight,R&D,36614.47,INR,,OFF_CONTRACT,REQ00420,2025-12-30,fleetbridge cargo,False
TXN002944,ERP_EXPORT,SUP0008,Orion Office Supplies,Office Supplies,Facilities,18431.76,INR,CTR0003,ON_CONTRACT,,2025-06-04,orion office supplies,False
TXN002945,ERP_EXPORT,SUP0022,Transcore Logistics,Logistics & Freight,Logistics,74997.44,INR,CTR0008,ON_CONTRACT,,2025-12-17,transcore logistics,False
TXN002950,ERP_EXPORT,SUP0008,Orion Office Supplies,Office Supplies,Human Resources,23457.27,INR,CTR0003,ON_CONTRACT,,2025-09-05,orion office supplies,True
TXN002951,ERP_EXPORT,SUP0001,Nexa Technologies Pvt Ltd,It Hardware,R&D,153263.48,INR,CTR0001,ON_CONTRACT,REQ00114,2025-06-17,nexa technologies,False
TXN002953,ERP_EXPORT,SUP0008,Orion Office Supplies,Office Supplies,Human Resources,18429.51,INR,CTR0003,ON_CONTRACT,,2026-02-24,orion office supplies,False
TXN002955,ERP_EXPORT,SUP0004,Arcadia IT Traders,It Hardware,Operations,167754.15,INR,,NO_CONTRACT,REQ00601,2025-08-26,arcadia it traders,False
TXN002956,ERP_EXPORT,SUP0028,ORION OFFICE SUPPLIES,Office Supplies,R&D,17975.69,INR,,OFF_CONTRACT,REQ00415,2025-10-25,orion office supplies,False
TXN002957,ERP_EXPORT,SUP0014,Skyroute Travel,Travel,Facilities,67776.45,INR,CTR0005,ON_CONTRACT,,2025-04-23,skyroute travel,False
TXN002959,ERP_EXPORT,SUP0005,CLOUDSPAN SOFTWARE,It Software & Licences,It,43777.52,INR,CTR0002,ON_CONTRACT,REQ00412,2025-04-27,cloudspan software,False
TXN002962,ERP_EXPORT,SUP0005,Cloudspan Software,It Software & Licences,It,51260.9,INR,CTR0002,ON_CONTRACT,REQ00827,2025-08-20,cloudspan software,False
TXN002963,ERP_EXPORT,SUP0002,Zenith Computing,It Hardware,Logistics,77019.62,INR,,NO_CONTRACT,,2025-08-02,zenith computing,False
TXN002966,ERP_EXPORT,SUP0003,BluePeak Systems,It Hardware,Human Resources,133681.33,INR,,NO_CONTRACT,,2026-02-20,bluepeak systems,False
TXN002968,ERP_EXPORT,SUP0012,Cobalt Consulting,Professional Services,Marketing,158035.29,INR,,OFF_CONTRACT,,2025-04-12,cobalt consulting,False
TXN002969,ERP_EXPORT,SUP0023,FleetBridge Cargo,Logistics & Freight,It,90608.53,INR,,OFF_CONTRACT,REQ00799,2025-11-26,fleetbridge cargo,False
TXN002970,ERP_EXPORT,SUP0001,Nexa Technologies Pvt Ltd,It Hardware,R&D,101920.11,INR,CTR0001,ON_CONTRACT,REQ00029,2026-01-08,nexa technologies,False
TXN002972,ERP_EXPORT,SUP0019,Lumen Creative,Marketing Services,Facilities,42824.95,INR,CTR0007,ON_CONTRACT,REQ00497,2025-09-21,lumen creative,False
TXN002974,ERP_EXPORT,SUP0028,ORION OFFICE SUPPLIES,Office Supplies,Finance,18892.21,INR,,OFF_CONTRACT,,2025-11-25,orion office supplies,False
TXN002976,ERP_EXPORT,SUP0008,Orion Office Supplies,Office Supplies,It,2579.45,INR,CTR0003,ON_CONTRACT,,2025-10-14,orion office supplies,False
TXN002979,ERP_EXPORT,SUP0008,Orion Office Supplies,Office Supplies,Facilities,18185.09,INR,CTR0003,ON_CONTRACT,,2025-08-31,orion office supplies,False
TXN002980,ERP_EXPORT,SUP0008,Orion Office Supplies,Office Supplies,It,24315.91,INR,CTR0003,ON_CONTRACT,REQ00373,2025-04-24,orion office supplies,False
TXN002981,ERP_EXPORT,SUP0014,Skyroute Travel,Travel,Operations,43888.23,INR,CTR0005,ON_CONTRACT,,2026-03-22,skyroute travel,False
TXN002983,ERP_EXPORT,SUP0005,Cloudspan Software,It Software & Licences,Facilities,89011.46,INR,CTR0002,ON_CONTRACT,,2026-02-02,cloudspan software,False
TXN002985,ERP_EXPORT,SUP0019,Lumen Creative,Marketing Services,R&D,96500.24,INR,CTR0007,ON_CONTRACT,,2025-10-24,lumen creative,False
TXN002987,ERP_EXPORT,SUP0005,Cloudspan Software,It Software & Licences,Facilities,20425.22,INR,CTR0002,ON_CONTRACT,,2025-08-20,cloudspan software,False
TXN002989,ERP_EXPORT,SUP0019,Lumen Creative,Marketing Services,Operations,120583.55,INR,CTR0007,ON_CONTRACT,,2025-09-12,lumen creative,False
TXN002991,ERP_EXPORT,SUP0005,Cloudspan Software,It Software & Licences,Logistics,33821.84,INR,CTR0002,ON_CONTRACT,REQ00350,2025-10-03,cloudspan software,False
TXN002994,ERP_EXPORT,SUP0014,Skyroute Travel,Travel,Marketing,40517.4,INR,CTR0005,ON_CONTRACT,REQ00067,2025-11-13,skyroute travel,False
TXN002995,ERP_EXPORT,SUP0005,Cloudspan Software,It Software & Licences,Logistics,28830.08,INR,CTR0002,ON_CONTRACT,REQ00394,2025-08-13,cloudspan software,False
TXN002999,ERP_EXPORT,SUP0020,BrightArc Media,Marketing Services,Human Resources,60606.37,INR,,OFF_CONTRACT,,2025-11-16,brightarc media,False
TXN003000,ERP_EXPORT,SUP0019,Lumen Creative,Marketing Services,Logistics,141997.96,INR,CTR0007,ON_CONTRACT,,2025-10-11,lumen creative,False
TXN003004,ERP_EXPORT,SUP0008,Orion Office Supplies,Office Supplies,Finance,16372.1,INR,CTR0003,ON_CONTRACT,,2025-08-11,orion office supplies,False
TXN003005,ERP_EXPORT,SUP0001,Nexa Technologies Pvt Ltd,It Hardware,Marketing,113620.63,INR,CTR0001,ON_CONTRACT,REQ00592,2025-11-01,nexa technologies,False
TXN003006,ERP_EXPORT,SUP0006,Vertex Licensing,It Software & Licences,Logistics,102447.19,INR,,NO_CONTRACT,REQ00264,2025-04-05,vertex licensing,False
TXN003009,ERP_EXPORT,SUP0014,Skyroute Travel,Travel,Operations,63269.63,INR,CTR0005,ON_CONTRACT,,2025-06-06,skyroute travel,False
TXN003010,ERP_EXPORT,SUP0022,Transcore Logistics,Logistics & Freight,Marketing,16302.37,INR,CTR0008,ON_CONTRACT,REQ00659,2025-06-15,transcore logistics,False
TXN003012,ERP_EXPORT,SUP0022,Transcore Logistics,Logistics & Freight,Logistics,35873.52,INR,CTR0008,ON_CONTRACT,REQ00169,2025-04-30,transcore logistics,False
TXN003014,ERP_EXPORT,SUP0019,Lumen Creative,Marketing Services,Finance,69414.19,INR,CTR0007,ON_CONTRACT,REQ00107,2025-11-04,lumen creative,False
TXN003017,ERP_EXPORT,SUP0022,Transcore Logistics,Logistics & Freight,It,72814.02,INR,CTR0008,ON_CONTRACT,,2025-11-17,transcore logistics,False
TXN003019,ERP_EXPORT,SUP0025,NEXA TECHNOLOGIES PVT. LTD.,It Hardware,It,35594.75,INR,,NO_CONTRACT,REQ00204,2025-07-16,nexa technologies,False
TXN003020,ERP_EXPORT,SUP0008,Orion Office Supplies,Office Supplies,Human Resources,20026.48,INR,CTR0003,ON_CONTRACT,,2025-10-10,orion office supplies,False
TXN003021,ERP_EXPORT,SUP0012,Cobalt Consulting,Professional Services,Human Resources,100009.25,INR,,OFF_CONTRACT,,2025-11-08,cobalt consulting,False
TXN003022,ERP_EXPORT,SUP0011,Sterling Advisory,Professional Services,It,130881.04,INR,CTR0004,ON_CONTRACT,,2025-09-14,sterling advisory,False
TXN003031,ERP_EXPORT,SUP0001,Nexa Technologies Pvt Ltd,It Hardware,It,55843.78,INR,CTR0001,ON_CONTRACT,,2025-06-28,nexa technologies,False
TXN003032,ERP_EXPORT,SUP0008,Orion Office Supplies,Office Supplies,Operations,11621.68,INR,CTR0003,ON_CONTRACT,REQ00172,2025-08-04,orion office supplies,False
TXN003033,ERP_EXPORT,SUP0016,Prime Facility Care,Facilities Maintenance,Finance,55056.39,INR,CTR0006,ON_CONTRACT,,2025-09-17,prime facility care,False
TXN003034,ERP_EXPORT,SUP0016,PRIME FACILITY CARE,Facilities Maintenance,Operations,16082.37,INR,CTR0006,ON_CONTRACT,,2025-08-24,prime facility care,False
TXN003036,ERP_EXPORT,SUP0014,Skyroute Travel,Travel,Operations,30658.17,INR,CTR0005,ON_CONTRACT,,2025-08-04,skyroute travel,False
TXN003040,ERP_EXPORT,SUP0008,Orion Office Supplies,Office Supplies,Finance,13930.12,INR,CTR0003,ON_CONTRACT,,2025-10-19,orion office supplies,False
TXN003042,ERP_EXPORT,SUP0011,Sterling Advisory,Professional Services,Finance,243842.07,INR,CTR0004,ON_CONTRACT,REQ00068,2025-04-08,sterling advisory,False
TXN003045,ERP_EXPORT,SUP0011,Sterling Advisory,Professional Services,R&D,194955.85,INR,CTR0004,ON_CONTRACT,REQ00434,2025-08-19,sterling advisory,False
TXN003047,ERP_EXPORT,SUP0004,Arcadia IT Traders,It Hardware,Operations,90522.94,INR,,NO_CONTRACT,REQ00585,2026-01-29,arcadia it traders,False
TXN003053,ERP_EXPORT,SUP0005,Cloudspan Software,It Software & Licences,Human Resources,43196.04,INR,CTR0002,ON_CONTRACT,,2026-03-12,cloudspan software,False
TXN003054,ERP_EXPORT,SUP0016,Prime Facility Care,Facilities Maintenance,Facilities,27247.7,INR,CTR0006,ON_CONTRACT,,2025-04-04,prime facility care,False
TXN003055,ERP_EXPORT,SUP0015,Voyager Corporate Travel,Travel,R&D,61854.0,INR,,OFF_CONTRACT,REQ00392,2026-01-20,voyager corporate travel,False
TXN003057,ERP_EXPORT,SUP0001,Nexa Technologies Pvt Ltd,It Hardware,Human Resources,118563.77,INR,CTR0001,ON_CONTRACT,,2025-08-19,nexa technologies,False
TXN003060,ERP_EXPORT,SUP0014,Skyroute Travel,Travel,Marketing,86016.7,INR,CTR0005,ON_CONTRACT,REQ00222,2026-02-21,skyroute travel,False
TXN003064,ERP_EXPORT,SUP0011,Sterling Advisory,Professional Services,Marketing,170966.24,INR,CTR0004,ON_CONTRACT,,2025-05-17,sterling advisory,False
TXN003068,ERP_EXPORT,SUP0016,Prime Facility Care,Facilities Maintenance,Logistics,67900.92,INR,CTR0006,ON_CONTRACT,,2026-02-26,prime facility care,False
TXN003069,ERP_EXPORT,SUP0001,Nexa Technologies Pvt Ltd,It Hardware,Facilities,63888.42,INR,CTR0001,ON_CONTRACT,REQ00779,2025-05-14,nexa technologies,False
TXN003071,ERP_EXPORT,SUP0005,Cloudspan Software,It Software & Licences,R&D,89196.14,INR,CTR0002,ON_CONTRACT,,2026-03-22,cloudspan software,False
TXN003072,ERP_EXPORT,SUP0001,Nexa Technologies Pvt Ltd,It Hardware,Marketing,119551.15,INR,CTR0001,ON_CONTRACT,REQ00675,2025-04-20,nexa technologies,False
TXN003073,ERP_EXPORT,SUP0016,Prime Facility Care,Facilities Maintenance,R&D,28774.44,INR,CTR0006,ON_CONTRACT,,2025-04-29,prime facility care,False
TXN003074,ERP_EXPORT,SUP0022,Transcore Logistics,Logistics & Freight,Operations,34500.99,INR,CTR0008,ON_CONTRACT,,2025-09-29,transcore logistics,False
TXN003075,ERP_EXPORT,SUP0001,Nexa Technologies Pvt Ltd,It Hardware,Logistics,117638.58,INR,CTR0001,ON_CONTRACT,REQ00278,2025-11-03,nexa technologies,False
TXN003076,ERP_EXPORT,SUP0005,Cloudspan Software,It Software & Licences,Marketing,105940.04,INR,CTR0002,ON_CONTRACT,,2026-03-11,cloudspan software,False
TXN003079,ERP_EXPORT,SUP0014,Skyroute Travel,Travel,Facilities,20695.95,INR,CTR0005,ON_CONTRACT,REQ00283,2025-08-26,skyroute travel,False
TXN003080,ERP_EXPORT,SUP0005,Cloudspan Software,It Software & Licences,Logistics,114197.31,INR,CTR0002,ON_CONTRACT,REQ00398,2025-12-24,cloudspan software,False
TXN003081,ERP_EXPORT,SUP0016,Prime Facility Care,Facilities Maintenance,It,54192.11,INR,CTR0006,ON_CONTRACT,REQ00710,2025-07-16,prime facility care,False
TXN003082,ERP_EXPORT,SUP0014,Skyroute Travel,Travel,It,80405.49,INR,CTR0005,ON_CONTRACT,,2025-11-06,skyroute travel,False
TXN003085,ERP_EXPORT,SUP0011,Sterling Advisory,Professional Services,Human Resources,187239.31,INR,CTR0004,ON_CONTRACT,REQ00509,2025-06-26,sterling advisory,False
TXN003086,ERP_EXPORT,SUP0011,Sterling Advisory,Professional Services,Finance,182823.5,INR,CTR0004,ON_CONTRACT,,2025-12-13,sterling advisory,False
TXN003087,ERP_EXPORT,SUP0019,Lumen Creative,Marketing Services,It,77141.24,INR,CTR0007,ON_CONTRACT,REQ00896,2025-08-29,lumen creative,False
TXN003089,ERP_EXPORT,SUP0014,Skyroute Travel,Travel,R&D,55799.94,INR,CTR0005,ON_CONTRACT,,2025-08-15,skyroute travel,False
TXN003091,ERP_EXPORT,SUP0016,Prime Facility Care,Facilities Maintenance,Human Resources,37015.25,INR,CTR0006,ON_CONTRACT,REQ00401,2025-08-21,prime facility care,False
TXN003092,ERP_EXPORT,SUP0011,Sterling Advisory,Professional Services,It,241092.01,INR,CTR0004,ON_CONTRACT,,2025-04-17,sterling advisory,False
TXN003093,ERP_EXPORT,SUP0011,Sterling Advisory,Professional Services,R&D,123797.42,INR,CTR0004,ON_CONTRACT,REQ00501,2026-02-26,sterling advisory,False
TXN003094,ERP_EXPORT,SUP0020,BrightArc Media,Marketing Services,Human Resources,137572.22,INR,,OFF_CONTRACT,REQ00469,2025-04-27,brightarc media,False
TXN003095,ERP_EXPORT,SUP0019,Lumen Creative,Marketing Services,Logistics,46395.68,INR,CTR0007,ON_CONTRACT,,2025-09-27,lumen creative,False
TXN003096,ERP_EXPORT,SUP0019,Lumen Creative,Marketing Services,Logistics,114144.47,INR,CTR0007,ON_CONTRACT,REQ00898,2025-10-16,lumen creative,False
TXN003102,ERP_EXPORT,SUP0022,Transcore Logistics,Logistics & Freight,R&D,74115.9,INR,CTR0008,ON_CONTRACT,REQ00811,2025-06-01,transcore logistics,False
TXN003103,ERP_EXPORT,SUP0008,Orion Office Supplies,Office Supplies,R&D,23034.62,INR,CTR0003,ON_CONTRACT,,2025-11-30,orion office supplies,False
TXN003108,ERP_EXPORT,SUP0014,Skyroute Travel,Travel,Facilities,8742.44,INR,CTR0005,ON_CONTRACT,REQ00412,2026-03-16,skyroute travel,False
TXN003109,ERP_EXPORT,SUP0022,Transcore Logistics,Logistics & Freight,Marketing,60924.68,INR,CTR0008,ON_CONTRACT,,2025-05-06,transcore logistics,False
TXN003112,ERP_EXPORT,SUP0008,Orion Office Supplies,Office Supplies,R&D,7566.51,INR,CTR0003,ON_CONTRACT,,2025-07-14,orion office supplies,False
TXN003113,ERP_EXPORT,SUP0011,Sterling Advisory,Professional Services,It,189951.07,INR,CTR0004,ON_CONTRACT,REQ00843,2025-09-05,sterling advisory,False
TXN003114,ERP_EXPORT,SUP0014,Skyroute Travel,Travel,Marketing,15494.1,INR,CTR0005,ON_CONTRACT,REQ00736,2026-03-23,skyroute travel,False
TXN003117,ERP_EXPORT,SUP0022,Transcore Logistics,Logistics & Freight,Marketing,73314.02,INR,CTR0008,ON_CONTRACT,,2025-08-18,transcore logistics,False
TXN003118,ERP_EXPORT,SUP0011,Sterling Advisory,Professional Services,Human Resources,42886.57,INR,CTR0004,ON_CONTRACT,,2025-08-04,sterling advisory,False
TXN003122,ERP_EXPORT,SUP0028,ORION OFFICE SUPPLIES,Office Supplies,It,7693.87,INR,,OFF_CONTRACT,REQ00460,2025-04-24,orion office supplies,False
TXN003124,ERP_EXPORT,SUP0022,Transcore Logistics,Logistics & Freight,It,50092.06,INR,CTR0008,ON_CONTRACT,REQ00887,2025-05-04,transcore logistics,False
TXN003125,ERP_EXPORT,SUP0022,Transcore Logistics,Logistics & Freight,Marketing,72816.88,INR,CTR0008,ON_CONTRACT,,2025-10-30,transcore logistics,False
TXN003127,ERP_EXPORT,SUP0001,Nexa Technologies Pvt Ltd,It Hardware,Marketing,129295.11,INR,CTR0001,ON_CONTRACT,REQ00676,2026-01-22,nexa technologies,False
TXN003130,ERP_EXPORT,SUP0022,Transcore Logistics,Logistics & Freight,It,81594.82,INR,CTR0008,ON_CONTRACT,REQ00861,2025-04-09,transcore logistics,False
TXN003131,ERP_EXPORT,SUP0011,Sterling Advisory,Professional Services,Marketing,209068.97,INR,CTR0004,ON_CONTRACT,,2025-11-02,sterling advisory,False
TXN003133,ERP_EXPORT,SUP0019,Lumen Creative,Marketing Services,Human Resources,150579.47,INR,CTR0007,ON_CONTRACT,REQ00535,2026-03-15,lumen creative,False
TXN003134,ERP_EXPORT,SUP0022,Transcore Logistics,Logistics & Freight,Human Resources,57173.08,INR,CTR0008,ON_CONTRACT,,2026-03-03,transcore logistics,False
TXN003136,ERP_EXPORT,SUP0011,Sterling Advisory,Professional Services,Marketing,169524.56,INR,CTR0004,ON_CONTRACT,,2025-08-15,sterling advisory,False
TXN003139,ERP_EXPORT,SUP0014,Skyroute Travel,Travel,R&D,50758.82,INR,CTR0005,ON_CONTRACT,REQ00772,2025-05-11,skyroute travel,False
TXN003144,ERP_EXPORT,SUP0016,Prime Facility Care,Facilities Maintenance,Logistics,42299.92,INR,CTR0006,ON_CONTRACT,,2026-03-08,prime facility care,False
TXN003145,ERP_EXPORT,SUP0008,Orion Office Supplies,Office Supplies,Human Resources,8183.63,INR,CTR0003,ON_CONTRACT,REQ00538,2025-10-16,orion office supplies,False
TXN003146,ERP_EXPORT,SUP0008,Orion Office Supplies,Office Supplies,Marketing,10474.33,INR,CTR0003,ON_CONTRACT,REQ00427,2025-10-21,orion office supplies,False
TXN003147,ERP_EXPORT,SUP0007,Meridian Softworks,It Software & Licences,Marketing,109011.34,INR,,NO_CONTRACT,REQ00354,2025-10-11,meridian softworks,False
TXN003149,ERP_EXPORT,SUP0023,FleetBridge Cargo,Logistics & Freight,Logistics,77353.12,INR,,OFF_CONTRACT,,2025-11-17,fleetbridge cargo,False
TXN003158,ERP_EXPORT,SUP0008,Orion Office Supplies,Office Supplies,Marketing,3472.15,INR,CTR0003,ON_CONTRACT,REQ00188,2025-07-29,orion office supplies,False
TXN003159,ERP_EXPORT,SUP0016,Prime Facility Care,Facilities Maintenance,Logistics,59484.59,INR,CTR0006,ON_CONTRACT,,2025-11-06,prime facility care,False
TXN003160,ERP_EXPORT,SUP0005,Cloudspan Software,It Software & Licences,R&D,45700.23,INR,CTR0002,ON_CONTRACT,REQ00583,2026-01-05,cloudspan software,False
TXN003162,ERP_EXPORT,SUP0022,Transcore Logistics,Logistics & Freight,It,13818.81,INR,CTR0008,ON_CONTRACT,REQ00419,2025-10-27,transcore logistics,False
TXN003163,ERP_EXPORT,SUP0006,Vertex Licensing,It Software & Licences,Logistics,46609.84,INR,,NO_CONTRACT,REQ00783,2026-02-28,vertex licensing,False
TXN003164,ERP_EXPORT,SUP0014,Skyroute Travel,Travel,Human Resources,49215.76,INR,CTR0005,ON_CONTRACT,REQ00124,2026-03-30,skyroute travel,False
TXN003166,ERP_EXPORT,SUP0019,Lumen Creative,Marketing Services,Logistics,88753.4,INR,CTR0007,ON_CONTRACT,REQ00658,2025-06-26,lumen creative,False
TXN003169,ERP_EXPORT,SUP0022,Transcore Logistics,Logistics & Freight,Operations,75448.58,INR,CTR0008,ON_CONTRACT,REQ00189,2025-08-29,transcore logistics,False
TXN003170,ERP_EXPORT,SUP0014,Skyroute Travel,Travel,It,41593.03,INR,CTR0005,ON_CONTRACT,,2025-12-09,skyroute travel,False
TXN003172,ERP_EXPORT,SUP0022,Transcore Logistics,Logistics & Freight,Facilities,33599.64,INR,CTR0008,ON_CONTRACT,,2026-02-17,transcore logistics,False
TXN003173,ERP_EXPORT,SUP0025,NEXA TECHNOLOGIES PVT. LTD.,It Hardware,Finance,49721.3,INR,,NO_CONTRACT,REQ00712,2025-08-01,nexa technologies,False
TXN003174,ERP_EXPORT,SUP0028,ORION OFFICE SUPPLIES,Office Supplies,Human Resources,5690.64,INR,,OFF_CONTRACT,REQ00198,2025-08-09,orion office supplies,False
TXN003175,ERP_EXPORT,SUP0001,Nexa Technologies Pvt Ltd,It Hardware,Finance,35926.25,INR,CTR0001,ON_CONTRACT,REQ00353,2025-09-25,nexa technologies,False
TXN003176,ERP_EXPORT,SUP0005,Cloudspan Software,It Software & Licences,Logistics,34492.9,INR,CTR0002,ON_CONTRACT,REQ00736,2026-02-12,cloudspan software,False
TXN003177,ERP_EXPORT,SUP0019,Lumen Creative,Marketing Services,Facilities,112990.71,INR,CTR0007,ON_CONTRACT,,2025-04-25,lumen creative,False
TXN003178,ERP_EXPORT,SUP0022,Transcore Logistics,Logistics & Freight,It,85180.32,INR,CTR0008,ON_CONTRACT,,2025-04-07,transcore logistics,False
TXN003179,ERP_EXPORT,SUP0014,Skyroute Travel,Travel,Human Resources,74758.31,INR,CTR0005,ON_CONTRACT,,2025-08-06,skyroute travel,False
TXN003181,ERP_EXPORT,SUP0019,Lumen Creative,Marketing Services,It,35460.46,INR,CTR0007,ON_CONTRACT,REQ00381,2026-01-04,lumen creative,False
TXN003182,ERP_EXPORT,SUP0019,Lumen Creative,Marketing Services,It,60486.24,INR,CTR0007,ON_CONTRACT,,2025-12-30,lumen creative,False
TXN003183,ERP_EXPORT,SUP0001,Nexa Technologies Pvt Ltd,It Hardware,Finance,73020.07,INR,CTR0001,ON_CONTRACT,REQ00392,2025-08-23,nexa technologies,False
TXN003184,ERP_EXPORT,SUP0019,Lumen Creative,Marketing Services,Operations,54993.97,INR,CTR0007,ON_CONTRACT,,2025-09-23,lumen creative,False
TXN003185,ERP_EXPORT,SUP0019,Lumen Creative,Marketing Services,Operations,92100.79,INR,CTR0007,ON_CONTRACT,,2025-11-26,lumen creative,False
TXN003186,ERP_EXPORT,SUP0014,Skyroute Travel,Travel,It,51915.41,INR,CTR0005,ON_CONTRACT,,2025-11-08,skyroute travel,False
TXN003190,ERP_EXPORT,SUP0005,Cloudspan Software,It Software & Licences,Finance,97875.75,INR,CTR0002,ON_CONTRACT,,2025-09-23,cloudspan software,False
TXN003191,ERP_EXPORT,SUP0009,Paperline Traders,Office Supplies,Facilities,9079.3,INR,,OFF_CONTRACT,REQ00672,2025-10-24,paperline traders,False
TXN003192,ERP_EXPORT,SUP0001,Nexa Technologies Pvt Ltd,It Hardware,Marketing,166637.21,INR,CTR0001,ON_CONTRACT,REQ00322,2025-07-25,nexa technologies,False
TXN003193,ERP_EXPORT,SUP0022,Transcore Logistics,Logistics & Freight,Human Resources,91083.65,INR,CTR0008,ON_CONTRACT,REQ00286,2025-08-30,transcore logistics,False
TXN003195,ERP_EXPORT,SUP0005,Cloudspan Software,It Software & Licences,R&D,52214.62,INR,CTR0002,ON_CONTRACT,,2026-02-11,cloudspan software,False
TXN003196,ERP_EXPORT,SUP0018,Urban Upkeep,Facilities Maintenance,Logistics,40338.05,INR,,OFF_CONTRACT,,2025-10-26,urban upkeep,False
TXN003197,ERP_EXPORT,SUP0009,Paperline Traders,Office Supplies,R&D,23645.78,INR,,OFF_CONTRACT,,2025-10-04,paperline traders,False
TXN003200,ERP_EXPORT,SUP0019,Lumen Creative,Marketing Services,Operations,74982.3,INR,CTR0007,ON_CONTRACT,REQ00009,2025-10-07,lumen creative,False
TXN003201,ERP_EXPORT,SUP0001,Nexa Technologies Pvt Ltd,It Hardware,Facilities,110772.53,INR,CTR0001,ON_CONTRACT,,2025-11-06,nexa technologies,False
TXN003202,ERP_EXPORT,SUP0014,Skyroute Travel,Travel,Operations,49256.86,INR,CTR0005,ON_CONTRACT,,2026-01-29,skyroute travel,False
TXN003205,ERP_EXPORT,SUP0022,Transcore Logistics,Logistics & Freight,Facilities,68186.08,INR,CTR0008,ON_CONTRACT,,2025-07-05,transcore logistics,False
TXN003207,ERP_EXPORT,SUP0014,Skyroute Travel,Travel,Human Resources,78418.67,INR,CTR0005,ON_CONTRACT,,2026-01-28,skyroute travel,False
TXN003208,ERP_EXPORT,SUP0008,Orion Office Supplies,Office Supplies,Human Resources,19212.18,INR,CTR0003,ON_CONTRACT,,2025-09-16,orion office supplies,False
TXN003209,ERP_EXPORT,SUP0011,Sterling Advisory,Professional Services,It,132234.23,INR,CTR0004,ON_CONTRACT,,2025-06-01,sterling advisory,False
TXN003210,ERP_EXPORT,SUP0019,Lumen Creative,Marketing Services,Operations,105476.55,INR,CTR0007,ON_CONTRACT,REQ00860,2025-08-23,lumen creative,False
TXN003211,ERP_EXPORT,SUP0016,Prime Facility Care,Facilities Maintenance,Marketing,19621.92,INR,CTR0006,ON_CONTRACT,,2026-03-18,prime facility care,False
TXN003212,ERP_EXPORT,SUP0016,Prime Facility Care,Facilities Maintenance,Logistics,50418.73,INR,CTR0006,ON_CONTRACT,REQ00717,2025-10-26,prime facility care,False
TXN003214,ERP_EXPORT,SUP0014,Skyroute Travel,Travel,It,64903.87,INR,CTR0005,ON_CONTRACT,REQ00885,2026-02-22,skyroute travel,False
TXN003215,ERP_EXPORT,SUP0027,Orion Office Supplies Ltd,Office Supplies,Operations,7280.76,INR,,OFF_CONTRACT,REQ00065,2025-10-05,orion office supplies,False
TXN003216,ERP_EXPORT,SUP0016,Prime Facility Care,Facilities Maintenance,Operations,17053.08,INR,CTR0006,ON_CONTRACT,,2025-05-05,prime facility care,False
TXN003218,ERP_EXPORT,SUP0022,Transcore Logistics,Logistics & Freight,Marketing,12165.35,INR,CTR0008,ON_CONTRACT,REQ00077,2025-07-17,transcore logistics,False
TXN003219,ERP_EXPORT,SUP0011,Sterling Advisory,Professional Services,Human Resources,190935.32,INR,CTR0004,ON_CONTRACT,REQ00385,2025-08-14,sterling advisory,False
TXN003223,ERP_EXPORT,SUP0011,Sterling Advisory,Professional Services,Logistics,57546.41,INR,CTR0004,ON_CONTRACT,REQ00687,2026-01-12,sterling advisory,False
TXN003226,ERP_EXPORT,SUP0005,Cloudspan Software,It Software & Licences,Finance,108539.83,INR,CTR0002,ON_CONTRACT,REQ00248,2025-07-21,cloudspan software,False
TXN003228,ERP_EXPORT,SUP0014,Skyroute Travel,Travel,Marketing,37050.25,INR,CTR0005,ON_CONTRACT,REQ00782,2025-06-23,skyroute travel,False
TXN003229,ERP_EXPORT,SUP0020,BrightArc Media,Marketing Services,Marketing,34748.37,INR,,OFF_CONTRACT,REQ00450,2025-11-29,brightarc media,False
TXN003231,ERP_EXPORT,SUP0008,Orion Office Supplies,Office Supplies,It,13942.17,INR,CTR0003,ON_CONTRACT,REQ00632,2025-07-06,orion office supplies,False
TXN003232,ERP_EXPORT,SUP0011,Sterling Advisory,Professional Services,Human Resources,167628.06,INR,CTR0004,ON_CONTRACT,REQ00305,2025-12-10,sterling advisory,False
TXN003233,ERP_EXPORT,SUP0005,Cloudspan Software,It Software & Licences,It,40761.99,INR,CTR0002,ON_CONTRACT,,2025-12-04,cloudspan software,False
TXN003234,ERP_EXPORT,SUP0016,Prime Facility Care,Facilities Maintenance,Human Resources,13463.93,INR,CTR0006,ON_CONTRACT,,2025-06-04,prime facility care,False
TXN003238,ERP_EXPORT,SUP0022,Transcore Logistics,Logistics & Freight,Facilities,91668.61,INR,CTR0008,ON_CONTRACT,REQ00744,2025-12-16,transcore logistics,False
TXN003240,ERP_EXPORT,SUP0001,Nexa Technologies Pvt Ltd,It Hardware,Operations,111316.16,INR,CTR0001,ON_CONTRACT,REQ00036,2025-09-19,nexa technologies,False
TXN003241,ERP_EXPORT,SUP0016,Prime Facility Care,Facilities Maintenance,Human Resources,34946.51,INR,CTR0006,ON_CONTRACT,REQ00295,2025-05-14,prime facility care,False
TXN003244,ERP_EXPORT,SUP0016,Prime Facility Care,Facilities Maintenance,R&D,51785.79,INR,CTR0006,ON_CONTRACT,,2025-04-08,prime facility care,False
TXN003245,ERP_EXPORT,SUP0001,Nexa Technologies Pvt Ltd,It Hardware,Finance,133832.64,INR,CTR0001,ON_CONTRACT,,2025-10-24,nexa technologies,False
TXN003246,ERP_EXPORT,SUP0014,Skyroute Travel,Travel,Logistics,22078.9,INR,CTR0005,ON_CONTRACT,REQ00610,2025-12-05,skyroute travel,False
TXN003248,ERP_EXPORT,SUP0014,Skyroute Travel,Travel,R&D,41780.56,INR,CTR0005,ON_CONTRACT,REQ00758,2026-02-12,skyroute travel,False
TXN003250,ERP_EXPORT,SUP0014,Skyroute Travel,Travel,Operations,59776.35,INR,CTR0005,ON_CONTRACT,,2025-08-10,skyroute travel,False
TXN003251,ERP_EXPORT,SUP0019,Lumen Creative,Marketing Services,Facilities,94550.57,INR,CTR0007,ON_CONTRACT,,2025-05-24,lumen creative,False
TXN003252,ERP_EXPORT,SUP0016,Prime Facility Care,Facilities Maintenance,Finance,16923.68,INR,CTR0006,ON_CONTRACT,REQ00017,2025-04-03,prime facility care,False
TXN003253,ERP_EXPORT,SUP0005,Cloudspan Software,It Software & Licences,Marketing,78591.98,INR,CTR0002,ON_CONTRACT,REQ00198,2026-01-28,cloudspan software,False
TXN003254,ERP_EXPORT,SUP0015,Voyager Corporate Travel,Travel,Marketing,17610.72,INR,,OFF_CONTRACT,REQ00733,2025-11-23,voyager corporate travel,False
TXN003255,ERP_EXPORT,SUP0022,Transcore Logistics,Logistics & Freight,Marketing,39988.15,INR,CTR0008,ON_CONTRACT,,2025-06-05,transcore logistics,False
TXN003261,ERP_EXPORT,SUP0001,Nexa Technologies Pvt Ltd,It Hardware,Marketing,660672.03,INR,CTR0001,ON_CONTRACT,REQ00394,2025-10-23,nexa technologies,False
TXN003262,ERP_EXPORT,SUP0008,Orion Office Supplies,Office Supplies,Finance,13679.52,INR,CTR0003,ON_CONTRACT,,2025-11-17,orion office supplies,False
TXN003263,ERP_EXPORT,SUP0020,BrightArc Media,Marketing Services,R&D,78698.03,INR,,OFF_CONTRACT,REQ00770,2025-10-01,brightarc media,False
TXN003265,ERP_EXPORT,SUP0001,Nexa Technologies Pvt Ltd,It Hardware,Logistics,147877.51,INR,CTR0001,ON_CONTRACT,REQ00806,2025-10-30,nexa technologies,False
TXN003266,ERP_EXPORT,SUP0008,Orion Office Supplies,Office Supplies,Facilities,3588.06,INR,CTR0003,ON_CONTRACT,REQ00362,2025-08-09,orion office supplies,False
TXN003267,ERP_EXPORT,SUP0016,Prime Facility Care,Facilities Maintenance,Human Resources,38455.3,INR,CTR0006,ON_CONTRACT,,2025-08-12,prime facility care,False
TXN003271,ERP_EXPORT,SUP0014,Skyroute Travel,Travel,R&D,28768.34,INR,CTR0005,ON_CONTRACT,REQ00047,2026-03-22,skyroute travel,False
TXN003273,ERP_EXPORT,SUP0014,Skyroute Travel,Travel,R&D,67322.38,INR,CTR0005,ON_CONTRACT,,2026-02-05,skyroute travel,False
TXN003275,ERP_EXPORT,SUP0008,Orion Office Supplies,Office Supplies,Finance,21230.71,INR,CTR0003,ON_CONTRACT,REQ00277,2025-12-26,orion office supplies,False
TXN003277,ERP_EXPORT,SUP0022,Transcore Logistics,Logistics & Freight,It,81996.07,INR,CTR0008,ON_CONTRACT,,2025-12-12,transcore logistics,False
TXN003279,ERP_EXPORT,SUP0008,Orion Office Supplies,Office Supplies,Marketing,9673.45,INR,CTR0003,ON_CONTRACT,,2025-04-23,orion office supplies,False
TXN003282,ERP_EXPORT,SUP0022,Transcore Logistics,Logistics & Freight,R&D,27225.7,INR,CTR0008,ON_CONTRACT,REQ00625,2025-10-05,transcore logistics,False
TXN003283,ERP_EXPORT,SUP0005,Cloudspan Software,It Software & Licences,R&D,104772.27,INR,CTR0002,ON_CONTRACT,,2026-03-18,cloudspan software,False
TXN003284,ERP_EXPORT,SUP0008,Orion Office Supplies,Office Supplies,Marketing,22298.88,INR,CTR0003,ON_CONTRACT,,2025-09-11,orion office supplies,False
TXN003286,ERP_EXPORT,SUP0011,Sterling Advisory,Professional Services,R&D,55896.94,INR,CTR0004,ON_CONTRACT,REQ00659,2025-10-02,sterling advisory,False
TXN003288,ERP_EXPORT,SUP0014,Skyroute Travel,Travel,Logistics,73890.09,INR,CTR0005,ON_CONTRACT,REQ00003,2025-10-14,skyroute travel,False
TXN003289,ERP_EXPORT,SUP0019,Lumen Creative,Marketing Services,Facilities,146248.36,INR,CTR0007,ON_CONTRACT,REQ00832,2025-12-28,lumen creative,False
TXN003290,ERP_EXPORT,SUP0005,Cloudspan Software,It Software & Licences,Human Resources,36364.64,INR,CTR0002,ON_CONTRACT,,2025-10-13,cloudspan software,False
TXN003291,ERP_EXPORT,SUP0018,Urban Upkeep,Facilities Maintenance,It,14018.42,INR,,OFF_CONTRACT,,2025-06-18,urban upkeep,False
TXN003294,ERP_EXPORT,SUP0018,Urban Upkeep,Facilities Maintenance,Logistics,42505.66,INR,,OFF_CONTRACT,REQ00566,2025-08-22,urban upkeep,False
TXN003296,ERP_EXPORT,SUP0007,Meridian Softworks,It Software & Licences,It,21989.3,INR,,NO_CONTRACT,,2025-07-17,meridian softworks,False
TXN003297,ERP_EXPORT,SUP0022,Transcore Logistics,Logistics & Freight,Facilities,65810.39,INR,CTR0008,ON_CONTRACT,REQ00617,2025-04-30,transcore logistics,False
TXN003299,ERP_EXPORT,SUP0011,Sterling Advisory,Professional Services,Logistics,118848.47,INR,CTR0004,ON_CONTRACT,REQ00538,2025-04-12,sterling advisory,False
TXN003300,ERP_EXPORT,SUP0027,Orion Office Supplies Ltd,Office Supplies,Marketing,20487.73,INR,,OFF_CONTRACT,REQ00409,2026-03-15,orion office supplies,False
TXN003303,ERP_EXPORT,SUP0019,Lumen Creative,Marketing Services,Marketing,98268.3,INR,CTR0007,ON_CONTRACT,,2025-04-14,lumen creative,False
TXN003304,ERP_EXPORT,SUP0022,Transcore Logistics,Logistics & Freight,It,38656.46,INR,CTR0008,ON_CONTRACT,,2025-04-25,transcore logistics,False
TXN003305,ERP_EXPORT,SUP0022,Transcore Logistics,Logistics & Freight,Marketing,30269.24,INR,CTR0008,ON_CONTRACT,,2025-06-13,transcore logistics,False
TXN003309,ERP_EXPORT,SUP0004,Arcadia IT Traders,It Hardware,Facilities,82284.0,INR,,NO_CONTRACT,,2026-03-03,arcadia it traders,False
TXN003310,ERP_EXPORT,SUP0011,Sterling Advisory,Professional Services,It,137490.09,INR,CTR0004,ON_CONTRACT,,2025-09-10,sterling advisory,False
TXN003311,ERP_EXPORT,SUP0022,Transcore Logistics,Logistics & Freight,Marketing,71987.23,INR,CTR0008,ON_CONTRACT,,2025-12-25,transcore logistics,False
TXN003313,ERP_EXPORT,SUP0011,Sterling Advisory,Professional Services,Facilities,188840.79,INR,CTR0004,ON_CONTRACT,REQ00495,2025-04-27,sterling advisory,False
TXN003315,ERP_EXPORT,SUP0019,Lumen Creative,Marketing Services,Finance,50473.44,INR,CTR0007,ON_CONTRACT,,2025-10-19,lumen creative,False
TXN003317,ERP_EXPORT,SUP0011,Sterling Advisory,Professional Services,Human Resources,141637.77,INR,CTR0004,ON_CONTRACT,REQ00525,2025-08-28,sterling advisory,False
TXN003318,ERP_EXPORT,SUP0014,Skyroute Travel,Travel,Human Resources,8435.71,INR,CTR0005,ON_CONTRACT,REQ00780,2025-07-28,skyroute travel,False
TXN003323,ERP_EXPORT,SUP0005,Cloudspan Software,It Software & Licences,Human Resources,95484.08,INR,CTR0002,ON_CONTRACT,,2025-07-26,cloudspan software,False
TXN003324,ERP_EXPORT,SUP0011,Sterling Advisory,Professional Services,Finance,162579.85,INR,CTR0004,ON_CONTRACT,REQ00356,2026-02-15,sterling advisory,False
TXN003325,ERP_EXPORT,SUP0014,Skyroute Travel,Travel,R&D,72120.72,INR,CTR0005,ON_CONTRACT,REQ00478,2025-07-16,skyroute travel,False
TXN003326,ERP_EXPORT,SUP0014,Skyroute Travel,Travel,Logistics,69643.25,INR,CTR0005,ON_CONTRACT,,2025-10-17,skyroute travel,False
TXN003328,ERP_EXPORT,SUP0014,Skyroute Travel,Travel,Logistics,50476.66,INR,CTR0005,ON_CONTRACT,REQ00014,2025-06-22,skyroute travel,False
TXN003333,ERP_EXPORT,SUP0018,Urban Upkeep,Facilities Maintenance,R&D,20192.86,INR,,OFF_CONTRACT,,2025-07-05,urban upkeep,False
TXN003334,ERP_EXPORT,SUP0005,Cloudspan Software,It Software & Licences,R&D,35472.4,INR,CTR0002,ON_CONTRACT,REQ00127,2026-02-02,cloudspan software,False
TXN003335,ERP_EXPORT,SUP0020,BrightArc Media,Marketing Services,Facilities,144657.33,INR,,OFF_CONTRACT,REQ00321,2025-10-19,brightarc media,False
TXN003339,ERP_EXPORT,SUP0012,Cobalt Consulting,Professional Services,It,165402.61,INR,,OFF_CONTRACT,REQ00885,2025-11-18,cobalt consulting,False
TXN003341,ERP_EXPORT,SUP0012,Cobalt Consulting,Professional Services,Human Resources,226716.86,INR,,OFF_CONTRACT,,2025-10-02,cobalt consulting,False
TXN003344,ERP_EXPORT,SUP0018,Urban Upkeep,Facilities Maintenance,Finance,19388.6,INR,,OFF_CONTRACT,REQ00777,2025-06-20,urban upkeep,False
TXN003345,ERP_EXPORT,SUP0008,Orion Office Supplies,Office Supplies,Human Resources,12900.19,INR,CTR0003,ON_CONTRACT,,2025-08-31,orion office supplies,False
TXN003348,ERP_EXPORT,SUP0015,Voyager Corporate Travel,Travel,Marketing,24584.84,INR,,OFF_CONTRACT,REQ00549,2025-07-27,voyager corporate travel,False
TXN003350,ERP_EXPORT,SUP0021,Pulse Marketing Co,Marketing Services,Logistics,53810.09,INR,,OFF_CONTRACT,REQ00850,2025-07-11,pulse marketing,False
TXN003351,ERP_EXPORT,SUP0008,Orion Office Supplies,Office Supplies,Logistics,6942.99,INR,CTR0003,ON_CONTRACT,REQ00478,2026-01-27,orion office supplies,False
TXN003352,ERP_EXPORT,SUP0016,Prime Facility Care,Facilities Maintenance,It,35491.05,INR,CTR0006,ON_CONTRACT,REQ00598,2025-09-12,prime facility care,False
TXN003353,ERP_EXPORT,SUP0014,Skyroute Travel,Travel,R&D,82442.76,INR,CTR0005,ON_CONTRACT,REQ00527,2025-07-09,skyroute travel,False
TXN003355,ERP_EXPORT,SUP0022,Transcore Logistics,Logistics & Freight,Facilities,27597.39,INR,CTR0008,ON_CONTRACT,REQ00067,2025-08-07,transcore logistics,True
TXN003356,ERP_EXPORT,SUP0011,Sterling Advisory,Professional Services,Marketing,56164.05,INR,CTR0004,ON_CONTRACT,,2025-04-08,sterling advisory,False
TXN003357,ERP_EXPORT,SUP0022,Transcore Logistics,Logistics & Freight,Facilities,69780.96,INR,CTR0008,ON_CONTRACT,REQ00688,2025-10-25,transcore logistics,False
TXN003358,ERP_EXPORT,SUP0016,Prime Facility Care,Facilities Maintenance,Logistics,32967.93,INR,CTR0006,ON_CONTRACT,,2025-10-26,prime facility care,False
TXN003359,ERP_EXPORT,SUP0001,Nexa Technologies Pvt Ltd,It Hardware,Operations,152383.8,INR,CTR0001,ON_CONTRACT,REQ00829,2025-05-07,nexa technologies,False
TXN003362,ERP_EXPORT,SUP0008,Orion Office Supplies,Office Supplies,Human Resources,8254.76,INR,CTR0003,ON_CONTRACT,,2025-04-14,orion office supplies,False
TXN003363,ERP_EXPORT,SUP0019,Lumen Creative,Marketing Services,Finance,116930.25,INR,CTR0007,ON_CONTRACT,REQ00328,2026-01-27,lumen creative,False
TXN003366,ERP_EXPORT,SUP0008,Orion Office Supplies,Office Supplies,Finance,16636.61,INR,CTR0003,ON_CONTRACT,REQ00671,2025-04-15,orion office supplies,False
TXN003368,ERP_EXPORT,SUP0011,Sterling Advisory,Professional Services,Marketing,96597.49,INR,CTR0004,ON_CONTRACT,REQ00530,2025-10-11,sterling advisory,False
TXN003369,ERP_EXPORT,SUP0005,Cloudspan Software,It Software & Licences,Human Resources,35047.29,INR,CTR0002,ON_CONTRACT,REQ00881,2025-10-28,cloudspan software,False
TXN003370,ERP_EXPORT,SUP0014,Skyroute Travel,Uncategorised,Marketing,64960.56,INR,CTR0005,ON_CONTRACT,REQ00306,2025-08-31,skyroute travel,False
TXN003371,ERP_EXPORT,SUP0022,Transcore Logistics,Logistics & Freight,Human Resources,30153.4,INR,CTR0008,ON_CONTRACT,,2025-11-07,transcore logistics,False
TXN003372,ERP_EXPORT,SUP0019,Lumen Creative,Marketing Services,It,103342.46,INR,CTR0007,ON_CONTRACT,,2026-01-24,lumen creative,False
TXN003374,ERP_EXPORT,SUP0014,Skyroute Travel,Travel,Finance,62281.45,INR,CTR0005,ON_CONTRACT,REQ00484,2025-07-28,skyroute travel,False
TXN003376,ERP_EXPORT,SUP0019,Lumen Creative,Marketing Services,Facilities,128923.53,INR,CTR0007,ON_CONTRACT,REQ00783,2025-10-17,lumen creative,False
TXN003377,ERP_EXPORT,SUP0008,Orion Office Supplies,Office Supplies,It,19499.58,INR,CTR0003,ON_CONTRACT,,2025-10-31,orion office supplies,False
TXN003378,ERP_EXPORT,SUP0019,Lumen Creative,Marketing Services,Finance,46281.14,INR,CTR0007,ON_CONTRACT,REQ00415,2026-01-23,lumen creative,False
TXN003381,ERP_EXPORT,SUP0016,Prime Facility Care,Facilities Maintenance,R&D,32100.83,INR,CTR0006,ON_CONTRACT,REQ00607,2025-06-17,prime facility care,False
TXN003382,ERP_EXPORT,SUP0014,Skyroute Travel,Travel,Marketing,43452.39,INR,CTR0005,ON_CONTRACT,,2026-02-25,skyroute travel,False
TXN003384,ERP_EXPORT,SUP0019,Lumen Creative,Marketing Services,R&D,56340.7,INR,CTR0007,ON_CONTRACT,REQ00592,2025-04-14,lumen creative,False
TXN003386,ERP_EXPORT,SUP0005,Cloudspan Software,It Software & Licences,Operations,107314.51,INR,CTR0002,ON_CONTRACT,,2025-12-13,cloudspan software,False
TXN003388,ERP_EXPORT,SUP0001,Nexa Technologies Pvt Ltd,It Hardware,Operations,111387.26,INR,CTR0001,ON_CONTRACT,REQ00389,2025-05-01,nexa technologies,False
TXN003391,ERP_EXPORT,SUP0021,Pulse Marketing Co,Marketing Services,Marketing,65223.83,INR,,OFF_CONTRACT,,2025-08-25,pulse marketing,False
TXN003393,ERP_EXPORT,SUP0014,Skyroute Travel,Travel,Human Resources,80825.69,INR,CTR0005,ON_CONTRACT,REQ00416,2025-07-15,skyroute travel,False
TXN003394,ERP_EXPORT,SUP0011,Sterling Advisory,Professional Services,Human Resources,108311.03,INR,CTR0004,ON_CONTRACT,REQ00405,2026-01-19,sterling advisory,False
TXN003396,ERP_EXPORT,SUP0022,Transcore Logistics,Logistics & Freight,It,94681.09,INR,CTR0008,ON_CONTRACT,REQ00564,2025-07-24,transcore logistics,False
TXN003399,ERP_EXPORT,SUP0001,Nexa Technologies Pvt Ltd,It Hardware,Operations,63596.35,INR,CTR0001,ON_CONTRACT,REQ00279,2025-07-20,nexa technologies,False
TXN003402,ERP_EXPORT,SUP0019,Lumen Creative,Marketing Services,Facilities,33288.51,INR,CTR0007,ON_CONTRACT,,2026-01-04,lumen creative,False
TXN003403,ERP_EXPORT,SUP0005,Cloudspan Software,It Software & Licences,Human Resources,119883.72,INR,CTR0002,ON_CONTRACT,,2026-03-30,cloudspan software,False
TXN003408,ERP_EXPORT,SUP0001,Nexa Technologies Pvt Ltd,It Hardware,R&D,179632.39,INR,CTR0001,ON_CONTRACT,REQ00490,2026-01-15,nexa technologies,False
TXN003413,ERP_EXPORT,SUP0005,Cloudspan Software,It Software & Licences,Logistics,17354.72,INR,CTR0002,ON_CONTRACT,,2025-09-01,cloudspan software,False
TXN003414,ERP_EXPORT,SUP0016,Prime Facility Care,Facilities Maintenance,Facilities,31625.61,INR,CTR0006,ON_CONTRACT,,2026-02-06,prime facility care,False
TXN003416,ERP_EXPORT,SUP0011,Sterling Advisory,Professional Services,Facilities,158897.95,INR,CTR0004,ON_CONTRACT,REQ00653,2025-12-12,sterling advisory,False
TXN003417,ERP_EXPORT,SUP0014,Skyroute Travel,Travel,R&D,33647.8,INR,CTR0005,ON_CONTRACT,REQ00592,2025-08-25,skyroute travel,False
TXN003418,ERP_EXPORT,SUP0008,Orion Office Supplies,Office Supplies,Finance,17049.87,INR,CTR0003,ON_CONTRACT,REQ00050,2025-05-09,orion office supplies,False
TXN003419,ERP_EXPORT,SUP0011,Sterling Advisory,Professional Services,Finance,88723.82,INR,CTR0004,ON_CONTRACT,REQ00612,2026-03-06,sterling advisory,False
TXN003420,ERP_EXPORT,SUP0019,Lumen Creative,Marketing Services,R&D,22013.4,INR,CTR0007,ON_CONTRACT,REQ00834,2025-09-24,lumen creative,False
TXN003421,ERP_EXPORT,SUP0016,Prime Facility Care,Facilities Maintenance,Logistics,55861.2,INR,CTR0006,ON_CONTRACT,,2025-05-09,prime facility care,False
TXN003422,ERP_EXPORT,SUP0001,Nexa Technologies Pvt Ltd,It Hardware,Logistics,121680.18,INR,CTR0001,ON_CONTRACT,,2025-05-04,nexa technologies,False
TXN003423,ERP_EXPORT,SUP0022,Transcore Logistics,Logistics & Freight,Human Resources,75271.12,INR,CTR0008,ON_CONTRACT,REQ00368,2025-11-05,transcore logistics,False
TXN003424,ERP_EXPORT,SUP0019,Lumen Creative,Marketing Services,Operations,25451.32,INR,CTR0007,ON_CONTRACT,,2025-04-16,lumen creative,False
TXN003426,ERP_EXPORT,SUP0019,Lumen Creative,Marketing Services,Human Resources,106733.67,INR,CTR0007,ON_CONTRACT,,2025-07-04,lumen creative,False
TXN003427,ERP_EXPORT,SUP0022,Transcore Logistics,Logistics & Freight,Marketing,58761.81,INR,CTR0008,ON_CONTRACT,REQ00137,2026-03-01,transcore logistics,False
TXN003428,ERP_EXPORT,SUP0016,Prime Facility Care,Facilities Maintenance,R&D,47476.84,INR,CTR0006,ON_CONTRACT,,2025-11-30,prime facility care,False
TXN003429,ERP_EXPORT,SUP0001,Nexa Technologies Pvt Ltd,It Hardware,Human Resources,158987.15,INR,CTR0001,ON_CONTRACT,REQ00228,2025-04-03,nexa technologies,False
TXN003431,ERP_EXPORT,SUP0024,Nexa Technologies,It Hardware,Facilities,115047.31,INR,,NO_CONTRACT,,2025-04-02,nexa technologies,False
TXN003432,ERP_EXPORT,SUP0019,Lumen Creative,Marketing Services,Human Resources,158695.08,INR,CTR0007,ON_CONTRACT,,2025-05-22,lumen creative,False
TXN003433,ERP_EXPORT,SUP0022,Transcore Logistics,Logistics & Freight,Logistics,74808.6,INR,CTR0008,ON_CONTRACT,REQ00197,2025-12-13,transcore logistics,False
TXN003435,ERP_EXPORT,SUP0008,Orion Office Supplies,Office Supplies,Human Resources,18270.13,INR,CTR0003,ON_CONTRACT,REQ00285,2025-11-28,orion office supplies,False
TXN003436,ERP_EXPORT,SUP0018,Urban Upkeep,Facilities Maintenance,Human Resources,33353.83,INR,,OFF_CONTRACT,REQ00280,2025-05-18,urban upkeep,False
TXN003437,ERP_EXPORT,SUP0024,Nexa Technologies,It Hardware,Facilities,60475.7,INR,,NO_CONTRACT,REQ00801,2025-05-23,nexa technologies,False
TXN003442,ERP_EXPORT,SUP0014,Skyroute Travel,Travel,Finance,51269.55,INR,CTR0005,ON_CONTRACT,REQ00080,2026-02-08,skyroute travel,False
TXN003444,ERP_EXPORT,SUP0014,Skyroute Travel,Travel,Logistics,89641.75,INR,CTR0005,ON_CONTRACT,REQ00644,2025-06-05,skyroute travel,False
TXN003448,ERP_EXPORT,SUP0001,Nexa Technologies Pvt Ltd,It Hardware,Finance,135840.52,INR,CTR0001,ON_CONTRACT,,2025-12-09,nexa technologies,False
TXN003449,ERP_EXPORT,SUP0016,Prime Facility Care,Facilities Maintenance,It,45589.49,INR,CTR0006,ON_CONTRACT,REQ00285,2025-07-05,prime facility care,False
TXN003452,ERP_EXPORT,SUP0019,Lumen Creative,Marketing Services,Operations,114470.08,INR,CTR0007,ON_CONTRACT,REQ00280,2025-10-08,lumen creative,False
TXN003453,ERP_EXPORT,SUP0022,Transcore Logistics,Logistics & Freight,Marketing,68235.12,INR,CTR0008,ON_CONTRACT,REQ00096,2025-07-24,transcore logistics,False
TXN003454,ERP_EXPORT,SUP0019,Lumen Creative,Marketing Services,It,72237.17,INR,CTR0007,ON_CONTRACT,REQ00226,2026-02-20,lumen creative,False
TXN003455,ERP_EXPORT,SUP0001,Nexa Technologies Pvt Ltd,It Hardware,R&D,170962.26,INR,CTR0001,ON_CONTRACT,,2025-06-22,nexa technologies,False
TXN003456,ERP_EXPORT,SUP0019,Lumen Creative,Marketing Services,Logistics,43429.98,INR,CTR0007,ON_CONTRACT,,2025-07-02,lumen creative,False
TXN003457,ERP_EXPORT,SUP0016,Prime Facility Care,Facilities Maintenance,Marketing,40021.57,INR,CTR0006,ON_CONTRACT,REQ00145,2025-08-07,prime facility care,False
TXN003458,ERP_EXPORT,SUP0008,Orion Office Supplies,Office Supplies,It,17890.33,INR,CTR0003,ON_CONTRACT,REQ00466,2026-03-30,orion office supplies,True
TXN003460,ERP_EXPORT,SUP0016,Prime Facility Care,Facilities Maintenance,It,48918.34,INR,CTR0006,ON_CONTRACT,REQ00855,2025-12-12,prime facility care,False
TXN003461,ERP_EXPORT,SUP0019,Lumen Creative,Marketing Services,Finance,58540.35,INR,CTR0007,ON_CONTRACT,REQ00245,2025-07-19,lumen creative,False
TXN003465,ERP_EXPORT,SUP0005,Cloudspan Software,It Software & Licences,Human Resources,33832.38,INR,CTR0002,ON_CONTRACT,,2026-02-02,cloudspan software,False
TXN003466,ERP_EXPORT,SUP0008,Orion Office Supplies,Office Supplies,R&D,18218.2,INR,CTR0003,ON_CONTRACT,REQ00788,2025-06-30,orion office supplies,False
TXN003467,ERP_EXPORT,SUP0005,Cloudspan Software,It Software & Licences,Marketing,62793.06,INR,CTR0002,ON_CONTRACT,,2025-10-13,cloudspan software,False
TXN003470,ERP_EXPORT,SUP0016,Prime Facility Care,Facilities Maintenance,R&D,20183.71,INR,CTR0006,ON_CONTRACT,REQ00600,2025-04-25,prime facility care,False
TXN003474,ERP_EXPORT,SUP0014,Skyroute Travel,Travel,Marketing,65370.44,INR,CTR0005,ON_CONTRACT,REQ00293,2025-09-24,skyroute travel,False
TXN003475,ERP_EXPORT,SUP0011,Sterling Advisory,Professional Services,R&D,216012.54,INR,CTR0004,ON_CONTRACT,,2025-11-26,sterling advisory,False
TXN003476,ERP_EXPORT,SUP0022,Transcore Logistics,Logistics & Freight,R&D,78633.31,INR,CTR0008,ON_CONTRACT,REQ00752,2025-08-26,transcore logistics,False
TXN003479,ERP_EXPORT,SUP0019,Lumen Creative,Marketing Services,Logistics,88389.39,INR,CTR0007,ON_CONTRACT,,2025-11-01,lumen creative,False
TXN003481,ERP_EXPORT,SUP0016,Prime Facility Care,Facilities Maintenance,Facilities,19221.46,INR,CTR0006,ON_CONTRACT,,2026-02-14,prime facility care,False
TXN003482,ERP_EXPORT,SUP0001,Nexa Technologies Pvt Ltd,It Hardware,Facilities,113754.12,INR,CTR0001,ON_CONTRACT,REQ00642,2026-01-06,nexa technologies,False
TXN003484,ERP_EXPORT,SUP0022,Transcore Logistics,Logistics & Freight,Marketing,88468.52,INR,CTR0008,ON_CONTRACT,REQ00142,2025-10-11,transcore logistics,False
TXN003485,ERP_EXPORT,SUP0014,Skyroute Travel,Travel,Operations,55821.65,INR,CTR0005,ON_CONTRACT,,2025-05-13,skyroute travel,False
TXN003486,ERP_EXPORT,SUP0005,Cloudspan Software,It Software & Licences,Human Resources,77248.22,INR,CTR0002,ON_CONTRACT,REQ00042,2025-04-15,cloudspan software,False
TXN003487,ERP_EXPORT,SUP0011,Sterling Advisory,Professional Services,Operations,114534.18,INR,CTR0004,ON_CONTRACT,,2026-01-01,sterling advisory,False
TXN003488,ERP_EXPORT,SUP0008,Orion Office Supplies,Office Supplies,Human Resources,3195.76,INR,CTR0003,ON_CONTRACT,REQ00614,2026-03-04,orion office supplies,False
TXN003489,ERP_EXPORT,SUP0019,Lumen Creative,Marketing Services,Logistics,24444.13,INR,CTR0007,ON_CONTRACT,,2025-12-31,lumen creative,False
TXN003491,ERP_EXPORT,SUP0011,Sterling Advisory,Professional Services,Facilities,57758.73,INR,CTR0004,ON_CONTRACT,,2026-03-08,sterling advisory,False
TXN003492,ERP_EXPORT,SUP0026,Nexa Tech Pvt Ltd,It Hardware,R&D,119061.28,INR,,NO_CONTRACT,REQ00189,2025-11-07,nexa tech,False
TXN003496,ERP_EXPORT,SUP0022,Transcore Logistics,Logistics & Freight,Marketing,29532.24,INR,CTR0008,ON_CONTRACT,REQ00834,2026-01-21,transcore logistics,False
TXN003498,ERP_EXPORT,SUP0016,Prime Facility Care,Facilities Maintenance,Marketing,63165.61,INR,CTR0006,ON_CONTRACT,,2025-11-01,prime facility care,False
TXN003501,ERP_EXPORT,SUP0001,Nexa Technologies Pvt Ltd,It Hardware,Operations,69410.53,INR,CTR0001,ON_CONTRACT,REQ00899,2025-08-16,nexa technologies,False
TXN003502,ERP_EXPORT,SUP0008,Orion Office Supplies,Office Supplies,Human Resources,20460.73,INR,CTR0003,ON_CONTRACT,REQ00802,2026-03-03,orion office supplies,False
TXN003503,ERP_EXPORT,SUP0016,Prime Facility Care,Facilities Maintenance,Operations,69834.27,INR,CTR0006,ON_CONTRACT,REQ00506,2025-11-23,prime facility care,False
TXN003504,ERP_EXPORT,SUP0001,Nexa Technologies Pvt Ltd,It Hardware,Logistics,29654.03,INR,CTR0001,ON_CONTRACT,,2025-11-24,nexa technologies,False
TXN003506,ERP_EXPORT,SUP0022,Transcore Logistics,Logistics & Freight,Marketing,63678.33,INR,CTR0008,ON_CONTRACT,REQ00464,2026-01-10,transcore logistics,False
TXN003507,ERP_EXPORT,SUP0009,Paperline Traders,Office Supplies,Marketing,24387.8,INR,,OFF_CONTRACT,,2026-01-16,paperline traders,False
TXN003510,ERP_EXPORT,SUP0009,Paperline Traders,Office Supplies,It,3435.06,INR,,OFF_CONTRACT,,2026-03-13,paperline traders,False
TXN003511,ERP_EXPORT,SUP0014,Skyroute Travel,Travel,R&D,35492.88,INR,CTR0005,ON_CONTRACT,,2026-01-04,skyroute travel,False
TXN003515,ERP_EXPORT,SUP0014,Skyroute Travel,Travel,Finance,77908.89,INR,CTR0005,ON_CONTRACT,,2025-08-22,skyroute travel,False
TXN003516,ERP_EXPORT,SUP0001,Nexa Technologies Pvt Ltd,It Hardware,Human Resources,170384.61,INR,CTR0001,ON_CONTRACT,,2025-05-18,nexa technologies,False
TXN003518,ERP_EXPORT,SUP0019,Lumen Creative,Marketing Services,It,73983.66,INR,CTR0007,ON_CONTRACT,REQ00050,2025-07-20,lumen creative,False
TXN003520,ERP_EXPORT,SUP0016,Prime Facility Care,Facilities Maintenance,Finance,22647.59,INR,CTR0006,ON_CONTRACT,REQ00650,2026-03-02,prime facility care,False
TXN003522,ERP_EXPORT,SUP0001,Nexa Technologies Pvt Ltd,It Hardware,Finance,97711.62,INR,CTR0001,ON_CONTRACT,REQ00459,2025-05-27,nexa technologies,False
TXN003523,ERP_EXPORT,SUP0023,FleetBridge Cargo,Logistics & Freight,It,34290.66,INR,,OFF_CONTRACT,REQ00623,2025-04-20,fleetbridge cargo,False
TXN003524,ERP_EXPORT,SUP0008,Orion Office Supplies,Office Supplies,Operations,4322.5,INR,CTR0003,ON_CONTRACT,REQ00106,2025-11-10,orion office supplies,False
TXN003525,ERP_EXPORT,SUP0005,Cloudspan Software,It Software & Licences,R&D,32586.56,INR,CTR0002,ON_CONTRACT,REQ00819,2025-12-21,cloudspan software,False
TXN003526,ERP_EXPORT,SUP0019,Lumen Creative,Marketing Services,Logistics,40618.58,INR,CTR0007,ON_CONTRACT,,2025-10-15,lumen creative,False
TXN003529,ERP_EXPORT,SUP0005,Cloudspan Software,It Software & Licences,Logistics,116614.95,INR,CTR0002,ON_CONTRACT,,2026-01-05,cloudspan software,False
TXN003531,ERP_EXPORT,SUP0008,Orion Office Supplies,Office Supplies,Marketing,8402.48,INR,CTR0003,ON_CONTRACT,REQ00796,2026-03-25,orion office supplies,False
TXN003532,ERP_EXPORT,SUP0022,Transcore Logistics,Logistics & Freight,Finance,78258.34,INR,CTR0008,ON_CONTRACT,REQ00275,2025-11-04,transcore logistics,False
TXN003536,ERP_EXPORT,SUP0018,Urban Upkeep,Facilities Maintenance,Finance,17780.74,INR,,OFF_CONTRACT,REQ00531,2025-10-07,urban upkeep,False
TXN003538,ERP_EXPORT,SUP0011,Sterling Advisory,Professional Services,Logistics,114617.15,INR,CTR0004,ON_CONTRACT,REQ00740,2025-04-05,sterling advisory,False
TXN003539,ERP_EXPORT,SUP0022,Transcore Logistics,Logistics & Freight,Marketing,67941.52,INR,CTR0008,ON_CONTRACT,,2025-11-30,transcore logistics,False
TXN003542,ERP_EXPORT,SUP0005,Cloudspan Software,It Software & Licences,Human Resources,99947.48,INR,CTR0002,ON_CONTRACT,REQ00303,2026-03-12,cloudspan software,False
TXN003545,ERP_EXPORT,SUP0022,Transcore Logistics,Logistics & Freight,R&D,83766.69,INR,CTR0008,ON_CONTRACT,REQ00409,2025-10-24,transcore logistics,False
TXN003546,ERP_EXPORT,SUP0022,Transcore Logistics,Logistics & Freight,R&D,24858.8,INR,CTR0008,ON_CONTRACT,REQ00241,2025-07-09,transcore logistics,False
TXN003547,ERP_EXPORT,SUP0014,Skyroute Travel,Travel,Finance,14784.42,INR,CTR0005,ON_CONTRACT,REQ00844,2025-08-23,skyroute travel,False
TXN003549,ERP_EXPORT,SUP0028,ORION OFFICE SUPPLIES,Office Supplies,Human Resources,8955.65,INR,,OFF_CONTRACT,REQ00639,2026-03-27,orion office supplies,False
TXN003550,ERP_EXPORT,SUP0001,Nexa Technologies Pvt Ltd,It Hardware,Human Resources,112328.3,INR,CTR0001,ON_CONTRACT,REQ00250,2025-11-02,nexa technologies,False
TXN003551,ERP_EXPORT,SUP0003,BluePeak Systems,It Hardware,Facilities,149589.76,INR,,NO_CONTRACT,REQ00337,2025-04-20,bluepeak systems,False
TXN003552,ERP_EXPORT,SUP0005,Cloudspan Software,It Software & Licences,Marketing,29400.59,INR,CTR0002,ON_CONTRACT,REQ00032,2025-12-15,cloudspan software,False
TXN003553,ERP_EXPORT,SUP0001,Nexa Technologies Pvt Ltd,It Hardware,Operations,115008.36,INR,CTR0001,ON_CONTRACT,,2025-11-26,nexa technologies,False
TXN003559,ERP_EXPORT,SUP0019,Lumen Creative,Marketing Services,Marketing,31518.13,INR,CTR0007,ON_CONTRACT,REQ00552,2025-09-18,lumen creative,False
TXN003561,ERP_EXPORT,SUP0001,Nexa Technologies Pvt Ltd,It Hardware,Marketing,72501.84,INR,CTR0001,ON_CONTRACT,REQ00401,2026-03-07,nexa technologies,False
TXN003563,ERP_EXPORT,SUP0014,Skyroute Travel,Travel,Facilities,12672.26,INR,CTR0005,ON_CONTRACT,REQ00668,2025-07-13,skyroute travel,False
TXN003566,ERP_EXPORT,SUP0001,Nexa Technologies Pvt Ltd,It Hardware,It,137375.94,INR,CTR0001,ON_CONTRACT,REQ00610,2026-01-27,nexa technologies,False
TXN003567,ERP_EXPORT,SUP0011,Sterling Advisory,Professional Services,Facilities,160600.39,INR,CTR0004,ON_CONTRACT,,2025-09-06,sterling advisory,False
TXN003569,ERP_EXPORT,SUP0001,Nexa Technologies Pvt Ltd,It Hardware,Human Resources,145442.64,INR,CTR0001,ON_CONTRACT,,2026-02-19,nexa technologies,False
TXN003570,ERP_EXPORT,SUP0022,Transcore Logistics,Logistics & Freight,R&D,83562.85,INR,CTR0008,ON_CONTRACT,REQ00547,2026-02-24,transcore logistics,False
TXN003572,ERP_EXPORT,SUP0019,Lumen Creative,Marketing Services,Human Resources,95323.18,INR,CTR0007,ON_CONTRACT,,2026-03-24,lumen creative,False
TXN003574,ERP_EXPORT,SUP0025,NEXA TECHNOLOGIES PVT. LTD.,It Hardware,Operations,178364.93,INR,,NO_CONTRACT,,2025-08-04,nexa technologies,False
TXN003575,ERP_EXPORT,SUP0004,Arcadia IT Traders,It Hardware,Operations,162875.49,INR,,NO_CONTRACT,,2026-02-11,arcadia it traders,False
TXN003576,ERP_EXPORT,SUP0014,Skyroute Travel,Travel,Facilities,38460.32,INR,CTR0005,ON_CONTRACT,,2025-06-11,skyroute travel,False
TXN003577,ERP_EXPORT,SUP0019,Lumen Creative,Marketing Services,R&D,47323.31,INR,CTR0007,ON_CONTRACT,,2025-09-30,lumen creative,False
TXN003578,ERP_EXPORT,SUP0001,Nexa Technologies Pvt Ltd,It Hardware,Logistics,100855.84,INR,CTR0001,ON_CONTRACT,REQ00707,2025-05-21,nexa technologies,False
TXN003580,ERP_EXPORT,SUP0011,Sterling Advisory,Professional Services,Finance,143439.5,INR,CTR0004,ON_CONTRACT,REQ00747,2026-03-02,sterling advisory,False
TXN003581,ERP_EXPORT,SUP0021,Pulse Marketing Co,Marketing Services,R&D,87645.32,INR,,OFF_CONTRACT,REQ00163,2025-07-04,pulse marketing,False
TXN003582,ERP_EXPORT,SUP0019,Lumen Creative,Marketing Services,It,137352.26,INR,CTR0007,ON_CONTRACT,,2026-03-19,lumen creative,False
TXN003583,ERP_EXPORT,SUP0011,Sterling Advisory,Professional Services,R&D,115894.79,INR,CTR0004,ON_CONTRACT,,2025-09-14,sterling advisory,False
TXN003585,ERP_EXPORT,SUP0013,Adept Partners,Professional Services,Marketing,125429.01,INR,,OFF_CONTRACT,REQ00638,2025-12-01,adept partners,False
TXN003586,ERP_EXPORT,SUP0022,Transcore Logistics,Logistics & Freight,Logistics,39243.35,INR,CTR0008,ON_CONTRACT,REQ00026,2026-01-07,transcore logistics,False
TXN003588,ERP_EXPORT,SUP0014,Skyroute Travel,Travel,R&D,70520.65,INR,CTR0005,ON_CONTRACT,REQ00565,2026-01-24,skyroute travel,False
TXN003590,ERP_EXPORT,SUP0019,Lumen Creative,Marketing Services,Logistics,47498.69,INR,CTR0007,ON_CONTRACT,REQ00117,2025-09-05,lumen creative,False
TXN003592,ERP_EXPORT,SUP0008,Orion Office Supplies,Office Supplies,Marketing,6036.31,INR,CTR0003,ON_CONTRACT,REQ00458,2026-01-13,orion office supplies,False
TXN003593,ERP_EXPORT,SUP0022,Transcore Logistics,Logistics & Freight,It,59121.37,INR,CTR0008,ON_CONTRACT,,2026-02-23,transcore logistics,False
TXN003594,ERP_EXPORT,SUP0024,Nexa Technologies,It Hardware,Facilities,519916.94,INR,,NO_CONTRACT,REQ00899,2025-06-16,nexa technologies,False
TXN003595,ERP_EXPORT,SUP0016,Prime Facility Care,Facilities Maintenance,R&D,39377.47,INR,CTR0006,ON_CONTRACT,,2025-04-19,prime facility care,False
TXN003596,ERP_EXPORT,SUP0022,Transcore Logistics,Logistics & Freight,It,65513.86,INR,CTR0008,ON_CONTRACT,REQ00659,2026-02-02,transcore logistics,False
TXN003597,ERP_EXPORT,SUP0016,Prime Facility Care,Facilities Maintenance,Operations,23789.6,INR,CTR0006,ON_CONTRACT,,2025-10-26,prime facility care,False
TXN003598,ERP_EXPORT,SUP0013,Adept Partners,Professional Services,R&D,156059.08,INR,,OFF_CONTRACT,REQ00043,2025-04-07,adept partners,False
TXN003599,ERP_EXPORT,SUP0022,Transcore Logistics,Logistics & Freight,Marketing,42890.38,INR,CTR0008,ON_CONTRACT,,2025-06-28,transcore logistics,False
TXN003600,ERP_EXPORT,SUP0019,Lumen Creative,Marketing Services,Human Resources,112633.42,INR,CTR0007,ON_CONTRACT,,2026-01-19,lumen creative,False
TXN003601,ERP_EXPORT,SUP0022,Transcore Logistics,Logistics & Freight,Human Resources,23721.55,INR,CTR0008,ON_CONTRACT,,2026-03-24,transcore logistics,False
TXN003609,ERP_EXPORT,SUP0026,Nexa Tech Pvt Ltd,It Hardware,Finance,168704.19,INR,,NO_CONTRACT,REQ00005,2025-12-17,nexa tech,False
TXN003612,ERP_EXPORT,SUP0016,Prime Facility Care,Facilities Maintenance,Human Resources,18580.07,INR,CTR0006,ON_CONTRACT,REQ00062,2025-10-02,prime facility care,False
TXN003613,ERP_EXPORT,SUP0001,Nexa Technologies Pvt Ltd,It Hardware,R&D,83054.98,INR,CTR0001,ON_CONTRACT,REQ00751,2025-04-05,nexa technologies,False
TXN003614,ERP_EXPORT,SUP0001,NEXA TECHNOLOGIES PVT LTD,It Hardware,Operations,148648.5,INR,CTR0001,ON_CONTRACT,,2026-03-23,nexa technologies,False
TXN003618,ERP_EXPORT,SUP0016,PRIME FACILITY CARE,Facilities Maintenance,Marketing,60707.25,INR,CTR0006,ON_CONTRACT,,2026-02-20,prime facility care,False
TXN003619,ERP_EXPORT,SUP0001,Nexa Technologies Pvt Ltd,It Hardware,Marketing,148368.59,INR,CTR0001,ON_CONTRACT,,2025-05-19,nexa technologies,False
TXN003620,ERP_EXPORT,SUP0014,Skyroute Travel,Travel,Facilities,22360.1,INR,CTR0005,ON_CONTRACT,REQ00476,2026-01-31,skyroute travel,False
TXN003623,ERP_EXPORT,SUP0008,Orion Office Supplies,Office Supplies,Logistics,7018.77,INR,CTR0003,ON_CONTRACT,,2025-06-16,orion office supplies,False
TXN003625,ERP_EXPORT,SUP0016,Prime Facility Care,Facilities Maintenance,Finance,24980.14,INR,CTR0006,ON_CONTRACT,REQ00351,2025-05-12,prime facility care,False
TXN003626,ERP_EXPORT,SUP0014,Skyroute Travel,Travel,It,29586.28,INR,CTR0005,ON_CONTRACT,,2026-02-15,skyroute travel,False
TXN003627,ERP_EXPORT,SUP0005,Cloudspan Software,It Software & Licences,Facilities,15068.61,INR,CTR0002,ON_CONTRACT,REQ00312,2025-09-24,cloudspan software,False
TXN003629,ERP_EXPORT,SUP0005,Cloudspan Software,It Software & Licences,Logistics,98222.46,INR,CTR0002,ON_CONTRACT,REQ00098,2025-06-11,cloudspan software,False
TXN003631,ERP_EXPORT,SUP0019,Lumen Creative,Marketing Services,R&D,125037.21,INR,CTR0007,ON_CONTRACT,REQ00264,2025-12-26,lumen creative,False
TXN003633,ERP_EXPORT,SUP0001,Nexa Technologies Pvt Ltd,It Hardware,R&D,96040.16,INR,CTR0001,ON_CONTRACT,REQ00810,2025-07-30,nexa technologies,False
TXN003636,ERP_EXPORT,SUP0009,Paperline Traders,Office Supplies,Operations,13181.0,INR,,OFF_CONTRACT,,2025-12-28,paperline traders,False
TXN003637,ERP_EXPORT,SUP0001,Nexa Technologies Pvt Ltd,It Hardware,Facilities,167714.65,INR,CTR0001,ON_CONTRACT,,2026-02-27,nexa technologies,False
TXN003638,ERP_EXPORT,SUP0008,Orion Office Supplies,Office Supplies,Operations,2921.36,INR,CTR0003,ON_CONTRACT,REQ00376,2025-04-24,orion office supplies,False
TXN003640,ERP_EXPORT,SUP0022,Transcore Logistics,Logistics & Freight,R&D,29225.9,INR,CTR0008,ON_CONTRACT,REQ00621,2026-02-07,transcore logistics,False
TXN003641,ERP_EXPORT,SUP0005,Cloudspan Software,It Software & Licences,It,40005.4,INR,CTR0002,ON_CONTRACT,,2026-02-16,cloudspan software,False
TXN003642,ERP_EXPORT,SUP0014,Skyroute Travel,Travel,Operations,82491.63,INR,CTR0005,ON_CONTRACT,,2025-08-06,skyroute travel,False
TXN003643,ERP_EXPORT,SUP0020,BrightArc Media,Marketing Services,Facilities,85529.67,INR,,OFF_CONTRACT,,2026-03-18,brightarc media,False
TXN003644,ERP_EXPORT,SUP0008,Orion Office Supplies,Office Supplies,Logistics,12724.89,INR,CTR0003,ON_CONTRACT,REQ00658,2025-05-25,orion office supplies,False
TXN003645,ERP_EXPORT,SUP0016,Prime Facility Care,Facilities Maintenance,Facilities,55634.54,INR,CTR0006,ON_CONTRACT,,2025-11-26,prime facility care,False
TXN003647,ERP_EXPORT,SUP0013,Adept Partners,Professional Services,R&D,142325.72,INR,,OFF_CONTRACT,REQ00630,2025-05-13,adept partners,False
TXN003648,ERP_EXPORT,SUP0004,Arcadia IT Traders,It Hardware,Marketing,91647.71,INR,,NO_CONTRACT,REQ00608,2026-01-07,arcadia it traders,False
TXN003651,ERP_EXPORT,SUP0022,Transcore Logistics,Logistics & Freight,Human Resources,75864.26,INR,CTR0008,ON_CONTRACT,REQ00610,2026-02-11,transcore logistics,False
TXN003652,ERP_EXPORT,SUP0005,Cloudspan Software,It Software & Licences,Human Resources,56775.9,INR,CTR0002,ON_CONTRACT,REQ00053,2025-04-06,cloudspan software,False
TXN003654,ERP_EXPORT,SUP0011,Sterling Advisory,Professional Services,It,75848.76,INR,CTR0004,ON_CONTRACT,,2025-09-06,sterling advisory,False
TXN003655,ERP_EXPORT,SUP0016,Prime Facility Care,Facilities Maintenance,R&D,11827.82,INR,CTR0006,ON_CONTRACT,REQ00407,2025-04-25,prime facility care,False
TXN003656,ERP_EXPORT,SUP0011,Sterling Advisory,Professional Services,It,82934.16,INR,CTR0004,ON_CONTRACT,,2025-07-15,sterling advisory,False
TXN003659,ERP_EXPORT,SUP0016,Prime Facility Care,Facilities Maintenance,R&D,46907.75,INR,CTR0006,ON_CONTRACT,REQ00559,2025-09-06,prime facility care,False
TXN003660,ERP_EXPORT,SUP0008,Orion Office Supplies,Office Supplies,Marketing,22943.93,INR,CTR0003,ON_CONTRACT,REQ00242,2025-06-28,orion office supplies,False
TXN003661,ERP_EXPORT,SUP0025,NEXA TECHNOLOGIES PVT. LTD.,It Hardware,Facilities,104027.37,INR,,NO_CONTRACT,,2026-03-11,nexa technologies,False
TXN003664,ERP_EXPORT,SUP0014,Skyroute Travel,Travel,Marketing,10862.75,INR,CTR0005,ON_CONTRACT,REQ00024,2025-09-29,skyroute travel,False
TXN003667,ERP_EXPORT,SUP0016,Prime Facility Care,Facilities Maintenance,It,60350.82,INR,CTR0006,ON_CONTRACT,REQ00083,2025-05-27,prime facility care,False
TXN003669,ERP_EXPORT,SUP0022,Transcore Logistics,Logistics & Freight,Finance,14072.65,INR,CTR0008,ON_CONTRACT,REQ00118,2026-02-02,transcore logistics,False
TXN003670,ERP_EXPORT,SUP0008,Orion Office Supplies,Office Supplies,Operations,12327.89,INR,CTR0003,ON_CONTRACT,REQ00752,2026-03-17,orion office supplies,False
TXN003672,ERP_EXPORT,SUP0005,Cloudspan Software,It Software & Licences,R&D,20209.51,INR,CTR0002,ON_CONTRACT,,2025-11-12,cloudspan software,False
TXN003673,ERP_EXPORT,SUP0012,Cobalt Consulting,Professional Services,Operations,192165.64,INR,,OFF_CONTRACT,REQ00201,2026-01-04,cobalt consulting,False
TXN003674,ERP_EXPORT,SUP0022,Transcore Logistics,Logistics & Freight,Marketing,21262.22,INR,CTR0008,ON_CONTRACT,REQ00672,2025-08-26,transcore logistics,False
TXN003675,ERP_EXPORT,SUP0020,BrightArc Media,Marketing Services,R&D,105164.73,INR,,OFF_CONTRACT,,2025-06-30,brightarc media,False
TXN003677,ERP_EXPORT,SUP0005,Cloudspan Software,It Software & Licences,Facilities,33217.09,INR,CTR0002,ON_CONTRACT,REQ00303,2025-12-18,cloudspan software,False
TXN003678,ERP_EXPORT,SUP0011,Sterling Advisory,Professional Services,R&D,119747.82,INR,CTR0004,ON_CONTRACT,REQ00426,2025-08-13,sterling advisory,False
TXN003679,ERP_EXPORT,SUP0022,Transcore Logistics,Logistics & Freight,Finance,78520.0,INR,CTR0008,ON_CONTRACT,REQ00579,2025-10-16,transcore logistics,False
TXN003680,ERP_EXPORT,SUP0022,Transcore Logistics,Logistics & Freight,Operations,838886.88,INR,CTR0008,ON_CONTRACT,REQ00285,2026-01-03,transcore logistics,False
TXN003683,ERP_EXPORT,SUP0023,FleetBridge Cargo,Logistics & Freight,Operations,76140.03,INR,,OFF_CONTRACT,REQ00045,2025-08-14,fleetbridge cargo,False
TXN003685,ERP_EXPORT,SUP0022,Transcore Logistics,Logistics & Freight,Human Resources,68223.63,INR,CTR0008,ON_CONTRACT,REQ00532,2025-07-08,transcore logistics,False
TXN003686,ERP_EXPORT,SUP0001,Nexa Technologies Pvt Ltd,It Hardware,R&D,112696.14,INR,CTR0001,ON_CONTRACT,,2025-12-02,nexa technologies,True
TXN003687,ERP_EXPORT,SUP0016,Prime Facility Care,Facilities Maintenance,Human Resources,65748.68,INR,CTR0006,ON_CONTRACT,,2025-12-01,prime facility care,False
TXN003688,ERP_EXPORT,SUP0014,Skyroute Travel,Travel,It,39760.45,INR,CTR0005,ON_CONTRACT,REQ00890,2025-06-09,skyroute travel,False
TXN003689,ERP_EXPORT,SUP0005,Cloudspan Software,It Software & Licences,R&D,21947.34,INR,CTR0002,ON_CONTRACT,,2025-10-31,cloudspan software,False
TXN003690,ERP_EXPORT,SUP0016,Prime Facility Care,Facilities Maintenance,Facilities,11149.33,INR,CTR0006,ON_CONTRACT,,2025-04-05,prime facility care,False
TXN003691,ERP_EXPORT,SUP0019,Lumen Creative,Marketing Services,Finance,135760.2,INR,CTR0007,ON_CONTRACT,REQ00250,2025-05-19,lumen creative,False
TXN003692,ERP_EXPORT,SUP0019,Lumen Creative,Marketing Services,Logistics,93462.99,INR,CTR0007,ON_CONTRACT,,2025-10-05,lumen creative,False
TXN003693,ERP_EXPORT,SUP0016,Prime Facility Care,Facilities Maintenance,R&D,56514.64,INR,CTR0006,ON_CONTRACT,REQ00612,2025-09-04,prime facility care,False
TXN003696,ERP_EXPORT,SUP0011,Sterling Advisory,Professional Services,Facilities,46321.81,INR,CTR0004,ON_CONTRACT,REQ00506,2025-09-26,sterling advisory,False
TXN003697,ERP_EXPORT,SUP0013,Adept Partners,Professional Services,R&D,241913.39,INR,,OFF_CONTRACT,REQ00708,2025-07-09,adept partners,False
TXN003698,ERP_EXPORT,SUP0019,Lumen Creative,Marketing Services,Finance,113501.51,INR,CTR0007,ON_CONTRACT,REQ00038,2025-04-24,lumen creative,False
TXN003700,ERP_EXPORT,SUP0017,GreenEdge Services,Facilities Maintenance,Finance,25929.78,INR,,OFF_CONTRACT,REQ00350,2026-03-22,greenedge services,False
TXN003702,ERP_EXPORT,SUP0008,Orion Office Supplies,Office Supplies,Finance,17605.5,INR,CTR0003,ON_CONTRACT,REQ00829,2025-08-18,orion office supplies,False
TXN003705,ERP_EXPORT,SUP0011,Sterling Advisory,Professional Services,R&D,238903.91,INR,CTR0004,ON_CONTRACT,REQ00613,2025-08-12,sterling advisory,False
TXN003707,ERP_EXPORT,SUP0019,Lumen Creative,Marketing Services,Operations,123469.38,INR,CTR0007,ON_CONTRACT,REQ00791,2025-11-27,lumen creative,False
TXN003709,ERP_EXPORT,SUP0018,Urban Upkeep,Facilities Maintenance,Marketing,26896.96,INR,,OFF_CONTRACT,,2025-04-17,urban upkeep,False
TXN003710,ERP_EXPORT,SUP0008,Orion Office Supplies,Office Supplies,Operations,24157.29,INR,CTR0003,ON_CONTRACT,REQ00779,2025-05-18,orion office supplies,False
TXN003711,ERP_EXPORT,SUP0019,Lumen Creative,Marketing Services,Operations,21439.83,INR,CTR0007,ON_CONTRACT,REQ00637,2025-11-27,lumen creative,False
TXN003712,ERP_EXPORT,SUP0012,Cobalt Consulting,Professional Services,Marketing,190370.49,INR,,OFF_CONTRACT,REQ00673,2025-07-25,cobalt consulting,False
TXN003713,ERP_EXPORT,SUP0014,Skyroute Travel,Travel,Marketing,65912.19,INR,CTR0005,ON_CONTRACT,,2025-08-17,skyroute travel,False
TXN003714,ERP_EXPORT,SUP0005,Cloudspan Software,It Software & Licences,Operations,80382.4,INR,CTR0002,ON_CONTRACT,,2025-05-02,cloudspan software,False
TXN003715,ERP_EXPORT,SUP0019,Lumen Creative,Marketing Services,Operations,158615.24,INR,CTR0007,ON_CONTRACT,REQ00316,2025-04-08,lumen creative,False
TXN003717,ERP_EXPORT,SUP0008,Orion Office Supplies,Office Supplies,Finance,9819.35,INR,CTR0003,ON_CONTRACT,REQ00616,2025-09-05,orion office supplies,False
TXN003722,ERP_EXPORT,SUP0005,Cloudspan Software,It Software & Licences,R&D,102630.04,INR,CTR0002,ON_CONTRACT,REQ00274,2025-07-02,cloudspan software,False
TXN003725,ERP_EXPORT,SUP0016,Prime Facility Care,Facilities Maintenance,Facilities,32350.54,INR,CTR0006,ON_CONTRACT,,2025-05-18,prime facility care,False
TXN003726,ERP_EXPORT,SUP0005,Cloudspan Software,It Software & Licences,Operations,112506.21,INR,CTR0002,ON_CONTRACT,,2025-04-09,cloudspan software,False
TXN003727,ERP_EXPORT,SUP0012,Cobalt Consulting,Professional Services,Marketing,52979.78,INR,,OFF_CONTRACT,REQ00388,2025-11-04,cobalt consulting,False
TXN003728,ERP_EXPORT,SUP0008,Orion Office Supplies,Office Supplies,R&D,4124.29,INR,CTR0003,ON_CONTRACT,REQ00826,2025-09-01,orion office supplies,False
TXN003729,ERP_EXPORT,SUP0012,Cobalt Consulting,Professional Services,Finance,74186.11,INR,,OFF_CONTRACT,REQ00756,2025-12-26,cobalt consulting,False
TXN003733,ERP_EXPORT,SUP0001,Nexa Technologies Pvt Ltd,Uncategorised,R&D,94240.75,INR,CTR0001,ON_CONTRACT,REQ00215,2025-09-13,nexa technologies,False
TXN003734,ERP_EXPORT,SUP0006,Vertex Licensing,It Software & Licences,It,67659.39,INR,,NO_CONTRACT,REQ00128,2026-01-07,vertex licensing,False
TXN003736,ERP_EXPORT,SUP0022,Transcore Logistics,Logistics & Freight,Human Resources,51089.7,INR,CTR0008,ON_CONTRACT,,2026-02-07,transcore logistics,False
TXN003737,ERP_EXPORT,SUP0019,Lumen Creative,Marketing Services,R&D,112667.91,INR,CTR0007,ON_CONTRACT,REQ00604,2026-01-01,lumen creative,False
TXN003738,ERP_EXPORT,SUP0014,Skyroute Travel,Travel,Facilities,69596.53,INR,CTR0005,ON_CONTRACT,REQ00874,2026-02-23,skyroute travel,False
TXN003740,ERP_EXPORT,SUP0022,Transcore Logistics,Logistics & Freight,Operations,59964.96,INR,CTR0008,ON_CONTRACT,,2025-08-12,transcore logistics,False
TXN003741,ERP_EXPORT,SUP0022,Transcore Logistics,Logistics & Freight,Finance,87061.86,INR,CTR0008,ON_CONTRACT,REQ00746,2025-09-14,transcore logistics,False
TXN003742,ERP_EXPORT,SUP0001,Nexa Technologies Pvt Ltd,It Hardware,R&D,151698.22,INR,CTR0001,ON_CONTRACT,,2026-03-18,nexa technologies,False
TXN003747,ERP_EXPORT,SUP0027,Orion Office Supplies Ltd,Office Supplies,It,17261.04,INR,,OFF_CONTRACT,,2025-09-17,orion office supplies,False
TXN003750,ERP_EXPORT,SUP0019,Lumen Creative,Marketing Services,Human Resources,143842.16,INR,CTR0007,ON_CONTRACT,,2025-10-26,lumen creative,False
TXN003751,ERP_EXPORT,SUP0001,Nexa Technologies Pvt Ltd,It Hardware,Finance,163812.24,INR,CTR0001,ON_CONTRACT,REQ00738,2025-05-14,nexa technologies,False
TXN003755,ERP_EXPORT,SUP0022,Transcore Logistics,Logistics & Freight,Finance,34545.55,INR,CTR0008,ON_CONTRACT,REQ00053,2025-07-09,transcore logistics,False
TXN003756,ERP_EXPORT,SUP0019,Lumen Creative,Marketing Services,Human Resources,46685.38,INR,CTR0007,ON_CONTRACT,REQ00610,2025-08-11,lumen creative,False
TXN003757,ERP_EXPORT,SUP0019,Lumen Creative,Marketing Services,Operations,45848.54,INR,CTR0007,ON_CONTRACT,REQ00551,2025-05-07,lumen creative,False
TXN003758,ERP_EXPORT,SUP0008,Orion Office Supplies,Office Supplies,R&D,9868.48,INR,CTR0003,ON_CONTRACT,REQ00732,2025-04-25,orion office supplies,False
TXN003764,ERP_EXPORT,SUP0022,Transcore Logistics,Logistics & Freight,Logistics,35899.46,INR,CTR0008,ON_CONTRACT,REQ00272,2025-06-16,transcore logistics,False
TXN003765,ERP_EXPORT,SUP0004,Arcadia IT Traders,It Hardware,Finance,101387.04,INR,,NO_CONTRACT,REQ00612,2025-11-14,arcadia it traders,False
TXN003766,ERP_EXPORT,SUP0016,Prime Facility Care,Facilities Maintenance,Finance,27996.52,INR,CTR0006,ON_CONTRACT,,2025-07-16,prime facility care,False
TXN003767,ERP_EXPORT,SUP0011,Sterling Advisory,Professional Services,It,165177.21,INR,CTR0004,ON_CONTRACT,,2025-04-24,sterling advisory,False
TXN003768,ERP_EXPORT,SUP0015,Voyager Corporate Travel,Travel,Finance,43575.2,INR,,OFF_CONTRACT,,2025-06-16,voyager corporate travel,False
TXN003769,ERP_EXPORT,SUP0013,Adept Partners,Professional Services,Operations,74525.16,INR,,OFF_CONTRACT,REQ00820,2025-09-18,adept partners,False
TXN003770,ERP_EXPORT,SUP0019,Lumen Creative,Marketing Services,Marketing,36321.63,INR,CTR0007,ON_CONTRACT,,2026-03-13,lumen creative,False
TXN003776,ERP_EXPORT,SUP0014,Skyroute Travel,Travel,Facilities,84387.5,INR,CTR0005,ON_CONTRACT,REQ00783,2026-02-26,skyroute travel,False
TXN003778,ERP_EXPORT,SUP0008,Orion Office Supplies,Office Supplies,Finance,15031.92,INR,CTR0003,ON_CONTRACT,,2025-10-06,orion office supplies,False
TXN003780,ERP_EXPORT,SUP0011,Sterling Advisory,Professional Services,Marketing,228661.16,INR,CTR0004,ON_CONTRACT,,2025-07-05,sterling advisory,False
TXN003781,ERP_EXPORT,SUP0022,Transcore Logistics,Logistics & Freight,It,45160.06,INR,CTR0008,ON_CONTRACT,REQ00859,2025-12-03,transcore logistics,False
TXN003782,ERP_EXPORT,SUP0011,Sterling Advisory,Professional Services,Marketing,108626.89,INR,CTR0004,ON_CONTRACT,REQ00057,2025-09-29,sterling advisory,False
TXN003783,ERP_EXPORT,SUP0005,Cloudspan Software,It Software & Licences,R&D,16135.16,INR,CTR0002,ON_CONTRACT,REQ00316,2025-12-05,cloudspan software,False
TXN003784,ERP_EXPORT,SUP0014,Skyroute Travel,Travel,Facilities,75777.19,INR,CTR0005,ON_CONTRACT,REQ00751,2025-12-13,skyroute travel,False
TXN003785,ERP_EXPORT,SUP0016,Prime Facility Care,Facilities Maintenance,Human Resources,58058.84,INR,CTR0006,ON_CONTRACT,,2025-04-02,prime facility care,False
TXN003786,ERP_EXPORT,SUP0011,Sterling Advisory,Professional Services,Facilities,61935.45,INR,CTR0004,ON_CONTRACT,REQ00765,2026-03-11,sterling advisory,False
TXN003789,ERP_EXPORT,SUP0022,Transcore Logistics,Logistics & Freight,Operations,21852.85,INR,CTR0008,ON_CONTRACT,,2025-05-10,transcore logistics,False
TXN003790,ERP_EXPORT,SUP0011,Sterling Advisory,Professional Services,Finance,245919.33,INR,CTR0004,ON_CONTRACT,REQ00429,2025-09-10,sterling advisory,False
TXN003794,ERP_EXPORT,SUP0005,Cloudspan Software,It Software & Licences,Marketing,92581.0,INR,CTR0002,ON_CONTRACT,REQ00211,2025-05-20,cloudspan software,False
TXN003796,ERP_EXPORT,SUP0024,Nexa Technologies,It Hardware,Human Resources,127101.23,INR,,NO_CONTRACT,,2025-07-06,nexa technologies,False
TXN003799,ERP_EXPORT,SUP0008,Orion Office Supplies,Office Supplies,Logistics,5968.05,INR,CTR0003,ON_CONTRACT,,2025-08-30,orion office supplies,False
TXN003801,ERP_EXPORT,SUP0016,Prime Facility Care,Facilities Maintenance,Facilities,27781.46,INR,CTR0006,ON_CONTRACT,REQ00040,2025-07-07,prime facility care,False
TXN003802,ERP_EXPORT,SUP0003,BluePeak Systems,It Hardware,Logistics,170438.94,INR,,NO_CONTRACT,REQ00688,2026-03-31,bluepeak systems,False
TXN003804,ERP_EXPORT,SUP0016,Prime Facility Care,Facilities Maintenance,R&D,69014.03,INR,CTR0006,ON_CONTRACT,REQ00820,2025-09-04,prime facility care,False
TXN003805,ERP_EXPORT,SUP0017,GreenEdge Services,Facilities Maintenance,Marketing,25580.25,INR,,OFF_CONTRACT,,2025-05-21,greenedge services,False
TXN003809,ERP_EXPORT,SUP0005,Cloudspan Software,It Software & Licences,Marketing,20286.7,INR,CTR0002,ON_CONTRACT,REQ00086,2026-02-19,cloudspan software,False
TXN003811,ERP_EXPORT,SUP0011,Sterling Advisory,Professional Services,Facilities,185322.36,INR,CTR0004,ON_CONTRACT,,2025-04-06,sterling advisory,False
TXN003812,ERP_EXPORT,SUP0016,Prime Facility Care,Facilities Maintenance,Finance,37475.74,INR,CTR0006,ON_CONTRACT,REQ00779,2025-06-07,prime facility care,False
TXN003813,ERP_EXPORT,SUP0022,Transcore Logistics,Logistics & Freight,Marketing,30801.29,INR,CTR0008,ON_CONTRACT,REQ00661,2026-03-05,transcore logistics,False
TXN003814,ERP_EXPORT,SUP0023,FleetBridge Cargo,Logistics & Freight,Logistics,62959.54,INR,,OFF_CONTRACT,,2025-08-09,fleetbridge cargo,False
TXN003817,ERP_EXPORT,SUP0001,Nexa Technologies Pvt Ltd,It Hardware,R&D,80677.36,INR,CTR0001,ON_CONTRACT,REQ00390,2025-04-23,nexa technologies,False
TXN003818,ERP_EXPORT,SUP0014,Skyroute Travel,Travel,Marketing,75531.28,INR,CTR0005,ON_CONTRACT,REQ00429,2025-10-01,skyroute travel,False
TXN003819,ERP_EXPORT,SUP0015,Voyager Corporate Travel,Travel,R&D,75297.09,INR,,OFF_CONTRACT,,2026-02-05,voyager corporate travel,False
TXN003820,ERP_EXPORT,SUP0016,Prime Facility Care,Facilities Maintenance,Human Resources,38641.02,INR,CTR0006,ON_CONTRACT,,2026-02-19,prime facility care,False
TXN003822,ERP_EXPORT,SUP0016,Prime Facility Care,Facilities Maintenance,Marketing,31753.59,INR,CTR0006,ON_CONTRACT,REQ00573,2025-12-08,prime facility care,False
TXN003823,ERP_EXPORT,SUP0023,FleetBridge Cargo,Logistics & Freight,Operations,78874.31,INR,,OFF_CONTRACT,REQ00399,2026-03-04,fleetbridge cargo,False
TXN003824,ERP_EXPORT,SUP0001,Nexa Technologies Pvt Ltd,It Hardware,Marketing,75867.82,INR,CTR0001,ON_CONTRACT,,2025-04-12,nexa technologies,False
TXN003826,ERP_EXPORT,SUP0014,Skyroute Travel,Travel,Facilities,14944.44,INR,CTR0005,ON_CONTRACT,,2026-02-10,skyroute travel,False
TXN003827,ERP_EXPORT,SUP0001,Nexa Technologies Pvt Ltd,It Hardware,Finance,97337.43,INR,CTR0001,ON_CONTRACT,REQ00739,2025-08-10,nexa technologies,False
TXN003828,ERP_EXPORT,SUP0018,Urban Upkeep,Facilities Maintenance,Human Resources,38927.93,INR,,OFF_CONTRACT,REQ00604,2026-03-31,urban upkeep,False
TXN003830,ERP_EXPORT,SUP0014,Skyroute Travel,Travel,Finance,26141.57,INR,CTR0005,ON_CONTRACT,,2025-10-27,skyroute travel,False
TXN003831,ERP_EXPORT,SUP0022,Transcore Logistics,Logistics & Freight,Finance,43622.28,INR,CTR0008,ON_CONTRACT,,2025-06-04,transcore logistics,False
TXN003835,ERP_EXPORT,SUP0001,Nexa Technologies Pvt Ltd,It Hardware,Marketing,96164.22,INR,CTR0001,ON_CONTRACT,REQ00215,2025-04-22,nexa technologies,False
TXN003836,ERP_EXPORT,SUP0021,Pulse Marketing Co,Marketing Services,Human Resources,62460.02,INR,,OFF_CONTRACT,,2025-11-03,pulse marketing,False
TXN003837,ERP_EXPORT,SUP0023,FleetBridge Cargo,Logistics & Freight,R&D,89402.05,INR,,OFF_CONTRACT,REQ00821,2026-01-08,fleetbridge cargo,False
TXN003838,ERP_EXPORT,SUP0011,Sterling Advisory,Professional Services,Human Resources,64915.19,INR,CTR0004,ON_CONTRACT,,2026-01-20,sterling advisory,False
TXN003839,ERP_EXPORT,SUP0022,Transcore Logistics,Logistics & Freight,Finance,89501.2,INR,CTR0008,ON_CONTRACT,,2025-05-12,transcore logistics,False
TXN003840,ERP_EXPORT,SUP0022,Transcore Logistics,Logistics & Freight,Finance,68760.92,INR,CTR0008,ON_CONTRACT,,2025-06-21,transcore logistics,False
TXN003842,ERP_EXPORT,SUP0008,Orion Office Supplies,Office Supplies,Facilities,2751.16,INR,CTR0003,ON_CONTRACT,,2026-02-28,orion office supplies,False
TXN003843,ERP_EXPORT,SUP0007,Meridian Softworks,It Software & Licences,Human Resources,64937.6,INR,,NO_CONTRACT,REQ00275,2026-02-08,meridian softworks,False
TXN003844,ERP_EXPORT,SUP0019,Lumen Creative,Marketing Services,Finance,77084.73,INR,CTR0007,ON_CONTRACT,,2025-11-10,lumen creative,False
TXN003845,ERP_EXPORT,SUP0015,Voyager Corporate Travel,Travel,R&D,21219.94,INR,,OFF_CONTRACT,REQ00740,2025-04-05,voyager corporate travel,False
TXN003846,ERP_EXPORT,SUP0001,Nexa Technologies Pvt Ltd,It Hardware,Marketing,126743.49,INR,CTR0001,ON_CONTRACT,REQ00113,2025-10-20,nexa technologies,False
TXN003848,ERP_EXPORT,SUP0008,Orion Office Supplies,Office Supplies,Marketing,14930.34,INR,CTR0003,ON_CONTRACT,REQ00778,2026-01-03,orion office supplies,False
TXN003851,ERP_EXPORT,SUP0014,Skyroute Travel,Travel,Finance,42248.69,INR,CTR0005,ON_CONTRACT,,2025-11-11,skyroute travel,True
TXN003853,ERP_EXPORT,SUP0006,Vertex Licensing,It Software & Licences,R&D,79343.56,INR,,NO_CONTRACT,,2025-09-24,vertex licensing,False
TXN003856,ERP_EXPORT,SUP0014,Skyroute Travel,Travel,Marketing,14297.85,INR,CTR0005,ON_CONTRACT,,2025-09-26,skyroute travel,False
TXN003860,ERP_EXPORT,SUP0008,Orion Office Supplies,Office Supplies,Finance,21173.81,INR,CTR0003,ON_CONTRACT,REQ00657,2025-12-19,orion office supplies,False
TXN003861,ERP_EXPORT,SUP0014,Skyroute Travel,Travel,Logistics,74803.02,INR,CTR0005,ON_CONTRACT,,2025-04-12,skyroute travel,False
TXN003863,ERP_EXPORT,SUP0022,Transcore Logistics,Logistics & Freight,Marketing,42997.01,INR,CTR0008,ON_CONTRACT,,2026-03-19,transcore logistics,False
TXN003865,ERP_EXPORT,SUP0021,Pulse Marketing Co,Marketing Services,Operations,34822.4,INR,,OFF_CONTRACT,REQ00660,2025-09-20,pulse marketing,False
TXN003866,ERP_EXPORT,SUP0022,Transcore Logistics,Logistics & Freight,Finance,41456.51,INR,CTR0008,ON_CONTRACT,REQ00327,2026-01-24,transcore logistics,False
TXN003867,ERP_EXPORT,SUP0001,Nexa Technologies Pvt Ltd,It Hardware,Human Resources,89041.74,INR,CTR0001,ON_CONTRACT,,2025-08-13,nexa technologies,False
TXN003868,ERP_EXPORT,SUP0011,Sterling Advisory,Professional Services,R&D,181922.81,INR,CTR0004,ON_CONTRACT,REQ00674,2025-12-09,sterling advisory,False
TXN003869,ERP_EXPORT,SUP0005,Cloudspan Software,It Software & Licences,Marketing,84106.78,INR,CTR0002,ON_CONTRACT,,2025-04-02,cloudspan software,False
TXN003870,ERP_EXPORT,SUP0014,Skyroute Travel,Travel,Operations,13748.87,INR,CTR0005,ON_CONTRACT,REQ00116,2025-09-25,skyroute travel,False
TXN003871,ERP_EXPORT,SUP0011,Sterling Advisory,Professional Services,Facilities,123004.46,INR,CTR0004,ON_CONTRACT,,2026-03-06,sterling advisory,False
TXN003873,ERP_EXPORT,SUP0014,Skyroute Travel,Travel,Facilities,20858.64,INR,CTR0005,ON_CONTRACT,,2026-03-04,skyroute travel,False
TXN003874,ERP_EXPORT,SUP0014,Skyroute Travel,Travel,Marketing,75838.78,INR,CTR0005,ON_CONTRACT,REQ00375,2025-11-26,skyroute travel,False
TXN003875,ERP_EXPORT,SUP0016,Prime Facility Care,Facilities Maintenance,Finance,12514.91,INR,CTR0006,ON_CONTRACT,REQ00749,2026-02-19,prime facility care,False
TXN003876,ERP_EXPORT,SUP0022,Transcore Logistics,Logistics & Freight,Finance,46792.18,INR,CTR0008,ON_CONTRACT,,2025-10-09,transcore logistics,False
TXN003879,ERP_EXPORT,SUP0022,Transcore Logistics,Logistics & Freight,R&D,58234.36,INR,CTR0008,ON_CONTRACT,REQ00160,2025-12-28,transcore logistics,False
TXN003880,ERP_EXPORT,SUP0014,Skyroute Travel,Travel,Operations,26973.21,INR,CTR0005,ON_CONTRACT,REQ00245,2025-07-19,skyroute travel,False
TXN003881,ERP_EXPORT,SUP0014,Skyroute Travel,Uncategorised,Logistics,49199.04,INR,CTR0005,ON_CONTRACT,REQ00411,2026-01-29,skyroute travel,False
TXN003882,ERP_EXPORT,SUP0022,Transcore Logistics,Logistics & Freight,Logistics,72713.37,INR,CTR0008,ON_CONTRACT,,2025-12-07,transcore logistics,False
TXN003883,ERP_EXPORT,SUP0011,Sterling Advisory,Professional Services,Finance,241204.78,INR,CTR0004,ON_CONTRACT,,2025-04-22,sterling advisory,False
TXN003884,ERP_EXPORT,SUP0011,Sterling Advisory,Professional Services,R&D,86293.66,INR,CTR0004,ON_CONTRACT,REQ00473,2025-04-14,sterling advisory,False
TXN003885,ERP_EXPORT,SUP0011,Sterling Advisory,Professional Services,It,226098.17,INR,CTR0004,ON_CONTRACT,REQ00357,2026-02-10,sterling advisory,False
TXN003886,ERP_EXPORT,SUP0001,Nexa Technologies Pvt Ltd,It Hardware,Facilities,169817.14,INR,CTR0001,ON_CONTRACT,REQ00037,2025-10-14,nexa technologies,False
TXN003888,ERP_EXPORT,SUP0016,Prime Facility Care,Facilities Maintenance,Marketing,48124.86,INR,CTR0006,ON_CONTRACT,REQ00818,2025-10-04,prime facility care,False
TXN003890,ERP_EXPORT,SUP0017,GreenEdge Services,Facilities Maintenance,Operations,34192.64,INR,,OFF_CONTRACT,REQ00690,2025-09-30,greenedge services,False
TXN003891,ERP_EXPORT,SUP0019,Lumen Creative,Marketing Services,Marketing,125335.7,INR,CTR0007,ON_CONTRACT,REQ00552,2025-07-19,lumen creative,False
TXN003892,ERP_EXPORT,SUP0014,Skyroute Travel,Travel,Finance,51566.11,INR,CTR0005,ON_CONTRACT,,2025-07-09,skyroute travel,False
TXN003893,ERP_EXPORT,SUP0001,Nexa Technologies Pvt Ltd,It Hardware,Logistics,130002.9,INR,CTR0001,ON_CONTRACT,,2025-09-06,nexa technologies,False
TXN003894,ERP_EXPORT,SUP0008,Orion Office Supplies,Office Supplies,Operations,11854.53,INR,CTR0003,ON_CONTRACT,REQ00872,2026-03-11,orion office supplies,False
TXN003898,ERP_EXPORT,SUP0010,Kanban Stationers,Office Supplies,R&D,21157.38,INR,,OFF_CONTRACT,REQ00747,2025-11-28,kanban stationers,False
TXN003900,ERP_EXPORT,SUP0019,Lumen Creative,Marketing Services,Facilities,138253.23,INR,CTR0007,ON_CONTRACT,,2026-03-11,lumen creative,False
TXN003901,ERP_EXPORT,SUP0009,Paperline Traders,Office Supplies,Marketing,11919.94,INR,,OFF_CONTRACT,REQ00163,2025-10-11,paperline traders,False
TXN003902,ERP_EXPORT,SUP0007,Meridian Softworks,It Software & Licences,Marketing,54799.25,INR,,NO_CONTRACT,,2026-02-11,meridian softworks,False
TXN003904,ERP_EXPORT,SUP0014,Skyroute Travel,Travel,Operations,28595.88,INR,CTR0005,ON_CONTRACT,REQ00703,2025-09-10,skyroute travel,False
TXN003905,ERP_EXPORT,SUP0014,Skyroute Travel,Travel,Facilities,77225.41,INR,CTR0005,ON_CONTRACT,,2026-03-19,skyroute travel,False
TXN003906,ERP_EXPORT,SUP0016,Prime Facility Care,Facilities Maintenance,Logistics,39041.23,INR,CTR0006,ON_CONTRACT,REQ00019,2026-03-18,prime facility care,False
TXN003907,ERP_EXPORT,SUP0016,Prime Facility Care,Facilities Maintenance,Facilities,40845.73,INR,CTR0006,ON_CONTRACT,,2025-07-20,prime facility care,False
TXN003908,ERP_EXPORT,SUP0023,FleetBridge Cargo,Logistics & Freight,Facilities,37602.87,INR,,OFF_CONTRACT,REQ00287,2025-12-11,fleetbridge cargo,False
TXN003910,ERP_EXPORT,SUP0011,Sterling Advisory,Professional Services,It,108294.35,INR,CTR0004,ON_CONTRACT,,2025-05-27,sterling advisory,False
TXN003911,ERP_EXPORT,SUP0008,Orion Office Supplies,Office Supplies,R&D,2903.2,INR,CTR0003,ON_CONTRACT,REQ00002,2025-12-17,orion office supplies,False
TXN003914,ERP_EXPORT,SUP0010,Kanban Stationers,Office Supplies,R&D,24502.16,INR,,OFF_CONTRACT,,2026-03-19,kanban stationers,False
TXN003915,ERP_EXPORT,SUP0005,Cloudspan Software,It Software & Licences,Facilities,116403.46,INR,CTR0002,ON_CONTRACT,REQ00043,2025-08-23,cloudspan software,False
TXN003917,ERP_EXPORT,SUP0008,Orion Office Supplies,Office Supplies,Finance,18752.53,INR,CTR0003,ON_CONTRACT,,2025-08-10,orion office supplies,False
TXN003918,ERP_EXPORT,SUP0019,Lumen Creative,Marketing Services,Facilities,68412.85,INR,CTR0007,ON_CONTRACT,REQ00331,2026-03-17,lumen creative,False
TXN003919,ERP_EXPORT,SUP0011,Sterling Advisory,Professional Services,Human Resources,180929.56,INR,CTR0004,ON_CONTRACT,,2026-01-17,sterling advisory,False
TXN003921,ERP_EXPORT,SUP0005,Cloudspan Software,It Software & Licences,It,114409.41,INR,CTR0002,ON_CONTRACT,REQ00071,2025-10-09,cloudspan software,False
TXN003923,ERP_EXPORT,SUP0001,Nexa Technologies Pvt Ltd,It Hardware,Finance,146411.19,INR,CTR0001,ON_CONTRACT,,2025-05-05,nexa technologies,False
TXN003924,ERP_EXPORT,SUP0011,Sterling Advisory,Professional Services,Marketing,95844.97,INR,CTR0004,ON_CONTRACT,,2025-09-22,sterling advisory,False
TXN003925,ERP_EXPORT,SUP0008,Orion Office Supplies,Office Supplies,Marketing,24777.64,INR,CTR0003,ON_CONTRACT,REQ00586,2025-04-13,orion office supplies,False
TXN003926,ERP_EXPORT,SUP0022,Transcore Logistics,Logistics & Freight,It,14138.88,INR,CTR0008,ON_CONTRACT,REQ00864,2026-02-03,transcore logistics,False
TXN003929,ERP_EXPORT,SUP0005,Cloudspan Software,It Software & Licences,Human Resources,670511.62,INR,CTR0002,ON_CONTRACT,REQ00223,2026-03-20,cloudspan software,False
TXN003931,ERP_EXPORT,SUP0009,Paperline Traders,Office Supplies,Finance,23586.19,INR,,OFF_CONTRACT,REQ00651,2026-01-24,paperline traders,False
TXN003932,ERP_EXPORT,SUP0022,Transcore Logistics,Logistics & Freight,Operations,27038.21,INR,CTR0008,ON_CONTRACT,REQ00777,2026-02-03,transcore logistics,False
TXN003934,ERP_EXPORT,SUP0001,Nexa Technologies Pvt Ltd,It Hardware,Logistics,59514.79,INR,CTR0001,ON_CONTRACT,,2026-01-19,nexa technologies,False
TXN003935,ERP_EXPORT,SUP0014,Skyroute Travel,Travel,R&D,33191.75,INR,CTR0005,ON_CONTRACT,REQ00096,2025-10-18,skyroute travel,False
TXN003936,ERP_EXPORT,SUP0014,Skyroute Travel,Travel,Finance,52809.6,INR,CTR0005,ON_CONTRACT,REQ00459,2025-10-15,skyroute travel,False
TXN003937,ERP_EXPORT,SUP0014,Skyroute Travel,Travel,R&D,42209.86,INR,CTR0005,ON_CONTRACT,REQ00887,2026-03-08,skyroute travel,False
TXN003938,ERP_EXPORT,SUP0019,Lumen Creative,Marketing Services,Operations,42431.58,INR,CTR0007,ON_CONTRACT,REQ00672,2026-01-26,lumen creative,False
TXN003940,ERP_EXPORT,SUP0014,Skyroute Travel,Travel,Logistics,42287.87,INR,CTR0005,ON_CONTRACT,REQ00774,2025-12-12,skyroute travel,False
TXN003941,ERP_EXPORT,SUP0015,Voyager Corporate Travel,Travel,It,70097.2,INR,,OFF_CONTRACT,REQ00288,2025-12-30,voyager corporate travel,False
TXN003943,ERP_EXPORT,SUP0006,Vertex Licensing,It Software & Licences,Finance,23833.4,INR,,NO_CONTRACT,,2025-06-23,vertex licensing,False
TXN003944,ERP_EXPORT,SUP0022,Transcore Logistics,Logistics & Freight,Finance,44627.62,INR,CTR0008,ON_CONTRACT,,2025-09-01,transcore logistics,False
TXN003945,ERP_EXPORT,SUP0022,Transcore Logistics,Logistics & Freight,Facilities,20320.38,INR,CTR0008,ON_CONTRACT,REQ00590,2025-11-29,transcore logistics,False
TXN003946,ERP_EXPORT,SUP0019,Lumen Creative,Marketing Services,Human Resources,22322.95,INR,CTR0007,ON_CONTRACT,,2025-09-27,lumen creative,False
TXN003947,ERP_EXPORT,SUP0019,Lumen Creative,Marketing Services,Logistics,112640.62,INR,CTR0007,ON_CONTRACT,REQ00397,2026-03-16,lumen creative,False
TXN003948,ERP_EXPORT,SUP0011,Sterling Advisory,Professional Services,It,166514.38,INR,CTR0004,ON_CONTRACT,,2026-01-22,sterling advisory,False
TXN003949,ERP_EXPORT,SUP0001,Nexa Technologies Pvt Ltd,It Hardware,R&D,50267.96,INR,CTR0001,ON_CONTRACT,REQ00358,2025-10-31,nexa technologies,False
TXN003951,ERP_EXPORT,SUP0020,BrightArc Media,Uncategorised,Logistics,23319.09,INR,,NO_CONTRACT,,2025-11-20,brightarc media,False
TXN003952,ERP_EXPORT,SUP0022,Transcore Logistics,Logistics & Freight,Operations,81300.62,INR,CTR0008,ON_CONTRACT,,2025-10-26,transcore logistics,True
TXN003953,ERP_EXPORT,SUP0008,Orion Office Supplies,Office Supplies,Marketing,24417.88,INR,CTR0003,ON_CONTRACT,,2025-11-14,orion office supplies,False
TXN003954,ERP_EXPORT,SUP0005,Cloudspan Software,It Software & Licences,Logistics,29223.25,INR,CTR0002,ON_CONTRACT,,2025-10-01,cloudspan software,False
TXN003955,ERP_EXPORT,SUP0005,Cloudspan Software,It Software & Licences,Marketing,39304.9,INR,CTR0002,ON_CONTRACT,REQ00813,2025-04-17,cloudspan software,False
TXN003958,ERP_EXPORT,SUP0011,Sterling Advisory,Professional Services,R&D,128121.75,INR,CTR0004,ON_CONTRACT,,2025-04-15,sterling advisory,False
TXN003961,ERP_EXPORT,SUP0014,Skyroute Travel,Travel,Operations,55063.89,INR,CTR0005,ON_CONTRACT,REQ00855,2025-04-25,skyroute travel,False
TXN003963,ERP_EXPORT,SUP0016,Prime Facility Care,Facilities Maintenance,Finance,11719.15,INR,CTR0006,ON_CONTRACT,REQ00120,2026-01-22,prime facility care,False
TXN003964,ERP_EXPORT,SUP0001,Nexa Technologies Pvt Ltd,It Hardware,Human Resources,115404.12,INR,CTR0001,ON_CONTRACT,,2025-12-28,nexa technologies,False
TXN003967,ERP_EXPORT,SUP0022,Transcore Logistics,Logistics & Freight,Marketing,37433.92,INR,CTR0008,ON_CONTRACT,REQ00740,2026-01-28,transcore logistics,False
TXN003968,ERP_EXPORT,SUP0008,Orion Office Supplies,Office Supplies,Facilities,2925.93,INR,CTR0003,ON_CONTRACT,,2025-04-18,orion office supplies,False
TXN003970,ERP_EXPORT,SUP0008,Orion Office Supplies,Office Supplies,Logistics,11146.74,INR,CTR0003,ON_CONTRACT,REQ00532,2025-12-11,orion office supplies,False
TXN003971,ERP_EXPORT,SUP0013,Adept Partners,Professional Services,Marketing,244498.09,INR,,OFF_CONTRACT,,2026-01-16,adept partners,False
TXN003972,ERP_EXPORT,SUP0016,Prime Facility Care,Facilities Maintenance,Facilities,42651.92,INR,CTR0006,ON_CONTRACT,REQ00683,2026-01-21,prime facility care,False
TXN003973,ERP_EXPORT,SUP0019,Lumen Creative,Marketing Services,It,58533.49,INR,CTR0007,ON_CONTRACT,REQ00779,2025-07-03,lumen creative,False
TXN003974,ERP_EXPORT,SUP0001,Nexa Technologies Pvt Ltd,It Hardware,Facilities,134963.02,INR,CTR0001,ON_CONTRACT,,2025-07-01,nexa technologies,False
TXN003976,ERP_EXPORT,SUP0014,Skyroute Travel,Travel,R&D,82147.95,INR,CTR0005,ON_CONTRACT,REQ00511,2026-02-12,skyroute travel,False
TXN003978,ERP_EXPORT,SUP0016,Prime Facility Care,Facilities Maintenance,Facilities,42992.11,INR,CTR0006,ON_CONTRACT,REQ00416,2026-03-15,prime facility care,False
TXN003979,ERP_EXPORT,SUP0022,Transcore Logistics,Logistics & Freight,It,16197.57,INR,CTR0008,ON_CONTRACT,REQ00739,2025-10-21,transcore logistics,False
TXN003983,ERP_EXPORT,SUP0011,Sterling Advisory,Professional Services,Human Resources,87106.9,INR,CTR0004,ON_CONTRACT,,2025-12-29,sterling advisory,False
TXN003984,ERP_EXPORT,SUP0016,Prime Facility Care,Facilities Maintenance,Logistics,23564.74,INR,CTR0006,ON_CONTRACT,REQ00374,2025-04-23,prime facility care,False
TXN003985,ERP_EXPORT,SUP0005,Cloudspan Software,It Software & Licences,Logistics,100817.06,INR,CTR0002,ON_CONTRACT,,2025-04-15,cloudspan software,False
TXN003986,ERP_EXPORT,SUP0008,Orion Office Supplies,Office Supplies,It,23399.16,INR,CTR0003,ON_CONTRACT,REQ00576,2025-06-19,orion office supplies,False
TXN003987,ERP_EXPORT,SUP0016,Prime Facility Care,Facilities Maintenance,Marketing,15721.66,INR,CTR0006,ON_CONTRACT,,2025-11-17,prime facility care,False
TXN003990,ERP_EXPORT,SUP0005,Cloudspan Software,It Software & Licences,Logistics,106422.29,INR,CTR0002,ON_CONTRACT,REQ00616,2025-06-24,cloudspan software,False
TXN003991,ERP_EXPORT,SUP0004,Arcadia IT Traders,It Hardware,Logistics,37946.36,INR,,NO_CONTRACT,REQ00880,2025-05-27,arcadia it traders,False
TXN003992,ERP_EXPORT,SUP0015,Voyager Corporate Travel,Travel,Logistics,25312.33,INR,,OFF_CONTRACT,,2026-01-24,voyager corporate travel,False
TXN003993,ERP_EXPORT,SUP0019,Lumen Creative,Marketing Services,Facilities,125345.57,INR,CTR0007,ON_CONTRACT,REQ00559,2025-07-31,lumen creative,False
TXN003995,ERP_EXPORT,SUP0019,Lumen Creative,Marketing Services,Marketing,88954.95,INR,CTR0007,ON_CONTRACT,,2025-08-11,lumen creative,False
TXN003996,ERP_EXPORT,SUP0014,Skyroute Travel,Travel,Finance,44252.78,INR,CTR0005,ON_CONTRACT,,2026-02-13,skyroute travel,False
TXN003997,ERP_EXPORT,SUP0022,Transcore Logistics,Logistics & Freight,R&D,39755.3,INR,CTR0008,ON_CONTRACT,REQ00113,2025-09-20,transcore logistics,False
TXN003998,ERP_EXPORT,SUP0020,BrightArc Media,Marketing Services,It,75240.12,INR,,OFF_CONTRACT,,2026-02-09,brightarc media,False
TXN003999,ERP_EXPORT,SUP0002,Zenith Computing,It Hardware,It,107140.79,INR,,NO_CONTRACT,,2025-06-04,zenith computing,False
TXN004001,ERP_EXPORT,SUP0014,Skyroute Travel,Travel,Finance,54903.66,INR,CTR0005,ON_CONTRACT,REQ00490,2025-10-30,skyroute travel,False
TXN004002,ERP_EXPORT,SUP0008,Orion Office Supplies,Office Supplies,R&D,20524.94,INR,CTR0003,ON_CONTRACT,,2026-03-22,orion office supplies,False
TXN004003,ERP_EXPORT,SUP0008,Orion Office Supplies,Office Supplies,Marketing,19483.7,INR,CTR0003,ON_CONTRACT,,2025-07-23,orion office supplies,False
TXN004004,ERP_EXPORT,SUP0019,Lumen Creative,Marketing Services,Facilities,41545.99,INR,CTR0007,ON_CONTRACT,,2025-08-16,lumen creative,False
TXN004005,ERP_EXPORT,SUP0025,NEXA TECHNOLOGIES PVT. LTD.,It Hardware,Logistics,48133.67,INR,,NO_CONTRACT,REQ00728,2025-05-29,nexa technologies,False
TXN004006,ERP_EXPORT,SUP0022,Transcore Logistics,Logistics & Freight,Human Resources,34258.47,INR,CTR0008,ON_CONTRACT,,2025-08-11,transcore logistics,False
TXN004007,ERP_EXPORT,SUP0023,FleetBridge Cargo,Logistics & Freight,It,41969.2,INR,,OFF_CONTRACT,,2026-02-19,fleetbridge cargo,False
TXN004008,ERP_EXPORT,SUP0005,Cloudspan Software,It Software & Licences,Operations,57887.84,INR,CTR0002,ON_CONTRACT,REQ00338,2026-02-07,cloudspan software,False
TXN004009,ERP_EXPORT,SUP0014,Skyroute Travel,Travel,Marketing,63735.17,INR,CTR0005,ON_CONTRACT,,2026-02-21,skyroute travel,False
TXN004013,ERP_EXPORT,SUP0011,Sterling Advisory,Professional Services,Operations,186404.38,INR,CTR0004,ON_CONTRACT,REQ00577,2025-04-09,sterling advisory,False
TXN004015,ERP_EXPORT,SUP0014,Skyroute Travel,Travel,Logistics,60603.37,INR,CTR0005,ON_CONTRACT,REQ00756,2026-03-28,skyroute travel,False
TXN004017,ERP_EXPORT,SUP0019,Lumen Creative,Marketing Services,It,144052.06,INR,CTR0007,ON_CONTRACT,,2025-11-13,lumen creative,False
TXN004019,ERP_EXPORT,SUP0011,Sterling Advisory,Professional Services,It,102430.31,INR,CTR0004,ON_CONTRACT,REQ00875,2025-07-18,sterling advisory,False
TXN004020,ERP_EXPORT,SUP0010,Kanban Stationers,Office Supplies,Logistics,7289.86,INR,,OFF_CONTRACT,,2025-07-23,kanban stationers,False
TXN004021,ERP_EXPORT,SUP0016,Prime Facility Care,Facilities Maintenance,Facilities,34678.24,INR,CTR0006,ON_CONTRACT,,2025-08-05,prime facility care,False
TXN004022,ERP_EXPORT,SUP0002,Zenith Computing,It Hardware,Operations,62282.4,INR,,NO_CONTRACT,,2026-03-14,zenith computing,False
TXN004024,ERP_EXPORT,SUP0008,Orion Office Supplies,Office Supplies,Human Resources,20999.49,INR,CTR0003,ON_CONTRACT,REQ00584,2026-01-01,orion office supplies,False
TXN004026,ERP_EXPORT,SUP0001,Nexa Technologies Pvt Ltd,It Hardware,It,152774.32,INR,CTR0001,ON_CONTRACT,REQ00842,2025-06-07,nexa technologies,False
TXN004027,ERP_EXPORT,SUP0016,Prime Facility Care,Facilities Maintenance,Facilities,33819.53,INR,CTR0006,ON_CONTRACT,REQ00366,2025-09-14,prime facility care,False
TXN004028,ERP_EXPORT,SUP0022,Transcore Logistics,Logistics & Freight,Human Resources,24974.31,INR,CTR0008,ON_CONTRACT,,2026-03-24,transcore logistics,False
TXN004029,ERP_EXPORT,SUP0001,Nexa Technologies Pvt Ltd,It Hardware,Human Resources,139382.4,INR,CTR0001,ON_CONTRACT,,2025-10-19,nexa technologies,False
TXN004030,ERP_EXPORT,SUP0014,Skyroute Travel,Travel,Marketing,37558.91,INR,CTR0005,ON_CONTRACT,REQ00382,2025-05-15,skyroute travel,False
TXN004031,ERP_EXPORT,SUP0008,Orion Office Supplies,Office Supplies,It,17439.23,INR,CTR0003,ON_CONTRACT,,2025-12-21,orion office supplies,False
TXN004034,ERP_EXPORT,SUP0005,Cloudspan Software,It Software & Licences,Finance,119221.09,INR,CTR0002,ON_CONTRACT,REQ00125,2025-10-18,cloudspan software,False
TXN004038,ERP_EXPORT,SUP0011,Sterling Advisory,Professional Services,It,206701.8,INR,CTR0004,ON_CONTRACT,REQ00075,2025-09-08,sterling advisory,False
TXN004039,ERP_EXPORT,SUP0001,Nexa Technologies Pvt Ltd,It Hardware,R&D,127210.56,INR,CTR0001,ON_CONTRACT,REQ00368,2026-03-08,nexa technologies,False
TXN004040,ERP_EXPORT,SUP0019,Lumen Creative,Marketing Services,Facilities,100892.99,INR,CTR0007,ON_CONTRACT,REQ00703,2025-07-20,lumen creative,False
TXN004042,ERP_EXPORT,SUP0001,Nexa Technologies Pvt Ltd,It Hardware,Human Resources,69863.13,INR,CTR0001,ON_CONTRACT,,2025-10-31,nexa technologies,False
TXN004043,ERP_EXPORT,SUP0007,Meridian Softworks,It Software & Licences,Marketing,64106.53,INR,,NO_CONTRACT,REQ00526,2025-12-25,meridian softworks,False
TXN004044,ERP_EXPORT,SUP0005,Cloudspan Software,It Software & Licences,Human Resources,80035.95,INR,CTR0002,ON_CONTRACT,,2025-10-18,cloudspan software,False
TXN004045,ERP_EXPORT,SUP0005,Cloudspan Software,It Software & Licences,Facilities,58175.0,INR,CTR0002,ON_CONTRACT,REQ00521,2025-11-29,cloudspan software,False
TXN004047,ERP_EXPORT,SUP0025,NEXA TECHNOLOGIES PVT. LTD.,It Hardware,R&D,744975.29,INR,,NO_CONTRACT,REQ00410,2026-01-11,nexa technologies,False
TXN004048,ERP_EXPORT,SUP0008,Orion Office Supplies,Office Supplies,It,14977.33,INR,CTR0003,ON_CONTRACT,REQ00160,2025-12-06,orion office supplies,False
TXN004049,ERP_EXPORT,SUP0028,ORION OFFICE SUPPLIES,Office Supplies,Human Resources,21563.21,INR,,OFF_CONTRACT,REQ00648,2025-07-08,orion office supplies,False
TXN004050,ERP_EXPORT,SUP0022,Transcore Logistics,Logistics & Freight,It,28726.86,INR,CTR0008,ON_CONTRACT,REQ00229,2026-03-31,transcore logistics,False
TXN004051,ERP_EXPORT,SUP0002,Zenith Computing,It Hardware,R&D,169837.12,INR,,NO_CONTRACT,,2025-12-23,zenith computing,False
TXN004052,ERP_EXPORT,SUP0016,Prime Facility Care,Facilities Maintenance,Human Resources,51345.26,INR,CTR0006,ON_CONTRACT,,2025-07-14,prime facility care,False
TXN004053,ERP_EXPORT,SUP0019,Lumen Creative,Marketing Services,R&D,135258.25,INR,CTR0007,ON_CONTRACT,REQ00578,2025-04-19,lumen creative,False
TXN004054,ERP_EXPORT,SUP0019,Lumen Creative,Marketing Services,R&D,97866.7,INR,CTR0007,ON_CONTRACT,REQ00071,2026-01-13,lumen creative,False
TXN004055,ERP_EXPORT,SUP0016,Prime Facility Care,Facilities Maintenance,Human Resources,56771.0,INR,CTR0006,ON_CONTRACT,REQ00047,2025-09-27,prime facility care,False
TXN004057,ERP_EXPORT,SUP0025,NEXA TECHNOLOGIES PVT. LTD.,It Hardware,Marketing,151848.97,INR,,NO_CONTRACT,REQ00034,2025-06-08,nexa technologies,False
TXN004059,ERP_EXPORT,SUP0013,Adept Partners,Professional Services,Operations,226881.81,INR,,OFF_CONTRACT,REQ00205,2025-05-21,adept partners,False
TXN004060,ERP_EXPORT,SUP0019,Lumen Creative,Marketing Services,Facilities,158874.78,INR,CTR0007,ON_CONTRACT,,2025-06-22,lumen creative,False
TXN004061,ERP_EXPORT,SUP0019,Lumen Creative,Marketing Services,Logistics,61169.44,INR,CTR0007,ON_CONTRACT,,2025-04-07,lumen creative,False
TXN004064,ERP_EXPORT,SUP0011,Sterling Advisory,Professional Services,Logistics,93135.53,INR,CTR0004,ON_CONTRACT,REQ00523,2025-12-01,sterling advisory,False
TXN004065,ERP_EXPORT,SUP0008,Orion Office Supplies,Office Supplies,Operations,21907.93,INR,CTR0003,ON_CONTRACT,REQ00818,2025-08-23,orion office supplies,False
TXN004067,ERP_EXPORT,SUP0014,Skyroute Travel,Travel,Human Resources,18328.33,INR,CTR0005,ON_CONTRACT,,2025-07-25,skyroute travel,False
TXN004069,ERP_EXPORT,SUP0019,Lumen Creative,Marketing Services,R&D,114337.45,INR,CTR0007,ON_CONTRACT,REQ00635,2025-12-11,lumen creative,False
TXN004070,ERP_EXPORT,SUP0011,Sterling Advisory,Professional Services,R&D,217846.32,INR,CTR0004,ON_CONTRACT,REQ00345,2025-06-19,sterling advisory,False
TXN004071,ERP_EXPORT,SUP0023,FleetBridge Cargo,Logistics & Freight,Marketing,38919.34,INR,,OFF_CONTRACT,REQ00039,2025-06-06,fleetbridge cargo,False
TXN004072,ERP_EXPORT,SUP0012,Cobalt Consulting,Professional Services,R&D,182061.59,INR,,OFF_CONTRACT,,2025-11-18,cobalt consulting,False
TXN004073,ERP_EXPORT,SUP0005,Cloudspan Software,It Software & Licences,Finance,77395.39,INR,CTR0002,ON_CONTRACT,REQ00755,2025-04-23,cloudspan software,False
TXN004074,ERP_EXPORT,SUP0014,Skyroute Travel,Travel,Marketing,57458.31,INR,CTR0005,ON_CONTRACT,,2025-12-16,skyroute travel,False
TXN004075,ERP_EXPORT,SUP0001,Nexa Technologies Pvt Ltd,It Hardware,R&D,130792.53,INR,CTR0001,ON_CONTRACT,REQ00556,2025-05-29,nexa technologies,False
TXN004076,ERP_EXPORT,SUP0008,Orion Office Supplies,Office Supplies,Human Resources,15233.26,INR,CTR0003,ON_CONTRACT,,2025-12-05,orion office supplies,False
TXN004077,ERP_EXPORT,SUP0001,Nexa Technologies Pvt Ltd,It Hardware,Operations,91504.67,INR,CTR0001,ON_CONTRACT,REQ00335,2025-06-11,nexa technologies,False
TXN004078,ERP_EXPORT,SUP0022,Transcore Logistics,Logistics & Freight,Human Resources,34901.58,INR,CTR0008,ON_CONTRACT,REQ00160,2025-04-08,transcore logistics,False
TXN004081,ERP_EXPORT,SUP0001,Nexa Technologies Pvt Ltd,It Hardware,Facilities,132314.92,INR,CTR0001,ON_CONTRACT,,2025-04-17,nexa technologies,False
TXN004082,ERP_EXPORT,SUP0008,Orion Office Supplies,Office Supplies,Facilities,7366.65,INR,CTR0003,ON_CONTRACT,,2025-06-02,orion office supplies,False
TXN004083,ERP_EXPORT,SUP0011,Sterling Advisory,Professional Services,R&D,171319.34,INR,CTR0004,ON_CONTRACT,REQ00271,2025-11-19,sterling advisory,False
TXN004087,ERP_EXPORT,SUP0013,Adept Partners,Professional Services,Facilities,67504.49,INR,,OFF_CONTRACT,REQ00351,2025-05-14,adept partners,False
TXN004089,ERP_EXPORT,SUP0016,Prime Facility Care,Facilities Maintenance,Human Resources,60966.78,INR,CTR0006,ON_CONTRACT,,2025-10-15,prime facility care,False
TXN004091,ERP_EXPORT,SUP0019,Lumen Creative,Marketing Services,Marketing,122781.18,INR,CTR0007,ON_CONTRACT,REQ00678,2025-11-28,lumen creative,False
TXN004095,ERP_EXPORT,SUP0019,Lumen Creative,Marketing Services,R&D,66476.01,INR,CTR0007,ON_CONTRACT,REQ00172,2025-11-05,lumen creative,False
TXN004097,ERP_EXPORT,SUP0005,Cloudspan Software,It Software & Licences,It,16436.65,INR,CTR0002,ON_CONTRACT,,2026-02-03,cloudspan software,False
TXN004098,ERP_EXPORT,SUP0019,Lumen Creative,Marketing Services,Facilities,31423.82,INR,CTR0007,ON_CONTRACT,REQ00232,2025-10-20,lumen creative,False
TXN004099,ERP_EXPORT,SUP0001,Nexa Technologies Pvt Ltd,It Hardware,It,65081.7,INR,CTR0001,ON_CONTRACT,REQ00298,2025-12-23,nexa technologies,False
TXN004100,ERP_EXPORT,SUP0019,Lumen Creative,Marketing Services,R&D,23899.31,INR,CTR0007,ON_CONTRACT,,2026-02-20,lumen creative,False
TXN004101,ERP_EXPORT,SUP0014,Skyroute Travel,Travel,Logistics,59772.78,INR,CTR0005,ON_CONTRACT,REQ00666,2025-08-05,skyroute travel,False
TXN004105,ERP_EXPORT,SUP0005,Cloudspan Software,It Software & Licences,R&D,46072.86,INR,CTR0002,ON_CONTRACT,,2025-04-19,cloudspan software,False
TXN004106,ERP_EXPORT,SUP0014,Skyroute Travel,Travel,Facilities,62433.61,INR,CTR0005,ON_CONTRACT,REQ00301,2025-05-15,skyroute travel,False
TXN004107,ERP_EXPORT,SUP0016,Prime Facility Care,Facilities Maintenance,Logistics,67918.16,INR,CTR0006,ON_CONTRACT,REQ00238,2025-07-29,prime facility care,False
TXN004112,ERP_EXPORT,SUP0014,Skyroute Travel,Travel,Logistics,49022.84,INR,CTR0005,ON_CONTRACT,,2025-06-17,skyroute travel,False
TXN004115,ERP_EXPORT,SUP0005,Cloudspan Software,It Software & Licences,Operations,78095.76,INR,CTR0002,ON_CONTRACT,REQ00206,2025-06-03,cloudspan software,False
TXN004116,ERP_EXPORT,SUP0023,FleetBridge Cargo,Logistics & Freight,It,40299.56,INR,,OFF_CONTRACT,REQ00375,2025-10-04,fleetbridge cargo,False
TXN004117,ERP_EXPORT,SUP0005,Cloudspan Software,It Software & Licences,Finance,111313.15,INR,CTR0002,ON_CONTRACT,REQ00129,2025-05-31,cloudspan software,False
TXN004118,ERP_EXPORT,SUP0005,Cloudspan Software,It Software & Licences,R&D,57692.01,INR,CTR0002,ON_CONTRACT,,2026-01-26,cloudspan software,False
TXN004121,ERP_EXPORT,SUP0011,Sterling Advisory,Professional Services,Facilities,101604.22,INR,CTR0004,ON_CONTRACT,,2025-10-20,sterling advisory,False
TXN004124,ERP_EXPORT,SUP0001,Nexa Technologies Pvt Ltd,It Hardware,Facilities,164540.94,INR,CTR0001,ON_CONTRACT,REQ00867,2026-01-25,nexa technologies,False
TXN004125,ERP_EXPORT,SUP0022,Transcore Logistics,Logistics & Freight,Human Resources,77751.87,INR,CTR0008,ON_CONTRACT,,2026-02-14,transcore logistics,False
TXN004126,ERP_EXPORT,SUP0005,Cloudspan Software,It Software & Licences,Operations,86017.91,INR,CTR0002,ON_CONTRACT,REQ00689,2026-01-10,cloudspan software,False
TXN004127,ERP_EXPORT,SUP0008,Orion Office Supplies,Office Supplies,Human Resources,17631.56,INR,CTR0003,ON_CONTRACT,,2025-10-10,orion office supplies,False
TXN004129,ERP_EXPORT,SUP0011,Sterling Advisory,Professional Services,Human Resources,102123.06,INR,CTR0004,ON_CONTRACT,REQ00506,2026-03-13,sterling advisory,False
TXN004131,ERP_EXPORT,SUP0005,Cloudspan Software,It Software & Licences,Facilities,43555.23,INR,CTR0002,ON_CONTRACT,,2025-12-28,cloudspan software,False
TXN004132,ERP_EXPORT,SUP0008,Orion Office Supplies,Office Supplies,Facilities,7011.5,INR,CTR0003,ON_CONTRACT,REQ00408,2025-08-26,orion office supplies,False
TXN004133,ERP_EXPORT,SUP0005,Cloudspan Software,It Software & Licences,Operations,84492.63,INR,CTR0002,ON_CONTRACT,,2025-06-19,cloudspan software,False
TXN004136,ERP_EXPORT,SUP0008,Orion Office Supplies,Office Supplies,Facilities,2373.6,INR,CTR0003,ON_CONTRACT,,2025-07-26,orion office supplies,False
TXN004138,ERP_EXPORT,SUP0019,Lumen Creative,Marketing Services,It,65294.26,INR,CTR0007,ON_CONTRACT,REQ00267,2026-02-04,lumen creative,False
TXN004142,ERP_EXPORT,SUP0011,Sterling Advisory,Professional Services,It,68261.02,INR,CTR0004,ON_CONTRACT,REQ00512,2025-12-02,sterling advisory,False
TXN004144,ERP_EXPORT,SUP0028,ORION OFFICE SUPPLIES,Office Supplies,It,21124.92,INR,,OFF_CONTRACT,REQ00365,2026-01-21,orion office supplies,False
TXN004145,ERP_EXPORT,SUP0005,Cloudspan Software,It Software & Licences,Human Resources,111431.74,INR,CTR0002,ON_CONTRACT,,2025-07-30,cloudspan software,False
TXN004146,ERP_EXPORT,SUP0022,Transcore Logistics,Logistics & Freight,R&D,65932.41,INR,CTR0008,ON_CONTRACT,REQ00024,2025-07-20,transcore logistics,False
TXN004147,ERP_EXPORT,SUP0008,Orion Office Supplies,Office Supplies,Facilities,4378.98,INR,CTR0003,ON_CONTRACT,REQ00007,2025-06-29,orion office supplies,False
TXN004149,ERP_EXPORT,SUP0011,Sterling Advisory,Professional Services,Logistics,193077.23,INR,CTR0004,ON_CONTRACT,,2025-09-09,sterling advisory,False
TXN004151,ERP_EXPORT,SUP0005,Cloudspan Software,It Software & Licences,Operations,27412.96,INR,CTR0002,ON_CONTRACT,,2025-11-20,cloudspan software,False
TXN004152,ERP_EXPORT,SUP0001,Nexa Technologies Pvt Ltd,It Hardware,Marketing,25004.76,INR,CTR0001,ON_CONTRACT,,2025-10-19,nexa technologies,False
TXN004153,ERP_EXPORT,SUP0022,Transcore Logistics,Logistics & Freight,Finance,71107.37,INR,CTR0008,ON_CONTRACT,,2025-08-28,transcore logistics,False
TXN004154,ERP_EXPORT,SUP0008,Orion Office Supplies,Office Supplies,It,10201.71,INR,CTR0003,ON_CONTRACT,REQ00371,2025-10-21,orion office supplies,False
TXN004156,ERP_EXPORT,SUP0014,Skyroute Travel,Travel,Operations,9057.59,INR,CTR0005,ON_CONTRACT,,2025-06-27,skyroute travel,False
TXN004157,ERP_EXPORT,SUP0005,Cloudspan Software,It Software & Licences,Operations,71731.44,INR,CTR0002,ON_CONTRACT,REQ00652,2025-11-12,cloudspan software,False
TXN004159,ERP_EXPORT,SUP0001,Nexa Technologies Pvt Ltd,It Hardware,Logistics,173432.91,INR,CTR0001,ON_CONTRACT,,2026-01-07,nexa technologies,False
TXN004160,ERP_EXPORT,SUP0014,Skyroute Travel,Travel,Facilities,54391.09,INR,CTR0005,ON_CONTRACT,REQ00734,2025-06-22,skyroute travel,False
TXN004161,ERP_EXPORT,SUP0022,Transcore Logistics,Logistics & Freight,Operations,54700.29,INR,CTR0008,ON_CONTRACT,,2025-09-15,transcore logistics,False
TXN004164,ERP_EXPORT,SUP0011,Sterling Advisory,Professional Services,R&D,119795.61,INR,CTR0004,ON_CONTRACT,REQ00463,2025-06-08,sterling advisory,False
TXN004165,ERP_EXPORT,SUP0008,Orion Office Supplies,Office Supplies,Operations,15964.11,INR,CTR0003,ON_CONTRACT,REQ00195,2026-03-09,orion office supplies,False
TXN004170,ERP_EXPORT,SUP0006,Vertex Licensing,It Software & Licences,R&D,25147.71,INR,,NO_CONTRACT,REQ00476,2025-04-03,vertex licensing,False
TXN004171,ERP_EXPORT,SUP0001,Nexa Technologies Pvt Ltd,It Hardware,Finance,52419.03,INR,CTR0001,ON_CONTRACT,,2025-05-22,nexa technologies,False
TXN004172,ERP_EXPORT,SUP0016,Prime Facility Care,Facilities Maintenance,Human Resources,69240.17,INR,CTR0006,ON_CONTRACT,REQ00423,2026-03-21,prime facility care,False
TXN004173,ERP_EXPORT,SUP0008,Orion Office Supplies,Office Supplies,Human Resources,12214.38,INR,CTR0003,ON_CONTRACT,REQ00368,2025-04-04,orion office supplies,False
TXN004175,ERP_EXPORT,SUP0005,Cloudspan Software,It Software & Licences,Finance,106729.95,INR,CTR0002,ON_CONTRACT,REQ00715,2025-08-04,cloudspan software,False
TXN004177,ERP_EXPORT,SUP0013,Adept Partners,Professional Services,Human Resources,162370.03,INR,,OFF_CONTRACT,REQ00278,2025-04-30,adept partners,False
TXN004178,ERP_EXPORT,SUP0014,Skyroute Travel,Travel,Finance,74622.85,INR,CTR0005,ON_CONTRACT,,2026-03-13,skyroute travel,False
TXN004179,ERP_EXPORT,SUP0011,Sterling Advisory,Professional Services,Facilities,108657.62,INR,CTR0004,ON_CONTRACT,REQ00338,2025-06-21,sterling advisory,False
TXN004181,ERP_EXPORT,SUP0014,Skyroute Travel,Travel,Operations,41021.71,INR,CTR0005,ON_CONTRACT,REQ00368,2025-12-30,skyroute travel,False
TXN004182,ERP_EXPORT,SUP0001,Nexa Technologies Pvt Ltd,It Hardware,Facilities,129238.63,INR,CTR0001,ON_CONTRACT,,2025-11-08,nexa technologies,False
TXN004185,ERP_EXPORT,SUP0019,Lumen Creative,Marketing Services,Facilities,38649.39,INR,CTR0007,ON_CONTRACT,REQ00193,2025-11-16,lumen creative,False
TXN004186,ERP_EXPORT,SUP0011,Sterling Advisory,Professional Services,Finance,172803.21,INR,CTR0004,ON_CONTRACT,REQ00147,2025-11-13,sterling advisory,False
TXN004188,ERP_EXPORT,SUP0018,Urban Upkeep,Facilities Maintenance,It,44709.55,INR,,OFF_CONTRACT,,2025-05-26,urban upkeep,False
TXN004190,ERP_EXPORT,SUP0019,Lumen Creative,Marketing Services,R&D,118085.61,INR,CTR0007,ON_CONTRACT,REQ00527,2025-07-10,lumen creative,False
TXN004192,ERP_EXPORT,SUP0021,Pulse Marketing Co,Uncategorised,Operations,142200.32,INR,,NO_CONTRACT,,2026-01-18,pulse marketing,False
TXN004194,ERP_EXPORT,SUP0019,Lumen Creative,Marketing Services,Logistics,122234.89,INR,CTR0007,ON_CONTRACT,,2025-12-22,lumen creative,False
TXN004195,ERP_EXPORT,SUP0016,Prime Facility Care,Facilities Maintenance,R&D,47150.36,INR,CTR0006,ON_CONTRACT,REQ00108,2026-01-05,prime facility care,False
TXN004196,ERP_EXPORT,SUP0015,Voyager Corporate Travel,Travel,Operations,23304.48,INR,,OFF_CONTRACT,REQ00583,2025-04-05,voyager corporate travel,False
TXN004197,ERP_EXPORT,SUP0001,Nexa Technologies Pvt Ltd,It Hardware,Human Resources,28981.89,INR,CTR0001,ON_CONTRACT,,2026-02-08,nexa technologies,False
TXN004198,ERP_EXPORT,SUP0015,Voyager Corporate Travel,Travel,Human Resources,31332.39,INR,,OFF_CONTRACT,,2025-09-06,voyager corporate travel,False
TXN004201,ERP_EXPORT,SUP0005,Cloudspan Software,It Software & Licences,Human Resources,104245.73,INR,CTR0002,ON_CONTRACT,REQ00594,2026-02-28,cloudspan software,False
TXN004202,ERP_EXPORT,SUP0013,Adept Partners,Professional Services,It,81211.6,INR,,OFF_CONTRACT,REQ00621,2026-03-27,adept partners,False
TXN004205,ERP_EXPORT,SUP0014,Skyroute Travel,Travel,Operations,16859.65,INR,CTR0005,ON_CONTRACT,REQ00454,2026-02-28,skyroute travel,False
TXN004206,ERP_EXPORT,SUP0006,Vertex Licensing,It Software & Licences,R&D,65241.56,INR,,NO_CONTRACT,REQ00703,2026-02-21,vertex licensing,False
TXN004207,ERP_EXPORT,SUP0011,Sterling Advisory,Professional Services,It,162968.38,INR,CTR0004,ON_CONTRACT,REQ00548,2025-07-21,sterling advisory,False
TXN004208,ERP_EXPORT,SUP0019,Lumen Creative,Marketing Services,Operations,95792.42,INR,CTR0007,ON_CONTRACT,,2025-12-13,lumen creative,False
TXN004209,ERP_EXPORT,SUP0016,Prime Facility Care,Facilities Maintenance,Operations,15161.93,INR,CTR0006,ON_CONTRACT,REQ00602,2026-02-04,prime facility care,False
TXN004210,ERP_EXPORT,SUP0016,Prime Facility Care,Facilities Maintenance,It,13421.61,INR,CTR0006,ON_CONTRACT,,2025-07-24,prime facility care,False
TXN004213,ERP_EXPORT,SUP0011,Sterling Advisory,Professional Services,Human Resources,154312.43,INR,CTR0004,ON_CONTRACT,REQ00077,2025-08-28,sterling advisory,False
TXN004215,ERP_EXPORT,SUP0016,Prime Facility Care,Facilities Maintenance,It,48266.45,INR,CTR0006,ON_CONTRACT,,2025-06-16,prime facility care,False
TXN004216,ERP_EXPORT,SUP0001,Nexa Technologies Pvt Ltd,It Hardware,Human Resources,152110.46,INR,CTR0001,ON_CONTRACT,REQ00429,2025-09-06,nexa technologies,False
TXN004217,ERP_EXPORT,SUP0015,Voyager Corporate Travel,Travel,Logistics,11409.47,INR,,OFF_CONTRACT,,2025-05-27,voyager corporate travel,False
TXN004218,ERP_EXPORT,SUP0008,Orion Office Supplies,Office Supplies,Facilities,13456.99,INR,CTR0003,ON_CONTRACT,,2025-06-15,orion office supplies,False
TXN004220,ERP_EXPORT,SUP0001,Nexa Technologies Pvt Ltd,It Hardware,Marketing,642352.03,INR,CTR0001,ON_CONTRACT,REQ00154,2026-01-03,nexa technologies,False
TXN004224,ERP_EXPORT,SUP0014,Skyroute Travel,Travel,Marketing,74413.8,INR,CTR0005,ON_CONTRACT,REQ00879,2025-07-08,skyroute travel,False
TXN004226,ERP_EXPORT,SUP0011,Sterling Advisory,Professional Services,Marketing,193346.56,INR,CTR0004,ON_CONTRACT,,2025-11-04,sterling advisory,False
TXN004228,ERP_EXPORT,SUP0001,Nexa Technologies Pvt Ltd,It Hardware,It,124349.66,INR,CTR0001,ON_CONTRACT,REQ00474,2025-04-13,nexa technologies,False
TXN004229,ERP_EXPORT,SUP0007,Meridian Softworks,It Software & Licences,It,63949.07,INR,,NO_CONTRACT,REQ00599,2025-07-16,meridian softworks,False
TXN004230,ERP_EXPORT,SUP0014,Skyroute Travel,Travel,R&D,23574.76,INR,CTR0005,ON_CONTRACT,,2025-06-23,skyroute travel,False
TXN004232,ERP_EXPORT,SUP0005,Cloudspan Software,It Software & Licences,R&D,73428.79,INR,CTR0002,ON_CONTRACT,,2026-02-07,cloudspan software,False
TXN004235,ERP_EXPORT,SUP0011,Sterling Advisory,Professional Services,Human Resources,44396.16,INR,CTR0004,ON_CONTRACT,REQ00799,2025-04-28,sterling advisory,False
TXN004236,ERP_EXPORT,SUP0016,Prime Facility Care,Facilities Maintenance,Logistics,28946.39,INR,CTR0006,ON_CONTRACT,,2025-12-31,prime facility care,False
TXN004237,ERP_EXPORT,SUP0022,Transcore Logistics,Logistics & Freight,Operations,16721.16,INR,CTR0008,ON_CONTRACT,REQ00710,2026-03-05,transcore logistics,False
TXN004238,ERP_EXPORT,SUP0002,Zenith Computing,It Hardware,It,143811.73,INR,,NO_CONTRACT,,2025-08-11,zenith computing,False
TXN004239,ERP_EXPORT,SUP0019,Lumen Creative,Marketing Services,Finance,118295.04,INR,CTR0007,ON_CONTRACT,REQ00278,2025-12-08,lumen creative,False
TXN004240,ERP_EXPORT,SUP0019,Lumen Creative,Marketing Services,It,66389.31,INR,CTR0007,ON_CONTRACT,,2025-08-14,lumen creative,False
TXN004242,ERP_EXPORT,SUP0022,Transcore Logistics,Logistics & Freight,Human Resources,44862.79,INR,CTR0008,ON_CONTRACT,REQ00004,2026-03-23,transcore logistics,False
TXN004243,ERP_EXPORT,SUP0014,Skyroute Travel,Travel,Logistics,70012.81,INR,CTR0005,ON_CONTRACT,,2025-04-28,skyroute travel,False
TXN004245,ERP_EXPORT,SUP0014,Skyroute Travel,Travel,Marketing,41806.94,INR,CTR0005,ON_CONTRACT,REQ00151,2025-10-23,skyroute travel,False
TXN004247,ERP_EXPORT,SUP0016,Prime Facility Care,Facilities Maintenance,R&D,25052.75,INR,CTR0006,ON_CONTRACT,REQ00397,2025-10-21,prime facility care,False
TXN004249,ERP_EXPORT,SUP0016,Prime Facility Care,Facilities Maintenance,Operations,45072.59,INR,CTR0006,ON_CONTRACT,,2025-06-29,prime facility care,False
TXN004251,ERP_EXPORT,SUP0005,Cloudspan Software,It Software & Licences,Human Resources,54673.12,INR,CTR0002,ON_CONTRACT,,2025-12-24,cloudspan software,False
TXN004253,ERP_EXPORT,SUP0008,Orion Office Supplies,Office Supplies,Facilities,9804.02,INR,CTR0003,ON_CONTRACT,,2025-04-29,orion office supplies,False
TXN004254,ERP_EXPORT,SUP0022,Transcore Logistics,Logistics & Freight,Operations,53992.33,INR,CTR0008,ON_CONTRACT,REQ00562,2026-01-22,transcore logistics,False
TXN004255,ERP_EXPORT,SUP0018,Urban Upkeep,Facilities Maintenance,Marketing,19715.38,INR,,OFF_CONTRACT,,2025-08-29,urban upkeep,False
TXN004256,ERP_EXPORT,SUP0019,Lumen Creative,Marketing Services,Facilities,112134.31,INR,CTR0007,ON_CONTRACT,REQ00849,2026-01-18,lumen creative,False
TXN004257,ERP_EXPORT,SUP0001,Nexa Technologies Pvt Ltd,It Hardware,Facilities,179651.16,INR,CTR0001,ON_CONTRACT,REQ00755,2025-10-03,nexa technologies,False
TXN004258,ERP_EXPORT,SUP0001,Nexa Technologies Pvt Ltd,It Hardware,Marketing,95019.62,INR,CTR0001,ON_CONTRACT,REQ00296,2026-01-15,nexa technologies,False
TXN004260,ERP_EXPORT,SUP0008,Orion Office Supplies,Office Supplies,Marketing,11216.2,INR,CTR0003,ON_CONTRACT,,2025-11-27,orion office supplies,False
TXN004261,ERP_EXPORT,SUP0018,Urban Upkeep,Facilities Maintenance,Logistics,16908.77,INR,,OFF_CONTRACT,,2026-03-01,urban upkeep,False
TXN004264,ERP_EXPORT,SUP0014,Skyroute Travel,Travel,Human Resources,39756.5,INR,CTR0005,ON_CONTRACT,REQ00292,2025-05-28,skyroute travel,False
TXN004265,ERP_EXPORT,SUP0016,Prime Facility Care,Facilities Maintenance,It,49581.42,INR,CTR0006,ON_CONTRACT,,2026-03-15,prime facility care,False
TXN004268,ERP_EXPORT,SUP0022,Transcore Logistics,Logistics & Freight,R&D,17100.04,INR,CTR0008,ON_CONTRACT,,2025-04-03,transcore logistics,False
TXN004272,ERP_EXPORT,SUP0001,Nexa Technologies Pvt Ltd,It Hardware,Human Resources,172957.72,INR,CTR0001,ON_CONTRACT,REQ00579,2026-02-11,nexa technologies,False
TXN004273,ERP_EXPORT,SUP0019,Lumen Creative,Marketing Services,Operations,41200.52,INR,CTR0007,ON_CONTRACT,REQ00452,2026-01-28,lumen creative,False
TXN004274,ERP_EXPORT,SUP0005,Cloudspan Software,It Software & Licences,It,65128.7,INR,CTR0002,ON_CONTRACT,,2025-12-22,cloudspan software,False
TXN004280,ERP_EXPORT,SUP0014,Skyroute Travel,Travel,Logistics,40122.88,INR,CTR0005,ON_CONTRACT,,2026-01-06,skyroute travel,False
TXN004281,ERP_EXPORT,SUP0005,Cloudspan Software,It Software & Licences,Facilities,32079.39,INR,CTR0002,ON_CONTRACT,,2025-08-23,cloudspan software,False
TXN004283,ERP_EXPORT,SUP0011,Sterling Advisory,Professional Services,Human Resources,83854.5,INR,CTR0004,ON_CONTRACT,,2025-07-02,sterling advisory,False
TXN004284,ERP_EXPORT,SUP0005,Cloudspan Software,It Software & Licences,Marketing,21149.36,INR,CTR0002,ON_CONTRACT,REQ00549,2025-04-25,cloudspan software,False
TXN004285,ERP_EXPORT,SUP0014,Skyroute Travel,Travel,Marketing,53294.02,INR,CTR0005,ON_CONTRACT,REQ00886,2025-11-06,skyroute travel,False
TXN004286,ERP_EXPORT,SUP0022,Transcore Logistics,Logistics & Freight,Logistics,61404.07,INR,CTR0008,ON_CONTRACT,,2025-09-17,transcore logistics,False
TXN004287,ERP_EXPORT,SUP0014,Skyroute Travel,Travel,Logistics,79496.87,INR,CTR0005,ON_CONTRACT,,2025-05-06,skyroute travel,False
TXN004288,ERP_EXPORT,SUP0011,Sterling Advisory,Professional Services,Marketing,161166.14,INR,CTR0004,ON_CONTRACT,,2026-01-23,sterling advisory,False
TXN004290,ERP_EXPORT,SUP0019,Lumen Creative,Marketing Services,Facilities,132421.66,INR,CTR0007,ON_CONTRACT,,2026-01-23,lumen creative,False
TXN004293,ERP_EXPORT,SUP0019,Lumen Creative,Marketing Services,Marketing,99219.08,INR,CTR0007,ON_CONTRACT,,2025-08-01,lumen creative,False
TXN004294,ERP_EXPORT,SUP0026,Nexa Tech Pvt Ltd,It Hardware,R&D,165742.87,INR,,NO_CONTRACT,REQ00259,2025-12-22,nexa tech,False
TXN004295,ERP_EXPORT,SUP0002,Zenith Computing,It Hardware,It,86428.46,INR,,NO_CONTRACT,REQ00134,2025-11-17,zenith computing,False
TXN004296,ERP_EXPORT,SUP0014,Skyroute Travel,Travel,Logistics,32298.72,INR,CTR0005,ON_CONTRACT,,2025-06-30,skyroute travel,False
TXN004297,ERP_EXPORT,SUP0022,Transcore Logistics,Logistics & Freight,Marketing,23907.96,INR,CTR0008,ON_CONTRACT,REQ00468,2025-09-28,transcore logistics,False
TXN004298,ERP_EXPORT,SUP0019,Lumen Creative,Marketing Services,Facilities,41202.37,INR,CTR0007,ON_CONTRACT,REQ00079,2025-07-17,lumen creative,False
TXN004300,ERP_EXPORT,SUP0019,Lumen Creative,Marketing Services,Human Resources,103395.18,INR,CTR0007,ON_CONTRACT,REQ00883,2025-12-18,lumen creative,False
TXN004301,ERP_EXPORT,SUP0016,Prime Facility Care,Facilities Maintenance,Finance,14836.92,INR,CTR0006,ON_CONTRACT,REQ00726,2025-08-30,prime facility care,False
TXN004302,ERP_EXPORT,SUP0005,Cloudspan Software,It Software & Licences,Marketing,113654.7,INR,CTR0002,ON_CONTRACT,REQ00078,2025-06-27,cloudspan software,False
TXN004303,ERP_EXPORT,SUP0019,Lumen Creative,Marketing Services,Finance,125718.71,INR,CTR0007,ON_CONTRACT,,2026-02-09,lumen creative,False
TXN004305,ERP_EXPORT,SUP0014,Skyroute Travel,Travel,Marketing,75931.97,INR,CTR0005,ON_CONTRACT,REQ00082,2026-03-09,skyroute travel,False
TXN004307,ERP_EXPORT,SUP0011,Sterling Advisory,Professional Services,R&D,140136.16,INR,CTR0004,ON_CONTRACT,,2025-12-24,sterling advisory,False
TXN004309,ERP_EXPORT,SUP0016,Prime Facility Care,Facilities Maintenance,Logistics,59719.17,INR,CTR0006,ON_CONTRACT,,2025-04-15,prime facility care,False
TXN004310,ERP_EXPORT,SUP0011,Sterling Advisory,Professional Services,Logistics,204528.61,INR,CTR0004,ON_CONTRACT,REQ00232,2025-08-16,sterling advisory,False
TXN004311,ERP_EXPORT,SUP0022,Transcore Logistics,Logistics & Freight,Operations,34996.75,INR,CTR0008,ON_CONTRACT,,2025-08-15,transcore logistics,False
TXN004315,ERP_EXPORT,SUP0008,Orion Office Supplies,Office Supplies,Logistics,24331.63,INR,CTR0003,ON_CONTRACT,,2025-04-12,orion office supplies,False
TXN004317,ERP_EXPORT,SUP0016,Prime Facility Care,Facilities Maintenance,R&D,53323.96,INR,CTR0006,ON_CONTRACT,REQ00744,2026-03-25,prime facility care,False
TXN004319,ERP_EXPORT,SUP0005,Cloudspan Software,It Software & Licences,Facilities,57569.4,INR,CTR0002,ON_CONTRACT,REQ00598,2025-11-02,cloudspan software,False
TXN004322,ERP_EXPORT,SUP0022,Transcore Logistics,Logistics & Freight,Marketing,89682.79,INR,CTR0008,ON_CONTRACT,,2025-05-07,transcore logistics,False
TXN004325,ERP_EXPORT,SUP0014,Skyroute Travel,Travel,Finance,74393.35,INR,CTR0005,ON_CONTRACT,REQ00088,2025-06-05,skyroute travel,False
TXN004328,ERP_EXPORT,SUP0019,Lumen Creative,Marketing Services,Facilities,157552.98,INR,CTR0007,ON_CONTRACT,REQ00690,2025-04-09,lumen creative,False
TXN004329,ERP_EXPORT,SUP0005,Cloudspan Software,It Software & Licences,Logistics,24043.87,INR,CTR0002,ON_CONTRACT,REQ00828,2025-07-11,cloudspan software,False
TXN004330,ERP_EXPORT,SUP0016,Prime Facility Care,Facilities Maintenance,Logistics,58863.21,INR,CTR0006,ON_CONTRACT,REQ00524,2025-11-22,prime facility care,False
TXN004331,ERP_EXPORT,SUP0006,Vertex Licensing,It Software & Licences,R&D,44435.15,INR,,NO_CONTRACT,,2025-10-06,vertex licensing,False
TXN004332,ERP_EXPORT,SUP0022,Transcore Logistics,Logistics & Freight,Human Resources,22970.91,INR,CTR0008,ON_CONTRACT,REQ00507,2025-09-22,transcore logistics,False
TXN004333,ERP_EXPORT,SUP0016,Prime Facility Care,Facilities Maintenance,Finance,36391.34,INR,CTR0006,ON_CONTRACT,REQ00351,2025-09-13,prime facility care,False
TXN004334,ERP_EXPORT,SUP0011,Sterling Advisory,Professional Services,Facilities,175230.88,INR,CTR0004,ON_CONTRACT,REQ00308,2025-12-20,sterling advisory,False
TXN004337,ERP_EXPORT,SUP0008,Orion Office Supplies,Office Supplies,Finance,15787.61,INR,CTR0003,ON_CONTRACT,REQ00069,2026-02-07,orion office supplies,False
TXN004340,ERP_EXPORT,SUP0008,Orion Office Supplies,Office Supplies,Human Resources,6975.65,INR,CTR0003,ON_CONTRACT,REQ00027,2025-12-19,orion office supplies,False
TXN004341,ERP_EXPORT,SUP0008,Orion Office Supplies,Office Supplies,Finance,12179.28,INR,CTR0003,ON_CONTRACT,,2025-08-02,orion office supplies,False
TXN004343,ERP_EXPORT,SUP0002,Zenith Computing,It Hardware,R&D,152175.58,INR,,NO_CONTRACT,REQ00660,2025-04-12,zenith computing,False
TXN004346,ERP_EXPORT,SUP0022,Transcore Logistics,Logistics & Freight,Marketing,41307.54,INR,CTR0008,ON_CONTRACT,,2026-03-02,transcore logistics,False
TXN004347,ERP_EXPORT,SUP0012,Cobalt Consulting,Professional Services,It,207954.51,INR,,OFF_CONTRACT,REQ00609,2025-05-15,cobalt consulting,False
TXN004348,ERP_EXPORT,SUP0005,Cloudspan Software,It Software & Licences,Operations,73242.14,INR,CTR0002,ON_CONTRACT,REQ00515,2026-03-30,cloudspan software,False
TXN004349,ERP_EXPORT,SUP0016,Prime Facility Care,Facilities Maintenance,R&D,59555.94,INR,CTR0006,ON_CONTRACT,,2025-11-23,prime facility care,False
TXN004350,ERP_EXPORT,SUP0019,Lumen Creative,Marketing Services,Logistics,108404.23,INR,CTR0007,ON_CONTRACT,REQ00840,2025-06-05,lumen creative,False
TXN004351,ERP_EXPORT,SUP0005,Cloudspan Software,It Software & Licences,Marketing,97362.57,INR,CTR0002,ON_CONTRACT,,2026-03-23,cloudspan software,False
TXN004353,ERP_EXPORT,SUP0001,Nexa Technologies Pvt Ltd,It Hardware,It,89191.87,INR,CTR0001,ON_CONTRACT,,2026-02-25,nexa technologies,False
TXN004355,ERP_EXPORT,SUP0001,Nexa Technologies Pvt Ltd,It Hardware,Operations,108872.64,INR,CTR0001,ON_CONTRACT,REQ00402,2026-01-13,nexa technologies,False
TXN004364,ERP_EXPORT,SUP0011,Sterling Advisory,Professional Services,Operations,149914.29,INR,CTR0004,ON_CONTRACT,,2026-02-23,sterling advisory,False
TXN004368,ERP_EXPORT,SUP0014,Skyroute Travel,Travel,R&D,44230.36,INR,CTR0005,ON_CONTRACT,REQ00620,2025-08-04,skyroute travel,False
TXN004369,ERP_EXPORT,SUP0009,Paperline Traders,Office Supplies,Logistics,5757.44,INR,,OFF_CONTRACT,REQ00505,2025-05-26,paperline traders,False
TXN004370,ERP_EXPORT,SUP0016,Prime Facility Care,Facilities Maintenance,It,21067.54,INR,CTR0006,ON_CONTRACT,,2025-05-04,prime facility care,False
TXN004371,ERP_EXPORT,SUP0014,Skyroute Travel,Travel,Operations,24588.1,INR,CTR0005,ON_CONTRACT,REQ00222,2025-08-31,skyroute travel,False
TXN004372,ERP_EXPORT,SUP0012,Cobalt Consulting,Professional Services,Logistics,121208.48,INR,,OFF_CONTRACT,REQ00713,2026-01-03,cobalt consulting,False
TXN004374,ERP_EXPORT,SUP0008,Orion Office Supplies,Office Supplies,Finance,11149.25,INR,CTR0003,ON_CONTRACT,,2025-09-30,orion office supplies,False
TXN004375,ERP_EXPORT,SUP0016,Prime Facility Care,Facilities Maintenance,Facilities,40702.45,INR,CTR0006,ON_CONTRACT,,2025-11-02,prime facility care,False
TXN004376,ERP_EXPORT,SUP0003,BluePeak Systems,It Hardware,Marketing,99910.61,INR,,NO_CONTRACT,,2025-07-30,bluepeak systems,False
TXN004377,ERP_EXPORT,SUP0019,Lumen Creative,Marketing Services,Operations,73589.77,INR,CTR0007,ON_CONTRACT,REQ00501,2025-07-10,lumen creative,False
TXN004378,ERP_EXPORT,SUP0021,Pulse Marketing Co,Marketing Services,Operations,137480.53,INR,,OFF_CONTRACT,REQ00034,2025-08-11,pulse marketing,False
TXN004379,ERP_EXPORT,SUP0011,Sterling Advisory,Professional Services,Human Resources,70518.61,INR,CTR0004,ON_CONTRACT,REQ00819,2025-08-19,sterling advisory,False
TXN004380,ERP_EXPORT,SUP0021,Pulse Marketing Co,Marketing Services,R&D,90797.54,INR,,OFF_CONTRACT,REQ00786,2025-05-16,pulse marketing,False
TXN004381,ERP_EXPORT,SUP0008,Orion Office Supplies,Office Supplies,Logistics,3426.95,INR,CTR0003,ON_CONTRACT,REQ00173,2026-01-20,orion office supplies,False
TXN004382,ERP_EXPORT,SUP0022,Transcore Logistics,Logistics & Freight,Human Resources,17905.92,INR,CTR0008,ON_CONTRACT,REQ00310,2025-04-03,transcore logistics,False
TXN004384,ERP_EXPORT,SUP0022,Transcore Logistics,Logistics & Freight,Human Resources,58979.53,INR,CTR0008,ON_CONTRACT,,2026-03-26,transcore logistics,False
TXN004385,ERP_EXPORT,SUP0019,Lumen Creative,Marketing Services,R&D,142924.69,INR,CTR0007,ON_CONTRACT,REQ00315,2025-10-15,lumen creative,False
TXN004386,ERP_EXPORT,SUP0004,Arcadia IT Traders,It Hardware,Marketing,111470.42,INR,,NO_CONTRACT,REQ00767,2025-04-12,arcadia it traders,False
TXN004391,ERP_EXPORT,SUP0005,Cloudspan Software,It Software & Licences,Marketing,34454.07,INR,CTR0002,ON_CONTRACT,REQ00795,2025-06-16,cloudspan software,False
TXN004398,ERP_EXPORT,SUP0014,Skyroute Travel,Travel,Logistics,14329.38,INR,CTR0005,ON_CONTRACT,,2025-04-18,skyroute travel,False
TXN004399,ERP_EXPORT,SUP0001,Nexa Technologies Pvt Ltd,It Hardware,Logistics,51332.5,INR,CTR0001,ON_CONTRACT,,2025-09-17,nexa technologies,False
TXN004400,ERP_EXPORT,SUP0016,Prime Facility Care,Facilities Maintenance,Marketing,17616.66,INR,CTR0006,ON_CONTRACT,,2025-09-29,prime facility care,False
TXN004403,ERP_EXPORT,SUP0001,Nexa Technologies Pvt Ltd,It Hardware,Facilities,63106.35,INR,CTR0001,ON_CONTRACT,,2025-11-15,nexa technologies,False
TXN004404,ERP_EXPORT,SUP0011,Sterling Advisory,Professional Services,Human Resources,115209.34,INR,CTR0004,ON_CONTRACT,,2025-09-11,sterling advisory,False
TXN004408,ERP_EXPORT,SUP0014,Skyroute Travel,Travel,R&D,19689.64,INR,CTR0005,ON_CONTRACT,,2025-08-01,skyroute travel,False
TXN004411,ERP_EXPORT,SUP0011,Sterling Advisory,Professional Services,Logistics,56119.19,INR,CTR0004,ON_CONTRACT,,2025-10-25,sterling advisory,False
TXN004412,ERP_EXPORT,SUP0022,Transcore Logistics,Logistics & Freight,Operations,12347.56,INR,CTR0008,ON_CONTRACT,REQ00142,2025-10-30,transcore logistics,False
TXN004414,ERP_EXPORT,SUP0023,FleetBridge Cargo,Logistics & Freight,It,65271.02,INR,,OFF_CONTRACT,REQ00591,2025-06-01,fleetbridge cargo,False
TXN004415,ERP_EXPORT,SUP0005,Cloudspan Software,It Software & Licences,R&D,58132.83,INR,CTR0002,ON_CONTRACT,REQ00391,2026-03-31,cloudspan software,False
TXN004418,ERP_EXPORT,SUP0016,Prime Facility Care,Facilities Maintenance,Logistics,11440.3,INR,CTR0006,ON_CONTRACT,,2026-01-12,prime facility care,False
TXN004419,ERP_EXPORT,SUP0022,Transcore Logistics,Logistics & Freight,Facilities,39835.84,INR,CTR0008,ON_CONTRACT,,2025-09-22,transcore logistics,False
TXN004421,ERP_EXPORT,SUP0001,Nexa Technologies Pvt Ltd,It Hardware,Marketing,40255.75,INR,CTR0001,ON_CONTRACT,REQ00586,2026-01-25,nexa technologies,False
TXN004425,ERP_EXPORT,SUP0025,NEXA TECHNOLOGIES PVT. LTD.,It Hardware,It,73881.38,INR,,NO_CONTRACT,REQ00831,2025-08-04,nexa technologies,False
TXN004426,ERP_EXPORT,SUP0022,Transcore Logistics,Logistics & Freight,R&D,44631.21,INR,CTR0008,ON_CONTRACT,,2026-03-27,transcore logistics,False
TXN004427,ERP_EXPORT,SUP0021,Pulse Marketing Co,Marketing Services,It,53169.36,INR,,OFF_CONTRACT,REQ00861,2026-03-28,pulse marketing,False
TXN004431,ERP_EXPORT,SUP0016,Prime Facility Care,Facilities Maintenance,R&D,50652.75,INR,CTR0006,ON_CONTRACT,REQ00370,2026-03-13,prime facility care,False
TXN004432,ERP_EXPORT,SUP0014,Skyroute Travel,Travel,Marketing,52848.17,INR,CTR0005,ON_CONTRACT,REQ00458,2026-01-26,skyroute travel,False
TXN004433,ERP_EXPORT,SUP0014,Skyroute Travel,Travel,It,46957.37,INR,CTR0005,ON_CONTRACT,,2025-04-21,skyroute travel,False
TXN004439,ERP_EXPORT,SUP0022,Transcore Logistics,Logistics & Freight,Facilities,94378.71,INR,CTR0008,ON_CONTRACT,REQ00726,2026-01-11,transcore logistics,False
TXN004441,ERP_EXPORT,SUP0011,Sterling Advisory,Professional Services,Operations,223604.54,INR,CTR0004,ON_CONTRACT,REQ00265,2025-06-06,sterling advisory,False
TXN004442,ERP_EXPORT,SUP0008,Orion Office Supplies,Office Supplies,R&D,21104.32,INR,CTR0003,ON_CONTRACT,REQ00790,2025-12-23,orion office supplies,False
TXN004444,ERP_EXPORT,SUP0016,Prime Facility Care,Facilities Maintenance,Operations,33959.95,INR,CTR0006,ON_CONTRACT,,2025-11-28,prime facility care,False
TXN004446,ERP_EXPORT,SUP0011,Sterling Advisory,Professional Services,Operations,245426.34,INR,CTR0004,ON_CONTRACT,REQ00780,2025-07-10,sterling advisory,False
TXN004447,ERP_EXPORT,SUP0005,Cloudspan Software,It Software & Licences,Operations,33993.65,INR,CTR0002,ON_CONTRACT,REQ00376,2025-10-22,cloudspan software,False
TXN004450,ERP_EXPORT,SUP0005,Cloudspan Software,It Software & Licences,R&D,91741.39,INR,CTR0002,ON_CONTRACT,REQ00669,2026-02-16,cloudspan software,False
TXN004452,ERP_EXPORT,SUP0008,Orion Office Supplies,Office Supplies,Operations,15302.27,INR,CTR0003,ON_CONTRACT,REQ00685,2025-06-20,orion office supplies,False
TXN004453,ERP_EXPORT,SUP0019,Lumen Creative,Marketing Services,Marketing,136565.65,INR,CTR0007,ON_CONTRACT,,2025-11-17,lumen creative,False
TXN004456,ERP_EXPORT,SUP0001,Nexa Technologies Pvt Ltd,It Hardware,Logistics,34240.69,INR,CTR0001,ON_CONTRACT,,2026-03-13,nexa technologies,False
TXN004457,ERP_EXPORT,SUP0011,Sterling Advisory,Professional Services,Finance,185330.62,INR,CTR0004,ON_CONTRACT,REQ00169,2025-05-19,sterling advisory,False
TXN004458,ERP_EXPORT,SUP0018,Urban Upkeep,Facilities Maintenance,Finance,18399.24,INR,,OFF_CONTRACT,,2025-05-12,urban upkeep,False
TXN004459,ERP_EXPORT,SUP0001,Nexa Technologies Pvt Ltd,It Hardware,R&D,89451.88,INR,CTR0001,ON_CONTRACT,REQ00755,2026-02-27,nexa technologies,False
TXN004461,ERP_EXPORT,SUP0014,Skyroute Travel,Travel,Human Resources,41024.64,INR,CTR0005,ON_CONTRACT,,2026-01-21,skyroute travel,False
TXN004462,ERP_EXPORT,SUP0019,Lumen Creative,Marketing Services,Finance,92745.63,INR,CTR0007,ON_CONTRACT,,2025-05-16,lumen creative,False
TXN004463,ERP_EXPORT,SUP0001,Nexa Technologies Pvt Ltd,It Hardware,Human Resources,179461.58,INR,CTR0001,ON_CONTRACT,REQ00481,2025-10-13,nexa technologies,False
TXN004464,ERP_EXPORT,SUP0008,Orion Office Supplies,Office Supplies,R&D,5110.0,INR,CTR0003,ON_CONTRACT,REQ00694,2025-11-13,orion office supplies,False
TXN004466,ERP_EXPORT,SUP0014,Skyroute Travel,Travel,Finance,40472.08,INR,CTR0005,ON_CONTRACT,REQ00762,2025-08-25,skyroute travel,False
TXN004468,ERP_EXPORT,SUP0022,Transcore Logistics,Logistics & Freight,Facilities,25175.15,INR,CTR0008,ON_CONTRACT,REQ00150,2025-11-26,transcore logistics,False
TXN004469,ERP_EXPORT,SUP0011,Sterling Advisory,Professional Services,Marketing,239347.35,INR,CTR0004,ON_CONTRACT,REQ00400,2026-03-03,sterling advisory,False
TXN004471,ERP_EXPORT,SUP0014,Skyroute Travel,Travel,Facilities,82377.44,INR,CTR0005,ON_CONTRACT,REQ00401,2025-04-03,skyroute travel,False
TXN004472,ERP_EXPORT,SUP0005,Cloudspan Software,It Software & Licences,It,119110.94,INR,CTR0002,ON_CONTRACT,REQ00532,2025-11-07,cloudspan software,False
TXN004474,ERP_EXPORT,SUP0011,Sterling Advisory,Professional Services,Finance,114642.26,INR,CTR0004,ON_CONTRACT,,2025-08-22,sterling advisory,False
TXN004475,ERP_EXPORT,SUP0005,Cloudspan Software,It Software & Licences,It,85268.0,INR,CTR0002,ON_CONTRACT,,2026-02-10,cloudspan software,False
TXN004476,ERP_EXPORT,SUP0001,Nexa Technologies Pvt Ltd,It Hardware,R&D,99989.39,INR,CTR0001,ON_CONTRACT,REQ00790,2026-03-29,nexa technologies,False
TXN004477,ERP_EXPORT,SUP0016,Prime Facility Care,Facilities Maintenance,It,35103.37,INR,CTR0006,ON_CONTRACT,REQ00770,2025-12-08,prime facility care,False
TXN004478,ERP_EXPORT,SUP0011,Sterling Advisory,Professional Services,Human Resources,115140.36,INR,CTR0004,ON_CONTRACT,REQ00506,2025-07-19,sterling advisory,False
TXN004482,ERP_EXPORT,SUP0022,Transcore Logistics,Logistics & Freight,Operations,51154.41,INR,CTR0008,ON_CONTRACT,,2025-08-19,transcore logistics,False
TXN004483,ERP_EXPORT,SUP0012,Cobalt Consulting,Professional Services,R&D,156229.07,INR,,OFF_CONTRACT,REQ00634,2025-07-19,cobalt consulting,False
TXN004485,ERP_EXPORT,SUP0008,Orion Office Supplies,Office Supplies,Operations,6832.47,INR,CTR0003,ON_CONTRACT,REQ00542,2025-10-25,orion office supplies,False
TXN004486,ERP_EXPORT,SUP0016,Prime Facility Care,Facilities Maintenance,Facilities,54536.28,INR,CTR0006,ON_CONTRACT,,2025-10-17,prime facility care,False
TXN004487,ERP_EXPORT,SUP0024,Nexa Technologies,It Hardware,It,28905.86,INR,,NO_CONTRACT,REQ00047,2025-07-17,nexa technologies,False
TXN004489,ERP_EXPORT,SUP0011,Sterling Advisory,Professional Services,Human Resources,203844.66,INR,CTR0004,ON_CONTRACT,REQ00753,2026-01-24,sterling advisory,False
TXN004494,ERP_EXPORT,SUP0016,Prime Facility Care,Facilities Maintenance,It,57774.62,INR,CTR0006,ON_CONTRACT,REQ00347,2025-12-03,prime facility care,False
TXN004495,ERP_EXPORT,SUP0011,Sterling Advisory,Professional Services,It,194355.29,INR,CTR0004,ON_CONTRACT,REQ00877,2025-08-29,sterling advisory,False
TXN004498,ERP_EXPORT,SUP0005,Cloudspan Software,It Software & Licences,Finance,28984.12,INR,CTR0002,ON_CONTRACT,REQ00365,2025-09-20,cloudspan software,False
TXN004500,ERP_EXPORT,SUP0020,BrightArc Media,Marketing Services,It,78673.93,INR,,OFF_CONTRACT,REQ00658,2025-09-07,brightarc media,False
TXN004501,ERP_EXPORT,SUP0008,Orion Office Supplies,Office Supplies,Marketing,15783.88,INR,CTR0003,ON_CONTRACT,,2026-01-11,orion office supplies,False
TXN004503,ERP_EXPORT,SUP0009,Paperline Traders,Office Supplies,Marketing,8628.24,INR,,OFF_CONTRACT,REQ00200,2025-08-22,paperline traders,False
TXN004504,ERP_EXPORT,SUP0016,Prime Facility Care,Facilities Maintenance,Human Resources,10387.86,INR,CTR0006,ON_CONTRACT,REQ00054,2025-07-19,prime facility care,False
TXN004508,ERP_EXPORT,SUP0005,Cloudspan Software,It Software & Licences,Facilities,17514.36,INR,CTR0002,ON_CONTRACT,REQ00121,2026-01-09,cloudspan software,False
TXN004512,ERP_EXPORT,SUP0011,Sterling Advisory,Professional Services,Finance,139046.39,INR,CTR0004,ON_CONTRACT,,2026-01-10,sterling advisory,False
TXN004514,ERP_EXPORT,SUP0014,Skyroute Travel,Travel,Facilities,59305.92,INR,CTR0005,ON_CONTRACT,REQ00773,2025-04-26,skyroute travel,False
TXN004515,ERP_EXPORT,SUP0011,Sterling Advisory,Professional Services,R&D,155611.65,INR,CTR0004,ON_CONTRACT,,2025-05-23,sterling advisory,False
TXN004519,ERP_EXPORT,SUP0018,Urban Upkeep,Facilities Maintenance,Marketing,21777.66,INR,,OFF_CONTRACT,,2025-11-20,urban upkeep,False
TXN004520,ERP_EXPORT,SUP0014,Skyroute Travel,Travel,Operations,9850.29,INR,CTR0005,ON_CONTRACT,,2026-02-21,skyroute travel,False
TXN004521,ERP_EXPORT,SUP0016,Prime Facility Care,Facilities Maintenance,Human Resources,61699.89,INR,CTR0006,ON_CONTRACT,REQ00281,2025-05-11,prime facility care,False
TXN004523,ERP_EXPORT,SUP0022,Transcore Logistics,Logistics & Freight,Operations,85924.65,INR,CTR0008,ON_CONTRACT,,2026-02-16,transcore logistics,False
TXN004525,ERP_EXPORT,SUP0011,Sterling Advisory,Professional Services,Human Resources,210133.83,INR,CTR0004,ON_CONTRACT,REQ00538,2026-02-17,sterling advisory,False
TXN004531,ERP_EXPORT,SUP0019,Lumen Creative,Marketing Services,Logistics,57631.67,INR,CTR0007,ON_CONTRACT,,2026-03-17,lumen creative,False
TXN004532,ERP_EXPORT,SUP0014,Skyroute Travel,Travel,Finance,24288.86,INR,CTR0005,ON_CONTRACT,,2025-12-11,skyroute travel,False
TXN004534,ERP_EXPORT,SUP0001,Nexa Technologies Pvt Ltd,It Hardware,Human Resources,72494.39,INR,CTR0001,ON_CONTRACT,,2025-05-03,nexa technologies,False
TXN004535,ERP_EXPORT,SUP0022,Transcore Logistics,Logistics & Freight,It,58076.1,INR,CTR0008,ON_CONTRACT,REQ00154,2025-04-05,transcore logistics,False
TXN004536,ERP_EXPORT,SUP0016,Prime Facility Care,Facilities Maintenance,Facilities,45279.5,INR,CTR0006,ON_CONTRACT,REQ00122,2025-12-20,prime facility care,False
TXN004537,ERP_EXPORT,SUP0014,Skyroute Travel,Travel,Finance,42972.98,INR,CTR0005,ON_CONTRACT,,2026-02-14,skyroute travel,False
TXN004538,ERP_EXPORT,SUP0011,Sterling Advisory,Professional Services,Marketing,169238.36,INR,CTR0004,ON_CONTRACT,REQ00736,2026-03-31,sterling advisory,False
TXN004539,ERP_EXPORT,SUP0005,Cloudspan Software,It Software & Licences,Marketing,23565.37,INR,CTR0002,ON_CONTRACT,,2026-01-22,cloudspan software,False
TXN004541,ERP_EXPORT,SUP0022,Transcore Logistics,Logistics & Freight,Operations,26261.85,INR,CTR0008,ON_CONTRACT,,2026-02-20,transcore logistics,False
TXN004542,ERP_EXPORT,SUP0023,FleetBridge Cargo,Logistics & Freight,Marketing,55000.43,INR,,OFF_CONTRACT,,2025-09-03,fleetbridge cargo,False
TXN004544,ERP_EXPORT,SUP0011,Sterling Advisory,Professional Services,Facilities,99489.72,INR,CTR0004,ON_CONTRACT,REQ00669,2025-04-08,sterling advisory,False
TXN004545,ERP_EXPORT,SUP0024,Nexa Technologies,It Hardware,Human Resources,87048.49,INR,,NO_CONTRACT,REQ00419,2025-09-24,nexa technologies,False
TXN004550,ERP_EXPORT,SUP0008,Orion Office Supplies,Office Supplies,Operations,20369.08,INR,CTR0003,ON_CONTRACT,REQ00375,2025-07-27,orion office supplies,False
TXN004551,ERP_EXPORT,SUP0008,Orion Office Supplies,Office Supplies,It,23453.32,INR,CTR0003,ON_CONTRACT,,2025-11-12,orion office supplies,False
TXN004552,ERP_EXPORT,SUP0019,Lumen Creative,Marketing Services,R&D,22819.3,INR,CTR0007,ON_CONTRACT,,2025-12-29,lumen creative,False
TXN004556,ERP_EXPORT,SUP0001,Nexa Technologies Pvt Ltd,It Hardware,Facilities,112511.55,INR,CTR0001,ON_CONTRACT,REQ00270,2025-07-22,nexa technologies,False
TXN004557,ERP_EXPORT,SUP0001,Nexa Technologies Pvt Ltd,It Hardware,R&D,127769.22,INR,CTR0001,ON_CONTRACT,REQ00294,2025-09-30,nexa technologies,False
TXN004560,ERP_EXPORT,SUP0022,Transcore Logistics,Logistics & Freight,Finance,94746.8,INR,CTR0008,ON_CONTRACT,REQ00839,2025-08-03,transcore logistics,False
TXN004561,ERP_EXPORT,SUP0015,Voyager Corporate Travel,Travel,R&D,67052.91,INR,,OFF_CONTRACT,,2025-11-26,voyager corporate travel,False
TXN004563,ERP_EXPORT,SUP0011,Sterling Advisory,Professional Services,Logistics,224748.0,INR,CTR0004,ON_CONTRACT,REQ00729,2026-01-03,sterling advisory,False
TXN004564,ERP_EXPORT,SUP0018,Urban Upkeep,Facilities Maintenance,Facilities,12953.25,INR,,OFF_CONTRACT,,2025-12-25,urban upkeep,False
TXN004565,ERP_EXPORT,SUP0006,Vertex Licensing,It Software & Licences,It,39263.49,INR,,NO_CONTRACT,,2025-06-06,vertex licensing,False
TXN004566,ERP_EXPORT,SUP0005,Cloudspan Software,It Software & Licences,Logistics,109225.5,INR,CTR0002,ON_CONTRACT,,2025-07-21,cloudspan software,False
TXN004568,ERP_EXPORT,SUP0002,Zenith Computing,Uncategorised,Marketing,59200.91,INR,,NO_CONTRACT,REQ00235,2026-02-03,zenith computing,False
TXN004569,ERP_EXPORT,SUP0016,Prime Facility Care,Facilities Maintenance,Logistics,18287.52,INR,CTR0006,ON_CONTRACT,REQ00462,2025-07-15,prime facility care,False
TXN004571,ERP_EXPORT,SUP0022,Transcore Logistics,Logistics & Freight,Logistics,53504.84,INR,CTR0008,ON_CONTRACT,REQ00471,2025-04-10,transcore logistics,False
TXN004572,ERP_EXPORT,SUP0011,Sterling Advisory,Professional Services,Finance,181727.57,INR,CTR0004,ON_CONTRACT,REQ00004,2026-03-11,sterling advisory,False
TXN004575,ERP_EXPORT,SUP0021,Pulse Marketing Co,Marketing Services,Human Resources,126400.78,INR,,OFF_CONTRACT,,2025-06-08,pulse marketing,False
TXN004580,ERP_EXPORT,SUP0005,Cloudspan Software,It Software & Licences,Human Resources,82788.27,INR,CTR0002,ON_CONTRACT,,2025-11-08,cloudspan software,False
TXN004585,ERP_EXPORT,SUP0008,Orion Office Supplies,Office Supplies,Operations,17908.08,INR,CTR0003,ON_CONTRACT,,2025-07-16,orion office supplies,False
TXN004587,ERP_EXPORT,SUP0022,Transcore Logistics,Logistics & Freight,Finance,44665.09,INR,CTR0008,ON_CONTRACT,,2025-11-04,transcore logistics,False
TXN004591,ERP_EXPORT,SUP0001,Nexa Technologies Pvt Ltd,It Hardware,R&D,114134.39,INR,CTR0001,ON_CONTRACT,REQ00887,2025-04-15,nexa technologies,False
TXN004592,ERP_EXPORT,SUP0001,Nexa Technologies Pvt Ltd,It Hardware,Facilities,57056.77,INR,CTR0001,ON_CONTRACT,REQ00539,2025-04-01,nexa technologies,False
TXN004595,ERP_EXPORT,SUP0022,Transcore Logistics,Logistics & Freight,Facilities,47479.72,INR,CTR0008,ON_CONTRACT,REQ00493,2025-07-24,transcore logistics,False
TXN004598,ERP_EXPORT,SUP0011,Sterling Advisory,Professional Services,R&D,88767.19,INR,CTR0004,ON_CONTRACT,,2025-11-11,sterling advisory,False
TXN004604,ERP_EXPORT,SUP0013,Adept Partners,Professional Services,Logistics,117748.76,INR,,OFF_CONTRACT,,2026-01-28,adept partners,False
TXN004606,ERP_EXPORT,SUP0008,Orion Office Supplies,Office Supplies,R&D,22630.89,INR,CTR0003,ON_CONTRACT,,2026-03-03,orion office supplies,False
TXN004607,ERP_EXPORT,SUP0020,BrightArc Media,Marketing Services,Human Resources,138457.39,INR,,OFF_CONTRACT,,2025-12-22,brightarc media,False
TXN004608,ERP_EXPORT,SUP0022,Transcore Logistics,Logistics & Freight,Human Resources,27173.51,INR,CTR0008,ON_CONTRACT,,2026-02-19,transcore logistics,False
TXN004609,ERP_EXPORT,SUP0014,Skyroute Travel,Travel,Operations,86415.93,INR,CTR0005,ON_CONTRACT,REQ00454,2025-08-08,skyroute travel,False
TXN004611,ERP_EXPORT,SUP0001,Nexa Technologies Pvt Ltd,It Hardware,R&D,77582.3,INR,CTR0001,ON_CONTRACT,REQ00233,2026-02-23,nexa technologies,False
TXN004612,ERP_EXPORT,SUP0014,Skyroute Travel,Travel,Logistics,13119.37,INR,CTR0005,ON_CONTRACT,,2025-09-26,skyroute travel,False
TXN004614,ERP_EXPORT,SUP0011,Sterling Advisory,Professional Services,R&D,62892.86,INR,CTR0004,ON_CONTRACT,,2025-07-05,sterling advisory,False
TXN004616,ERP_EXPORT,SUP0001,Nexa Technologies Pvt Ltd,It Hardware,It,74126.11,INR,CTR0001,ON_CONTRACT,,2025-08-19,nexa technologies,False
TXN004618,ERP_EXPORT,SUP0019,Lumen Creative,Marketing Services,Logistics,142568.41,INR,CTR0007,ON_CONTRACT,,2025-11-08,lumen creative,False
TXN004619,ERP_EXPORT,SUP0011,Sterling Advisory,Professional Services,R&D,103517.93,INR,CTR0004,ON_CONTRACT,REQ00664,2025-11-05,sterling advisory,False
TXN004622,ERP_EXPORT,SUP0022,Transcore Logistics,Logistics & Freight,Marketing,75466.03,INR,CTR0008,ON_CONTRACT,,2026-03-29,transcore logistics,False
TXN004623,ERP_EXPORT,SUP0014,Skyroute Travel,Travel,Facilities,20029.0,INR,CTR0005,ON_CONTRACT,REQ00644,2025-12-07,skyroute travel,False
TXN004625,ERP_EXPORT,SUP0016,Prime Facility Care,Facilities Maintenance,Human Resources,66701.44,INR,CTR0006,ON_CONTRACT,,2025-11-23,prime facility care,False
TXN004626,ERP_EXPORT,SUP0022,Transcore Logistics,Logistics & Freight,Operations,68650.86,INR,CTR0008,ON_CONTRACT,,2025-04-12,transcore logistics,False
TXN004627,ERP_EXPORT,SUP0019,Lumen Creative,Marketing Services,Finance,66426.36,INR,CTR0007,ON_CONTRACT,REQ00672,2025-10-08,lumen creative,False
TXN004628,ERP_EXPORT,SUP0014,Skyroute Travel,Travel,Operations,49047.5,INR,CTR0005,ON_CONTRACT,,2025-04-12,skyroute travel,False
TXN004630,ERP_EXPORT,SUP0026,Nexa Tech Pvt Ltd,It Hardware,Finance,104138.41,INR,,NO_CONTRACT,REQ00482,2025-05-01,nexa tech,False
TXN004634,ERP_EXPORT,SUP0022,Transcore Logistics,Uncategorised,It,83497.7,INR,CTR0008,ON_CONTRACT,REQ00711,2025-12-15,transcore logistics,False
TXN004635,ERP_EXPORT,SUP0001,Nexa Technologies Pvt Ltd,It Hardware,It,46281.51,INR,CTR0001,ON_CONTRACT,,2025-10-25,nexa technologies,False
TXN004636,ERP_EXPORT,SUP0016,Prime Facility Care,Facilities Maintenance,R&D,67143.21,INR,CTR0006,ON_CONTRACT,REQ00508,2025-04-19,prime facility care,False
TXN004638,ERP_EXPORT,SUP0011,Sterling Advisory,Professional Services,Finance,179085.89,INR,CTR0004,ON_CONTRACT,REQ00444,2025-09-16,sterling advisory,False
TXN004639,ERP_EXPORT,SUP0014,Skyroute Travel,Travel,Human Resources,69649.66,INR,CTR0005,ON_CONTRACT,,2026-02-12,skyroute travel,False
TXN004640,ERP_EXPORT,SUP0008,Orion Office Supplies,Office Supplies,It,20674.76,INR,CTR0003,ON_CONTRACT,REQ00888,2025-11-18,orion office supplies,False
TXN004643,ERP_EXPORT,SUP0018,Urban Upkeep,Facilities Maintenance,Operations,61510.39,INR,,OFF_CONTRACT,,2026-02-15,urban upkeep,False
TXN004646,ERP_EXPORT,SUP0008,Orion Office Supplies,Office Supplies,R&D,19065.49,INR,CTR0003,ON_CONTRACT,REQ00225,2025-04-11,orion office supplies,False
TXN004649,ERP_EXPORT,SUP0008,Orion Office Supplies,Office Supplies,Finance,22079.99,INR,CTR0003,ON_CONTRACT,REQ00572,2025-09-15,orion office supplies,False
TXN004650,ERP_EXPORT,SUP0001,Nexa Technologies Pvt Ltd,It Hardware,Facilities,51173.06,INR,CTR0001,ON_CONTRACT,,2025-12-29,nexa technologies,False
TXN004653,ERP_EXPORT,SUP0016,Prime Facility Care,Facilities Maintenance,Logistics,38528.54,INR,CTR0006,ON_CONTRACT,REQ00529,2025-10-01,prime facility care,False
TXN004657,ERP_EXPORT,SUP0019,Lumen Creative,Marketing Services,Facilities,137101.91,INR,CTR0007,ON_CONTRACT,REQ00190,2025-10-03,lumen creative,False
TXN004661,ERP_EXPORT,SUP0014,Skyroute Travel,Travel,Finance,49911.32,INR,CTR0005,ON_CONTRACT,,2025-12-18,skyroute travel,False
TXN004662,ERP_EXPORT,SUP0008,Orion Office Supplies,Office Supplies,Human Resources,15899.2,INR,CTR0003,ON_CONTRACT,REQ00341,2025-04-14,orion office supplies,False
TXN004663,ERP_EXPORT,SUP0023,FleetBridge Cargo,Logistics & Freight,Finance,50254.56,INR,,OFF_CONTRACT,REQ00361,2026-02-02,fleetbridge cargo,False
TXN004664,ERP_EXPORT,SUP0011,Sterling Advisory,Professional Services,Facilities,214028.89,INR,CTR0004,ON_CONTRACT,,2025-12-16,sterling advisory,False
TXN004665,ERP_EXPORT,SUP0008,Orion Office Supplies,Office Supplies,Finance,21079.94,INR,CTR0003,ON_CONTRACT,REQ00787,2025-11-18,orion office supplies,False
TXN004666,ERP_EXPORT,SUP0023,FleetBridge Cargo,Logistics & Freight,Marketing,70879.27,INR,,OFF_CONTRACT,REQ00726,2025-05-31,fleetbridge cargo,False
TXN004667,ERP_EXPORT,SUP0008,Orion Office Supplies,Office Supplies,Human Resources,4424.23,INR,CTR0003,ON_CONTRACT,,2025-08-06,orion office supplies,False
TXN004669,ERP_EXPORT,SUP0014,Skyroute Travel,Travel,R&D,63023.06,INR,CTR0005,ON_CONTRACT,REQ00272,2025-05-25,skyroute travel,False
TXN004670,ERP_EXPORT,SUP0019,Lumen Creative,Marketing Services,Finance,117583.38,INR,CTR0007,ON_CONTRACT,,2026-03-04,lumen creative,False
TXN004671,ERP_EXPORT,SUP0022,Transcore Logistics,Logistics & Freight,Operations,42127.58,INR,CTR0008,ON_CONTRACT,REQ00031,2025-06-26,transcore logistics,False
TXN004672,ERP_EXPORT,SUP0022,Transcore Logistics,Logistics & Freight,It,84980.2,INR,CTR0008,ON_CONTRACT,REQ00127,2025-06-19,transcore logistics,False
TXN004674,ERP_EXPORT,SUP0011,Sterling Advisory,Professional Services,It,63644.0,INR,CTR0004,ON_CONTRACT,REQ00290,2025-10-04,sterling advisory,False
TXN004676,ERP_EXPORT,SUP0019,Lumen Creative,Marketing Services,Operations,144093.25,INR,CTR0007,ON_CONTRACT,REQ00814,2026-03-03,lumen creative,False
TXN004679,ERP_EXPORT,SUP0014,Skyroute Travel,Travel,Finance,63691.33,INR,CTR0005,ON_CONTRACT,,2026-03-15,skyroute travel,False
TXN004681,ERP_EXPORT,SUP0022,Transcore Logistics,Logistics & Freight,R&D,34456.42,INR,CTR0008,ON_CONTRACT,,2026-02-10,transcore logistics,False
TXN004683,ERP_EXPORT,SUP0005,Cloudspan Software,It Software & Licences,Operations,113916.11,INR,CTR0002,ON_CONTRACT,,2025-05-18,cloudspan software,False
TXN004684,ERP_EXPORT,SUP0005,Cloudspan Software,It Software & Licences,It,46318.61,INR,CTR0002,ON_CONTRACT,REQ00292,2025-04-25,cloudspan software,False
TXN004685,ERP_EXPORT,SUP0001,Nexa Technologies Pvt Ltd,It Hardware,Operations,145203.32,INR,CTR0001,ON_CONTRACT,,2026-01-18,nexa technologies,False
TXN004686,ERP_EXPORT,SUP0019,Lumen Creative,Marketing Services,Marketing,75037.05,INR,CTR0007,ON_CONTRACT,,2026-03-07,lumen creative,False
TXN004688,ERP_EXPORT,SUP0011,Sterling Advisory,Professional Services,Logistics,42250.21,INR,CTR0004,ON_CONTRACT,REQ00771,2025-10-29,sterling advisory,False
TXN004689,ERP_EXPORT,SUP0022,Transcore Logistics,Logistics & Freight,Human Resources,57173.36,INR,CTR0008,ON_CONTRACT,,2025-06-09,transcore logistics,False
TXN004690,ERP_EXPORT,SUP0001,Nexa Technologies Pvt Ltd,It Hardware,Facilities,176245.72,INR,CTR0001,ON_CONTRACT,REQ00191,2025-10-25,nexa technologies,False
TXN004691,ERP_EXPORT,SUP0019,Lumen Creative,Marketing Services,R&D,71679.07,INR,CTR0007,ON_CONTRACT,REQ00869,2025-04-16,lumen creative,False
TXN004692,ERP_EXPORT,SUP0014,Skyroute Travel,Travel,Marketing,37289.77,INR,CTR0005,ON_CONTRACT,,2026-02-01,skyroute travel,False
TXN004693,ERP_EXPORT,SUP0019,Lumen Creative,Marketing Services,Finance,68172.83,INR,CTR0007,ON_CONTRACT,REQ00700,2026-03-21,lumen creative,False
TXN004695,ERP_EXPORT,SUP0014,Skyroute Travel,Travel,Facilities,44134.52,INR,CTR0005,ON_CONTRACT,REQ00264,2025-10-14,skyroute travel,False
TXN004697,ERP_EXPORT,SUP0014,Skyroute Travel,Travel,Human Resources,49452.7,INR,CTR0005,ON_CONTRACT,REQ00157,2026-02-15,skyroute travel,False
TXN004701,ERP_EXPORT,SUP0008,Orion Office Supplies,Office Supplies,Marketing,7749.38,INR,CTR0003,ON_CONTRACT,REQ00054,2025-07-25,orion office supplies,False
TXN004702,ERP_EXPORT,SUP0022,Transcore Logistics,Logistics & Freight,Human Resources,18089.22,INR,CTR0008,ON_CONTRACT,REQ00397,2026-03-12,transcore logistics,False
TXN004703,ERP_EXPORT,SUP0005,Cloudspan Software,It Software & Licences,Human Resources,84630.36,INR,CTR0002,ON_CONTRACT,,2025-12-23,cloudspan software,False
TXN004704,ERP_EXPORT,SUP0016,Prime Facility Care,Facilities Maintenance,Human Resources,45721.98,INR,CTR0006,ON_CONTRACT,,2025-09-15,prime facility care,False
TXN004707,ERP_EXPORT,SUP0003,BluePeak Systems,It Hardware,Marketing,146684.91,INR,,NO_CONTRACT,,2026-02-21,bluepeak systems,False
TXN004708,ERP_EXPORT,SUP0022,Transcore Logistics,Logistics & Freight,Human Resources,28244.15,INR,CTR0008,ON_CONTRACT,,2025-08-14,transcore logistics,False
TXN004709,ERP_EXPORT,SUP0011,Sterling Advisory,Professional Services,It,212253.2,INR,CTR0004,ON_CONTRACT,REQ00110,2025-08-09,sterling advisory,False
TXN004712,ERP_EXPORT,SUP0005,Cloudspan Software,It Software & Licences,Finance,63093.0,INR,CTR0002,ON_CONTRACT,,2026-03-03,cloudspan software,False
TXN004713,ERP_EXPORT,SUP0004,Arcadia IT Traders,It Hardware,Facilities,64780.32,INR,,NO_CONTRACT,REQ00325,2026-01-06,arcadia it traders,False
TXN004714,ERP_EXPORT,SUP0016,Prime Facility Care,Facilities Maintenance,Human Resources,55126.86,INR,CTR0006,ON_CONTRACT,,2025-07-05,prime facility care,False
TXN004715,ERP_EXPORT,SUP0008,Orion Office Supplies,Office Supplies,Logistics,13796.12,INR,CTR0003,ON_CONTRACT,,2025-10-28,orion office supplies,False
TXN004716,ERP_EXPORT,SUP0011,Sterling Advisory,Professional Services,It,107379.45,INR,CTR0004,ON_CONTRACT,,2025-06-05,sterling advisory,False
TXN004717,ERP_EXPORT,SUP0011,Sterling Advisory,Professional Services,R&D,165170.52,INR,CTR0004,ON_CONTRACT,REQ00762,2025-12-15,sterling advisory,False
TXN004718,ERP_EXPORT,SUP0006,Vertex Licensing,It Software & Licences,Finance,119552.12,INR,,NO_CONTRACT,REQ00618,2025-05-12,vertex licensing,False
TXN004720,ERP_EXPORT,SUP0016,Prime Facility Care,Facilities Maintenance,Marketing,65241.48,INR,CTR0006,ON_CONTRACT,REQ00721,2025-07-02,prime facility care,False
TXN004721,ERP_EXPORT,SUP0016,Prime Facility Care,Facilities Maintenance,Facilities,30701.01,INR,CTR0006,ON_CONTRACT,,2025-07-20,prime facility care,False
TXN004727,ERP_EXPORT,SUP0008,Orion Office Supplies,Office Supplies,Facilities,23045.04,INR,CTR0003,ON_CONTRACT,REQ00436,2025-10-28,orion office supplies,False
TXN004728,ERP_EXPORT,SUP0016,Prime Facility Care,Facilities Maintenance,Operations,60632.76,INR,CTR0006,ON_CONTRACT,REQ00089,2025-10-29,prime facility care,False
TXN004729,ERP_EXPORT,SUP0016,Prime Facility Care,Facilities Maintenance,Marketing,54537.53,INR,CTR0006,ON_CONTRACT,REQ00334,2025-09-17,prime facility care,False
TXN004730,ERP_EXPORT,SUP0016,Prime Facility Care,Facilities Maintenance,Marketing,20068.88,INR,CTR0006,ON_CONTRACT,,2026-03-12,prime facility care,False
TXN004733,ERP_EXPORT,SUP0019,Lumen Creative,Marketing Services,It,121364.09,INR,CTR0007,ON_CONTRACT,REQ00078,2025-05-07,lumen creative,False
TXN004734,ERP_EXPORT,SUP0008,Orion Office Supplies,Office Supplies,R&D,23362.58,INR,CTR0003,ON_CONTRACT,REQ00705,2026-02-01,orion office supplies,False
TXN004735,ERP_EXPORT,SUP0011,Sterling Advisory,Professional Services,Operations,130412.52,INR,CTR0004,ON_CONTRACT,,2025-07-27,sterling advisory,False
TXN004737,ERP_EXPORT,SUP0017,GreenEdge Services,Facilities Maintenance,It,40743.57,INR,,OFF_CONTRACT,,2026-01-23,greenedge services,False
TXN004739,ERP_EXPORT,SUP0019,Lumen Creative,Marketing Services,Finance,72475.49,INR,CTR0007,ON_CONTRACT,,2026-03-17,lumen creative,False
TXN004740,ERP_EXPORT,SUP0018,Urban Upkeep,Facilities Maintenance,It,47279.84,INR,,OFF_CONTRACT,REQ00877,2026-03-01,urban upkeep,False
TXN004741,ERP_EXPORT,SUP0005,Cloudspan Software,It Software & Licences,It,90465.4,INR,CTR0002,ON_CONTRACT,,2025-05-21,cloudspan software,False
TXN004742,ERP_EXPORT,SUP0001,Nexa Technologies Pvt Ltd,It Hardware,R&D,42143.56,INR,CTR0001,ON_CONTRACT,,2025-08-05,nexa technologies,False
TXN004745,ERP_EXPORT,SUP0011,Sterling Advisory,Professional Services,Marketing,88872.95,INR,CTR0004,ON_CONTRACT,REQ00474,2025-04-06,sterling advisory,False
TXN004746,ERP_EXPORT,SUP0014,Skyroute Travel,Travel,Marketing,12414.1,INR,CTR0005,ON_CONTRACT,REQ00717,2026-02-13,skyroute travel,False
TXN004748,ERP_EXPORT,SUP0016,Prime Facility Care,Facilities Maintenance,R&D,441015.56,INR,CTR0006,ON_CONTRACT,,2025-10-09,prime facility care,False
TXN004749,ERP_EXPORT,SUP0001,Nexa Technologies Pvt Ltd,It Hardware,Operations,85730.69,INR,CTR0001,ON_CONTRACT,,2026-01-14,nexa technologies,False
TXN004753,ERP_EXPORT,SUP0014,Skyroute Travel,Travel,Human Resources,63398.12,INR,CTR0005,ON_CONTRACT,,2025-09-29,skyroute travel,False
TXN004754,ERP_EXPORT,SUP0010,Kanban Stationers,Office Supplies,Finance,13704.56,INR,,OFF_CONTRACT,REQ00680,2025-12-11,kanban stationers,False
TXN004755,ERP_EXPORT,SUP0019,Lumen Creative,Marketing Services,R&D,140602.4,INR,CTR0007,ON_CONTRACT,REQ00013,2025-11-27,lumen creative,False
TXN004757,ERP_EXPORT,SUP0019,Lumen Creative,Marketing Services,R&D,21387.5,INR,CTR0007,ON_CONTRACT,REQ00886,2025-04-11,lumen creative,False
TXN004760,ERP_EXPORT,SUP0008,Orion Office Supplies,Office Supplies,Logistics,24743.33,INR,CTR0003,ON_CONTRACT,REQ00503,2025-12-10,orion office supplies,False
TXN004762,ERP_EXPORT,SUP0005,Cloudspan Software,It Software & Licences,R&D,118624.07,INR,CTR0002,ON_CONTRACT,REQ00029,2025-12-08,cloudspan software,False
TXN004763,ERP_EXPORT,SUP0022,Transcore Logistics,Logistics & Freight,Finance,74629.26,INR,CTR0008,ON_CONTRACT,REQ00818,2026-01-14,transcore logistics,False
TXN004764,ERP_EXPORT,SUP0005,Cloudspan Software,It Software & Licences,Finance,41103.51,INR,CTR0002,ON_CONTRACT,,2025-06-01,cloudspan software,False
TXN004765,ERP_EXPORT,SUP0011,Sterling Advisory,Professional Services,Logistics,153062.95,INR,CTR0004,ON_CONTRACT,,2025-12-28,sterling advisory,False
TXN004766,ERP_EXPORT,SUP0008,Orion Office Supplies,Office Supplies,Finance,24819.12,INR,CTR0003,ON_CONTRACT,REQ00479,2025-08-15,orion office supplies,False
TXN004767,ERP_EXPORT,SUP0019,Lumen Creative,Marketing Services,Facilities,140054.29,INR,CTR0007,ON_CONTRACT,,2025-05-28,lumen creative,False
TXN004768,ERP_EXPORT,SUP0023,FleetBridge Cargo,Logistics & Freight,Human Resources,20081.45,INR,,OFF_CONTRACT,REQ00622,2025-08-01,fleetbridge cargo,False
TXN004770,ERP_EXPORT,SUP0011,Sterling Advisory,Professional Services,Logistics,112571.71,INR,CTR0004,ON_CONTRACT,,2025-06-30,sterling advisory,False
TXN004771,ERP_EXPORT,SUP0016,Prime Facility Care,Facilities Maintenance,Facilities,10418.94,INR,CTR0006,ON_CONTRACT,,2025-05-02,prime facility care,False
TXN004773,ERP_EXPORT,SUP0021,Pulse Marketing Co,Marketing Services,Finance,52865.62,INR,,OFF_CONTRACT,REQ00039,2025-07-18,pulse marketing,False
TXN004774,ERP_EXPORT,SUP0005,Cloudspan Software,It Software & Licences,Operations,100981.27,INR,CTR0002,ON_CONTRACT,REQ00657,2025-10-19,cloudspan software,False
TXN004776,ERP_EXPORT,SUP0019,Lumen Creative,Marketing Services,Human Resources,135853.32,INR,CTR0007,ON_CONTRACT,,2025-12-08,lumen creative,False
TXN004777,ERP_EXPORT,SUP0014,Skyroute Travel,Travel,Marketing,8049.03,INR,CTR0005,ON_CONTRACT,,2025-10-24,skyroute travel,False
TXN004778,ERP_EXPORT,SUP0011,Sterling Advisory,Professional Services,Logistics,104642.02,INR,CTR0004,ON_CONTRACT,REQ00170,2025-06-05,sterling advisory,False
TXN004779,ERP_EXPORT,SUP0008,Orion Office Supplies,Office Supplies,Logistics,7546.8,INR,CTR0003,ON_CONTRACT,REQ00344,2025-04-05,orion office supplies,False
TXN004780,ERP_EXPORT,SUP0011,Sterling Advisory,Professional Services,Logistics,89049.15,INR,CTR0004,ON_CONTRACT,REQ00777,2026-02-24,sterling advisory,False
TXN004782,ERP_EXPORT,SUP0005,Cloudspan Software,It Software & Licences,Marketing,34648.05,INR,CTR0002,ON_CONTRACT,,2025-07-18,cloudspan software,False
TXN004783,ERP_EXPORT,SUP0014,Skyroute Travel,Travel,Operations,53555.06,INR,CTR0005,ON_CONTRACT,REQ00713,2025-05-10,skyroute travel,False
TXN004784,ERP_EXPORT,SUP0005,Cloudspan Software,It Software & Licences,It,45592.91,INR,CTR0002,ON_CONTRACT,,2025-06-12,cloudspan software,False
TXN004787,ERP_EXPORT,SUP0011,Sterling Advisory,Professional Services,R&D,223940.03,INR,CTR0004,ON_CONTRACT,,2025-11-22,sterling advisory,False
TXN004788,ERP_EXPORT,SUP0024,Nexa Technologies,It Hardware,It,165321.34,INR,,NO_CONTRACT,REQ00778,2025-08-18,nexa technologies,False
TXN004791,ERP_EXPORT,SUP0014,Skyroute Travel,Travel,It,16757.66,INR,CTR0005,ON_CONTRACT,REQ00538,2025-05-07,skyroute travel,False
TXN004794,ERP_EXPORT,SUP0005,Cloudspan Software,It Software & Licences,Logistics,46253.28,INR,CTR0002,ON_CONTRACT,REQ00194,2025-09-01,cloudspan software,False
TXN004795,ERP_EXPORT,SUP0022,Transcore Logistics,Logistics & Freight,Facilities,36739.49,INR,CTR0008,ON_CONTRACT,,2025-10-28,transcore logistics,False
TXN004796,ERP_EXPORT,SUP0014,Skyroute Travel,Travel,Human Resources,34272.91,INR,CTR0005,ON_CONTRACT,,2025-09-19,skyroute travel,False
TXN004798,ERP_EXPORT,SUP0011,Sterling Advisory,Professional Services,R&D,204463.9,INR,CTR0004,ON_CONTRACT,,2026-03-23,sterling advisory,False
TXN004799,ERP_EXPORT,SUP0008,Orion Office Supplies,Office Supplies,Human Resources,4817.45,INR,CTR0003,ON_CONTRACT,REQ00857,2025-05-13,orion office supplies,False
TXN004800,ERP_EXPORT,SUP0022,Transcore Logistics,Logistics & Freight,Human Resources,64697.25,INR,CTR0008,ON_CONTRACT,REQ00064,2026-02-14,transcore logistics,False
TXN004801,ERP_EXPORT,SUP0017,GreenEdge Services,Facilities Maintenance,It,17430.76,INR,,OFF_CONTRACT,,2025-04-26,greenedge services,False
TXN004803,ERP_EXPORT,SUP0005,Cloudspan Software,It Software & Licences,Facilities,110490.1,INR,CTR0002,ON_CONTRACT,REQ00781,2025-05-14,cloudspan software,False
TXN004804,ERP_EXPORT,SUP0008,Orion Office Supplies,Office Supplies,Human Resources,6372.96,INR,CTR0003,ON_CONTRACT,,2025-12-06,orion office supplies,False
TXN004805,ERP_EXPORT,SUP0016,Prime Facility Care,Facilities Maintenance,It,59275.01,INR,CTR0006,ON_CONTRACT,,2025-09-20,prime facility care,False
TXN004807,ERP_EXPORT,SUP0011,Sterling Advisory,Professional Services,It,56349.87,INR,CTR0004,ON_CONTRACT,REQ00349,2026-01-31,sterling advisory,False
TXN004808,ERP_EXPORT,SUP0005,Cloudspan Software,It Software & Licences,Finance,115322.06,INR,CTR0002,ON_CONTRACT,,2025-11-11,cloudspan software,False
TXN004811,ERP_EXPORT,SUP0014,Skyroute Travel,Travel,Human Resources,21842.42,INR,CTR0005,ON_CONTRACT,REQ00298,2025-05-27,skyroute travel,False
TXN004812,ERP_EXPORT,SUP0014,Skyroute Travel,Travel,Finance,78023.32,INR,CTR0005,ON_CONTRACT,,2025-10-21,skyroute travel,False
TXN004813,ERP_EXPORT,SUP0011,Sterling Advisory,Professional Services,Marketing,42778.05,INR,CTR0004,ON_CONTRACT,REQ00158,2025-04-03,sterling advisory,False
TXN004814,ERP_EXPORT,SUP0007,Meridian Softworks,It Software & Licences,Logistics,68736.95,INR,,NO_CONTRACT,REQ00044,2025-06-17,meridian softworks,False
TXN004815,ERP_EXPORT,SUP0001,Nexa Technologies Pvt Ltd,It Hardware,Human Resources,144263.6,INR,CTR0001,ON_CONTRACT,,2025-11-10,nexa technologies,False
TXN004817,ERP_EXPORT,SUP0005,Cloudspan Software,It Software & Licences,Finance,110466.22,INR,CTR0002,ON_CONTRACT,,2025-05-23,cloudspan software,False
TXN004818,ERP_EXPORT,SUP0019,Lumen Creative,Marketing Services,Facilities,134747.48,INR,CTR0007,ON_CONTRACT,,2025-09-08,lumen creative,False
TXN004819,ERP_EXPORT,SUP0013,Adept Partners,Professional Services,It,226520.18,INR,,OFF_CONTRACT,,2025-05-21,adept partners,False
TXN004820,ERP_EXPORT,SUP0011,Sterling Advisory,Professional Services,Marketing,81836.13,INR,CTR0004,ON_CONTRACT,REQ00368,2025-10-24,sterling advisory,False
TXN004821,ERP_EXPORT,SUP0009,Paperline Traders,Office Supplies,Human Resources,8536.24,INR,,OFF_CONTRACT,,2025-04-07,paperline traders,False
TXN004823,ERP_EXPORT,SUP0011,Sterling Advisory,Professional Services,Marketing,119181.33,INR,CTR0004,ON_CONTRACT,REQ00856,2025-08-08,sterling advisory,False
TXN004824,ERP_EXPORT,SUP0008,Orion Office Supplies,Office Supplies,It,11046.38,INR,CTR0003,ON_CONTRACT,,2025-11-29,orion office supplies,False
TXN004827,ERP_EXPORT,SUP0014,Skyroute Travel,Travel,Logistics,64682.23,INR,CTR0005,ON_CONTRACT,REQ00138,2025-05-09,skyroute travel,False
TXN004828,ERP_EXPORT,SUP0001,Nexa Technologies Pvt Ltd,It Hardware,Human Resources,50972.81,INR,CTR0001,ON_CONTRACT,,2025-04-27,nexa technologies,False
TXN004829,ERP_EXPORT,SUP0001,Nexa Technologies Pvt Ltd,It Hardware,It,73097.81,INR,CTR0001,ON_CONTRACT,,2025-10-07,nexa technologies,False
TXN004831,ERP_EXPORT,SUP0014,Skyroute Travel,Travel,Marketing,73308.13,INR,CTR0005,ON_CONTRACT,REQ00297,2025-05-04,skyroute travel,False
TXN004834,ERP_EXPORT,SUP0028,ORION OFFICE SUPPLIES,Office Supplies,R&D,5582.78,INR,,OFF_CONTRACT,,2026-03-10,orion office supplies,False
TXN004835,ERP_EXPORT,SUP0027,Orion Office Supplies Ltd,Office Supplies,R&D,14582.04,INR,,OFF_CONTRACT,REQ00490,2025-04-21,orion office supplies,False
TXN004839,ERP_EXPORT,SUP0001,Nexa Technologies Pvt Ltd,It Hardware,Human Resources,31170.77,INR,CTR0001,ON_CONTRACT,,2026-03-04,nexa technologies,False
TXN004840,ERP_EXPORT,SUP0019,Lumen Creative,Marketing Services,R&D,58358.33,INR,CTR0007,ON_CONTRACT,REQ00722,2025-10-30,lumen creative,False
TXN004841,ERP_EXPORT,SUP0009,Paperline Traders,Office Supplies,It,23979.94,INR,,OFF_CONTRACT,,2026-01-22,paperline traders,False
TXN004844,ERP_EXPORT,SUP0024,Nexa Technologies,It Hardware,Human Resources,31680.52,INR,,NO_CONTRACT,REQ00424,2025-07-16,nexa technologies,False
TXN004846,ERP_EXPORT,SUP0012,Cobalt Consulting,Professional Services,Finance,122365.74,INR,,OFF_CONTRACT,,2025-04-06,cobalt consulting,False
TXN004847,ERP_EXPORT,SUP0017,GreenEdge Services,Facilities Maintenance,Operations,66866.78,INR,,OFF_CONTRACT,REQ00146,2025-06-12,greenedge services,False
TXN004848,ERP_EXPORT,SUP0011,Sterling Advisory,Professional Services,Logistics,69651.8,INR,CTR0004,ON_CONTRACT,,2025-11-25,sterling advisory,False
TXN004850,ERP_EXPORT,SUP0005,Cloudspan Software,It Software & Licences,Facilities,26411.67,INR,CTR0002,ON_CONTRACT,,2025-12-26,cloudspan software,False
TXN004852,ERP_EXPORT,SUP0008,Orion Office Supplies,Office Supplies,Marketing,10777.18,INR,CTR0003,ON_CONTRACT,REQ00325,2026-01-23,orion office supplies,False
TXN004855,ERP_EXPORT,SUP0019,Lumen Creative,Marketing Services,R&D,107873.64,INR,CTR0007,ON_CONTRACT,,2025-09-19,lumen creative,False
TXN004856,ERP_EXPORT,SUP0014,Skyroute Travel,Travel,Operations,23745.32,INR,CTR0005,ON_CONTRACT,,2025-12-29,skyroute travel,False
TXN004857,ERP_EXPORT,SUP0005,Cloudspan Software,It Software & Licences,R&D,30332.21,INR,CTR0002,ON_CONTRACT,REQ00382,2025-05-18,cloudspan software,False
TXN004858,ERP_EXPORT,SUP0002,Zenith Computing,It Hardware,Marketing,170399.94,INR,,NO_CONTRACT,REQ00724,2025-08-08,zenith computing,False
TXN004859,ERP_EXPORT,SUP0001,Nexa Technologies Pvt Ltd,It Hardware,Marketing,167235.33,INR,CTR0001,ON_CONTRACT,REQ00433,2025-05-03,nexa technologies,False
TXN004860,ERP_EXPORT,SUP0019,Lumen Creative,Marketing Services,Logistics,144245.65,INR,CTR0007,ON_CONTRACT,,2026-02-18,lumen creative,False
TXN004861,ERP_EXPORT,SUP0011,Sterling Advisory,Professional Services,Logistics,171341.02,INR,CTR0004,ON_CONTRACT,,2025-04-06,sterling advisory,False
TXN004864,ERP_EXPORT,SUP0001,Nexa Technologies Pvt Ltd,It Hardware,Facilities,76892.3,INR,CTR0001,ON_CONTRACT,REQ00300,2025-05-27,nexa technologies,False
TXN004865,ERP_EXPORT,SUP0011,Sterling Advisory,Professional Services,Finance,105877.66,INR,CTR0004,ON_CONTRACT,,2025-11-20,sterling advisory,False
TXN004870,ERP_EXPORT,SUP0005,Cloudspan Software,It Software & Licences,Facilities,100510.31,INR,CTR0002,ON_CONTRACT,REQ00588,2025-07-24,cloudspan software,False
TXN004872,ERP_EXPORT,SUP0001,Nexa Technologies Pvt Ltd,It Hardware,Human Resources,45501.65,INR,CTR0001,ON_CONTRACT,REQ00758,2025-12-13,nexa technologies,False
TXN004877,ERP_EXPORT,SUP0013,Adept Partners,Professional Services,Facilities,166198.55,INR,,OFF_CONTRACT,,2025-09-09,adept partners,False
TXN004878,ERP_EXPORT,SUP0014,Skyroute Travel,Travel,Finance,65078.55,INR,CTR0005,ON_CONTRACT,,2025-11-20,skyroute travel,False
TXN004879,ERP_EXPORT,SUP0001,Nexa Technologies Pvt Ltd,It Hardware,Logistics,81187.81,INR,CTR0001,ON_CONTRACT,,2025-05-09,nexa technologies,False
TXN004880,ERP_EXPORT,SUP0016,Prime Facility Care,Facilities Maintenance,Human Resources,59439.86,INR,CTR0006,ON_CONTRACT,REQ00704,2025-09-25,prime facility care,False
TXN004881,ERP_EXPORT,SUP0016,Prime Facility Care,Facilities Maintenance,Finance,22245.26,INR,CTR0006,ON_CONTRACT,,2026-03-11,prime facility care,False
TXN004886,ERP_EXPORT,SUP0019,Lumen Creative,Marketing Services,Logistics,143715.76,INR,CTR0007,ON_CONTRACT,REQ00016,2025-08-22,lumen creative,False
TXN004888,ERP_EXPORT,SUP0022,Transcore Logistics,Logistics & Freight,Human Resources,68761.22,INR,CTR0008,ON_CONTRACT,REQ00444,2025-06-04,transcore logistics,False
TXN004890,ERP_EXPORT,SUP0019,Lumen Creative,Marketing Services,It,116606.56,INR,CTR0007,ON_CONTRACT,,2025-12-14,lumen creative,False
TXN004891,ERP_EXPORT,SUP0022,Transcore Logistics,Logistics & Freight,Operations,38236.41,INR,CTR0008,ON_CONTRACT,REQ00475,2025-04-25,transcore logistics,False
TXN004892,ERP_EXPORT,SUP0014,Skyroute Travel,Travel,It,12570.75,INR,CTR0005,ON_CONTRACT,REQ00138,2025-09-05,skyroute travel,False
TXN004896,ERP_EXPORT,SUP0008,Orion Office Supplies,Office Supplies,Facilities,3853.36,INR,CTR0003,ON_CONTRACT,REQ00697,2025-07-08,orion office supplies,False
TXN004897,ERP_EXPORT,SUP0001,Nexa Technologies Pvt Ltd,It Hardware,Human Resources,47810.3,INR,CTR0001,ON_CONTRACT,REQ00254,2025-05-13,nexa technologies,False
TXN004899,ERP_EXPORT,SUP0022,Transcore Logistics,Logistics & Freight,Logistics,19450.04,INR,CTR0008,ON_CONTRACT,REQ00252,2025-08-17,transcore logistics,False
TXN004900,ERP_EXPORT,SUP0012,Cobalt Consulting,Professional Services,Marketing,231273.52,INR,,OFF_CONTRACT,REQ00391,2026-03-16,cobalt consulting,False
TXN004902,ERP_EXPORT,SUP0007,Meridian Softworks,It Software & Licences,Facilities,65805.32,INR,,NO_CONTRACT,REQ00345,2025-08-11,meridian softworks,False
TXN004903,ERP_EXPORT,SUP0005,Cloudspan Software,It Software & Licences,It,27940.98,INR,CTR0002,ON_CONTRACT,,2025-04-15,cloudspan software,False
TXN004904,ERP_EXPORT,SUP0019,Lumen Creative,Marketing Services,R&D,63075.07,INR,CTR0007,ON_CONTRACT,,2025-07-14,lumen creative,False
TXN004907,ERP_EXPORT,SUP0018,Urban Upkeep,Facilities Maintenance,Marketing,67949.94,INR,,OFF_CONTRACT,REQ00435,2025-06-01,urban upkeep,False
TXN004909,ERP_EXPORT,SUP0014,Skyroute Travel,Travel,Facilities,68808.42,INR,CTR0005,ON_CONTRACT,REQ00872,2025-09-16,skyroute travel,False
TXN004912,ERP_EXPORT,SUP0011,Sterling Advisory,Professional Services,Operations,156338.58,INR,CTR0004,ON_CONTRACT,,2025-12-18,sterling advisory,False
TXN004917,ERP_EXPORT,SUP0022,Transcore Logistics,Logistics & Freight,Human Resources,39210.57,INR,CTR0008,ON_CONTRACT,,2025-08-19,transcore logistics,False
TXN004918,ERP_EXPORT,SUP0019,Lumen Creative,Marketing Services,It,72091.52,INR,CTR0007,ON_CONTRACT,REQ00290,2025-04-28,lumen creative,False
TXN004919,ERP_EXPORT,SUP0001,Nexa Technologies Pvt Ltd,It Hardware,It,142772.67,INR,CTR0001,ON_CONTRACT,REQ00560,2025-11-09,nexa technologies,False
TXN004920,ERP_EXPORT,SUP0027,Orion Office Supplies Ltd,Office Supplies,Finance,9792.94,INR,,OFF_CONTRACT,,2025-12-11,orion office supplies,False
TXN004922,ERP_EXPORT,SUP0019,Lumen Creative,Marketing Services,Facilities,123309.89,INR,CTR0007,ON_CONTRACT,REQ00867,2025-08-09,lumen creative,False
TXN004924,ERP_EXPORT,SUP0011,Sterling Advisory,Professional Services,R&D,224987.98,INR,CTR0004,ON_CONTRACT,REQ00854,2026-02-09,sterling advisory,False
TXN004926,ERP_EXPORT,SUP0005,Cloudspan Software,It Software & Licences,Facilities,41991.58,INR,CTR0002,ON_CONTRACT,,2025-04-30,cloudspan software,False
TXN004927,ERP_EXPORT,SUP0011,Sterling Advisory,Professional Services,Operations,137657.63,INR,CTR0004,ON_CONTRACT,,2026-03-21,sterling advisory,False
TXN004929,ERP_EXPORT,SUP0008,Orion Office Supplies,Office Supplies,Facilities,19109.82,INR,CTR0003,ON_CONTRACT,,2025-12-12,orion office supplies,False
TXN004931,ERP_EXPORT,SUP0022,Transcore Logistics,Logistics & Freight,Operations,47172.92,INR,CTR0008,ON_CONTRACT,,2025-12-09,transcore logistics,False
TXN004933,ERP_EXPORT,SUP0011,Sterling Advisory,Professional Services,Human Resources,241925.65,INR,CTR0004,ON_CONTRACT,,2025-06-22,sterling advisory,False
TXN004934,ERP_EXPORT,SUP0011,Sterling Advisory,Professional Services,Marketing,133419.01,INR,CTR0004,ON_CONTRACT,REQ00105,2025-11-23,sterling advisory,False
TXN004936,ERP_EXPORT,SUP0016,Prime Facility Care,Facilities Maintenance,R&D,31098.99,INR,CTR0006,ON_CONTRACT,REQ00082,2025-06-02,prime facility care,False
TXN004940,ERP_EXPORT,SUP0008,Orion Office Supplies,Office Supplies,Human Resources,20671.55,INR,CTR0003,ON_CONTRACT,REQ00771,2025-07-27,orion office supplies,False
TXN004942,ERP_EXPORT,SUP0021,Pulse Marketing Co,Marketing Services,Finance,80717.21,INR,,OFF_CONTRACT,REQ00013,2025-06-10,pulse marketing,False
TXN004943,ERP_EXPORT,SUP0019,Lumen Creative,Marketing Services,Marketing,138786.05,INR,CTR0007,ON_CONTRACT,REQ00199,2026-02-16,lumen creative,False
TXN004945,ERP_EXPORT,SUP0011,Sterling Advisory,Professional Services,Finance,206726.38,INR,CTR0004,ON_CONTRACT,REQ00115,2025-04-14,sterling advisory,False
TXN004946,ERP_EXPORT,SUP0016,Prime Facility Care,Facilities Maintenance,Operations,66459.54,INR,CTR0006,ON_CONTRACT,REQ00465,2025-07-23,prime facility care,False
TXN004947,ERP_EXPORT,SUP0001,Nexa Technologies Pvt Ltd,It Hardware,Finance,121597.61,INR,CTR0001,ON_CONTRACT,REQ00638,2025-07-17,nexa technologies,False
TXN004951,ERP_EXPORT,SUP0001,Nexa Technologies Pvt Ltd,It Hardware,Marketing,86233.27,INR,CTR0001,ON_CONTRACT,REQ00575,2026-03-02,nexa technologies,False
TXN004952,ERP_EXPORT,SUP0022,Transcore Logistics,Logistics & Freight,Facilities,16254.87,INR,CTR0008,ON_CONTRACT,REQ00866,2025-08-21,transcore logistics,False
TXN004953,ERP_EXPORT,SUP0016,Prime Facility Care,Facilities Maintenance,Finance,34112.58,INR,CTR0006,ON_CONTRACT,,2025-04-20,prime facility care,False
TXN004954,ERP_EXPORT,SUP0008,Orion Office Supplies,Office Supplies,Finance,17496.39,INR,CTR0003,ON_CONTRACT,,2026-02-14,orion office supplies,False
TXN004955,ERP_EXPORT,SUP0022,Transcore Logistics,Logistics & Freight,Logistics,49379.08,INR,CTR0008,ON_CONTRACT,,2025-04-16,transcore logistics,False
TXN004956,ERP_EXPORT,SUP0011,Sterling Advisory,Professional Services,It,197282.26,INR,CTR0004,ON_CONTRACT,,2025-04-02,sterling advisory,False
TXN004957,ERP_EXPORT,SUP0015,Voyager Corporate Travel,Travel,Marketing,37272.56,INR,,OFF_CONTRACT,,2025-08-22,voyager corporate travel,False
TXN004958,ERP_EXPORT,SUP0005,Cloudspan Software,It Software & Licences,R&D,81648.13,INR,CTR0002,ON_CONTRACT,REQ00358,2025-12-21,cloudspan software,False
TXN004960,ERP_EXPORT,SUP0014,Skyroute Travel,Travel,Logistics,69448.29,INR,CTR0005,ON_CONTRACT,REQ00255,2025-10-18,skyroute travel,False
TXN004964,ERP_EXPORT,SUP0005,Cloudspan Software,It Software & Licences,Operations,93603.91,INR,CTR0002,ON_CONTRACT,,2026-02-04,cloudspan software,False
TXN004965,ERP_EXPORT,SUP0012,Cobalt Consulting,Professional Services,R&D,141346.26,INR,,OFF_CONTRACT,REQ00035,2025-11-13,cobalt consulting,False
TXN004967,ERP_EXPORT,SUP0005,Cloudspan Software,It Software & Licences,R&D,116563.47,INR,CTR0002,ON_CONTRACT,REQ00155,2025-11-06,cloudspan software,False
TXN004969,ERP_EXPORT,SUP0006,Vertex Licensing,It Software & Licences,Facilities,115499.16,INR,,NO_CONTRACT,REQ00273,2025-09-30,vertex licensing,False
TXN004971,ERP_EXPORT,SUP0001,Nexa Technologies Pvt Ltd,It Hardware,It,98640.55,INR,CTR0001,ON_CONTRACT,REQ00070,2025-12-17,nexa technologies,False
TXN004974,ERP_EXPORT,SUP0005,Cloudspan Software,It Software & Licences,Logistics,89264.29,INR,CTR0002,ON_CONTRACT,,2025-05-08,cloudspan software,False
TXN004975,ERP_EXPORT,SUP0008,Orion Office Supplies,Office Supplies,Finance,7799.98,INR,CTR0003,ON_CONTRACT,REQ00519,2026-01-20,orion office supplies,False
TXN004976,ERP_EXPORT,SUP0016,Prime Facility Care,Facilities Maintenance,Marketing,36803.59,INR,CTR0006,ON_CONTRACT,,2025-07-02,prime facility care,False
TXN004977,ERP_EXPORT,SUP0017,GreenEdge Services,Facilities Maintenance,It,17406.99,INR,,OFF_CONTRACT,,2025-09-18,greenedge services,False
TXN004978,ERP_EXPORT,SUP0022,Transcore Logistics,Logistics & Freight,It,29096.34,INR,CTR0008,ON_CONTRACT,,2025-07-15,transcore logistics,False
TXN004980,ERP_EXPORT,SUP0019,Lumen Creative,Marketing Services,Finance,25497.11,INR,CTR0007,ON_CONTRACT,REQ00549,2025-08-15,lumen creative,False
TXN004982,ERP_EXPORT,SUP0019,Lumen Creative,Marketing Services,R&D,53929.52,INR,CTR0007,ON_CONTRACT,REQ00285,2025-08-01,lumen creative,False
TXN004984,ERP_EXPORT,SUP0023,FleetBridge Cargo,Logistics & Freight,Logistics,81645.28,INR,,OFF_CONTRACT,REQ00746,2026-02-21,fleetbridge cargo,False
TXN004986,ERP_EXPORT,SUP0018,Urban Upkeep,Facilities Maintenance,Human Resources,19188.67,INR,,OFF_CONTRACT,,2025-09-14,urban upkeep,False
TXN004987,ERP_EXPORT,SUP0015,Voyager Corporate Travel,Travel,Marketing,67705.55,INR,,OFF_CONTRACT,REQ00553,2025-12-12,voyager corporate travel,False
TXN004988,ERP_EXPORT,SUP0014,Skyroute Travel,Travel,Finance,57220.62,INR,CTR0005,ON_CONTRACT,,2026-02-16,skyroute travel,False
TXN004990,ERP_EXPORT,SUP0008,Orion Office Supplies,Office Supplies,Operations,19704.17,INR,CTR0003,ON_CONTRACT,,2026-01-21,orion office supplies,False
TXN004991,ERP_EXPORT,SUP0008,Orion Office Supplies,Office Supplies,It,24434.44,INR,CTR0003,ON_CONTRACT,REQ00716,2025-06-02,orion office supplies,False
TXN004997,ERP_EXPORT,SUP0018,Urban Upkeep,Facilities Maintenance,R&D,17162.86,INR,,OFF_CONTRACT,,2025-12-03,urban upkeep,False
TXN004998,ERP_EXPORT,SUP0019,Lumen Creative,Marketing Services,It,65898.0,INR,CTR0007,ON_CONTRACT,REQ00756,2025-09-23,lumen creative,False
TXN004999,ERP_EXPORT,SUP0008,Orion Office Supplies,Office Supplies,Finance,20762.14,INR,CTR0003,ON_CONTRACT,,2025-05-07,orion office supplies,False
TXN005000,ERP_EXPORT,SUP0022,Transcore Logistics,Logistics & Freight,Logistics,61576.93,INR,CTR0008,ON_CONTRACT,REQ00608,2026-01-11,transcore logistics,False
TXN005001,ERP_EXPORT,SUP0023,FleetBridge Cargo,Logistics & Freight,Human Resources,44671.75,INR,,OFF_CONTRACT,REQ00006,2025-11-07,fleetbridge cargo,False
TXN005002,ERP_EXPORT,SUP0005,Cloudspan Software,It Software & Licences,It,64710.74,INR,CTR0002,ON_CONTRACT,REQ00622,2025-06-27,cloudspan software,False
TXN005005,ERP_EXPORT,SUP0008,Orion Office Supplies,Office Supplies,It,22001.94,INR,CTR0003,ON_CONTRACT,REQ00558,2026-03-23,orion office supplies,False
TXN005006,ERP_EXPORT,SUP0011,Sterling Advisory,Professional Services,It,58508.23,INR,CTR0004,ON_CONTRACT,,2025-05-26,sterling advisory,False
TXN005007,ERP_EXPORT,SUP0007,Meridian Softworks,It Software & Licences,It,96563.84,INR,,NO_CONTRACT,REQ00258,2025-12-13,meridian softworks,False
TXN005008,ERP_EXPORT,SUP0016,Prime Facility Care,Facilities Maintenance,Finance,60852.86,INR,CTR0006,ON_CONTRACT,REQ00297,2025-09-30,prime facility care,False
TXN005009,ERP_EXPORT,SUP0008,Orion Office Supplies,Office Supplies,Facilities,6181.81,INR,CTR0003,ON_CONTRACT,REQ00422,2026-02-06,orion office supplies,False
TXN005010,ERP_EXPORT,SUP0023,FleetBridge Cargo,Logistics & Freight,Operations,47718.76,INR,,OFF_CONTRACT,REQ00464,2026-01-18,fleetbridge cargo,False
TXN005011,ERP_EXPORT,SUP0011,Sterling Advisory,Professional Services,Facilities,74754.95,INR,CTR0004,ON_CONTRACT,,2025-09-16,sterling advisory,False
TXN005016,ERP_EXPORT,SUP0014,Skyroute Travel,Travel,Marketing,25363.16,INR,CTR0005,ON_CONTRACT,,2025-10-19,skyroute travel,False
TXN005017,ERP_EXPORT,SUP0014,Skyroute Travel,Travel,Finance,11402.78,INR,CTR0005,ON_CONTRACT,,2025-12-05,skyroute travel,False
TXN005018,ERP_EXPORT,SUP0022,Transcore Logistics,Logistics & Freight,It,38731.61,INR,CTR0008,ON_CONTRACT,REQ00899,2025-04-03,transcore logistics,False
TXN005021,ERP_EXPORT,SUP0009,Paperline Traders,Office Supplies,Logistics,17339.33,INR,,OFF_CONTRACT,REQ00132,2025-06-03,paperline traders,False
TXN005022,ERP_EXPORT,SUP0016,Prime Facility Care,Facilities Maintenance,Human Resources,36123.78,INR,CTR0006,ON_CONTRACT,,2025-10-13,prime facility care,False
TXN005023,ERP_EXPORT,SUP0010,Kanban Stationers,Office Supplies,Marketing,23921.76,INR,,OFF_CONTRACT,REQ00097,2025-10-18,kanban stationers,False
TXN005024,ERP_EXPORT,SUP0016,Prime Facility Care,Facilities Maintenance,Operations,53154.71,INR,CTR0006,ON_CONTRACT,,2026-03-14,prime facility care,False
TXN005025,ERP_EXPORT,SUP0016,Prime Facility Care,Facilities Maintenance,Operations,65809.91,INR,CTR0006,ON_CONTRACT,,2025-10-14,prime facility care,False
TXN005028,ERP_EXPORT,SUP0001,Nexa Technologies Pvt Ltd,It Hardware,Human Resources,33188.14,INR,CTR0001,ON_CONTRACT,REQ00355,2025-04-26,nexa technologies,False
TXN005029,ERP_EXPORT,SUP0022,Transcore Logistics,Logistics & Freight,Operations,72265.04,INR,CTR0008,ON_CONTRACT,,2025-08-05,transcore logistics,False
TXN005035,ERP_EXPORT,SUP0014,Skyroute Travel,Travel,R&D,21632.94,INR,CTR0005,ON_CONTRACT,REQ00109,2025-09-21,skyroute travel,False
TXN005040,ERP_EXPORT,SUP0005,Cloudspan Software,It Software & Licences,Operations,111873.39,INR,CTR0002,ON_CONTRACT,,2025-10-03,cloudspan software,False
TXN005044,ERP_EXPORT,SUP0019,Lumen Creative,Marketing Services,Marketing,113335.99,INR,CTR0007,ON_CONTRACT,,2026-01-14,lumen creative,False
TXN005045,ERP_EXPORT,SUP0019,Lumen Creative,Marketing Services,Marketing,107273.14,INR,CTR0007,ON_CONTRACT,,2026-03-29,lumen creative,False
TXN005046,ERP_EXPORT,SUP0001,Nexa Technologies Pvt Ltd,It Hardware,Marketing,118382.72,INR,CTR0001,ON_CONTRACT,REQ00453,2025-10-21,nexa technologies,False
TXN005047,ERP_EXPORT,SUP0011,Sterling Advisory,Professional Services,It,142855.03,INR,CTR0004,ON_CONTRACT,,2025-12-16,sterling advisory,False
TXN005049,ERP_EXPORT,SUP0011,Sterling Advisory,Professional Services,It,110232.93,INR,CTR0004,ON_CONTRACT,,2026-03-07,sterling advisory,False
TXN005051,ERP_EXPORT,SUP0023,FleetBridge Cargo,Logistics & Freight,Finance,28397.14,INR,,OFF_CONTRACT,,2025-06-01,fleetbridge cargo,False
TXN005054,ERP_EXPORT,SUP0016,Prime Facility Care,Facilities Maintenance,Operations,15097.98,INR,CTR0006,ON_CONTRACT,REQ00477,2025-09-08,prime facility care,False
TXN005057,ERP_EXPORT,SUP0017,GreenEdge Services,Facilities Maintenance,R&D,36263.01,INR,,OFF_CONTRACT,REQ00805,2026-02-22,greenedge services,False
TXN005058,ERP_EXPORT,SUP0011,Sterling Advisory,Professional Services,Finance,98118.37,INR,CTR0004,ON_CONTRACT,REQ00584,2025-10-20,sterling advisory,False
TXN005060,ERP_EXPORT,SUP0016,Prime Facility Care,Facilities Maintenance,Finance,30820.14,INR,CTR0006,ON_CONTRACT,REQ00602,2026-02-19,prime facility care,False
TXN005061,ERP_EXPORT,SUP0016,Prime Facility Care,Facilities Maintenance,Marketing,65972.06,INR,CTR0006,ON_CONTRACT,REQ00407,2025-10-29,prime facility care,False
TXN005062,ERP_EXPORT,SUP0001,Nexa Technologies Pvt Ltd,It Hardware,R&D,168010.0,INR,CTR0001,ON_CONTRACT,REQ00059,2025-07-04,nexa technologies,False
TXN005063,ERP_EXPORT,SUP0022,Transcore Logistics,Logistics & Freight,Logistics,53696.86,INR,CTR0008,ON_CONTRACT,REQ00605,2026-01-12,transcore logistics,False
TXN005067,ERP_EXPORT,SUP0022,Transcore Logistics,Logistics & Freight,Human Resources,51405.83,INR,CTR0008,ON_CONTRACT,,2025-10-24,transcore logistics,False
TXN005068,ERP_EXPORT,SUP0022,Transcore Logistics,Logistics & Freight,Logistics,39914.84,INR,CTR0008,ON_CONTRACT,REQ00319,2025-09-03,transcore logistics,False
TXN005069,ERP_EXPORT,SUP0019,Lumen Creative,Marketing Services,Human Resources,148875.02,INR,CTR0007,ON_CONTRACT,,2025-07-23,lumen creative,False
TXN005071,ERP_EXPORT,SUP0001,Nexa Technologies Pvt Ltd,It Hardware,Marketing,110686.31,INR,CTR0001,ON_CONTRACT,REQ00649,2025-11-05,nexa technologies,False
TXN005073,ERP_EXPORT,SUP0011,Sterling Advisory,Professional Services,Marketing,141853.78,INR,CTR0004,ON_CONTRACT,REQ00648,2025-09-03,sterling advisory,False
TXN005075,ERP_EXPORT,SUP0011,Sterling Advisory,Professional Services,R&D,244216.89,INR,CTR0004,ON_CONTRACT,REQ00108,2025-04-24,sterling advisory,False
TXN005078,ERP_EXPORT,SUP0022,Transcore Logistics,Logistics & Freight,Human Resources,31638.61,INR,CTR0008,ON_CONTRACT,,2025-08-09,transcore logistics,False
TXN005080,ERP_EXPORT,SUP0016,Prime Facility Care,Facilities Maintenance,Human Resources,35748.97,INR,CTR0006,ON_CONTRACT,REQ00871,2026-01-13,prime facility care,False
TXN005081,ERP_EXPORT,SUP0011,Sterling Advisory,Professional Services,Facilities,55728.13,INR,CTR0004,ON_CONTRACT,REQ00558,2025-04-15,sterling advisory,False
TXN005084,ERP_EXPORT,SUP0008,Orion Office Supplies,Office Supplies,Operations,7515.86,INR,CTR0003,ON_CONTRACT,REQ00783,2025-10-05,orion office supplies,False
TXN005087,ERP_EXPORT,SUP0008,Orion Office Supplies,Office Supplies,R&D,19681.18,INR,CTR0003,ON_CONTRACT,REQ00036,2025-05-28,orion office supplies,False
TXN005089,ERP_EXPORT,SUP0022,Transcore Logistics,Logistics & Freight,It,59875.06,INR,CTR0008,ON_CONTRACT,REQ00006,2026-03-20,transcore logistics,False
TXN005091,ERP_EXPORT,SUP0010,Kanban Stationers,Office Supplies,Human Resources,2838.6,INR,,OFF_CONTRACT,,2025-12-18,kanban stationers,False
TXN005093,ERP_EXPORT,SUP0019,Lumen Creative,Marketing Services,It,136782.98,INR,CTR0007,ON_CONTRACT,,2026-03-20,lumen creative,False
TXN005094,ERP_EXPORT,SUP0022,Transcore Logistics,Logistics & Freight,Marketing,21791.72,INR,CTR0008,ON_CONTRACT,,2025-08-09,transcore logistics,False
TXN005095,ERP_EXPORT,SUP0001,Nexa Technologies Pvt Ltd,It Hardware,It,31998.46,INR,CTR0001,ON_CONTRACT,,2026-01-05,nexa technologies,False
TXN005099,ERP_EXPORT,SUP0001,Nexa Technologies Pvt Ltd,It Hardware,Facilities,90365.46,INR,CTR0001,ON_CONTRACT,REQ00578,2025-09-25,nexa technologies,False
TXN005103,ERP_EXPORT,SUP0001,Nexa Technologies Pvt Ltd,It Hardware,Operations,113490.59,INR,CTR0001,ON_CONTRACT,REQ00896,2025-08-10,nexa technologies,False
TXN005104,ERP_EXPORT,SUP0008,Orion Office Supplies,Office Supplies,It,9645.81,INR,CTR0003,ON_CONTRACT,REQ00042,2026-02-09,orion office supplies,False
TXN005107,ERP_EXPORT,SUP0001,Nexa Technologies Pvt Ltd,It Hardware,Marketing,81853.74,INR,CTR0001,ON_CONTRACT,REQ00423,2025-12-07,nexa technologies,False
TXN005110,ERP_EXPORT,SUP0001,Nexa Technologies Pvt Ltd,It Hardware,It,174772.52,INR,CTR0001,ON_CONTRACT,REQ00008,2025-05-14,nexa technologies,False
TXN005111,ERP_EXPORT,SUP0023,FleetBridge Cargo,Logistics & Freight,Logistics,92516.18,INR,,OFF_CONTRACT,REQ00743,2025-06-10,fleetbridge cargo,False
TXN005112,ERP_EXPORT,SUP0008,Orion Office Supplies,Office Supplies,Operations,21896.64,INR,CTR0003,ON_CONTRACT,REQ00370,2025-05-26,orion office supplies,False
TXN005116,ERP_EXPORT,SUP0022,Transcore Logistics,Logistics & Freight,Finance,64353.94,INR,CTR0008,ON_CONTRACT,,2025-11-12,transcore logistics,False
TXN005117,ERP_EXPORT,SUP0021,Pulse Marketing Co,Marketing Services,Operations,83790.94,INR,,OFF_CONTRACT,,2025-05-16,pulse marketing,False
TXN005119,ERP_EXPORT,SUP0001,Nexa Technologies Pvt Ltd,It Hardware,Facilities,142455.37,INR,CTR0001,ON_CONTRACT,,2026-01-03,nexa technologies,False
TXN005121,ERP_EXPORT,SUP0016,Prime Facility Care,Facilities Maintenance,R&D,29082.38,INR,CTR0006,ON_CONTRACT,REQ00427,2025-05-07,prime facility care,False
TXN005122,ERP_EXPORT,SUP0016,Prime Facility Care,Facilities Maintenance,It,65478.51,INR,CTR0006,ON_CONTRACT,REQ00040,2026-01-16,prime facility care,False
TXN005123,ERP_EXPORT,SUP0027,Orion Office Supplies Ltd,Office Supplies,Finance,3293.16,INR,,OFF_CONTRACT,REQ00495,2025-11-25,orion office supplies,False
TXN005124,ERP_EXPORT,SUP0001,Nexa Technologies Pvt Ltd,It Hardware,Operations,100273.32,INR,CTR0001,ON_CONTRACT,,2025-08-07,nexa technologies,False
TXN005125,ERP_EXPORT,SUP0017,GreenEdge Services,Facilities Maintenance,Marketing,64768.05,INR,,OFF_CONTRACT,REQ00673,2025-06-09,greenedge services,False
TXN005126,ERP_EXPORT,SUP0018,Urban Upkeep,Facilities Maintenance,Finance,46621.78,INR,,OFF_CONTRACT,,2026-02-24,urban upkeep,False
TXN005127,ERP_EXPORT,SUP0008,Orion Office Supplies,Office Supplies,Logistics,14567.36,INR,CTR0003,ON_CONTRACT,,2025-10-02,orion office supplies,False
TXN005128,ERP_EXPORT,SUP0022,Transcore Logistics,Logistics & Freight,Marketing,32728.77,INR,CTR0008,ON_CONTRACT,,2025-07-07,transcore logistics,False
TXN005129,ERP_EXPORT,SUP0011,Sterling Advisory,Professional Services,Logistics,112087.85,INR,CTR0004,ON_CONTRACT,,2026-02-16,sterling advisory,False
TXN005131,ERP_EXPORT,SUP0011,Sterling Advisory,Professional Services,R&D,157435.81,INR,CTR0004,ON_CONTRACT,REQ00621,2025-12-27,sterling advisory,False
TXN005132,ERP_EXPORT,SUP0015,Voyager Corporate Travel,Travel,Human Resources,50208.86,INR,,OFF_CONTRACT,REQ00466,2025-08-06,voyager corporate travel,False
TXN005134,ERP_EXPORT,SUP0005,Cloudspan Software,It Software & Licences,Logistics,16682.96,INR,CTR0002,ON_CONTRACT,REQ00808,2025-06-19,cloudspan software,False
TXN005136,ERP_EXPORT,SUP0025,NEXA TECHNOLOGIES PVT. LTD.,It Hardware,Facilities,83432.86,INR,,NO_CONTRACT,REQ00200,2025-08-04,nexa technologies,False
TXN005137,ERP_EXPORT,SUP0014,Skyroute Travel,Travel,Marketing,57463.47,INR,CTR0005,ON_CONTRACT,REQ00408,2026-03-20,skyroute travel,False
TXN005139,ERP_EXPORT,SUP0019,Lumen Creative,Marketing Services,Finance,115636.0,INR,CTR0007,ON_CONTRACT,REQ00291,2025-08-20,lumen creative,False
TXN005142,ERP_EXPORT,SUP0016,Prime Facility Care,Facilities Maintenance,Human Resources,17566.92,INR,CTR0006,ON_CONTRACT,,2025-09-18,prime facility care,False
TXN005143,ERP_EXPORT,SUP0022,Transcore Logistics,Logistics & Freight,Facilities,60282.89,INR,CTR0008,ON_CONTRACT,,2025-12-29,transcore logistics,False
TXN005145,ERP_EXPORT,SUP0006,Vertex Licensing,It Software & Licences,Logistics,57673.74,INR,,NO_CONTRACT,,2025-06-28,vertex licensing,False
TXN005146,ERP_EXPORT,SUP0014,Skyroute Travel,Travel,Logistics,80146.7,INR,CTR0005,ON_CONTRACT,REQ00452,2025-07-14,skyroute travel,False
TXN005150,ERP_EXPORT,SUP0014,Skyroute Travel,Travel,Operations,18765.61,INR,CTR0005,ON_CONTRACT,REQ00477,2026-01-11,skyroute travel,False
TXN005153,ERP_EXPORT,SUP0007,Meridian Softworks,It Software & Licences,R&D,110426.78,INR,,NO_CONTRACT,REQ00762,2026-01-28,meridian softworks,False
TXN005154,ERP_EXPORT,SUP0019,Lumen Creative,Marketing Services,R&D,126456.01,INR,CTR0007,ON_CONTRACT,REQ00457,2025-09-06,lumen creative,False
TXN005156,ERP_EXPORT,SUP0001,Nexa Technologies Pvt Ltd,It Hardware,Facilities,71649.78,INR,CTR0001,ON_CONTRACT,,2025-08-15,nexa technologies,False
TXN005157,ERP_EXPORT,SUP0022,Transcore Logistics,Logistics & Freight,Facilities,27275.72,INR,CTR0008,ON_CONTRACT,REQ00169,2025-09-11,transcore logistics,False
TXN005163,ERP_EXPORT,SUP0005,Cloudspan Software,It Software & Licences,Human Resources,49247.88,INR,CTR0002,ON_CONTRACT,REQ00402,2025-04-08,cloudspan software,False
TXN005164,ERP_EXPORT,SUP0022,Transcore Logistics,Logistics & Freight,Operations,50890.23,INR,CTR0008,ON_CONTRACT,,2025-12-30,transcore logistics,False
TXN005166,ERP_EXPORT,SUP0014,Skyroute Travel,Travel,Logistics,88741.67,INR,CTR0005,ON_CONTRACT,,2025-07-19,skyroute travel,False
TXN005168,ERP_EXPORT,SUP0011,Sterling Advisory,Professional Services,Logistics,67374.16,INR,CTR0004,ON_CONTRACT,REQ00641,2025-05-22,sterling advisory,False
TXN005169,ERP_EXPORT,SUP0001,Nexa Technologies Pvt Ltd,It Hardware,Human Resources,56547.91,INR,CTR0001,ON_CONTRACT,,2025-12-31,nexa technologies,False
TXN005173,ERP_EXPORT,SUP0023,FleetBridge Cargo,Logistics & Freight,Logistics,13743.76,INR,,OFF_CONTRACT,REQ00084,2025-06-27,fleetbridge cargo,False
TXN005174,ERP_EXPORT,SUP0005,Cloudspan Software,It Software & Licences,Marketing,18615.29,INR,CTR0002,ON_CONTRACT,REQ00680,2025-06-10,cloudspan software,False
TXN005177,ERP_EXPORT,SUP0011,Sterling Advisory,Professional Services,Finance,225900.16,INR,CTR0004,ON_CONTRACT,REQ00458,2025-10-31,sterling advisory,False
TXN005178,ERP_EXPORT,SUP0017,GreenEdge Services,Facilities Maintenance,Operations,15202.39,INR,,OFF_CONTRACT,REQ00881,2025-08-08,greenedge services,False
TXN005179,ERP_EXPORT,SUP0018,Urban Upkeep,Facilities Maintenance,Facilities,42301.79,INR,,OFF_CONTRACT,REQ00339,2026-01-08,urban upkeep,False
TXN005181,ERP_EXPORT,SUP0027,Orion Office Supplies Ltd,Office Supplies,Marketing,10923.37,INR,,OFF_CONTRACT,,2026-01-14,orion office supplies,False
TXN005182,ERP_EXPORT,SUP0019,Lumen Creative,Marketing Services,R&D,136139.22,INR,CTR0007,ON_CONTRACT,REQ00695,2026-01-25,lumen creative,False
TXN005185,ERP_EXPORT,SUP0008,Orion Office Supplies,Office Supplies,Finance,19282.74,INR,CTR0003,ON_CONTRACT,REQ00328,2025-07-23,orion office supplies,False
TXN005187,ERP_EXPORT,SUP0008,Orion Office Supplies,Office Supplies,Human Resources,17562.2,INR,CTR0003,ON_CONTRACT,REQ00445,2025-06-25,orion office supplies,False
TXN005188,ERP_EXPORT,SUP0001,Nexa Technologies Pvt Ltd,It Hardware,Marketing,81327.61,INR,CTR0001,ON_CONTRACT,REQ00810,2025-08-04,nexa technologies,False
TXN005189,ERP_EXPORT,SUP0011,Sterling Advisory,Professional Services,Facilities,237018.05,INR,CTR0004,ON_CONTRACT,REQ00511,2025-12-26,sterling advisory,False
TXN005190,ERP_EXPORT,SUP0022,Transcore Logistics,Logistics & Freight,Marketing,34872.04,INR,CTR0008,ON_CONTRACT,,2025-09-26,transcore logistics,False
TXN005193,ERP_EXPORT,SUP0014,Skyroute Travel,Travel,Human Resources,70755.94,INR,CTR0005,ON_CONTRACT,REQ00669,2025-11-07,skyroute travel,False
TXN005196,ERP_EXPORT,SUP0023,FleetBridge Cargo,Logistics & Freight,Logistics,78233.84,INR,,OFF_CONTRACT,,2025-11-19,fleetbridge cargo,False
TXN005199,ERP_EXPORT,SUP0018,Urban Upkeep,Facilities Maintenance,Finance,33233.39,INR,,OFF_CONTRACT,,2025-05-27,urban upkeep,False
TXN005200,ERP_EXPORT,SUP0005,Cloudspan Software,It Software & Licences,Operations,44690.37,INR,CTR0002,ON_CONTRACT,,2025-10-08,cloudspan software,False
TXN000004,INVOICE_SYSTEM,SUP0011,Sterling Advisory,Professional Services,It,165718.28,INR,CTR0004,ON_CONTRACT,REQ00033,2025-09-09,sterling advisory,False
TXN000007,INVOICE_SYSTEM,SUP0019,Lumen Creative,Marketing Services,Marketing,28131.71,INR,CTR0007,ON_CONTRACT,REQ00094,2025-04-25,lumen creative,False
TXN000013,INVOICE_SYSTEM,SUP0011,Sterling Advisory,Professional Services,It,214812.95,INR,CTR0004,ON_CONTRACT,,2025-12-07,sterling advisory,False
TXN000017,INVOICE_SYSTEM,SUP0021,Pulse Marketing Co,Marketing Services,Operations,62593.91,INR,,OFF_CONTRACT,,2025-10-22,pulse marketing,False
TXN000020,INVOICE_SYSTEM,SUP0001,Nexa Technologies Pvt Ltd,It Hardware,Finance,70140.52,INR,CTR0001,ON_CONTRACT,REQ00244,2025-08-21,nexa technologies,False
TXN000024,INVOICE_SYSTEM,SUP0022,Transcore Logistics,Logistics & Freight,Logistics,350982.73,INR,CTR0008,ON_CONTRACT,,2026-01-07,transcore logistics,False
TXN000025,INVOICE_SYSTEM,SUP0005,Cloudspan Software,It Software & Licences,It,62887.35,INR,CTR0002,ON_CONTRACT,,2025-07-31,cloudspan software,False
TXN000031,INVOICE_SYSTEM,SUP0011,Sterling Advisory,Professional Services,Operations,167584.42,INR,CTR0004,ON_CONTRACT,,2025-04-21,sterling advisory,False
TXN000034,INVOICE_SYSTEM,SUP0001,Nexa Technologies Pvt Ltd,It Hardware,Facilities,172077.26,INR,CTR0001,ON_CONTRACT,REQ00219,2025-12-16,nexa technologies,False
TXN000036,INVOICE_SYSTEM,SUP0014,Skyroute Travel,Travel,Human Resources,74288.58,INR,CTR0005,ON_CONTRACT,,2026-03-01,skyroute travel,False
TXN000040,INVOICE_SYSTEM,SUP0001,Nexa Technologies Pvt Ltd,It Hardware,Human Resources,93223.64,INR,CTR0001,ON_CONTRACT,REQ00453,2026-01-08,nexa technologies,False
TXN000044,INVOICE_SYSTEM,SUP0009,Paperline Traders,Office Supplies,Marketing,22914.37,INR,,OFF_CONTRACT,,2025-04-13,paperline traders,False
TXN000045,INVOICE_SYSTEM,SUP0010,Kanban Stationers,Office Supplies,R&D,7951.94,INR,,OFF_CONTRACT,,2025-08-06,kanban stationers,False
TXN000049,INVOICE_SYSTEM,SUP0014,Skyroute Travel,Travel,Human Resources,52830.24,INR,CTR0005,ON_CONTRACT,REQ00611,2025-11-09,skyroute travel,False
TXN000057,INVOICE_SYSTEM,SUP0001,Nexa Technologies Pvt Ltd,It Hardware,Facilities,38716.34,INR,CTR0001,ON_CONTRACT,REQ00645,2026-01-20,nexa technologies,False
TXN000059,INVOICE_SYSTEM,SUP0026,Nexa Tech Pvt Ltd,It Hardware,Facilities,32010.23,INR,,NO_CONTRACT,,2025-07-22,nexa tech,False
TXN000065,INVOICE_SYSTEM,SUP0014,Skyroute Travel,Travel,Facilities,31036.63,INR,CTR0005,ON_CONTRACT,REQ00237,2025-10-14,skyroute travel,False
TXN000068,INVOICE_SYSTEM,SUP0019,Lumen Creative,Marketing Services,Human Resources,132307.58,INR,CTR0007,ON_CONTRACT,,2025-11-01,lumen creative,False
TXN000070,INVOICE_SYSTEM,SUP0020,BrightArc Media,Marketing Services,It,158164.17,INR,,OFF_CONTRACT,,2026-01-29,brightarc media,False
TXN000074,INVOICE_SYSTEM,SUP0011,Sterling Advisory,Professional Services,It,211246.9,INR,CTR0004,ON_CONTRACT,,2025-08-05,sterling advisory,False
TXN000079,INVOICE_SYSTEM,SUP0007,Meridian Softworks,Uncategorised,Finance,52638.9,INR,,NO_CONTRACT,REQ00678,2025-10-07,meridian softworks,False
TXN000081,INVOICE_SYSTEM,SUP0021,Pulse Marketing Co,Marketing Services,Logistics,140834.48,INR,,OFF_CONTRACT,,2025-11-09,pulse marketing,False
TXN000091,INVOICE_SYSTEM,SUP0015,Voyager Corporate Travel,Travel,Operations,17806.73,INR,,OFF_CONTRACT,REQ00370,2025-07-01,voyager corporate travel,False
TXN000096,INVOICE_SYSTEM,SUP0001,Nexa Technologies Pvt Ltd,It Hardware,Human Resources,101538.32,INR,CTR0001,ON_CONTRACT,REQ00255,2025-05-31,nexa technologies,False
TXN000097,INVOICE_SYSTEM,SUP0019,Lumen Creative,Marketing Services,Operations,93182.6,INR,CTR0007,ON_CONTRACT,,2025-10-12,lumen creative,False
TXN000098,INVOICE_SYSTEM,SUP0023,FleetBridge Cargo,Logistics & Freight,R&D,47485.9,INR,,OFF_CONTRACT,REQ00636,2025-05-01,fleetbridge cargo,False
TXN000101,INVOICE_SYSTEM,SUP0005,Cloudspan Software,It Software & Licences,Operations,18300.06,INR,CTR0002,ON_CONTRACT,REQ00558,2025-07-25,cloudspan software,False
TXN000106,INVOICE_SYSTEM,SUP0014,Skyroute Travel,Travel,Marketing,28441.96,INR,CTR0005,ON_CONTRACT,REQ00668,2025-11-13,skyroute travel,False
TXN000112,INVOICE_SYSTEM,SUP0022,Transcore Logistics,Logistics & Freight,Operations,25381.37,INR,CTR0008,ON_CONTRACT,REQ00135,2025-08-26,transcore logistics,False
TXN000117,INVOICE_SYSTEM,SUP0019,Lumen Creative,Marketing Services,Human Resources,132514.09,INR,CTR0007,ON_CONTRACT,,2025-08-23,lumen creative,False
TXN000118,INVOICE_SYSTEM,SUP0015,Voyager Corporate Travel,Travel,Logistics,23298.74,INR,,OFF_CONTRACT,REQ00354,2025-09-18,voyager corporate travel,False
TXN000120,INVOICE_SYSTEM,SUP0019,Lumen Creative,Marketing Services,It,95507.91,INR,CTR0007,ON_CONTRACT,REQ00485,2026-03-28,lumen creative,False
TXN000123,INVOICE_SYSTEM,SUP0008,Orion Office Supplies,Office Supplies,Human Resources,9314.08,INR,CTR0003,ON_CONTRACT,REQ00710,2025-10-21,orion office supplies,False
TXN000124,INVOICE_SYSTEM,SUP0007,Meridian Softworks,It Software & Licences,R&D,26555.45,INR,,NO_CONTRACT,,2026-02-15,meridian softworks,False
TXN000136,INVOICE_SYSTEM,SUP0008,Orion Office Supplies,Office Supplies,It,9433.67,INR,CTR0003,ON_CONTRACT,REQ00452,2025-04-18,orion office supplies,False
TXN000137,INVOICE_SYSTEM,SUP0016,Prime Facility Care,Facilities Maintenance,Finance,41127.44,INR,CTR0006,ON_CONTRACT,,2025-06-29,prime facility care,False
TXN000139,INVOICE_SYSTEM,SUP0015,Voyager Corporate Travel,Travel,Human Resources,37817.63,INR,,OFF_CONTRACT,,2025-09-21,voyager corporate travel,False
TXN000143,INVOICE_SYSTEM,SUP0001,Nexa Technologies Pvt Ltd,It Hardware,Finance,102073.52,INR,CTR0001,ON_CONTRACT,,2025-07-23,nexa technologies,False
TXN000147,INVOICE_SYSTEM,SUP0019,Lumen Creative,Marketing Services,R&D,105339.01,INR,CTR0007,ON_CONTRACT,,2025-08-22,lumen creative,False
TXN000157,INVOICE_SYSTEM,SUP0014,Skyroute Travel,Travel,It,63115.11,INR,CTR0005,ON_CONTRACT,,2025-10-23,skyroute travel,False
TXN000164,INVOICE_SYSTEM,SUP0017,GreenEdge Services,Facilities Maintenance,It,42146.48,INR,,OFF_CONTRACT,,2026-02-02,greenedge services,False
TXN000167,INVOICE_SYSTEM,SUP0013,Adept Partners,Professional Services,It,107363.81,INR,,OFF_CONTRACT,,2026-03-03,adept partners,False
TXN000175,INVOICE_SYSTEM,SUP0001,Nexa Technologies Pvt Ltd,It Hardware,Marketing,125001.78,INR,CTR0001,ON_CONTRACT,,2025-08-27,nexa technologies,False
TXN000177,INVOICE_SYSTEM,SUP0011,Sterling Advisory,Professional Services,Finance,185096.93,INR,CTR0004,ON_CONTRACT,REQ00883,2025-04-22,sterling advisory,False
TXN000178,INVOICE_SYSTEM,SUP0019,Lumen Creative,Marketing Services,Finance,74142.95,INR,CTR0007,ON_CONTRACT,,2026-01-19,lumen creative,False
TXN000183,INVOICE_SYSTEM,SUP0018,Urban Upkeep,Facilities Maintenance,Operations,65481.62,INR,,OFF_CONTRACT,REQ00263,2025-07-11,urban upkeep,False
TXN000184,INVOICE_SYSTEM,SUP0008,Orion Office Supplies,Office Supplies,Facilities,22178.81,INR,CTR0003,ON_CONTRACT,REQ00792,2026-02-16,orion office supplies,False
TXN000191,INVOICE_SYSTEM,SUP0006,Vertex Licensing,It Software & Licences,Facilities,24775.79,INR,,NO_CONTRACT,REQ00177,2025-04-21,vertex licensing,False
TXN000192,INVOICE_SYSTEM,SUP0011,Sterling Advisory,Professional Services,Marketing,228415.31,INR,CTR0004,ON_CONTRACT,REQ00290,2025-10-16,sterling advisory,False
TXN000195,INVOICE_SYSTEM,SUP0010,Kanban Stationers,Office Supplies,R&D,9797.69,INR,,OFF_CONTRACT,REQ00726,2025-05-14,kanban stationers,False
TXN000198,INVOICE_SYSTEM,SUP0005,Cloudspan Software,It Software & Licences,It,109196.58,INR,CTR0002,ON_CONTRACT,,2026-02-11,cloudspan software,False
TXN000202,INVOICE_SYSTEM,SUP0011,Sterling Advisory,Professional Services,Logistics,57669.39,INR,CTR0004,ON_CONTRACT,REQ00289,2025-10-13,sterling advisory,False
TXN000203,INVOICE_SYSTEM,SUP0019,Lumen Creative,Marketing Services,Marketing,42628.02,INR,CTR0007,ON_CONTRACT,,2025-04-27,lumen creative,False
TXN000205,INVOICE_SYSTEM,SUP0019,Lumen Creative,Marketing Services,Logistics,104900.07,INR,CTR0007,ON_CONTRACT,,2025-04-14,lumen creative,False
TXN000207,INVOICE_SYSTEM,SUP0011,Sterling Advisory,Professional Services,Finance,61309.02,INR,CTR0004,ON_CONTRACT,,2025-06-10,sterling advisory,False
TXN000208,INVOICE_SYSTEM,SUP0001,Nexa Technologies Pvt Ltd,It Hardware,Marketing,127842.77,INR,CTR0001,ON_CONTRACT,,2025-11-27,nexa technologies,False
TXN000209,INVOICE_SYSTEM,SUP0022,Transcore Logistics,Logistics & Freight,It,12420.11,INR,CTR0008,ON_CONTRACT,REQ00856,2025-06-16,transcore logistics,False
TXN000211,INVOICE_SYSTEM,SUP0022,Transcore Logistics,Logistics & Freight,Logistics,57544.9,INR,CTR0008,ON_CONTRACT,,2025-04-09,transcore logistics,False
TXN000215,INVOICE_SYSTEM,SUP0007,Meridian Softworks,It Software & Licences,Marketing,89778.82,INR,,NO_CONTRACT,REQ00560,2025-09-21,meridian softworks,False
TXN000216,INVOICE_SYSTEM,SUP0027,Orion Office Supplies Ltd,Office Supplies,Logistics,7456.73,INR,,OFF_CONTRACT,,2025-06-09,orion office supplies,False
TXN000217,INVOICE_SYSTEM,SUP0005,Cloudspan Software,It Software & Licences,It,49166.97,INR,CTR0002,ON_CONTRACT,REQ00045,2025-07-12,cloudspan software,False
TXN000219,INVOICE_SYSTEM,SUP0022,Transcore Logistics,Logistics & Freight,Operations,65919.53,INR,CTR0008,ON_CONTRACT,REQ00883,2025-04-25,transcore logistics,False
TXN000220,INVOICE_SYSTEM,SUP0016,Prime Facility Care,Facilities Maintenance,R&D,60953.4,INR,CTR0006,ON_CONTRACT,,2025-11-12,prime facility care,False
TXN000225,INVOICE_SYSTEM,SUP0019,Lumen Creative,Marketing Services,It,57128.33,INR,CTR0007,ON_CONTRACT,REQ00653,2025-10-25,lumen creative,False
TXN000227,INVOICE_SYSTEM,SUP0016,Prime Facility Care,Facilities Maintenance,It,68380.63,INR,CTR0006,ON_CONTRACT,,2026-03-14,prime facility care,False
TXN000231,INVOICE_SYSTEM,SUP0011,Sterling Advisory,Professional Services,Logistics,206910.37,INR,CTR0004,ON_CONTRACT,REQ00731,2025-11-14,sterling advisory,False
TXN000237,INVOICE_SYSTEM,SUP0016,Prime Facility Care,Facilities Maintenance,Marketing,26846.34,INR,CTR0006,ON_CONTRACT,,2025-06-06,prime facility care,False
TXN000238,INVOICE_SYSTEM,SUP0019,Lumen Creative,Marketing Services,Facilities,23404.24,INR,CTR0007,ON_CONTRACT,REQ00312,2025-06-24,lumen creative,False
TXN000243,INVOICE_SYSTEM,SUP0014,Skyroute Travel,Travel,R&D,83018.88,INR,CTR0005,ON_CONTRACT,,2025-04-16,skyroute travel,False
TXN000254,INVOICE_SYSTEM,SUP0019,Lumen Creative,Marketing Services,Human Resources,64369.08,INR,CTR0007,ON_CONTRACT,,2026-02-14,lumen creative,False
TXN000257,INVOICE_SYSTEM,SUP0022,Transcore Logistics,Logistics & Freight,Marketing,89700.85,INR,CTR0008,ON_CONTRACT,REQ00628,2025-09-11,transcore logistics,False
TXN000268,INVOICE_SYSTEM,SUP0014,Skyroute Travel,Travel,Facilities,65603.69,INR,CTR0005,ON_CONTRACT,REQ00453,2026-03-02,skyroute travel,False
TXN000271,INVOICE_SYSTEM,SUP0022,Transcore Logistics,Logistics & Freight,It,79176.98,INR,CTR0008,ON_CONTRACT,,2025-06-20,transcore logistics,False
TXN000272,INVOICE_SYSTEM,SUP0019,Lumen Creative,Marketing Services,Logistics,133415.88,INR,CTR0007,ON_CONTRACT,REQ00205,2025-08-26,lumen creative,False
TXN000275,INVOICE_SYSTEM,SUP0019,Lumen Creative,Marketing Services,Human Resources,91587.94,INR,CTR0007,ON_CONTRACT,,2025-04-05,lumen creative,False
TXN000277,INVOICE_SYSTEM,SUP0022,Transcore Logistics,Logistics & Freight,Logistics,78258.5,INR,CTR0008,ON_CONTRACT,REQ00829,2025-05-28,transcore logistics,False
TXN000284,INVOICE_SYSTEM,SUP0008,Orion Office Supplies,Office Supplies,Finance,4161.58,INR,CTR0003,ON_CONTRACT,REQ00563,2025-11-28,orion office supplies,False
TXN000285,INVOICE_SYSTEM,SUP0013,Adept Partners,Professional Services,Facilities,161438.83,INR,,OFF_CONTRACT,REQ00541,2026-03-27,adept partners,False
TXN000293,INVOICE_SYSTEM,SUP0019,Lumen Creative,Marketing Services,Logistics,135164.08,INR,CTR0007,ON_CONTRACT,,2025-10-11,lumen creative,False
TXN000294,INVOICE_SYSTEM,SUP0019,Lumen Creative,Marketing Services,Marketing,70426.69,INR,CTR0007,ON_CONTRACT,,2025-09-26,lumen creative,False
TXN000300,INVOICE_SYSTEM,SUP0001,Nexa Technologies Pvt Ltd,It Hardware,Operations,38228.86,INR,CTR0001,ON_CONTRACT,,2026-01-20,nexa technologies,False
TXN000301,INVOICE_SYSTEM,SUP0016,Prime Facility Care,Facilities Maintenance,Finance,13100.9,INR,CTR0006,ON_CONTRACT,REQ00898,2025-06-13,prime facility care,False
TXN000305,INVOICE_SYSTEM,SUP0012,Cobalt Consulting,Professional Services,Marketing,192479.18,INR,,OFF_CONTRACT,,2025-04-30,cobalt consulting,False
TXN000308,INVOICE_SYSTEM,SUP0002,Zenith Computing,It Hardware,Operations,75058.25,INR,,NO_CONTRACT,REQ00891,2025-09-18,zenith computing,False
TXN000314,INVOICE_SYSTEM,SUP0011,Sterling Advisory,Professional Services,Logistics,242156.17,INR,CTR0004,ON_CONTRACT,,2026-03-17,sterling advisory,False
TXN000315,INVOICE_SYSTEM,SUP0016,Prime Facility Care,Facilities Maintenance,Logistics,60158.81,INR,CTR0006,ON_CONTRACT,REQ00751,2025-09-28,prime facility care,False
TXN000317,INVOICE_SYSTEM,SUP0001,Nexa Technologies Pvt Ltd,It Hardware,Facilities,88387.71,INR,CTR0001,ON_CONTRACT,,2026-03-09,nexa technologies,False
TXN000321,INVOICE_SYSTEM,SUP0014,Skyroute Travel,Travel,R&D,53036.59,INR,CTR0005,ON_CONTRACT,,2025-07-01,skyroute travel,False
TXN000326,INVOICE_SYSTEM,SUP0008,Orion Office Supplies,Office Supplies,Finance,18971.63,INR,CTR0003,ON_CONTRACT,,2025-05-19,orion office supplies,False
TXN000327,INVOICE_SYSTEM,SUP0001,Nexa Technologies Pvt Ltd,It Hardware,Logistics,110924.88,INR,CTR0001,ON_CONTRACT,REQ00077,2026-03-17,nexa technologies,False
TXN000329,INVOICE_SYSTEM,SUP0027,Orion Office Supplies Ltd,Office Supplies,Human Resources,11650.8,INR,,OFF_CONTRACT,REQ00247,2026-01-16,orion office supplies,False
TXN000331,INVOICE_SYSTEM,SUP0005,Cloudspan Software,It Software & Licences,It,52377.13,INR,CTR0002,ON_CONTRACT,REQ00238,2025-05-09,cloudspan software,False
TXN000341,INVOICE_SYSTEM,SUP0005,Cloudspan Software,It Software & Licences,Logistics,66619.67,INR,CTR0002,ON_CONTRACT,,2025-07-10,cloudspan software,False
TXN000347,INVOICE_SYSTEM,SUP0004,Arcadia IT Traders,It Hardware,Operations,123439.52,INR,,NO_CONTRACT,REQ00299,2026-03-21,arcadia it traders,False
TXN000349,INVOICE_SYSTEM,SUP0019,Lumen Creative,Marketing Services,Logistics,72445.77,INR,CTR0007,ON_CONTRACT,,2025-12-30,lumen creative,False
TXN000350,INVOICE_SYSTEM,SUP0019,Lumen Creative,Marketing Services,Finance,107620.39,INR,CTR0007,ON_CONTRACT,,2025-12-31,lumen creative,False
TXN000352,INVOICE_SYSTEM,SUP0020,BrightArc Media,Marketing Services,R&D,139908.58,INR,,OFF_CONTRACT,REQ00101,2025-08-11,brightarc media,False
TXN000358,INVOICE_SYSTEM,SUP0016,Prime Facility Care,Facilities Maintenance,Operations,45146.53,INR,CTR0006,ON_CONTRACT,,2026-02-17,prime facility care,False
TXN000369,INVOICE_SYSTEM,SUP0022,Transcore Logistics,Logistics & Freight,Logistics,28250.66,INR,CTR0008,ON_CONTRACT,REQ00116,2026-01-19,transcore logistics,False
TXN000371,INVOICE_SYSTEM,SUP0022,Transcore Logistics,Logistics & Freight,Facilities,20364.57,INR,CTR0008,ON_CONTRACT,,2026-03-01,transcore logistics,False
TXN000372,INVOICE_SYSTEM,SUP0011,Sterling Advisory,Professional Services,Logistics,43826.58,INR,CTR0004,ON_CONTRACT,REQ00883,2025-05-15,sterling advisory,False
TXN000373,INVOICE_SYSTEM,SUP0022,Transcore Logistics,Logistics & Freight,Operations,19838.77,INR,CTR0008,ON_CONTRACT,REQ00756,2026-01-27,transcore logistics,False
TXN000376,INVOICE_SYSTEM,SUP0014,Skyroute Travel,Travel,Facilities,34156.0,INR,CTR0005,ON_CONTRACT,REQ00769,2025-10-28,skyroute travel,False
TXN000379,INVOICE_SYSTEM,SUP0022,Transcore Logistics,Logistics & Freight,Facilities,79600.88,INR,CTR0008,ON_CONTRACT,REQ00768,2025-08-21,transcore logistics,False
TXN000382,INVOICE_SYSTEM,SUP0022,Transcore Logistics,Logistics & Freight,Finance,69829.18,INR,CTR0008,ON_CONTRACT,REQ00134,2026-01-15,transcore logistics,False
TXN000384,INVOICE_SYSTEM,SUP0022,Transcore Logistics,Logistics & Freight,R&D,84830.18,INR,CTR0008,ON_CONTRACT,REQ00706,2025-06-07,transcore logistics,False
TXN000385,INVOICE_SYSTEM,SUP0014,Skyroute Travel,Travel,Human Resources,68275.83,INR,CTR0005,ON_CONTRACT,REQ00370,2025-08-07,skyroute travel,False
TXN000386,INVOICE_SYSTEM,SUP0005,Cloudspan Software,It Software & Licences,Marketing,99365.5,INR,CTR0002,ON_CONTRACT,REQ00641,2025-09-04,cloudspan software,False
TXN000390,INVOICE_SYSTEM,SUP0005,Cloudspan Software,It Software & Licences,Marketing,99717.65,INR,CTR0002,ON_CONTRACT,REQ00833,2025-06-08,cloudspan software,False
TXN000397,INVOICE_SYSTEM,SUP0008,Orion Office Supplies,Office Supplies,R&D,21743.49,INR,CTR0003,ON_CONTRACT,REQ00700,2025-06-28,orion office supplies,False
TXN000402,INVOICE_SYSTEM,SUP0001,Nexa Technologies Pvt Ltd,It Hardware,Facilities,164895.7,INR,CTR0001,ON_CONTRACT,REQ00624,2025-04-29,nexa technologies,False
TXN000407,INVOICE_SYSTEM,SUP0016,Prime Facility Care,Facilities Maintenance,Facilities,33352.1,INR,CTR0006,ON_CONTRACT,REQ00522,2025-04-02,prime facility care,False
TXN000409,INVOICE_SYSTEM,SUP0001,Nexa Technologies Pvt Ltd,It Hardware,R&D,165334.21,INR,CTR0001,ON_CONTRACT,REQ00255,2025-10-31,nexa technologies,False
TXN000414,INVOICE_SYSTEM,SUP0011,Sterling Advisory,Professional Services,It,160421.96,INR,CTR0004,ON_CONTRACT,REQ00355,2026-02-20,sterling advisory,False
TXN000415,INVOICE_SYSTEM,SUP0001,Nexa Technologies Pvt Ltd,It Hardware,R&D,122934.77,INR,CTR0001,ON_CONTRACT,,2025-09-05,nexa technologies,False
TXN000416,INVOICE_SYSTEM,SUP0005,Cloudspan Software,It Software & Licences,R&D,62086.78,INR,CTR0002,ON_CONTRACT,REQ00062,2025-06-12,cloudspan software,False
TXN000417,INVOICE_SYSTEM,SUP0014,Skyroute Travel,Travel,R&D,32043.28,INR,CTR0005,ON_CONTRACT,,2025-10-08,skyroute travel,False
TXN000423,INVOICE_SYSTEM,SUP0010,Kanban Stationers,Office Supplies,It,340352.46,INR,,OFF_CONTRACT,REQ00878,2025-09-15,kanban stationers,False
TXN000425,INVOICE_SYSTEM,SUP0014,Skyroute Travel,Travel,It,12719.82,INR,CTR0005,ON_CONTRACT,,2025-11-18,skyroute travel,False
TXN000429,INVOICE_SYSTEM,SUP0016,Prime Facility Care,Facilities Maintenance,It,31054.9,INR,CTR0006,ON_CONTRACT,REQ00588,2025-11-08,prime facility care,False
TXN000431,INVOICE_SYSTEM,SUP0014,Skyroute Travel,Travel,It,19725.32,INR,CTR0005,ON_CONTRACT,,2026-02-10,skyroute travel,False
TXN000436,INVOICE_SYSTEM,SUP0016,Prime Facility Care,Facilities Maintenance,Facilities,52058.15,INR,CTR0006,ON_CONTRACT,REQ00247,2025-08-15,prime facility care,False
TXN000441,INVOICE_SYSTEM,SUP0022,Transcore Logistics,Logistics & Freight,Operations,19041.53,INR,CTR0008,ON_CONTRACT,,2025-09-22,transcore logistics,False
TXN000443,INVOICE_SYSTEM,SUP0006,Vertex Licensing,It Software & Licences,Finance,54298.43,INR,,NO_CONTRACT,,2026-03-06,vertex licensing,False
TXN000454,INVOICE_SYSTEM,SUP0005,Cloudspan Software,It Software & Licences,Logistics,110167.21,INR,CTR0002,ON_CONTRACT,,2025-11-07,cloudspan software,False
TXN000459,INVOICE_SYSTEM,SUP0023,FleetBridge Cargo,Logistics & Freight,Logistics,16673.17,INR,,OFF_CONTRACT,REQ00677,2025-08-14,fleetbridge cargo,False
TXN000463,INVOICE_SYSTEM,SUP0011,Sterling Advisory,Professional Services,R&D,196669.42,INR,CTR0004,ON_CONTRACT,,2026-03-18,sterling advisory,False
TXN000465,INVOICE_SYSTEM,SUP0008,Orion Office Supplies,Office Supplies,Marketing,24129.97,INR,CTR0003,ON_CONTRACT,,2025-06-25,orion office supplies,False
TXN000469,INVOICE_SYSTEM,SUP0022,Transcore Logistics,Logistics & Freight,R&D,30558.45,INR,CTR0008,ON_CONTRACT,REQ00154,2025-06-15,transcore logistics,False
TXN000470,INVOICE_SYSTEM,SUP0007,Meridian Softworks,It Software & Licences,Human Resources,116138.37,INR,,NO_CONTRACT,,2025-09-24,meridian softworks,False
TXN000472,INVOICE_SYSTEM,SUP0019,Lumen Creative,Marketing Services,Finance,155783.04,INR,CTR0007,ON_CONTRACT,,2025-04-26,lumen creative,False
TXN000476,INVOICE_SYSTEM,SUP0023,FleetBridge Cargo,Logistics & Freight,Marketing,94416.08,INR,,OFF_CONTRACT,REQ00727,2025-12-16,fleetbridge cargo,False
TXN000477,INVOICE_SYSTEM,SUP0019,Lumen Creative,Marketing Services,It,30331.52,INR,CTR0007,ON_CONTRACT,REQ00897,2025-07-12,lumen creative,False
TXN000481,INVOICE_SYSTEM,SUP0016,Prime Facility Care,Facilities Maintenance,Facilities,47763.92,INR,CTR0006,ON_CONTRACT,REQ00396,2025-04-26,prime facility care,False
TXN000482,INVOICE_SYSTEM,SUP0009,Paperline Traders,Office Supplies,Operations,18002.22,INR,,OFF_CONTRACT,,2025-08-16,paperline traders,False
TXN000483,INVOICE_SYSTEM,SUP0019,Lumen Creative,Marketing Services,It,83635.75,INR,CTR0007,ON_CONTRACT,REQ00136,2026-02-26,lumen creative,False
TXN000486,INVOICE_SYSTEM,SUP0014,Skyroute Travel,Travel,R&D,81894.96,INR,CTR0005,ON_CONTRACT,,2025-04-04,skyroute travel,False
TXN000497,INVOICE_SYSTEM,SUP0014,Skyroute Travel,Travel,Marketing,55859.8,INR,CTR0005,ON_CONTRACT,REQ00206,2025-09-23,skyroute travel,False
TXN000501,INVOICE_SYSTEM,SUP0019,Lumen Creative,Marketing Services,R&D,117742.64,INR,CTR0007,ON_CONTRACT,REQ00547,2025-07-12,lumen creative,False
TXN000502,INVOICE_SYSTEM,SUP0017,GreenEdge Services,Facilities Maintenance,Operations,42165.78,INR,,OFF_CONTRACT,REQ00005,2026-02-15,greenedge services,False
TXN000503,INVOICE_SYSTEM,SUP0011,Sterling Advisory,Professional Services,Human Resources,105000.8,INR,CTR0004,ON_CONTRACT,REQ00393,2025-12-14,sterling advisory,False
TXN000504,INVOICE_SYSTEM,SUP0014,Skyroute Travel,Travel,Human Resources,74731.19,INR,CTR0005,ON_CONTRACT,,2025-11-20,skyroute travel,False
TXN000523,INVOICE_SYSTEM,SUP0016,Prime Facility Care,Facilities Maintenance,Operations,68194.86,INR,CTR0006,ON_CONTRACT,,2026-03-09,prime facility care,False
TXN000525,INVOICE_SYSTEM,SUP0019,Lumen Creative,Marketing Services,It,137366.02,INR,CTR0007,ON_CONTRACT,REQ00161,2025-12-15,lumen creative,False
TXN000536,INVOICE_SYSTEM,SUP0011,Sterling Advisory,Professional Services,Finance,238400.8,INR,CTR0004,ON_CONTRACT,REQ00425,2025-04-24,sterling advisory,False
TXN000540,INVOICE_SYSTEM,SUP0011,Sterling Advisory,Professional Services,Human Resources,67123.48,INR,CTR0004,ON_CONTRACT,REQ00137,2025-06-10,sterling advisory,False
TXN000541,INVOICE_SYSTEM,SUP0019,Lumen Creative,Marketing Services,Human Resources,153567.14,INR,CTR0007,ON_CONTRACT,,2026-01-06,lumen creative,False
TXN000542,INVOICE_SYSTEM,SUP0016,Prime Facility Care,Facilities Maintenance,Operations,46370.48,INR,CTR0006,ON_CONTRACT,REQ00640,2025-08-27,prime facility care,False
TXN000543,INVOICE_SYSTEM,SUP0016,Prime Facility Care,Facilities Maintenance,Marketing,23718.57,INR,CTR0006,ON_CONTRACT,REQ00711,2026-02-21,prime facility care,False
TXN000544,INVOICE_SYSTEM,SUP0016,Prime Facility Care,Facilities Maintenance,Logistics,50302.04,INR,CTR0006,ON_CONTRACT,,2026-03-08,prime facility care,False
TXN000545,INVOICE_SYSTEM,SUP0019,Lumen Creative,Marketing Services,Human Resources,106537.95,INR,CTR0007,ON_CONTRACT,,2025-11-03,lumen creative,False
TXN000547,INVOICE_SYSTEM,SUP0014,Skyroute Travel,Travel,Human Resources,17311.72,INR,CTR0005,ON_CONTRACT,REQ00064,2026-03-20,skyroute travel,False
TXN000550,INVOICE_SYSTEM,SUP0019,Lumen Creative,Marketing Services,Finance,128124.57,INR,CTR0007,ON_CONTRACT,,2025-04-28,lumen creative,False
TXN000555,INVOICE_SYSTEM,SUP0008,Orion Office Supplies,Office Supplies,It,22163.03,INR,CTR0003,ON_CONTRACT,,2026-02-15,orion office supplies,False
TXN000558,INVOICE_SYSTEM,SUP0005,Cloudspan Software,It Software & Licences,Finance,18022.18,INR,CTR0002,ON_CONTRACT,REQ00301,2025-07-21,cloudspan software,False
TXN000560,INVOICE_SYSTEM,SUP0013,Adept Partners,Professional Services,R&D,170265.01,INR,,OFF_CONTRACT,,2025-05-29,adept partners,False
TXN000564,INVOICE_SYSTEM,SUP0005,Cloudspan Software,It Software & Licences,R&D,16527.19,INR,CTR0002,ON_CONTRACT,,2025-05-07,cloudspan software,False
TXN000569,INVOICE_SYSTEM,SUP0022,Transcore Logistics,Logistics & Freight,It,87045.17,INR,CTR0008,ON_CONTRACT,REQ00547,2025-07-22,transcore logistics,False
TXN000572,INVOICE_SYSTEM,SUP0019,Lumen Creative,Marketing Services,Human Resources,129711.42,INR,CTR0007,ON_CONTRACT,REQ00760,2025-09-24,lumen creative,False
TXN000578,INVOICE_SYSTEM,SUP0001,Nexa Technologies Pvt Ltd,It Hardware,R&D,168621.08,INR,CTR0001,ON_CONTRACT,REQ00369,2025-06-08,nexa technologies,False
TXN000580,INVOICE_SYSTEM,SUP0005,Cloudspan Software,It Software & Licences,Operations,42115.66,INR,CTR0002,ON_CONTRACT,REQ00642,2025-05-10,cloudspan software,False
TXN000582,INVOICE_SYSTEM,SUP0014,Skyroute Travel,Travel,Logistics,88362.67,INR,CTR0005,ON_CONTRACT,,2025-06-16,skyroute travel,False
TXN000583,INVOICE_SYSTEM,SUP0016,Prime Facility Care,Facilities Maintenance,Human Resources,39557.09,INR,CTR0006,ON_CONTRACT,REQ00514,2025-12-18,prime facility care,False
TXN000586,INVOICE_SYSTEM,SUP0027,Orion Office Supplies Ltd,Office Supplies,It,7523.35,INR,,OFF_CONTRACT,REQ00500,2025-07-28,orion office supplies,False
TXN000591,INVOICE_SYSTEM,SUP0019,Lumen Creative,Marketing Services,Logistics,39435.8,INR,CTR0007,ON_CONTRACT,,2026-02-04,lumen creative,False
TXN000598,INVOICE_SYSTEM,SUP0022,Transcore Logistics,Logistics & Freight,Marketing,26302.55,INR,CTR0008,ON_CONTRACT,,2025-07-03,transcore logistics,False
TXN000601,INVOICE_SYSTEM,SUP0005,Cloudspan Software,It Software & Licences,It,32738.18,INR,CTR0002,ON_CONTRACT,,2025-12-29,cloudspan software,False
TXN000603,INVOICE_SYSTEM,SUP0019,Lumen Creative,Marketing Services,R&D,44781.47,INR,CTR0007,ON_CONTRACT,REQ00824,2026-03-23,lumen creative,False
TXN000608,INVOICE_SYSTEM,SUP0016,Prime Facility Care,Facilities Maintenance,R&D,31856.19,INR,CTR0006,ON_CONTRACT,,2025-10-29,prime facility care,False
TXN000612,INVOICE_SYSTEM,SUP0001,Nexa Technologies Pvt Ltd,It Hardware,It,148908.61,INR,CTR0001,ON_CONTRACT,,2025-06-14,nexa technologies,False
TXN000623,INVOICE_SYSTEM,SUP0012,Cobalt Consulting,Professional Services,It,117799.14,INR,,OFF_CONTRACT,,2025-08-13,cobalt consulting,False
TXN000625,INVOICE_SYSTEM,SUP0016,Prime Facility Care,Facilities Maintenance,Human Resources,537687.72,INR,CTR0006,ON_CONTRACT,REQ00765,2026-03-16,prime facility care,False
TXN000629,INVOICE_SYSTEM,SUP0016,Prime Facility Care,Facilities Maintenance,Human Resources,12200.99,INR,CTR0006,ON_CONTRACT,REQ00783,2025-12-18,prime facility care,False
TXN000630,INVOICE_SYSTEM,SUP0014,Skyroute Travel,Travel,Marketing,28699.83,INR,CTR0005,ON_CONTRACT,REQ00819,2025-11-03,skyroute travel,False
TXN000637,INVOICE_SYSTEM,SUP0011,Sterling Advisory,Professional Services,Marketing,151849.63,INR,CTR0004,ON_CONTRACT,REQ00010,2025-06-30,sterling advisory,False
TXN000638,INVOICE_SYSTEM,SUP0019,Lumen Creative,Marketing Services,Finance,53945.87,INR,CTR0007,ON_CONTRACT,,2025-09-01,lumen creative,False
TXN000640,INVOICE_SYSTEM,SUP0012,Cobalt Consulting,Professional Services,Facilities,119229.67,INR,,OFF_CONTRACT,REQ00343,2025-08-12,cobalt consulting,False
TXN000644,INVOICE_SYSTEM,SUP0014,Skyroute Travel,Travel,Marketing,34854.78,INR,CTR0005,ON_CONTRACT,,2025-09-20,skyroute travel,False
TXN000648,INVOICE_SYSTEM,SUP0011,Sterling Advisory,Professional Services,Facilities,182611.49,INR,CTR0004,ON_CONTRACT,REQ00407,2025-05-23,sterling advisory,False
TXN000649,INVOICE_SYSTEM,SUP0005,Cloudspan Software,It Software & Licences,It,97862.98,INR,CTR0002,ON_CONTRACT,REQ00407,2025-12-25,cloudspan software,False
TXN000652,INVOICE_SYSTEM,SUP0017,GreenEdge Services,Facilities Maintenance,Human Resources,42226.39,INR,,OFF_CONTRACT,REQ00139,2026-03-24,greenedge services,False
TXN000657,INVOICE_SYSTEM,SUP0014,Skyroute Travel,Travel,Finance,31269.62,INR,CTR0005,ON_CONTRACT,REQ00575,2025-11-10,skyroute travel,False
TXN000659,INVOICE_SYSTEM,SUP0011,Sterling Advisory,Professional Services,Human Resources,175642.62,INR,CTR0004,ON_CONTRACT,REQ00761,2025-12-29,sterling advisory,False
TXN000660,INVOICE_SYSTEM,SUP0014,Skyroute Travel,Travel,Marketing,54803.82,INR,CTR0005,ON_CONTRACT,REQ00114,2026-02-21,skyroute travel,False
TXN000684,INVOICE_SYSTEM,SUP0016,Prime Facility Care,Facilities Maintenance,Human Resources,50118.59,INR,CTR0006,ON_CONTRACT,REQ00752,2025-05-07,prime facility care,False
TXN000701,INVOICE_SYSTEM,SUP0019,Lumen Creative,Marketing Services,Marketing,94562.52,INR,CTR0007,ON_CONTRACT,,2025-12-03,lumen creative,False
TXN000705,INVOICE_SYSTEM,SUP0016,Prime Facility Care,Facilities Maintenance,Logistics,13802.5,INR,CTR0006,ON_CONTRACT,,2025-11-12,prime facility care,False
TXN000707,INVOICE_SYSTEM,SUP0005,Cloudspan Software,It Software & Licences,Marketing,48847.15,INR,CTR0002,ON_CONTRACT,,2025-08-26,cloudspan software,False
TXN000708,INVOICE_SYSTEM,SUP0001,Nexa Technologies Pvt Ltd,It Hardware,Human Resources,150530.54,INR,CTR0001,ON_CONTRACT,REQ00024,2025-09-17,nexa technologies,False
TXN000710,INVOICE_SYSTEM,SUP0001,Nexa Technologies Pvt Ltd,It Hardware,It,130632.92,INR,CTR0001,ON_CONTRACT,REQ00062,2025-08-24,nexa technologies,False
TXN000715,INVOICE_SYSTEM,SUP0001,Nexa Technologies Pvt Ltd,It Hardware,Human Resources,79074.58,INR,CTR0001,ON_CONTRACT,REQ00403,2025-06-20,nexa technologies,False
TXN000717,INVOICE_SYSTEM,SUP0001,Nexa Technologies Pvt Ltd,It Hardware,It,153746.01,INR,CTR0001,ON_CONTRACT,,2025-08-22,nexa technologies,False
TXN000718,INVOICE_SYSTEM,SUP0011,Sterling Advisory,Professional Services,Marketing,242655.65,INR,CTR0004,ON_CONTRACT,REQ00392,2025-12-23,sterling advisory,False
TXN000723,INVOICE_SYSTEM,SUP0004,Arcadia IT Traders,It Hardware,Human Resources,35306.92,INR,,NO_CONTRACT,REQ00842,2026-02-21,arcadia it traders,False
TXN000727,INVOICE_SYSTEM,SUP0011,Sterling Advisory,Professional Services,It,69352.2,INR,CTR0004,ON_CONTRACT,,2025-10-29,sterling advisory,False
TXN000728,INVOICE_SYSTEM,SUP0011,Sterling Advisory,Professional Services,Facilities,207006.14,INR,CTR0004,ON_CONTRACT,REQ00450,2026-02-10,sterling advisory,False
TXN000729,INVOICE_SYSTEM,SUP0022,Transcore Logistics,Logistics & Freight,Operations,28735.07,INR,CTR0008,ON_CONTRACT,REQ00795,2025-04-22,transcore logistics,False
TXN000744,INVOICE_SYSTEM,SUP0016,Prime Facility Care,Facilities Maintenance,Human Resources,40163.22,INR,CTR0006,ON_CONTRACT,REQ00090,2025-04-26,prime facility care,False
TXN000747,INVOICE_SYSTEM,SUP0016,Prime Facility Care,Facilities Maintenance,Facilities,33033.47,INR,CTR0006,ON_CONTRACT,REQ00138,2025-06-02,prime facility care,False
TXN000750,INVOICE_SYSTEM,SUP0014,Skyroute Travel,Travel,Human Resources,59187.52,INR,CTR0005,ON_CONTRACT,REQ00639,2025-09-29,skyroute travel,False
TXN000752,INVOICE_SYSTEM,SUP0011,Sterling Advisory,Professional Services,It,237364.75,INR,CTR0004,ON_CONTRACT,REQ00477,2026-02-15,sterling advisory,False
TXN000753,INVOICE_SYSTEM,SUP0005,Cloudspan Software,It Software & Licences,R&D,80909.35,INR,CTR0002,ON_CONTRACT,REQ00342,2025-09-27,cloudspan software,False
TXN000756,INVOICE_SYSTEM,SUP0021,Pulse Marketing Co,Marketing Services,Marketing,131163.53,INR,,OFF_CONTRACT,REQ00854,2025-09-21,pulse marketing,False
TXN000761,INVOICE_SYSTEM,SUP0008,Orion Office Supplies,Office Supplies,Human Resources,5488.52,INR,CTR0003,ON_CONTRACT,,2025-09-09,orion office supplies,False
TXN000767,INVOICE_SYSTEM,SUP0005,CLOUDSPAN SOFTWARE,It Software & Licences,Facilities,95058.16,INR,CTR0002,ON_CONTRACT,REQ00048,2025-05-23,cloudspan software,False
TXN000768,INVOICE_SYSTEM,SUP0014,Skyroute Travel,Travel,Operations,79894.78,INR,CTR0005,ON_CONTRACT,REQ00198,2025-08-25,skyroute travel,False
TXN000769,INVOICE_SYSTEM,SUP0014,Skyroute Travel,Travel,Facilities,36050.7,INR,CTR0005,ON_CONTRACT,REQ00162,2025-08-19,skyroute travel,False
TXN000781,INVOICE_SYSTEM,SUP0005,Cloudspan Software,It Software & Licences,R&D,87864.59,INR,CTR0002,ON_CONTRACT,,2025-11-09,cloudspan software,False
TXN000787,INVOICE_SYSTEM,SUP0014,Skyroute Travel,Travel,Human Resources,55838.13,INR,CTR0005,ON_CONTRACT,,2025-11-09,skyroute travel,False
TXN000794,INVOICE_SYSTEM,SUP0022,Transcore Logistics,Logistics & Freight,Marketing,62750.7,INR,CTR0008,ON_CONTRACT,REQ00658,2025-10-30,transcore logistics,False
TXN000802,INVOICE_SYSTEM,SUP0019,Lumen Creative,Marketing Services,Human Resources,41355.47,INR,CTR0007,ON_CONTRACT,REQ00037,2026-03-22,lumen creative,False
TXN000806,INVOICE_SYSTEM,SUP0005,Cloudspan Software,It Software & Licences,Marketing,92326.64,INR,CTR0002,ON_CONTRACT,,2025-10-07,cloudspan software,False
TXN000808,INVOICE_SYSTEM,SUP0027,Orion Office Supplies Ltd,Office Supplies,Operations,23288.08,INR,,OFF_CONTRACT,,2026-02-21,orion office supplies,False
TXN000811,INVOICE_SYSTEM,SUP0019,Lumen Creative,Marketing Services,Logistics,157877.77,INR,CTR0007,ON_CONTRACT,REQ00324,2025-12-28,lumen creative,False
TXN000818,INVOICE_SYSTEM,SUP0019,Lumen Creative,Marketing Services,Marketing,75860.38,INR,CTR0007,ON_CONTRACT,,2026-03-23,lumen creative,False
TXN000826,INVOICE_SYSTEM,SUP0001,Nexa Technologies Pvt Ltd,It Hardware,Logistics,167577.62,INR,CTR0001,ON_CONTRACT,REQ00414,2025-05-06,nexa technologies,False
TXN000827,INVOICE_SYSTEM,SUP0011,Sterling Advisory,Professional Services,Logistics,112732.66,INR,CTR0004,ON_CONTRACT,REQ00549,2025-10-01,sterling advisory,False
TXN000835,INVOICE_SYSTEM,SUP0022,Transcore Logistics,Logistics & Freight,Facilities,53364.53,INR,CTR0008,ON_CONTRACT,,2025-05-25,transcore logistics,False
TXN000836,INVOICE_SYSTEM,SUP0005,Cloudspan Software,It Software & Licences,Operations,58987.17,INR,CTR0002,ON_CONTRACT,REQ00208,2025-11-05,cloudspan software,False
TXN000840,INVOICE_SYSTEM,SUP0008,Orion Office Supplies,Office Supplies,R&D,16542.08,INR,CTR0003,ON_CONTRACT,,2025-04-09,orion office supplies,False
TXN000842,INVOICE_SYSTEM,SUP0014,Skyroute Travel,Travel,Logistics,62410.06,INR,CTR0005,ON_CONTRACT,,2025-07-15,skyroute travel,False
TXN000854,INVOICE_SYSTEM,SUP0014,Skyroute Travel,Travel,Logistics,81640.45,INR,CTR0005,ON_CONTRACT,REQ00779,2025-09-23,skyroute travel,False
TXN000856,INVOICE_SYSTEM,SUP0011,Sterling Advisory,Professional Services,Logistics,80044.42,INR,CTR0004,ON_CONTRACT,,2025-07-20,sterling advisory,False
TXN000859,INVOICE_SYSTEM,SUP0019,Lumen Creative,Marketing Services,It,99077.76,INR,CTR0007,ON_CONTRACT,REQ00404,2025-12-02,lumen creative,False
TXN000862,INVOICE_SYSTEM,SUP0008,Orion Office Supplies,Office Supplies,It,12425.64,INR,CTR0003,ON_CONTRACT,,2025-11-24,orion office supplies,False
TXN000873,INVOICE_SYSTEM,SUP0008,Orion Office Supplies,Office Supplies,It,16811.99,INR,CTR0003,ON_CONTRACT,REQ00699,2026-01-03,orion office supplies,False
TXN000882,INVOICE_SYSTEM,SUP0019,Lumen Creative,Marketing Services,Finance,114064.98,INR,CTR0007,ON_CONTRACT,REQ00757,2026-01-05,lumen creative,False
TXN000889,INVOICE_SYSTEM,SUP0019,Lumen Creative,Marketing Services,Finance,33921.79,INR,CTR0007,ON_CONTRACT,REQ00013,2025-08-24,lumen creative,False
TXN000890,INVOICE_SYSTEM,SUP0016,Prime Facility Care,Facilities Maintenance,Facilities,24590.33,INR,CTR0006,ON_CONTRACT,REQ00455,2025-10-30,prime facility care,False
TXN000891,INVOICE_SYSTEM,SUP0022,Transcore Logistics,Logistics & Freight,R&D,71948.16,INR,CTR0008,ON_CONTRACT,,2025-10-30,transcore logistics,False
TXN000893,INVOICE_SYSTEM,SUP0016,Prime Facility Care,Facilities Maintenance,R&D,59813.19,INR,CTR0006,ON_CONTRACT,REQ00420,2026-02-22,prime facility care,False
TXN000898,INVOICE_SYSTEM,SUP0011,Sterling Advisory,Professional Services,Logistics,228230.52,INR,CTR0004,ON_CONTRACT,,2025-05-05,sterling advisory,False
TXN000903,INVOICE_SYSTEM,SUP0018,Urban Upkeep,Facilities Maintenance,Human Resources,20886.13,INR,,OFF_CONTRACT,,2026-03-19,urban upkeep,False
TXN000910,INVOICE_SYSTEM,SUP0005,Cloudspan Software,It Software & Licences,R&D,54867.7,INR,CTR0002,ON_CONTRACT,REQ00111,2025-04-17,cloudspan software,False
TXN000911,INVOICE_SYSTEM,SUP0001,Nexa Technologies Pvt Ltd,It Hardware,It,116495.72,INR,CTR0001,ON_CONTRACT,REQ00684,2025-04-06,nexa technologies,False
TXN000915,INVOICE_SYSTEM,SUP0014,Skyroute Travel,Travel,It,53267.87,INR,CTR0005,ON_CONTRACT,,2025-05-21,skyroute travel,False
TXN000930,INVOICE_SYSTEM,SUP0001,Nexa Technologies Pvt Ltd,It Hardware,Facilities,64972.59,INR,CTR0001,ON_CONTRACT,REQ00323,2025-10-10,nexa technologies,False
TXN000950,INVOICE_SYSTEM,SUP0011,Sterling Advisory,Professional Services,Human Resources,165456.75,INR,CTR0004,ON_CONTRACT,REQ00574,2025-11-10,sterling advisory,False
TXN000953,INVOICE_SYSTEM,SUP0001,Nexa Technologies Pvt Ltd,It Hardware,Finance,52182.55,INR,CTR0001,ON_CONTRACT,,2025-05-03,nexa technologies,False
TXN000955,INVOICE_SYSTEM,SUP0005,Cloudspan Software,It Software & Licences,Human Resources,58970.91,INR,CTR0002,ON_CONTRACT,REQ00093,2025-07-31,cloudspan software,False
TXN000961,INVOICE_SYSTEM,SUP0001,Nexa Technologies Pvt Ltd,It Hardware,Operations,37833.79,INR,CTR0001,ON_CONTRACT,REQ00394,2025-09-06,nexa technologies,False
TXN000963,INVOICE_SYSTEM,SUP0004,Arcadia IT Traders,It Hardware,Human Resources,63029.11,INR,,NO_CONTRACT,REQ00843,2025-07-30,arcadia it traders,False
TXN000964,INVOICE_SYSTEM,SUP0014,Skyroute Travel,Travel,Logistics,39922.24,INR,CTR0005,ON_CONTRACT,,2026-02-24,skyroute travel,False
TXN000965,INVOICE_SYSTEM,SUP0020,BrightArc Media,Marketing Services,Logistics,60417.12,INR,,OFF_CONTRACT,REQ00423,2025-09-18,brightarc media,False
TXN000966,INVOICE_SYSTEM,SUP0019,Lumen Creative,Marketing Services,Human Resources,69794.18,INR,CTR0007,ON_CONTRACT,REQ00361,2025-11-02,lumen creative,False
TXN000973,INVOICE_SYSTEM,SUP0011,Sterling Advisory,Professional Services,It,193840.14,INR,CTR0004,ON_CONTRACT,REQ00440,2026-02-02,sterling advisory,False
TXN000974,INVOICE_SYSTEM,SUP0014,Skyroute Travel,Travel,Marketing,25625.11,INR,CTR0005,ON_CONTRACT,,2025-05-31,skyroute travel,False
TXN000983,INVOICE_SYSTEM,SUP0016,Prime Facility Care,Facilities Maintenance,It,16395.9,INR,CTR0006,ON_CONTRACT,,2025-08-12,prime facility care,False
TXN000984,INVOICE_SYSTEM,SUP0008,Orion Office Supplies,Office Supplies,Logistics,3728.17,INR,CTR0003,ON_CONTRACT,REQ00325,2026-03-30,orion office supplies,False
TXN000992,INVOICE_SYSTEM,SUP0011,Sterling Advisory,Professional Services,Marketing,185886.26,INR,CTR0004,ON_CONTRACT,REQ00079,2025-08-05,sterling advisory,False
TXN000993,INVOICE_SYSTEM,SUP0022,Transcore Logistics,Logistics & Freight,It,34588.05,INR,CTR0008,ON_CONTRACT,REQ00697,2025-06-02,transcore logistics,False
TXN000994,INVOICE_SYSTEM,SUP0019,Lumen Creative,Marketing Services,Facilities,102632.29,INR,CTR0007,ON_CONTRACT,,2025-06-18,lumen creative,False
TXN000995,INVOICE_SYSTEM,SUP0001,Nexa Technologies Pvt Ltd,It Hardware,Logistics,80950.95,INR,CTR0001,ON_CONTRACT,REQ00276,2026-01-30,nexa technologies,False
TXN001014,INVOICE_SYSTEM,SUP0022,Transcore Logistics,Logistics & Freight,Finance,15272.43,INR,CTR0008,ON_CONTRACT,,2026-03-20,transcore logistics,False
TXN001017,INVOICE_SYSTEM,SUP0011,Sterling Advisory,Professional Services,Marketing,77920.82,INR,CTR0004,ON_CONTRACT,REQ00023,2025-05-30,sterling advisory,False
TXN001018,INVOICE_SYSTEM,SUP0027,Orion Office Supplies Ltd,Office Supplies,Logistics,15062.74,INR,,OFF_CONTRACT,REQ00461,2026-01-25,orion office supplies,False
TXN001027,INVOICE_SYSTEM,SUP0003,BluePeak Systems,It Hardware,Finance,158616.61,INR,,NO_CONTRACT,,2025-06-29,bluepeak systems,False
TXN001029,INVOICE_SYSTEM,SUP0015,Voyager Corporate Travel,Travel,Human Resources,34166.24,INR,,OFF_CONTRACT,,2026-03-20,voyager corporate travel,False
TXN001030,INVOICE_SYSTEM,SUP0005,Cloudspan Software,It Software & Licences,Logistics,102036.12,INR,CTR0002,ON_CONTRACT,,2025-05-27,cloudspan software,False
TXN001031,INVOICE_SYSTEM,SUP0007,Meridian Softworks,It Software & Licences,Facilities,18885.8,INR,,NO_CONTRACT,,2025-04-22,meridian softworks,False
TXN001033,INVOICE_SYSTEM,SUP0014,Skyroute Travel,Travel,Logistics,26860.72,INR,CTR0005,ON_CONTRACT,,2025-05-21,skyroute travel,False
TXN001037,INVOICE_SYSTEM,SUP0019,Lumen Creative,Marketing Services,R&D,67582.49,INR,CTR0007,ON_CONTRACT,,2025-11-21,lumen creative,False
TXN001040,INVOICE_SYSTEM,SUP0008,Orion Office Supplies,Office Supplies,Human Resources,9251.68,INR,CTR0003,ON_CONTRACT,REQ00698,2026-03-25,orion office supplies,False
TXN001041,INVOICE_SYSTEM,SUP0015,Voyager Corporate Travel,Travel,It,52238.29,INR,,OFF_CONTRACT,,2025-12-27,voyager corporate travel,False
TXN001043,INVOICE_SYSTEM,SUP0022,Transcore Logistics,Logistics & Freight,R&D,38456.46,INR,CTR0008,ON_CONTRACT,,2025-09-02,transcore logistics,False
TXN001046,INVOICE_SYSTEM,SUP0001,Nexa Technologies Pvt Ltd,It Hardware,Human Resources,120458.79,INR,CTR0001,ON_CONTRACT,REQ00793,2025-09-03,nexa technologies,False
TXN001053,INVOICE_SYSTEM,SUP0022,Transcore Logistics,Logistics & Freight,Logistics,89942.62,INR,CTR0008,ON_CONTRACT,,2025-10-31,transcore logistics,False
TXN001058,INVOICE_SYSTEM,SUP0019,Lumen Creative,Marketing Services,Human Resources,76270.33,INR,CTR0007,ON_CONTRACT,REQ00839,2025-12-07,lumen creative,False
TXN001062,INVOICE_SYSTEM,SUP0019,Lumen Creative,Marketing Services,Finance,157771.69,INR,CTR0007,ON_CONTRACT,REQ00687,2025-11-13,lumen creative,False
TXN001063,INVOICE_SYSTEM,SUP0014,Skyroute Travel,Travel,It,70998.42,INR,CTR0005,ON_CONTRACT,,2026-03-29,skyroute travel,False
TXN001066,INVOICE_SYSTEM,SUP0010,Kanban Stationers,Office Supplies,Operations,18964.39,INR,,OFF_CONTRACT,,2026-01-22,kanban stationers,False
TXN001071,INVOICE_SYSTEM,SUP0008,Orion Office Supplies,Office Supplies,Marketing,8815.09,INR,CTR0003,ON_CONTRACT,REQ00060,2025-08-31,orion office supplies,False
TXN001073,INVOICE_SYSTEM,SUP0001,Nexa Technologies Pvt Ltd,It Hardware,Operations,31524.44,INR,CTR0001,ON_CONTRACT,REQ00771,2025-12-15,nexa technologies,False
TXN001080,INVOICE_SYSTEM,SUP0014,Skyroute Travel,Travel,R&D,85896.82,INR,CTR0005,ON_CONTRACT,,2026-02-18,skyroute travel,False
TXN001086,INVOICE_SYSTEM,SUP0022,Transcore Logistics,Logistics & Freight,Facilities,50794.33,INR,CTR0008,ON_CONTRACT,REQ00853,2026-03-10,transcore logistics,False
TXN001088,INVOICE_SYSTEM,SUP0019,Lumen Creative,Marketing Services,It,43384.75,INR,CTR0007,ON_CONTRACT,REQ00380,2025-07-08,lumen creative,False
TXN001094,INVOICE_SYSTEM,SUP0011,Sterling Advisory,Professional Services,Human Resources,147664.59,INR,CTR0004,ON_CONTRACT,,2025-11-19,sterling advisory,False
TXN001104,INVOICE_SYSTEM,SUP0019,Lumen Creative,Marketing Services,Facilities,149885.32,INR,CTR0007,ON_CONTRACT,,2025-05-02,lumen creative,False
TXN001107,INVOICE_SYSTEM,SUP0005,Cloudspan Software,It Software & Licences,It,56605.41,INR,CTR0002,ON_CONTRACT,REQ00337,2026-01-26,cloudspan software,False
TXN001110,INVOICE_SYSTEM,SUP0008,Orion Office Supplies,Office Supplies,It,5539.61,INR,CTR0003,ON_CONTRACT,REQ00599,2025-11-10,orion office supplies,False
TXN001111,INVOICE_SYSTEM,SUP0016,Prime Facility Care,Facilities Maintenance,Marketing,58949.99,INR,CTR0006,ON_CONTRACT,REQ00317,2026-02-03,prime facility care,False
TXN001112,INVOICE_SYSTEM,SUP0016,Prime Facility Care,Facilities Maintenance,Marketing,23466.43,INR,CTR0006,ON_CONTRACT,REQ00520,2026-01-12,prime facility care,False
TXN001122,INVOICE_SYSTEM,SUP0022,Transcore Logistics,Logistics & Freight,Marketing,91319.07,INR,CTR0008,ON_CONTRACT,,2026-02-14,transcore logistics,False
TXN001126,INVOICE_SYSTEM,SUP0011,Sterling Advisory,Professional Services,Marketing,155680.05,INR,CTR0004,ON_CONTRACT,,2026-01-25,sterling advisory,False
TXN001139,INVOICE_SYSTEM,SUP0017,GreenEdge Services,Facilities Maintenance,It,38835.19,INR,,OFF_CONTRACT,REQ00525,2025-06-16,greenedge services,False
TXN001141,INVOICE_SYSTEM,SUP0011,Sterling Advisory,Professional Services,R&D,213183.0,INR,CTR0004,ON_CONTRACT,REQ00461,2026-01-11,sterling advisory,False
TXN001145,INVOICE_SYSTEM,SUP0016,Prime Facility Care,Facilities Maintenance,R&D,26021.7,INR,CTR0006,ON_CONTRACT,,2025-07-14,prime facility care,False
TXN001154,INVOICE_SYSTEM,SUP0011,Sterling Advisory,Professional Services,Logistics,182829.56,INR,CTR0004,ON_CONTRACT,REQ00590,2025-04-21,sterling advisory,False
TXN001155,INVOICE_SYSTEM,SUP0005,Cloudspan Software,It Software & Licences,Logistics,79954.19,INR,CTR0002,ON_CONTRACT,REQ00863,2026-03-31,cloudspan software,False
TXN001156,INVOICE_SYSTEM,SUP0014,Skyroute Travel,Travel,Marketing,69722.76,INR,CTR0005,ON_CONTRACT,REQ00184,2026-02-11,skyroute travel,False
TXN001157,INVOICE_SYSTEM,SUP0019,Lumen Creative,Marketing Services,Marketing,42204.71,INR,CTR0007,ON_CONTRACT,,2025-05-19,lumen creative,False
TXN001160,INVOICE_SYSTEM,SUP0005,Cloudspan Software,It Software & Licences,Finance,18070.96,INR,CTR0002,ON_CONTRACT,REQ00169,2025-08-08,cloudspan software,False
TXN001172,INVOICE_SYSTEM,SUP0011,Sterling Advisory,Professional Services,R&D,246049.1,INR,CTR0004,ON_CONTRACT,,2025-06-01,sterling advisory,False
TXN001175,INVOICE_SYSTEM,SUP0016,Prime Facility Care,Facilities Maintenance,R&D,48040.34,INR,CTR0006,ON_CONTRACT,REQ00614,2025-12-12,prime facility care,False
TXN001176,INVOICE_SYSTEM,SUP0005,Cloudspan Software,It Software & Licences,Marketing,71698.46,INR,CTR0002,ON_CONTRACT,REQ00098,2026-02-02,cloudspan software,False
TXN001182,INVOICE_SYSTEM,SUP0013,Adept Partners,Professional Services,Logistics,111793.15,INR,,OFF_CONTRACT,,2025-09-16,adept partners,False
TXN001186,INVOICE_SYSTEM,SUP0005,Cloudspan Software,It Software & Licences,It,113408.99,INR,CTR0002,ON_CONTRACT,,2025-06-12,cloudspan software,False
TXN001189,INVOICE_SYSTEM,SUP0011,Sterling Advisory,Professional Services,Facilities,103202.35,INR,CTR0004,ON_CONTRACT,,2025-10-02,sterling advisory,False
TXN001200,INVOICE_SYSTEM,SUP0008,Orion Office Supplies,Office Supplies,R&D,4991.98,INR,CTR0003,ON_CONTRACT,REQ00601,2025-05-12,orion office supplies,False
TXN001201,INVOICE_SYSTEM,SUP0011,Sterling Advisory,Professional Services,Human Resources,199235.27,INR,CTR0004,ON_CONTRACT,,2025-12-13,sterling advisory,False
TXN001206,INVOICE_SYSTEM,SUP0005,Cloudspan Software,It Software & Licences,Marketing,95892.78,INR,CTR0002,ON_CONTRACT,REQ00768,2025-07-03,cloudspan software,False
TXN001207,INVOICE_SYSTEM,SUP0011,Sterling Advisory,Professional Services,R&D,183492.03,INR,CTR0004,ON_CONTRACT,REQ00640,2025-05-26,sterling advisory,False
TXN001210,INVOICE_SYSTEM,SUP0019,Lumen Creative,Marketing Services,Human Resources,159597.43,INR,CTR0007,ON_CONTRACT,,2025-11-29,lumen creative,False
TXN001213,INVOICE_SYSTEM,SUP0005,Cloudspan Software,It Software & Licences,R&D,32180.5,INR,CTR0002,ON_CONTRACT,,2025-06-11,cloudspan software,False
TXN001214,INVOICE_SYSTEM,SUP0001,Nexa Technologies Pvt Ltd,It Hardware,Human Resources,148195.48,INR,CTR0001,ON_CONTRACT,,2025-08-06,nexa technologies,False
TXN001216,INVOICE_SYSTEM,SUP0001,Nexa Technologies Pvt Ltd,It Hardware,Finance,59219.29,INR,CTR0001,ON_CONTRACT,,2025-07-29,nexa technologies,False
TXN001218,INVOICE_SYSTEM,SUP0011,Sterling Advisory,Professional Services,It,182904.85,INR,CTR0004,ON_CONTRACT,REQ00816,2025-05-15,sterling advisory,False
TXN001221,INVOICE_SYSTEM,SUP0010,Kanban Stationers,Office Supplies,Human Resources,23869.86,INR,,OFF_CONTRACT,REQ00264,2026-03-07,kanban stationers,False
TXN001227,INVOICE_SYSTEM,SUP0018,Urban Upkeep,Facilities Maintenance,Marketing,33855.66,INR,,OFF_CONTRACT,REQ00617,2026-01-28,urban upkeep,False
TXN001238,INVOICE_SYSTEM,SUP0008,Orion Office Supplies,Office Supplies,Operations,12883.83,INR,CTR0003,ON_CONTRACT,,2025-04-05,orion office supplies,False
TXN001241,INVOICE_SYSTEM,SUP0016,Prime Facility Care,Facilities Maintenance,R&D,62117.39,INR,CTR0006,ON_CONTRACT,REQ00122,2025-08-02,prime facility care,False
TXN001245,INVOICE_SYSTEM,SUP0008,Orion Office Supplies,Office Supplies,R&D,19503.55,INR,CTR0003,ON_CONTRACT,REQ00129,2025-05-21,orion office supplies,False
TXN001246,INVOICE_SYSTEM,SUP0016,Prime Facility Care,Facilities Maintenance,Marketing,47573.22,INR,CTR0006,ON_CONTRACT,REQ00718,2025-04-11,prime facility care,False
TXN001248,INVOICE_SYSTEM,SUP0005,Cloudspan Software,It Software & Licences,Facilities,18415.25,INR,CTR0002,ON_CONTRACT,REQ00614,2026-03-22,cloudspan software,False
TXN001252,INVOICE_SYSTEM,SUP0011,Sterling Advisory,Professional Services,Human Resources,141119.69,INR,CTR0004,ON_CONTRACT,,2025-11-14,sterling advisory,False
TXN001257,INVOICE_SYSTEM,SUP0019,Lumen Creative,Marketing Services,R&D,48073.46,INR,CTR0007,ON_CONTRACT,,2025-06-13,lumen creative,False
TXN001269,INVOICE_SYSTEM,SUP0011,Sterling Advisory,Professional Services,Human Resources,166004.32,INR,CTR0004,ON_CONTRACT,REQ00321,2025-05-17,sterling advisory,False
TXN001280,INVOICE_SYSTEM,SUP0008,Orion Office Supplies,Office Supplies,It,13474.43,INR,CTR0003,ON_CONTRACT,REQ00673,2025-08-07,orion office supplies,False
TXN001283,INVOICE_SYSTEM,SUP0001,Nexa Technologies Pvt Ltd,It Hardware,Operations,111745.55,INR,CTR0001,ON_CONTRACT,REQ00292,2025-04-21,nexa technologies,False
TXN001286,INVOICE_SYSTEM,SUP0019,Lumen Creative,Marketing Services,It,92479.63,INR,CTR0007,ON_CONTRACT,REQ00353,2025-12-13,lumen creative,False
TXN001291,INVOICE_SYSTEM,SUP0008,Orion Office Supplies,Office Supplies,Marketing,11129.24,INR,CTR0003,ON_CONTRACT,REQ00136,2025-10-23,orion office supplies,False
TXN001299,INVOICE_SYSTEM,SUP0016,Prime Facility Care,Facilities Maintenance,Finance,48185.81,INR,CTR0006,ON_CONTRACT,REQ00283,2025-07-17,prime facility care,False
TXN001301,INVOICE_SYSTEM,SUP0011,Sterling Advisory,Professional Services,Facilities,46633.09,INR,CTR0004,ON_CONTRACT,,2026-02-11,sterling advisory,False
TXN001306,INVOICE_SYSTEM,SUP0022,Transcore Logistics,Logistics & Freight,Facilities,84290.44,INR,CTR0008,ON_CONTRACT,REQ00769,2025-12-17,transcore logistics,False
TXN001311,INVOICE_SYSTEM,SUP0008,Orion Office Supplies,Office Supplies,Operations,3842.64,INR,CTR0003,ON_CONTRACT,,2025-07-17,orion office supplies,False
TXN001313,INVOICE_SYSTEM,SUP0015,Voyager Corporate Travel,Travel,Human Resources,52902.57,INR,,OFF_CONTRACT,REQ00059,2026-02-15,voyager corporate travel,False
TXN001322,INVOICE_SYSTEM,SUP0001,Nexa Technologies Pvt Ltd,It Hardware,Human Resources,49729.43,INR,CTR0001,ON_CONTRACT,REQ00643,2026-02-02,nexa technologies,False
TXN001323,INVOICE_SYSTEM,SUP0001,Nexa Technologies Pvt Ltd,It Hardware,Facilities,160126.45,INR,CTR0001,ON_CONTRACT,REQ00838,2025-09-21,nexa technologies,False
TXN001328,INVOICE_SYSTEM,SUP0014,Skyroute Travel,Travel,R&D,72755.28,INR,CTR0005,ON_CONTRACT,,2025-05-28,skyroute travel,False
TXN001333,INVOICE_SYSTEM,SUP0022,Transcore Logistics,Logistics & Freight,Facilities,30961.74,INR,CTR0008,ON_CONTRACT,,2025-06-16,transcore logistics,False
TXN001337,INVOICE_SYSTEM,SUP0016,Prime Facility Care,Facilities Maintenance,Operations,21972.55,INR,CTR0006,ON_CONTRACT,REQ00563,2025-12-11,prime facility care,False
TXN001338,INVOICE_SYSTEM,SUP0022,Transcore Logistics,Logistics & Freight,R&D,68458.94,INR,CTR0008,ON_CONTRACT,REQ00733,2025-11-02,transcore logistics,False
TXN001340,INVOICE_SYSTEM,SUP0016,Prime Facility Care,Facilities Maintenance,Facilities,11839.15,INR,CTR0006,ON_CONTRACT,REQ00358,2025-10-02,prime facility care,False
TXN001342,INVOICE_SYSTEM,SUP0001,Nexa Technologies Pvt Ltd,It Hardware,Marketing,96706.56,INR,CTR0001,ON_CONTRACT,REQ00027,2026-03-23,nexa technologies,False
TXN001347,INVOICE_SYSTEM,SUP0008,Orion Office Supplies,Office Supplies,Logistics,9956.5,INR,CTR0003,ON_CONTRACT,,2025-08-11,orion office supplies,False
TXN001354,INVOICE_SYSTEM,SUP0001,Nexa Technologies Pvt Ltd,It Hardware,It,137414.94,INR,CTR0001,ON_CONTRACT,REQ00096,2025-09-06,nexa technologies,False
TXN001367,INVOICE_SYSTEM,SUP0022,Transcore Logistics,Logistics & Freight,It,71413.47,INR,CTR0008,ON_CONTRACT,,2026-02-24,transcore logistics,False
TXN001374,INVOICE_SYSTEM,SUP0003,BluePeak Systems,It Hardware,Logistics,101303.07,INR,,NO_CONTRACT,REQ00217,2025-04-12,bluepeak systems,False
TXN001378,INVOICE_SYSTEM,SUP0022,Transcore Logistics,Logistics & Freight,R&D,54729.84,INR,CTR0008,ON_CONTRACT,REQ00710,2026-01-18,transcore logistics,False
TXN001379,INVOICE_SYSTEM,SUP0021,Pulse Marketing Co,Marketing Services,Operations,70292.67,INR,,OFF_CONTRACT,REQ00684,2026-01-22,pulse marketing,False
TXN001380,INVOICE_SYSTEM,SUP0008,Orion Office Supplies,Office Supplies,Finance,15637.87,INR,CTR0003,ON_CONTRACT,REQ00470,2025-06-15,orion office supplies,False
TXN001381,INVOICE_SYSTEM,SUP0022,Transcore Logistics,Logistics & Freight,R&D,25572.48,INR,CTR0008,ON_CONTRACT,REQ00740,2025-04-02,transcore logistics,False
TXN001387,INVOICE_SYSTEM,SUP0019,Lumen Creative,Marketing Services,R&D,128286.24,INR,CTR0007,ON_CONTRACT,,2026-03-26,lumen creative,False
TXN001389,INVOICE_SYSTEM,SUP0005,Cloudspan Software,It Software & Licences,Facilities,116831.21,INR,CTR0002,ON_CONTRACT,,2025-12-14,cloudspan software,False
TXN001390,INVOICE_SYSTEM,SUP0001,Nexa Technologies Pvt Ltd,It Hardware,Operations,95337.38,INR,CTR0001,ON_CONTRACT,REQ00466,2026-01-08,nexa technologies,False
TXN001391,INVOICE_SYSTEM,SUP0019,Lumen Creative,Marketing Services,Facilities,53047.06,INR,CTR0007,ON_CONTRACT,REQ00813,2025-11-24,lumen creative,False
TXN001395,INVOICE_SYSTEM,SUP0016,Prime Facility Care,Facilities Maintenance,R&D,30220.19,INR,CTR0006,ON_CONTRACT,REQ00401,2025-07-08,prime facility care,False
TXN001398,INVOICE_SYSTEM,SUP0005,Cloudspan Software,It Software & Licences,Human Resources,41115.0,INR,CTR0002,ON_CONTRACT,,2025-06-21,cloudspan software,False
TXN001401,INVOICE_SYSTEM,SUP0022,Transcore Logistics,Logistics & Freight,Marketing,25864.48,INR,CTR0008,ON_CONTRACT,REQ00228,2025-08-31,transcore logistics,False
TXN001403,INVOICE_SYSTEM,SUP0001,Nexa Technologies Pvt Ltd,It Hardware,It,30684.07,INR,CTR0001,ON_CONTRACT,,2026-01-22,nexa technologies,False
TXN001404,INVOICE_SYSTEM,SUP0005,Cloudspan Software,It Software & Licences,Facilities,92322.21,INR,CTR0002,ON_CONTRACT,REQ00290,2025-08-13,cloudspan software,False
TXN001406,INVOICE_SYSTEM,SUP0019,Lumen Creative,Marketing Services,R&D,86448.32,INR,CTR0007,ON_CONTRACT,REQ00641,2025-05-10,lumen creative,False
TXN001411,INVOICE_SYSTEM,SUP0011,Sterling Advisory,Professional Services,It,83226.65,INR,CTR0004,ON_CONTRACT,REQ00226,2025-05-13,sterling advisory,False
TXN001413,INVOICE_SYSTEM,SUP0014,Skyroute Travel,Travel,R&D,30119.47,INR,CTR0005,ON_CONTRACT,REQ00410,2025-07-08,skyroute travel,False
TXN001427,INVOICE_SYSTEM,SUP0014,Skyroute Travel,Travel,R&D,8405.08,INR,CTR0005,ON_CONTRACT,REQ00794,2025-09-08,skyroute travel,False
TXN001436,INVOICE_SYSTEM,SUP0005,Cloudspan Software,It Software & Licences,Operations,18147.23,INR,CTR0002,ON_CONTRACT,,2025-07-15,cloudspan software,False
TXN001442,INVOICE_SYSTEM,SUP0005,Cloudspan Software,It Software & Licences,Facilities,24859.58,INR,CTR0002,ON_CONTRACT,REQ00472,2025-07-05,cloudspan software,False
TXN001447,INVOICE_SYSTEM,SUP0011,Sterling Advisory,Professional Services,Human Resources,185451.45,INR,CTR0004,ON_CONTRACT,REQ00545,2025-05-22,sterling advisory,False
TXN001453,INVOICE_SYSTEM,SUP0001,Nexa Technologies Pvt Ltd,It Hardware,It,159680.27,INR,CTR0001,ON_CONTRACT,REQ00254,2025-11-28,nexa technologies,False
TXN001457,INVOICE_SYSTEM,SUP0018,Urban Upkeep,Facilities Maintenance,Logistics,51371.61,INR,,OFF_CONTRACT,REQ00703,2025-12-22,urban upkeep,False
TXN001468,INVOICE_SYSTEM,SUP0011,Sterling Advisory,Professional Services,Operations,125450.67,INR,CTR0004,ON_CONTRACT,,2026-02-21,sterling advisory,False
TXN001469,INVOICE_SYSTEM,SUP0019,Lumen Creative,Marketing Services,Facilities,141905.48,INR,CTR0007,ON_CONTRACT,,2025-09-02,lumen creative,False
TXN001474,INVOICE_SYSTEM,SUP0001,Nexa Technologies Pvt Ltd,It Hardware,R&D,87641.75,INR,CTR0001,ON_CONTRACT,REQ00144,2026-02-09,nexa technologies,False
TXN001477,INVOICE_SYSTEM,SUP0001,Nexa Technologies Pvt Ltd,It Hardware,Facilities,150216.12,INR,CTR0001,ON_CONTRACT,REQ00100,2025-08-27,nexa technologies,False
TXN001478,INVOICE_SYSTEM,SUP0022,Transcore Logistics,Logistics & Freight,Facilities,75269.67,INR,CTR0008,ON_CONTRACT,,2026-03-12,transcore logistics,False
TXN001482,INVOICE_SYSTEM,SUP0005,Cloudspan Software,It Software & Licences,Logistics,27621.95,INR,CTR0002,ON_CONTRACT,REQ00125,2025-09-01,cloudspan software,False
TXN001484,INVOICE_SYSTEM,SUP0015,Voyager Corporate Travel,Travel,Facilities,478962.58,INR,,OFF_CONTRACT,REQ00652,2025-04-12,voyager corporate travel,False
TXN001491,INVOICE_SYSTEM,SUP0016,Prime Facility Care,Facilities Maintenance,Marketing,24252.65,INR,CTR0006,ON_CONTRACT,REQ00781,2026-03-04,prime facility care,False
TXN001492,INVOICE_SYSTEM,SUP0014,Skyroute Travel,Travel,Logistics,38606.65,INR,CTR0005,ON_CONTRACT,REQ00484,2026-02-05,skyroute travel,False
TXN001493,INVOICE_SYSTEM,SUP0008,Orion Office Supplies,Office Supplies,Human Resources,7227.2,INR,CTR0003,ON_CONTRACT,REQ00332,2026-01-27,orion office supplies,False
TXN001494,INVOICE_SYSTEM,SUP0016,Prime Facility Care,Facilities Maintenance,Facilities,14391.76,INR,CTR0006,ON_CONTRACT,REQ00873,2025-06-21,prime facility care,False
TXN001500,INVOICE_SYSTEM,SUP0005,Cloudspan Software,It Software & Licences,It,105650.03,INR,CTR0002,ON_CONTRACT,REQ00418,2026-01-16,cloudspan software,False
TXN001503,INVOICE_SYSTEM,SUP0019,Lumen Creative,Marketing Services,Facilities,23589.89,INR,CTR0007,ON_CONTRACT,REQ00530,2025-08-31,lumen creative,False
TXN001507,INVOICE_SYSTEM,SUP0005,Cloudspan Software,It Software & Licences,Human Resources,75918.1,INR,CTR0002,ON_CONTRACT,,2025-04-17,cloudspan software,False
TXN001510,INVOICE_SYSTEM,SUP0006,Vertex Licensing,It Software & Licences,Human Resources,95312.74,INR,,NO_CONTRACT,,2025-05-24,vertex licensing,False
TXN001512,INVOICE_SYSTEM,SUP0001,Nexa Technologies Pvt Ltd,It Hardware,Operations,136309.08,INR,CTR0001,ON_CONTRACT,REQ00881,2025-10-12,nexa technologies,False
TXN001518,INVOICE_SYSTEM,SUP0016,Prime Facility Care,Facilities Maintenance,Human Resources,63881.83,INR,CTR0006,ON_CONTRACT,REQ00408,2025-12-02,prime facility care,False
TXN001528,INVOICE_SYSTEM,SUP0017,GreenEdge Services,Facilities Maintenance,Operations,28437.4,INR,,OFF_CONTRACT,,2025-09-22,greenedge services,False
TXN001529,INVOICE_SYSTEM,SUP0021,Pulse Marketing Co,Marketing Services,It,132423.63,INR,,OFF_CONTRACT,,2026-01-09,pulse marketing,False
TXN001535,INVOICE_SYSTEM,SUP0016,Prime Facility Care,Facilities Maintenance,Operations,34812.95,INR,CTR0006,ON_CONTRACT,REQ00594,2025-05-11,prime facility care,False
TXN001536,INVOICE_SYSTEM,SUP0015,Voyager Corporate Travel,Travel,Logistics,17994.66,INR,,OFF_CONTRACT,REQ00785,2025-08-20,voyager corporate travel,False
TXN001539,INVOICE_SYSTEM,SUP0003,BluePeak Systems,It Hardware,It,53122.94,INR,,NO_CONTRACT,,2025-09-28,bluepeak systems,False
TXN001545,INVOICE_SYSTEM,SUP0005,Cloudspan Software,It Software & Licences,Finance,116107.32,INR,CTR0002,ON_CONTRACT,,2025-10-11,cloudspan software,False
TXN001550,INVOICE_SYSTEM,SUP0011,Sterling Advisory,Professional Services,R&D,172961.79,INR,CTR0004,ON_CONTRACT,REQ00361,2026-01-12,sterling advisory,False
TXN001552,INVOICE_SYSTEM,SUP0009,Paperline Traders,Office Supplies,R&D,15837.07,INR,,OFF_CONTRACT,,2026-03-07,paperline traders,False
TXN001553,INVOICE_SYSTEM,SUP0008,Orion Office Supplies,Office Supplies,Finance,20841.34,INR,CTR0003,ON_CONTRACT,REQ00084,2025-10-27,orion office supplies,False
TXN001556,INVOICE_SYSTEM,SUP0022,Transcore Logistics,Logistics & Freight,R&D,29599.72,INR,CTR0008,ON_CONTRACT,REQ00171,2025-05-08,transcore logistics,False
TXN001564,INVOICE_SYSTEM,SUP0008,Orion Office Supplies,Office Supplies,Operations,8320.54,INR,CTR0003,ON_CONTRACT,REQ00285,2026-01-20,orion office supplies,False
TXN001566,INVOICE_SYSTEM,SUP0012,Cobalt Consulting,Professional Services,Human Resources,128985.03,INR,,OFF_CONTRACT,,2025-05-25,cobalt consulting,False
TXN001568,INVOICE_SYSTEM,SUP0008,Orion Office Supplies,Office Supplies,Operations,4197.31,INR,CTR0003,ON_CONTRACT,REQ00853,2025-04-14,orion office supplies,False
TXN001569,INVOICE_SYSTEM,SUP0016,Prime Facility Care,Facilities Maintenance,R&D,47431.56,INR,CTR0006,ON_CONTRACT,,2025-12-23,prime facility care,False
TXN001570,INVOICE_SYSTEM,SUP0010,Kanban Stationers,Office Supplies,Facilities,12390.66,INR,,OFF_CONTRACT,REQ00443,2025-12-09,kanban stationers,False
TXN001572,INVOICE_SYSTEM,SUP0018,Urban Upkeep,Facilities Maintenance,Facilities,20080.85,INR,,OFF_CONTRACT,REQ00520,2025-09-19,urban upkeep,False
TXN001576,INVOICE_SYSTEM,SUP0022,Transcore Logistics,Logistics & Freight,Logistics,19944.31,INR,CTR0008,ON_CONTRACT,REQ00204,2026-02-20,transcore logistics,False
TXN001586,INVOICE_SYSTEM,SUP0008,Orion Office Supplies,Office Supplies,Facilities,5138.11,INR,CTR0003,ON_CONTRACT,,2026-02-09,orion office supplies,False
TXN001595,INVOICE_SYSTEM,SUP0012,Cobalt Consulting,Professional Services,R&D,192111.15,INR,,OFF_CONTRACT,REQ00024,2025-09-02,cobalt consulting,False
TXN001598,INVOICE_SYSTEM,SUP0011,Sterling Advisory,Professional Services,R&D,56678.07,INR,CTR0004,ON_CONTRACT,,2026-01-05,sterling advisory,False
TXN001602,INVOICE_SYSTEM,SUP0008,Orion Office Supplies,Office Supplies,Operations,9437.55,INR,CTR0003,ON_CONTRACT,REQ00506,2025-08-08,orion office supplies,False
TXN001606,INVOICE_SYSTEM,SUP0005,Cloudspan Software,It Software & Licences,Marketing,69501.28,INR,CTR0002,ON_CONTRACT,REQ00125,2025-06-25,cloudspan software,False
TXN001607,INVOICE_SYSTEM,SUP0011,Sterling Advisory,Professional Services,It,54198.64,INR,CTR0004,ON_CONTRACT,,2025-12-10,sterling advisory,False
TXN001612,INVOICE_SYSTEM,SUP0008,Orion Office Supplies,Office Supplies,It,16970.18,INR,CTR0003,ON_CONTRACT,REQ00184,2025-06-16,orion office supplies,False
TXN001613,INVOICE_SYSTEM,SUP0022,Transcore Logistics,Logistics & Freight,Human Resources,56235.5,INR,CTR0008,ON_CONTRACT,,2025-07-12,transcore logistics,False
TXN001616,INVOICE_SYSTEM,SUP0014,Skyroute Travel,Travel,Human Resources,62897.93,INR,CTR0005,ON_CONTRACT,,2026-02-23,skyroute travel,False
TXN001623,INVOICE_SYSTEM,SUP0022,Transcore Logistics,Logistics & Freight,Finance,58670.64,INR,CTR0008,ON_CONTRACT,REQ00620,2025-07-19,transcore logistics,False
TXN001630,INVOICE_SYSTEM,SUP0004,Arcadia IT Traders,It Hardware,Logistics,94807.5,INR,,NO_CONTRACT,REQ00485,2026-02-26,arcadia it traders,False
TXN001632,INVOICE_SYSTEM,SUP0008,Orion Office Supplies,Office Supplies,Facilities,9994.15,INR,CTR0003,ON_CONTRACT,REQ00653,2026-03-30,orion office supplies,False
TXN001633,INVOICE_SYSTEM,SUP0001,Nexa Technologies Pvt Ltd,It Hardware,Human Resources,128061.32,INR,CTR0001,ON_CONTRACT,,2025-07-09,nexa technologies,False
TXN001635,INVOICE_SYSTEM,SUP0016,Prime Facility Care,Facilities Maintenance,R&D,65630.67,INR,CTR0006,ON_CONTRACT,REQ00684,2026-03-09,prime facility care,False
TXN001636,INVOICE_SYSTEM,SUP0001,Nexa Technologies Pvt Ltd,It Hardware,Marketing,61369.52,INR,CTR0001,ON_CONTRACT,,2025-05-13,nexa technologies,False
TXN001638,INVOICE_SYSTEM,SUP0008,Orion Office Supplies,Office Supplies,It,5505.57,INR,CTR0003,ON_CONTRACT,REQ00575,2025-09-27,orion office supplies,False
TXN001643,INVOICE_SYSTEM,SUP0016,Prime Facility Care,Facilities Maintenance,Human Resources,41257.48,INR,CTR0006,ON_CONTRACT,,2025-06-30,prime facility care,False
TXN001653,INVOICE_SYSTEM,SUP0020,BrightArc Media,Marketing Services,Human Resources,56835.76,INR,,OFF_CONTRACT,,2026-02-02,brightarc media,False
TXN001655,INVOICE_SYSTEM,SUP0005,Cloudspan Software,It Software & Licences,R&D,24202.49,INR,CTR0002,ON_CONTRACT,,2025-06-23,cloudspan software,False
TXN001656,INVOICE_SYSTEM,SUP0028,ORION OFFICE SUPPLIES,Office Supplies,Operations,23550.03,INR,,OFF_CONTRACT,,2026-01-16,orion office supplies,False
TXN001661,INVOICE_SYSTEM,SUP0019,Lumen Creative,Marketing Services,R&D,104083.21,INR,CTR0007,ON_CONTRACT,,2026-03-28,lumen creative,False
TXN001663,INVOICE_SYSTEM,SUP0020,BrightArc Media,Marketing Services,R&D,148714.88,INR,,OFF_CONTRACT,,2025-12-30,brightarc media,False
TXN001665,INVOICE_SYSTEM,SUP0001,Nexa Technologies Pvt Ltd,It Hardware,Facilities,178784.49,INR,CTR0001,ON_CONTRACT,,2025-06-10,nexa technologies,False
TXN001668,INVOICE_SYSTEM,SUP0001,Nexa Technologies Pvt Ltd,It Hardware,Marketing,169242.26,INR,CTR0001,ON_CONTRACT,REQ00699,2025-12-21,nexa technologies,False
TXN001672,INVOICE_SYSTEM,SUP0022,Transcore Logistics,Logistics & Freight,Finance,84871.87,INR,CTR0008,ON_CONTRACT,,2025-10-04,transcore logistics,False
TXN001674,INVOICE_SYSTEM,SUP0008,Orion Office Supplies,Office Supplies,Human Resources,20536.28,INR,CTR0003,ON_CONTRACT,REQ00833,2026-02-09,orion office supplies,False
TXN001681,INVOICE_SYSTEM,SUP0001,Nexa Technologies Pvt Ltd,It Hardware,Facilities,78645.46,INR,CTR0001,ON_CONTRACT,REQ00743,2025-05-11,nexa technologies,False
TXN001683,INVOICE_SYSTEM,SUP0006,Vertex Licensing,It Software & Licences,Operations,82302.07,INR,,NO_CONTRACT,,2025-09-03,vertex licensing,False
TXN001691,INVOICE_SYSTEM,SUP0016,Prime Facility Care,Facilities Maintenance,Logistics,20490.32,INR,CTR0006,ON_CONTRACT,,2025-04-16,prime facility care,False
TXN001694,INVOICE_SYSTEM,SUP0008,Orion Office Supplies,Office Supplies,Facilities,5366.6,INR,CTR0003,ON_CONTRACT,REQ00224,2025-07-18,orion office supplies,False
TXN001698,INVOICE_SYSTEM,SUP0022,Transcore Logistics,Logistics & Freight,Marketing,23218.8,INR,CTR0008,ON_CONTRACT,,2025-06-30,transcore logistics,False
TXN001706,INVOICE_SYSTEM,SUP0006,Vertex Licensing,It Software & Licences,Marketing,26094.79,INR,,NO_CONTRACT,REQ00740,2025-05-06,vertex licensing,False
TXN001710,INVOICE_SYSTEM,SUP0028,ORION OFFICE SUPPLIES,Office Supplies,Facilities,16954.63,INR,,OFF_CONTRACT,,2025-10-05,orion office supplies,False
TXN001714,INVOICE_SYSTEM,SUP0014,Skyroute Travel,Travel,Marketing,45703.63,INR,CTR0005,ON_CONTRACT,REQ00027,2025-07-23,skyroute travel,False
TXN001716,INVOICE_SYSTEM,SUP0014,Skyroute Travel,Travel,Marketing,89579.04,INR,CTR0005,ON_CONTRACT,REQ00300,2025-10-14,skyroute travel,False
TXN001726,INVOICE_SYSTEM,SUP0011,Sterling Advisory,Professional Services,Marketing,53081.28,INR,CTR0004,ON_CONTRACT,REQ00063,2025-07-16,sterling advisory,False
TXN001727,INVOICE_SYSTEM,SUP0011,Sterling Advisory,Professional Services,Logistics,146978.65,INR,CTR0004,ON_CONTRACT,REQ00550,2025-04-27,sterling advisory,False
TXN001742,INVOICE_SYSTEM,SUP0022,Transcore Logistics,Logistics & Freight,Operations,72889.99,INR,CTR0008,ON_CONTRACT,REQ00734,2025-08-10,transcore logistics,False
TXN001746,INVOICE_SYSTEM,SUP0022,Transcore Logistics,Logistics & Freight,R&D,51951.56,INR,CTR0008,ON_CONTRACT,REQ00058,2026-02-22,transcore logistics,False
TXN001750,INVOICE_SYSTEM,SUP0014,Skyroute Travel,Travel,It,19243.0,INR,CTR0005,ON_CONTRACT,REQ00789,2025-05-05,skyroute travel,False
TXN001751,INVOICE_SYSTEM,SUP0017,GreenEdge Services,Facilities Maintenance,Logistics,42118.61,INR,,OFF_CONTRACT,,2025-07-19,greenedge services,False
TXN001764,INVOICE_SYSTEM,SUP0001,Nexa Technologies Pvt Ltd,It Hardware,Logistics,100677.38,INR,CTR0001,ON_CONTRACT,REQ00385,2025-04-14,nexa technologies,False
TXN001772,INVOICE_SYSTEM,SUP0016,Prime Facility Care,Facilities Maintenance,Marketing,57100.99,INR,CTR0006,ON_CONTRACT,,2025-06-05,prime facility care,False
TXN001779,INVOICE_SYSTEM,SUP0011,Sterling Advisory,Professional Services,Facilities,93480.83,INR,CTR0004,ON_CONTRACT,,2025-11-24,sterling advisory,False
TXN001789,INVOICE_SYSTEM,SUP0016,Prime Facility Care,Facilities Maintenance,Human Resources,13999.12,INR,CTR0006,ON_CONTRACT,REQ00893,2025-12-06,prime facility care,False
TXN001791,INVOICE_SYSTEM,SUP0008,Orion Office Supplies,Office Supplies,Facilities,5453.89,INR,CTR0003,ON_CONTRACT,REQ00730,2025-08-30,orion office supplies,False
TXN001793,INVOICE_SYSTEM,SUP0008,Orion Office Supplies,Office Supplies,Operations,13781.1,INR,CTR0003,ON_CONTRACT,REQ00697,2025-07-23,orion office supplies,False
TXN001795,INVOICE_SYSTEM,SUP0011,Sterling Advisory,Professional Services,Marketing,48751.31,INR,CTR0004,ON_CONTRACT,REQ00103,2026-03-15,sterling advisory,False
TXN001796,INVOICE_SYSTEM,SUP0008,Orion Office Supplies,Office Supplies,Operations,3950.22,INR,CTR0003,ON_CONTRACT,,2025-06-17,orion office supplies,False
TXN001801,INVOICE_SYSTEM,SUP0016,Prime Facility Care,Facilities Maintenance,Human Resources,67390.08,INR,CTR0006,ON_CONTRACT,REQ00412,2025-06-03,prime facility care,False
TXN001807,INVOICE_SYSTEM,SUP0016,Prime Facility Care,Facilities Maintenance,Logistics,49682.24,INR,CTR0006,ON_CONTRACT,,2025-11-08,prime facility care,False
TXN001810,INVOICE_SYSTEM,SUP0001,Nexa Technologies Pvt Ltd,It Hardware,Operations,40251.33,INR,CTR0001,ON_CONTRACT,,2025-07-23,nexa technologies,False
TXN001812,INVOICE_SYSTEM,SUP0019,Lumen Creative,Marketing Services,R&D,127012.17,INR,CTR0007,ON_CONTRACT,REQ00111,2026-01-28,lumen creative,False
TXN001815,INVOICE_SYSTEM,SUP0026,Nexa Tech Pvt Ltd,It Hardware,R&D,37736.61,INR,,NO_CONTRACT,,2025-04-14,nexa tech,False
TXN001819,INVOICE_SYSTEM,SUP0011,Sterling Advisory,Professional Services,Finance,171179.35,INR,CTR0004,ON_CONTRACT,,2025-09-26,sterling advisory,False
TXN001830,INVOICE_SYSTEM,SUP0019,Lumen Creative,Marketing Services,R&D,60995.09,INR,CTR0007,ON_CONTRACT,,2026-03-28,lumen creative,False
TXN001838,INVOICE_SYSTEM,SUP0022,Transcore Logistics,Logistics & Freight,Marketing,40076.2,INR,CTR0008,ON_CONTRACT,,2025-07-20,transcore logistics,False
TXN001842,INVOICE_SYSTEM,SUP0016,Prime Facility Care,Facilities Maintenance,R&D,35924.61,INR,CTR0006,ON_CONTRACT,,2025-10-13,prime facility care,False
TXN001845,INVOICE_SYSTEM,SUP0005,Cloudspan Software,It Software & Licences,Human Resources,114022.96,INR,CTR0002,ON_CONTRACT,REQ00621,2025-05-02,cloudspan software,False
TXN001850,INVOICE_SYSTEM,SUP0008,Orion Office Supplies,Office Supplies,Logistics,16853.65,INR,CTR0003,ON_CONTRACT,REQ00040,2026-01-01,orion office supplies,False
TXN001851,INVOICE_SYSTEM,SUP0006,Vertex Licensing,It Software & Licences,Facilities,45020.21,INR,,NO_CONTRACT,REQ00185,2026-01-28,vertex licensing,False
TXN001853,INVOICE_SYSTEM,SUP0023,FleetBridge Cargo,Logistics & Freight,Facilities,83493.71,INR,,OFF_CONTRACT,,2025-05-04,fleetbridge cargo,False
TXN001855,INVOICE_SYSTEM,SUP0016,Prime Facility Care,Facilities Maintenance,Logistics,65135.59,INR,CTR0006,ON_CONTRACT,,2026-03-04,prime facility care,False
TXN001861,INVOICE_SYSTEM,SUP0021,Pulse Marketing Co,Marketing Services,Finance,128702.64,INR,,OFF_CONTRACT,,2025-04-23,pulse marketing,False
TXN001862,INVOICE_SYSTEM,SUP0011,Sterling Advisory,Professional Services,Operations,177793.99,INR,CTR0004,ON_CONTRACT,,2025-05-08,sterling advisory,False
TXN001864,INVOICE_SYSTEM,SUP0005,Cloudspan Software,It Software & Licences,Finance,72227.83,INR,CTR0002,ON_CONTRACT,,2025-10-17,cloudspan software,False
TXN001865,INVOICE_SYSTEM,SUP0011,Sterling Advisory,Professional Services,It,246780.65,INR,CTR0004,ON_CONTRACT,REQ00614,2025-08-05,sterling advisory,False
TXN001872,INVOICE_SYSTEM,SUP0013,Adept Partners,Professional Services,Operations,84837.39,INR,,OFF_CONTRACT,REQ00037,2025-11-27,adept partners,False
TXN001875,INVOICE_SYSTEM,SUP0001,Nexa Technologies Pvt Ltd,It Hardware,Finance,138584.24,INR,CTR0001,ON_CONTRACT,,2025-08-07,nexa technologies,True
TXN001884,INVOICE_SYSTEM,SUP0022,Transcore Logistics,Logistics & Freight,Logistics,75173.09,INR,CTR0008,ON_CONTRACT,REQ00369,2025-07-24,transcore logistics,False
TXN001890,INVOICE_SYSTEM,SUP0018,Urban Upkeep,Facilities Maintenance,R&D,69508.6,INR,,OFF_CONTRACT,REQ00315,2025-07-19,urban upkeep,False
TXN001896,INVOICE_SYSTEM,SUP0005,Cloudspan Software,It Software & Licences,It,91972.49,INR,CTR0002,ON_CONTRACT,REQ00093,2025-09-08,cloudspan software,False
TXN001898,INVOICE_SYSTEM,SUP0016,Prime Facility Care,Facilities Maintenance,Logistics,21281.48,INR,CTR0006,ON_CONTRACT,REQ00180,2025-08-27,prime facility care,False
TXN001901,INVOICE_SYSTEM,SUP0013,Adept Partners,Professional Services,Logistics,156387.57,INR,,OFF_CONTRACT,REQ00041,2025-06-09,adept partners,False
TXN001904,INVOICE_SYSTEM,SUP0016,Prime Facility Care,Facilities Maintenance,Facilities,12118.68,INR,CTR0006,ON_CONTRACT,REQ00640,2025-09-01,prime facility care,False
TXN001905,INVOICE_SYSTEM,SUP0019,Lumen Creative,Marketing Services,Operations,124402.73,INR,CTR0007,ON_CONTRACT,,2025-09-12,lumen creative,False
TXN001906,INVOICE_SYSTEM,SUP0014,Skyroute Travel,Travel,Facilities,24603.41,INR,CTR0005,ON_CONTRACT,REQ00819,2025-12-10,skyroute travel,False
TXN001909,INVOICE_SYSTEM,SUP0014,Skyroute Travel,Travel,Finance,34808.39,INR,CTR0005,ON_CONTRACT,REQ00768,2026-03-03,skyroute travel,False
TXN001914,INVOICE_SYSTEM,SUP0006,Vertex Licensing,It Software & Licences,Facilities,53672.5,INR,,NO_CONTRACT,REQ00132,2025-05-25,vertex licensing,False
TXN001921,INVOICE_SYSTEM,SUP0028,ORION OFFICE SUPPLIES,Office Supplies,Facilities,17999.22,INR,,OFF_CONTRACT,,2025-05-09,orion office supplies,False
TXN001925,INVOICE_SYSTEM,SUP0001,Nexa Technologies Pvt Ltd,It Hardware,Facilities,148100.59,INR,CTR0001,ON_CONTRACT,,2025-11-15,nexa technologies,False
TXN001929,INVOICE_SYSTEM,SUP0019,Lumen Creative,Marketing Services,Logistics,109925.57,INR,CTR0007,ON_CONTRACT,REQ00756,2025-10-15,lumen creative,False
TXN001930,INVOICE_SYSTEM,SUP0019,Lumen Creative,Marketing Services,R&D,29079.5,INR,CTR0007,ON_CONTRACT,,2026-02-18,lumen creative,False
TXN001933,INVOICE_SYSTEM,SUP0019,Lumen Creative,Marketing Services,Human Resources,98492.41,INR,CTR0007,ON_CONTRACT,REQ00499,2026-02-05,lumen creative,False
TXN001934,INVOICE_SYSTEM,SUP0022,Transcore Logistics,Logistics & Freight,Marketing,62089.48,INR,CTR0008,ON_CONTRACT,REQ00682,2025-05-01,transcore logistics,False
TXN001935,INVOICE_SYSTEM,SUP0016,Prime Facility Care,Facilities Maintenance,Logistics,50588.08,INR,CTR0006,ON_CONTRACT,,2025-06-12,prime facility care,False
TXN001942,INVOICE_SYSTEM,SUP0018,Urban Upkeep,Facilities Maintenance,Operations,30054.3,INR,,OFF_CONTRACT,,2026-02-07,urban upkeep,False
TXN001946,INVOICE_SYSTEM,SUP0008,Orion Office Supplies,Office Supplies,Logistics,13897.19,INR,CTR0003,ON_CONTRACT,REQ00649,2025-04-02,orion office supplies,False
TXN001951,INVOICE_SYSTEM,SUP0008,Orion Office Supplies,Office Supplies,Facilities,4037.81,INR,CTR0003,ON_CONTRACT,,2025-11-20,orion office supplies,False
TXN001961,INVOICE_SYSTEM,SUP0019,Lumen Creative,Marketing Services,Logistics,36567.07,INR,CTR0007,ON_CONTRACT,REQ00732,2026-03-23,lumen creative,False
TXN001969,INVOICE_SYSTEM,SUP0011,Sterling Advisory,Professional Services,Human Resources,110247.37,INR,CTR0004,ON_CONTRACT,REQ00025,2025-09-06,sterling advisory,False
TXN001973,INVOICE_SYSTEM,SUP0003,BluePeak Systems,It Hardware,Human Resources,67325.98,INR,,NO_CONTRACT,REQ00747,2026-01-16,bluepeak systems,False
TXN001976,INVOICE_SYSTEM,SUP0007,Meridian Softworks,It Software & Licences,It,113771.32,INR,,NO_CONTRACT,,2025-11-30,meridian softworks,False
TXN001980,INVOICE_SYSTEM,SUP0001,Nexa Technologies Pvt Ltd,It Hardware,Human Resources,155499.7,INR,CTR0001,ON_CONTRACT,,2025-12-02,nexa technologies,False
TXN001988,INVOICE_SYSTEM,SUP0009,Paperline Traders,Office Supplies,R&D,13418.61,INR,,OFF_CONTRACT,REQ00430,2025-05-28,paperline traders,False
TXN001991,INVOICE_SYSTEM,SUP0019,Lumen Creative,Marketing Services,Operations,127171.81,INR,CTR0007,ON_CONTRACT,,2025-10-26,lumen creative,False
TXN001993,INVOICE_SYSTEM,SUP0005,Cloudspan Software,It Software & Licences,Human Resources,79073.64,INR,CTR0002,ON_CONTRACT,REQ00416,2025-09-03,cloudspan software,False
TXN001995,INVOICE_SYSTEM,SUP0005,Cloudspan Software,It Software & Licences,Facilities,93894.38,INR,CTR0002,ON_CONTRACT,REQ00464,2025-05-31,cloudspan software,False
TXN001998,INVOICE_SYSTEM,SUP0001,Nexa Technologies Pvt Ltd,It Hardware,Logistics,35688.49,INR,CTR0001,ON_CONTRACT,REQ00032,2025-08-09,nexa technologies,False
TXN001999,INVOICE_SYSTEM,SUP0023,FleetBridge Cargo,Logistics & Freight,Facilities,16735.54,INR,,OFF_CONTRACT,REQ00602,2026-02-12,fleetbridge cargo,False
TXN002016,INVOICE_SYSTEM,SUP0001,Nexa Technologies Pvt Ltd,It Hardware,Finance,88719.82,INR,CTR0001,ON_CONTRACT,,2025-12-02,nexa technologies,False
TXN002019,INVOICE_SYSTEM,SUP0022,Transcore Logistics,Logistics & Freight,Marketing,13811.34,INR,CTR0008,ON_CONTRACT,REQ00772,2025-10-29,transcore logistics,False
TXN002022,INVOICE_SYSTEM,SUP0019,Lumen Creative,Marketing Services,Marketing,98423.55,INR,CTR0007,ON_CONTRACT,REQ00534,2025-08-26,lumen creative,False
TXN002025,INVOICE_SYSTEM,SUP0015,Voyager Corporate Travel,Travel,Logistics,42341.05,INR,,OFF_CONTRACT,REQ00396,2026-03-19,voyager corporate travel,False
TXN002028,INVOICE_SYSTEM,SUP0011,Sterling Advisory,Professional Services,Operations,246072.39,INR,CTR0004,ON_CONTRACT,,2025-09-26,sterling advisory,False
TXN002030,INVOICE_SYSTEM,SUP0011,Sterling Advisory,Professional Services,Human Resources,542247.38,INR,CTR0004,ON_CONTRACT,REQ00703,2025-10-03,sterling advisory,False
TXN002032,INVOICE_SYSTEM,SUP0011,Sterling Advisory,Professional Services,Finance,158719.35,INR,CTR0004,ON_CONTRACT,REQ00664,2025-12-11,sterling advisory,False
TXN002035,INVOICE_SYSTEM,SUP0022,Transcore Logistics,Logistics & Freight,Human Resources,62507.76,INR,CTR0008,ON_CONTRACT,REQ00431,2025-07-11,transcore logistics,False
TXN002039,INVOICE_SYSTEM,SUP0019,Lumen Creative,Marketing Services,It,51544.37,INR,CTR0007,ON_CONTRACT,REQ00346,2026-02-14,lumen creative,False
TXN002041,INVOICE_SYSTEM,SUP0015,Voyager Corporate Travel,Travel,Marketing,77750.52,INR,,OFF_CONTRACT,REQ00599,2025-09-10,voyager corporate travel,False
TXN002042,INVOICE_SYSTEM,SUP0011,Sterling Advisory,Professional Services,R&D,157856.79,INR,CTR0004,ON_CONTRACT,REQ00632,2025-04-09,sterling advisory,False
TXN002045,INVOICE_SYSTEM,SUP0014,Skyroute Travel,Travel,R&D,78531.45,INR,CTR0005,ON_CONTRACT,REQ00238,2025-05-22,skyroute travel,False
TXN002047,INVOICE_SYSTEM,SUP0019,Lumen Creative,Marketing Services,Operations,29473.57,INR,CTR0007,ON_CONTRACT,,2025-12-08,lumen creative,False
TXN002051,INVOICE_SYSTEM,SUP0011,Sterling Advisory,Professional Services,R&D,136243.13,INR,CTR0004,ON_CONTRACT,,2025-11-27,sterling advisory,False
TXN002055,INVOICE_SYSTEM,SUP0008,Orion Office Supplies,Office Supplies,Operations,21549.43,INR,CTR0003,ON_CONTRACT,,2025-10-13,orion office supplies,False
TXN002058,INVOICE_SYSTEM,SUP0019,Lumen Creative,Marketing Services,Operations,77647.18,INR,CTR0007,ON_CONTRACT,REQ00171,2025-12-23,lumen creative,False
TXN002060,INVOICE_SYSTEM,SUP0014,Skyroute Travel,Travel,Marketing,52725.41,INR,CTR0005,ON_CONTRACT,REQ00828,2025-07-10,skyroute travel,False
TXN002063,INVOICE_SYSTEM,SUP0028,ORION OFFICE SUPPLIES,Office Supplies,It,20547.28,INR,,OFF_CONTRACT,REQ00172,2025-04-25,orion office supplies,False
TXN002068,INVOICE_SYSTEM,SUP0019,Lumen Creative,Marketing Services,Marketing,56206.92,INR,CTR0007,ON_CONTRACT,,2025-07-15,lumen creative,False
TXN002080,INVOICE_SYSTEM,SUP0005,Cloudspan Software,It Software & Licences,R&D,96061.31,INR,CTR0002,ON_CONTRACT,REQ00732,2025-11-12,cloudspan software,False
TXN002081,INVOICE_SYSTEM,SUP0014,Skyroute Travel,Travel,Operations,10227.73,INR,CTR0005,ON_CONTRACT,REQ00394,2025-08-20,skyroute travel,False
TXN002085,INVOICE_SYSTEM,SUP0011,Sterling Advisory,Professional Services,Logistics,153127.38,INR,CTR0004,ON_CONTRACT,REQ00686,2025-11-22,sterling advisory,False
TXN002086,INVOICE_SYSTEM,SUP0016,Prime Facility Care,Facilities Maintenance,Logistics,39868.75,INR,CTR0006,ON_CONTRACT,,2025-08-11,prime facility care,False
TXN002095,INVOICE_SYSTEM,SUP0011,Sterling Advisory,Professional Services,Human Resources,100298.97,INR,CTR0004,ON_CONTRACT,REQ00824,2025-06-24,sterling advisory,False
TXN002104,INVOICE_SYSTEM,SUP0008,Orion Office Supplies,Office Supplies,Finance,18005.68,INR,CTR0003,ON_CONTRACT,,2025-09-04,orion office supplies,False
TXN002105,INVOICE_SYSTEM,SUP0014,Skyroute Travel,Travel,R&D,73047.43,INR,CTR0005,ON_CONTRACT,,2025-07-30,skyroute travel,False
TXN002107,INVOICE_SYSTEM,SUP0005,Cloudspan Software,It Software & Licences,Marketing,105003.82,INR,CTR0002,ON_CONTRACT,REQ00460,2025-06-04,cloudspan software,False
TXN002108,INVOICE_SYSTEM,SUP0010,Kanban Stationers,Office Supplies,Finance,22841.29,INR,,OFF_CONTRACT,,2025-12-03,kanban stationers,False
TXN002109,INVOICE_SYSTEM,SUP0019,Lumen Creative,Marketing Services,Human Resources,58766.63,INR,CTR0007,ON_CONTRACT,,2025-07-17,lumen creative,False
TXN002113,INVOICE_SYSTEM,SUP0019,Lumen Creative,Marketing Services,Marketing,45791.48,INR,CTR0007,ON_CONTRACT,REQ00803,2025-06-24,lumen creative,False
TXN002117,INVOICE_SYSTEM,SUP0014,Skyroute Travel,Travel,Operations,44106.52,INR,CTR0005,ON_CONTRACT,REQ00749,2025-04-21,skyroute travel,False
TXN002119,INVOICE_SYSTEM,SUP0019,Lumen Creative,Marketing Services,Facilities,31684.97,INR,CTR0007,ON_CONTRACT,REQ00900,2025-10-31,lumen creative,False
TXN002120,INVOICE_SYSTEM,SUP0022,Transcore Logistics,Logistics & Freight,Operations,85240.56,INR,CTR0008,ON_CONTRACT,REQ00308,2026-02-28,transcore logistics,False
TXN002121,INVOICE_SYSTEM,SUP0025,NEXA TECHNOLOGIES PVT. LTD.,It Hardware,Human Resources,149558.55,INR,,NO_CONTRACT,REQ00005,2025-12-28,nexa technologies,False
TXN002122,INVOICE_SYSTEM,SUP0011,Sterling Advisory,Professional Services,Logistics,146093.42,INR,CTR0004,ON_CONTRACT,REQ00003,2025-11-07,sterling advisory,False
TXN002123,INVOICE_SYSTEM,SUP0026,Nexa Tech Pvt Ltd,It Hardware,R&D,174904.63,INR,,NO_CONTRACT,REQ00890,2026-02-22,nexa tech,False
TXN002128,INVOICE_SYSTEM,SUP0008,Orion Office Supplies,Office Supplies,Human Resources,5816.96,INR,CTR0003,ON_CONTRACT,REQ00556,2026-03-21,orion office supplies,False
TXN002130,INVOICE_SYSTEM,SUP0011,Sterling Advisory,Professional Services,Human Resources,129772.83,INR,CTR0004,ON_CONTRACT,,2025-05-29,sterling advisory,False
TXN002132,INVOICE_SYSTEM,SUP0015,Voyager Corporate Travel,Travel,Finance,9033.82,INR,,OFF_CONTRACT,REQ00826,2025-07-06,voyager corporate travel,False
TXN002133,INVOICE_SYSTEM,SUP0014,Skyroute Travel,Travel,Marketing,53899.97,INR,CTR0005,ON_CONTRACT,REQ00165,2025-12-24,skyroute travel,False
TXN002134,INVOICE_SYSTEM,SUP0011,Sterling Advisory,Professional Services,Finance,150753.92,INR,CTR0004,ON_CONTRACT,REQ00874,2025-10-17,sterling advisory,False
TXN002136,INVOICE_SYSTEM,SUP0022,Transcore Logistics,Logistics & Freight,Operations,85891.42,INR,CTR0008,ON_CONTRACT,,2025-12-10,transcore logistics,False
TXN002142,INVOICE_SYSTEM,SUP0025,NEXA TECHNOLOGIES PVT. LTD.,It Hardware,Marketing,108823.03,INR,,NO_CONTRACT,,2025-10-12,nexa technologies,False
TXN002143,INVOICE_SYSTEM,SUP0008,Orion Office Supplies,Office Supplies,Facilities,18335.58,INR,CTR0003,ON_CONTRACT,,2025-10-04,orion office supplies,False
TXN002147,INVOICE_SYSTEM,SUP0007,Meridian Softworks,It Software & Licences,Human Resources,63222.85,INR,,NO_CONTRACT,,2026-03-03,meridian softworks,False
TXN002163,INVOICE_SYSTEM,SUP0011,Sterling Advisory,Professional Services,R&D,113998.74,INR,CTR0004,ON_CONTRACT,REQ00004,2025-11-08,sterling advisory,False
TXN002164,INVOICE_SYSTEM,SUP0022,Transcore Logistics,Logistics & Freight,It,81840.15,INR,CTR0008,ON_CONTRACT,,2025-12-25,transcore logistics,False
TXN002166,INVOICE_SYSTEM,SUP0020,BrightArc Media,Marketing Services,Facilities,157074.69,INR,,OFF_CONTRACT,,2025-09-26,brightarc media,False
TXN002169,INVOICE_SYSTEM,SUP0022,Transcore Logistics,Logistics & Freight,Marketing,68122.74,INR,CTR0008,ON_CONTRACT,REQ00739,2025-10-07,transcore logistics,False
TXN002171,INVOICE_SYSTEM,SUP0005,Cloudspan Software,It Software & Licences,Operations,87064.36,INR,CTR0002,ON_CONTRACT,,2025-08-08,cloudspan software,False
TXN002172,INVOICE_SYSTEM,SUP0013,Adept Partners,Professional Services,Marketing,54624.64,INR,,OFF_CONTRACT,,2025-12-27,adept partners,False
TXN002179,INVOICE_SYSTEM,SUP0022,Transcore Logistics,Logistics & Freight,Facilities,69614.5,INR,CTR0008,ON_CONTRACT,REQ00562,2025-11-12,transcore logistics,False
TXN002189,INVOICE_SYSTEM,SUP0016,Prime Facility Care,Facilities Maintenance,Human Resources,57306.84,INR,CTR0006,ON_CONTRACT,,2025-11-08,prime facility care,False
TXN002190,INVOICE_SYSTEM,SUP0008,Orion Office Supplies,Office Supplies,Marketing,17294.65,INR,CTR0003,ON_CONTRACT,REQ00008,2025-06-27,orion office supplies,False
TXN002196,INVOICE_SYSTEM,SUP0005,Cloudspan Software,It Software & Licences,Marketing,61940.83,INR,CTR0002,ON_CONTRACT,,2025-07-27,cloudspan software,False
TXN002198,INVOICE_SYSTEM,SUP0011,Sterling Advisory,Professional Services,Facilities,221558.36,INR,CTR0004,ON_CONTRACT,REQ00566,2025-05-13,sterling advisory,False
TXN002200,INVOICE_SYSTEM,SUP0001,Nexa Technologies Pvt Ltd,It Hardware,Operations,83962.09,INR,CTR0001,ON_CONTRACT,REQ00809,2025-07-22,nexa technologies,False
TXN002211,INVOICE_SYSTEM,SUP0011,Sterling Advisory,Professional Services,Operations,691581.72,INR,CTR0004,ON_CONTRACT,,2025-10-07,sterling advisory,False
TXN002212,INVOICE_SYSTEM,SUP0001,Nexa Technologies Pvt Ltd,It Hardware,R&D,149760.55,INR,CTR0001,ON_CONTRACT,,2026-01-08,nexa technologies,False
TXN002214,INVOICE_SYSTEM,SUP0022,Transcore Logistics,Logistics & Freight,It,91913.26,INR,CTR0008,ON_CONTRACT,,2026-02-20,transcore logistics,False
TXN002216,INVOICE_SYSTEM,SUP0014,Skyroute Travel,Travel,It,32989.59,INR,CTR0005,ON_CONTRACT,REQ00751,2025-08-11,skyroute travel,False
TXN002222,INVOICE_SYSTEM,SUP0008,Orion Office Supplies,Office Supplies,Human Resources,14436.06,INR,CTR0003,ON_CONTRACT,,2025-04-22,orion office supplies,False
TXN002224,INVOICE_SYSTEM,SUP0014,Skyroute Travel,Travel,It,27835.29,INR,CTR0005,ON_CONTRACT,,2025-11-27,skyroute travel,False
TXN002225,INVOICE_SYSTEM,SUP0019,Lumen Creative,Marketing Services,Human Resources,21736.57,INR,CTR0007,ON_CONTRACT,REQ00835,2025-12-28,lumen creative,False
TXN002229,INVOICE_SYSTEM,SUP0014,Skyroute Travel,Travel,Operations,32373.5,INR,CTR0005,ON_CONTRACT,,2025-09-29,skyroute travel,False
TXN002234,INVOICE_SYSTEM,SUP0023,FleetBridge Cargo,Logistics & Freight,Facilities,82737.9,INR,,OFF_CONTRACT,REQ00513,2025-10-26,fleetbridge cargo,False
TXN002238,INVOICE_SYSTEM,SUP0014,Skyroute Travel,Travel,R&D,23197.07,INR,CTR0005,ON_CONTRACT,,2026-02-12,skyroute travel,False
TXN002241,INVOICE_SYSTEM,SUP0001,Nexa Technologies Pvt Ltd,It Hardware,R&D,148159.63,INR,CTR0001,ON_CONTRACT,REQ00835,2025-06-20,nexa technologies,False
TXN002250,INVOICE_SYSTEM,SUP0005,Cloudspan Software,It Software & Licences,R&D,27067.96,INR,CTR0002,ON_CONTRACT,,2026-02-24,cloudspan software,False
TXN002251,INVOICE_SYSTEM,SUP0008,Orion Office Supplies,Office Supplies,Human Resources,4158.72,INR,CTR0003,ON_CONTRACT,REQ00042,2025-05-30,orion office supplies,False
TXN002253,INVOICE_SYSTEM,SUP0014,Skyroute Travel,Travel,Marketing,62874.42,INR,CTR0005,ON_CONTRACT,REQ00218,2025-07-29,skyroute travel,False
TXN002262,INVOICE_SYSTEM,SUP0019,Lumen Creative,Marketing Services,It,104269.28,INR,CTR0007,ON_CONTRACT,REQ00717,2025-04-12,lumen creative,False
TXN002266,INVOICE_SYSTEM,SUP0004,Arcadia IT Traders,It Hardware,Facilities,122852.67,INR,,NO_CONTRACT,,2026-03-22,arcadia it traders,False
TXN002269,INVOICE_SYSTEM,SUP0019,Lumen Creative,Marketing Services,Operations,53240.69,INR,CTR0007,ON_CONTRACT,REQ00494,2025-11-05,lumen creative,False
TXN002274,INVOICE_SYSTEM,SUP0005,Cloudspan Software,It Software & Licences,R&D,83483.55,INR,CTR0002,ON_CONTRACT,REQ00077,2025-05-12,cloudspan software,False
TXN002275,INVOICE_SYSTEM,SUP0012,Cobalt Consulting,Professional Services,It,239611.52,INR,,OFF_CONTRACT,REQ00068,2025-10-10,cobalt consulting,False
TXN002281,INVOICE_SYSTEM,SUP0022,Transcore Logistics,Logistics & Freight,Facilities,33114.5,INR,CTR0008,ON_CONTRACT,,2025-08-13,transcore logistics,False
TXN002285,INVOICE_SYSTEM,SUP0005,Cloudspan Software,It Software & Licences,Logistics,29702.53,INR,CTR0002,ON_CONTRACT,REQ00870,2025-06-24,cloudspan software,False
TXN002291,INVOICE_SYSTEM,SUP0019,Lumen Creative,Marketing Services,Operations,105509.21,INR,CTR0007,ON_CONTRACT,REQ00699,2025-08-07,lumen creative,False
TXN002304,INVOICE_SYSTEM,SUP0014,Skyroute Travel,Travel,Marketing,32066.08,INR,CTR0005,ON_CONTRACT,,2025-04-20,skyroute travel,False
TXN002317,INVOICE_SYSTEM,SUP0008,Orion Office Supplies,Office Supplies,Human Resources,8318.83,INR,CTR0003,ON_CONTRACT,REQ00253,2026-02-19,orion office supplies,False
TXN002322,INVOICE_SYSTEM,SUP0016,Prime Facility Care,Facilities Maintenance,Finance,52841.96,INR,CTR0006,ON_CONTRACT,REQ00882,2025-12-15,prime facility care,False
TXN002326,INVOICE_SYSTEM,SUP0005,Cloudspan Software,It Software & Licences,Logistics,115281.35,INR,CTR0002,ON_CONTRACT,REQ00204,2025-12-24,cloudspan software,False
TXN002334,INVOICE_SYSTEM,SUP0016,Prime Facility Care,Facilities Maintenance,Finance,51195.39,INR,CTR0006,ON_CONTRACT,,2025-11-06,prime facility care,False
TXN002336,INVOICE_SYSTEM,SUP0022,Transcore Logistics,Logistics & Freight,Marketing,43858.63,INR,CTR0008,ON_CONTRACT,REQ00346,2025-12-18,transcore logistics,False
TXN002338,INVOICE_SYSTEM,SUP0017,GreenEdge Services,Facilities Maintenance,Human Resources,32143.18,INR,,OFF_CONTRACT,REQ00132,2025-09-03,greenedge services,False
TXN002340,INVOICE_SYSTEM,SUP0001,Nexa Technologies Pvt Ltd,It Hardware,Finance,89936.91,INR,CTR0001,ON_CONTRACT,,2026-01-26,nexa technologies,False
TXN002347,INVOICE_SYSTEM,SUP0005,Cloudspan Software,It Software & Licences,Marketing,86260.35,INR,CTR0002,ON_CONTRACT,REQ00147,2026-02-25,cloudspan software,False
TXN002356,INVOICE_SYSTEM,SUP0011,Sterling Advisory,Professional Services,R&D,65317.27,INR,CTR0004,ON_CONTRACT,,2026-03-03,sterling advisory,False
TXN002368,INVOICE_SYSTEM,SUP0011,Sterling Advisory,Professional Services,Operations,157314.9,INR,CTR0004,ON_CONTRACT,,2026-02-25,sterling advisory,False
TXN002370,INVOICE_SYSTEM,SUP0013,Adept Partners,Professional Services,Facilities,193126.43,INR,,OFF_CONTRACT,REQ00153,2026-02-24,adept partners,False
TXN002372,INVOICE_SYSTEM,SUP0011,Sterling Advisory,Professional Services,It,217576.92,INR,CTR0004,ON_CONTRACT,,2025-11-27,sterling advisory,False
TXN002375,INVOICE_SYSTEM,SUP0022,Transcore Logistics,Logistics & Freight,Marketing,67856.23,INR,CTR0008,ON_CONTRACT,REQ00621,2026-03-11,transcore logistics,False
TXN002378,INVOICE_SYSTEM,SUP0022,Transcore Logistics,Logistics & Freight,Operations,77485.77,INR,CTR0008,ON_CONTRACT,REQ00586,2025-07-08,transcore logistics,False
TXN002391,INVOICE_SYSTEM,SUP0016,Prime Facility Care,Facilities Maintenance,It,32473.17,INR,CTR0006,ON_CONTRACT,REQ00728,2025-08-25,prime facility care,False
TXN002393,INVOICE_SYSTEM,SUP0022,Transcore Logistics,Logistics & Freight,Logistics,47733.94,INR,CTR0008,ON_CONTRACT,REQ00806,2025-09-05,transcore logistics,False
TXN002395,INVOICE_SYSTEM,SUP0011,Sterling Advisory,Professional Services,Marketing,226920.38,INR,CTR0004,ON_CONTRACT,,2025-08-07,sterling advisory,False
TXN002398,INVOICE_SYSTEM,SUP0022,Transcore Logistics,Logistics & Freight,Facilities,14112.16,INR,CTR0008,ON_CONTRACT,REQ00434,2025-12-21,transcore logistics,False
TXN002400,INVOICE_SYSTEM,SUP0001,Nexa Technologies Pvt Ltd,It Hardware,It,123719.86,INR,CTR0001,ON_CONTRACT,REQ00201,2025-12-17,nexa technologies,False
TXN002406,INVOICE_SYSTEM,SUP0019,Lumen Creative,Marketing Services,Logistics,104809.09,INR,CTR0007,ON_CONTRACT,,2025-11-10,lumen creative,False
TXN002408,INVOICE_SYSTEM,SUP0013,Adept Partners,Professional Services,It,85757.44,INR,,OFF_CONTRACT,REQ00273,2025-10-24,adept partners,False
TXN002413,INVOICE_SYSTEM,SUP0023,FleetBridge Cargo,Logistics & Freight,Logistics,52303.95,INR,,OFF_CONTRACT,,2026-02-26,fleetbridge cargo,False
TXN002415,INVOICE_SYSTEM,SUP0014,Skyroute Travel,Travel,Facilities,49447.32,INR,CTR0005,ON_CONTRACT,REQ00497,2025-08-25,skyroute travel,False
TXN002422,INVOICE_SYSTEM,SUP0014,Skyroute Travel,Travel,Facilities,9914.87,INR,CTR0005,ON_CONTRACT,,2025-10-22,skyroute travel,False
TXN002426,INVOICE_SYSTEM,SUP0005,Cloudspan Software,It Software & Licences,R&D,109508.73,INR,CTR0002,ON_CONTRACT,,2025-09-01,cloudspan software,False
TXN002430,INVOICE_SYSTEM,SUP0005,Cloudspan Software,It Software & Licences,R&D,108282.39,INR,CTR0002,ON_CONTRACT,REQ00438,2025-04-23,cloudspan software,False
TXN002439,INVOICE_SYSTEM,SUP0019,Lumen Creative,Marketing Services,Facilities,95797.07,INR,CTR0007,ON_CONTRACT,REQ00220,2025-05-28,lumen creative,False
TXN002440,INVOICE_SYSTEM,SUP0011,Sterling Advisory,Professional Services,Marketing,72370.46,INR,CTR0004,ON_CONTRACT,,2025-07-14,sterling advisory,False
TXN002442,INVOICE_SYSTEM,SUP0008,Orion Office Supplies,Office Supplies,Finance,14459.21,INR,CTR0003,ON_CONTRACT,,2025-05-19,orion office supplies,False
TXN002443,INVOICE_SYSTEM,SUP0019,Lumen Creative,Marketing Services,It,126666.25,INR,CTR0007,ON_CONTRACT,,2025-10-02,lumen creative,False
TXN002445,INVOICE_SYSTEM,SUP0016,Prime Facility Care,Facilities Maintenance,Human Resources,36426.48,INR,CTR0006,ON_CONTRACT,REQ00807,2026-01-16,prime facility care,False
TXN002449,INVOICE_SYSTEM,SUP0019,Lumen Creative,Marketing Services,Operations,28070.66,INR,CTR0007,ON_CONTRACT,,2026-02-13,lumen creative,False
TXN002450,INVOICE_SYSTEM,SUP0027,Orion Office Supplies Ltd,Office Supplies,R&D,9876.3,INR,,OFF_CONTRACT,,2026-01-01,orion office supplies,False
TXN002452,INVOICE_SYSTEM,SUP0014,Skyroute Travel,Travel,Finance,87246.23,INR,CTR0005,ON_CONTRACT,REQ00268,2025-09-08,skyroute travel,False
TXN002454,INVOICE_SYSTEM,SUP0016,Prime Facility Care,Facilities Maintenance,It,30836.62,INR,CTR0006,ON_CONTRACT,REQ00073,2025-11-29,prime facility care,False
TXN002460,INVOICE_SYSTEM,SUP0014,Skyroute Travel,Travel,Human Resources,40945.86,INR,CTR0005,ON_CONTRACT,REQ00886,2025-10-04,skyroute travel,False
TXN002462,INVOICE_SYSTEM,SUP0016,Prime Facility Care,Facilities Maintenance,It,62818.89,INR,CTR0006,ON_CONTRACT,REQ00249,2025-10-07,prime facility care,False
TXN002463,INVOICE_SYSTEM,SUP0015,Voyager Corporate Travel,Travel,Marketing,59119.29,INR,,OFF_CONTRACT,,2025-09-20,voyager corporate travel,False
TXN002466,INVOICE_SYSTEM,SUP0022,Transcore Logistics,Logistics & Freight,Logistics,508042.56,INR,CTR0008,ON_CONTRACT,REQ00138,2025-09-09,transcore logistics,False
TXN002468,INVOICE_SYSTEM,SUP0018,Urban Upkeep,Facilities Maintenance,Human Resources,12367.57,INR,,OFF_CONTRACT,REQ00530,2026-02-22,urban upkeep,False
TXN002469,INVOICE_SYSTEM,SUP0019,Lumen Creative,Marketing Services,It,86576.45,INR,CTR0007,ON_CONTRACT,REQ00603,2025-12-21,lumen creative,False
TXN002471,INVOICE_SYSTEM,SUP0016,Prime Facility Care,Facilities Maintenance,It,23664.98,INR,CTR0006,ON_CONTRACT,,2025-08-18,prime facility care,False
TXN002490,INVOICE_SYSTEM,SUP0008,Orion Office Supplies,Office Supplies,Human Resources,10632.59,INR,CTR0003,ON_CONTRACT,,2025-10-15,orion office supplies,False
TXN002492,INVOICE_SYSTEM,SUP0001,Nexa Technologies Pvt Ltd,It Hardware,Logistics,56499.58,INR,CTR0001,ON_CONTRACT,,2025-06-08,nexa technologies,False
TXN002493,INVOICE_SYSTEM,SUP0022,Transcore Logistics,Logistics & Freight,Marketing,75229.25,INR,CTR0008,ON_CONTRACT,REQ00239,2025-04-19,transcore logistics,False
TXN002496,INVOICE_SYSTEM,SUP0011,Sterling Advisory,Professional Services,Marketing,143388.35,INR,CTR0004,ON_CONTRACT,,2026-02-25,sterling advisory,False
TXN002497,INVOICE_SYSTEM,SUP0022,Transcore Logistics,Logistics & Freight,Marketing,59914.16,INR,CTR0008,ON_CONTRACT,,2026-01-16,transcore logistics,False
TXN002498,INVOICE_SYSTEM,SUP0013,Adept Partners,Professional Services,It,221771.2,INR,,OFF_CONTRACT,,2026-01-11,adept partners,False
TXN002507,INVOICE_SYSTEM,SUP0019,Lumen Creative,Marketing Services,R&D,139554.68,INR,CTR0007,ON_CONTRACT,REQ00095,2025-05-08,lumen creative,False
TXN002508,INVOICE_SYSTEM,SUP0004,Arcadia IT Traders,It Hardware,Human Resources,93068.22,INR,,NO_CONTRACT,,2026-03-29,arcadia it traders,False
TXN002509,INVOICE_SYSTEM,SUP0005,Cloudspan Software,It Software & Licences,Operations,103931.73,INR,CTR0002,ON_CONTRACT,,2025-04-01,cloudspan software,False
TXN002515,INVOICE_SYSTEM,SUP0008,Orion Office Supplies,Office Supplies,Logistics,16411.63,INR,CTR0003,ON_CONTRACT,,2025-04-12,orion office supplies,False
TXN002516,INVOICE_SYSTEM,SUP0011,Sterling Advisory,Professional Services,Marketing,234540.35,INR,CTR0004,ON_CONTRACT,REQ00719,2025-10-01,sterling advisory,False
TXN002521,INVOICE_SYSTEM,SUP0005,Cloudspan Software,It Software & Licences,Marketing,87715.91,INR,CTR0002,ON_CONTRACT,REQ00624,2026-03-31,cloudspan software,False
TXN002523,INVOICE_SYSTEM,SUP0005,Cloudspan Software,It Software & Licences,Human Resources,46436.54,INR,CTR0002,ON_CONTRACT,,2025-10-05,cloudspan software,False
TXN002524,INVOICE_SYSTEM,SUP0014,Skyroute Travel,Travel,Finance,37414.67,INR,CTR0005,ON_CONTRACT,,2025-10-08,skyroute travel,False
TXN002531,INVOICE_SYSTEM,SUP0005,Cloudspan Software,It Software & Licences,Finance,86066.24,INR,CTR0002,ON_CONTRACT,REQ00068,2025-05-01,cloudspan software,False
TXN002533,INVOICE_SYSTEM,SUP0008,Orion Office Supplies,Office Supplies,Facilities,8776.25,INR,CTR0003,ON_CONTRACT,REQ00438,2025-05-12,orion office supplies,False
TXN002534,INVOICE_SYSTEM,SUP0002,Zenith Computing,It Hardware,Logistics,27218.87,INR,,NO_CONTRACT,REQ00584,2025-06-09,zenith computing,False
TXN002543,INVOICE_SYSTEM,SUP0022,Transcore Logistics,Logistics & Freight,Finance,82211.48,INR,CTR0008,ON_CONTRACT,REQ00537,2025-08-02,transcore logistics,False
TXN002551,INVOICE_SYSTEM,SUP0014,Skyroute Travel,Travel,Facilities,36603.28,INR,CTR0005,ON_CONTRACT,,2025-05-22,skyroute travel,False
TXN002554,INVOICE_SYSTEM,SUP0017,GreenEdge Services,Facilities Maintenance,Human Resources,66861.28,INR,,OFF_CONTRACT,,2025-05-13,greenedge services,False
TXN002557,INVOICE_SYSTEM,SUP0011,Sterling Advisory,Professional Services,Finance,149741.09,INR,CTR0004,ON_CONTRACT,,2026-03-02,sterling advisory,False
TXN002558,INVOICE_SYSTEM,SUP0014,Skyroute Travel,Travel,Finance,32564.39,INR,CTR0005,ON_CONTRACT,REQ00290,2025-04-23,skyroute travel,False
TXN002565,INVOICE_SYSTEM,SUP0016,Prime Facility Care,Facilities Maintenance,Finance,34172.4,INR,CTR0006,ON_CONTRACT,REQ00371,2025-10-16,prime facility care,False
TXN002572,INVOICE_SYSTEM,SUP0008,Orion Office Supplies,Office Supplies,Facilities,22840.55,INR,CTR0003,ON_CONTRACT,REQ00389,2025-09-08,orion office supplies,False
TXN002579,INVOICE_SYSTEM,SUP0015,Voyager Corporate Travel,Travel,Logistics,37340.75,INR,,OFF_CONTRACT,REQ00898,2026-01-14,voyager corporate travel,False
TXN002582,INVOICE_SYSTEM,SUP0019,Lumen Creative,Marketing Services,It,144412.27,INR,CTR0007,ON_CONTRACT,,2025-06-12,lumen creative,False
TXN002590,INVOICE_SYSTEM,SUP0011,Sterling Advisory,Professional Services,Marketing,189930.05,INR,CTR0004,ON_CONTRACT,REQ00596,2025-12-02,sterling advisory,False
TXN002595,INVOICE_SYSTEM,SUP0005,Cloudspan Software,It Software & Licences,Finance,30001.98,INR,CTR0002,ON_CONTRACT,,2026-03-30,cloudspan software,False
TXN002599,INVOICE_SYSTEM,SUP0005,Cloudspan Software,It Software & Licences,R&D,44848.78,INR,CTR0002,ON_CONTRACT,REQ00202,2025-04-02,cloudspan software,False
TXN002600,INVOICE_SYSTEM,SUP0001,NEXA TECHNOLOGIES PVT LTD,It Hardware,Operations,45743.4,INR,CTR0001,ON_CONTRACT,,2025-11-12,nexa technologies,False
TXN002604,INVOICE_SYSTEM,SUP0014,Skyroute Travel,Travel,Human Resources,34042.12,INR,CTR0005,ON_CONTRACT,REQ00397,2025-10-18,skyroute travel,False
TXN002613,INVOICE_SYSTEM,SUP0010,Kanban Stationers,Office Supplies,Finance,7676.95,INR,,OFF_CONTRACT,REQ00155,2025-05-22,kanban stationers,False
TXN002620,INVOICE_SYSTEM,SUP0019,Lumen Creative,Marketing Services,Human Resources,63868.71,INR,CTR0007,ON_CONTRACT,,2026-02-20,lumen creative,False
TXN002621,INVOICE_SYSTEM,SUP0017,GreenEdge Services,Facilities Maintenance,R&D,57335.95,INR,,OFF_CONTRACT,REQ00484,2025-08-17,greenedge services,False
TXN002624,INVOICE_SYSTEM,SUP0018,Urban Upkeep,Facilities Maintenance,Human Resources,64596.59,INR,,OFF_CONTRACT,REQ00835,2025-09-22,urban upkeep,False
TXN002627,INVOICE_SYSTEM,SUP0008,Orion Office Supplies,Office Supplies,Facilities,4053.66,INR,CTR0003,ON_CONTRACT,REQ00395,2025-06-02,orion office supplies,False
TXN002629,INVOICE_SYSTEM,SUP0020,BrightArc Media,Marketing Services,Human Resources,89133.97,INR,,OFF_CONTRACT,REQ00830,2025-04-29,brightarc media,False
TXN002639,INVOICE_SYSTEM,SUP0001,Nexa Technologies Pvt Ltd,It Hardware,Logistics,172369.77,INR,CTR0001,ON_CONTRACT,,2025-07-01,nexa technologies,False
TXN002648,INVOICE_SYSTEM,SUP0022,Transcore Logistics,Logistics & Freight,Logistics,53533.3,INR,CTR0008,ON_CONTRACT,REQ00192,2025-10-17,transcore logistics,False
TXN002649,INVOICE_SYSTEM,SUP0022,Transcore Logistics,Logistics & Freight,Marketing,47916.52,INR,CTR0008,ON_CONTRACT,,2025-07-12,transcore logistics,False
TXN002653,INVOICE_SYSTEM,SUP0011,Sterling Advisory,Professional Services,Marketing,117660.78,INR,CTR0004,ON_CONTRACT,REQ00222,2026-03-20,sterling advisory,False
TXN002656,INVOICE_SYSTEM,SUP0008,Orion Office Supplies,Office Supplies,R&D,11579.6,INR,CTR0003,ON_CONTRACT,REQ00188,2026-02-11,orion office supplies,False
TXN002667,INVOICE_SYSTEM,SUP0001,Nexa Technologies Pvt Ltd,It Hardware,Logistics,46173.14,INR,CTR0001,ON_CONTRACT,REQ00747,2026-03-05,nexa technologies,False
TXN002678,INVOICE_SYSTEM,SUP0022,Transcore Logistics,Logistics & Freight,Facilities,16821.63,INR,CTR0008,ON_CONTRACT,REQ00207,2025-10-15,transcore logistics,False
TXN002679,INVOICE_SYSTEM,SUP0016,Prime Facility Care,Facilities Maintenance,Human Resources,16690.73,INR,CTR0006,ON_CONTRACT,,2025-04-17,prime facility care,False
TXN002684,INVOICE_SYSTEM,SUP0019,Lumen Creative,Marketing Services,Finance,73073.17,INR,CTR0007,ON_CONTRACT,,2025-12-25,lumen creative,False
TXN002686,INVOICE_SYSTEM,SUP0015,Voyager Corporate Travel,Travel,Human Resources,9584.87,INR,,OFF_CONTRACT,,2025-09-05,voyager corporate travel,False
TXN002698,INVOICE_SYSTEM,SUP0019,Lumen Creative,Marketing Services,Operations,63660.94,INR,CTR0007,ON_CONTRACT,,2025-08-12,lumen creative,False
TXN002704,INVOICE_SYSTEM,SUP0021,Pulse Marketing Co,Marketing Services,It,22372.67,INR,,OFF_CONTRACT,,2026-02-28,pulse marketing,False
TXN002705,INVOICE_SYSTEM,SUP0016,Prime Facility Care,Facilities Maintenance,Human Resources,56209.49,INR,CTR0006,ON_CONTRACT,REQ00597,2025-04-26,prime facility care,False
TXN002708,INVOICE_SYSTEM,SUP0001,Nexa Technologies Pvt Ltd,It Hardware,Human Resources,66165.34,INR,CTR0001,ON_CONTRACT,REQ00347,2025-07-02,nexa technologies,False
TXN002718,INVOICE_SYSTEM,SUP0023,FleetBridge Cargo,Logistics & Freight,Human Resources,92858.14,INR,,OFF_CONTRACT,,2026-01-05,fleetbridge cargo,False
TXN002719,INVOICE_SYSTEM,SUP0022,Transcore Logistics,Logistics & Freight,Logistics,82306.05,INR,CTR0008,ON_CONTRACT,,2026-03-20,transcore logistics,False
TXN002723,INVOICE_SYSTEM,SUP0024,Nexa Technologies,It Hardware,Finance,145958.3,INR,,NO_CONTRACT,REQ00777,2025-12-30,nexa technologies,False
TXN002724,INVOICE_SYSTEM,SUP0014,Skyroute Travel,Travel,Marketing,45555.65,INR,CTR0005,ON_CONTRACT,,2025-12-05,skyroute travel,False
TXN002726,INVOICE_SYSTEM,SUP0008,Orion Office Supplies,Office Supplies,Facilities,8967.06,INR,CTR0003,ON_CONTRACT,REQ00526,2025-04-22,orion office supplies,False
TXN002727,INVOICE_SYSTEM,SUP0011,Sterling Advisory,Professional Services,R&D,53795.92,INR,CTR0004,ON_CONTRACT,,2026-02-09,sterling advisory,False
TXN002728,INVOICE_SYSTEM,SUP0001,Nexa Technologies Pvt Ltd,It Hardware,Facilities,60376.48,INR,CTR0001,ON_CONTRACT,REQ00051,2025-12-05,nexa technologies,False
TXN002729,INVOICE_SYSTEM,SUP0014,Skyroute Travel,Travel,Operations,28221.5,INR,CTR0005,ON_CONTRACT,,2025-09-28,skyroute travel,True
TXN002737,INVOICE_SYSTEM,SUP0016,Prime Facility Care,Facilities Maintenance,Finance,69479.67,INR,CTR0006,ON_CONTRACT,REQ00699,2025-11-16,prime facility care,False
TXN002740,INVOICE_SYSTEM,SUP0016,Prime Facility Care,Facilities Maintenance,Marketing,14536.3,INR,CTR0006,ON_CONTRACT,REQ00083,2025-10-22,prime facility care,False
TXN002745,INVOICE_SYSTEM,SUP0014,Skyroute Travel,Travel,It,59037.92,INR,CTR0005,ON_CONTRACT,REQ00078,2025-09-19,skyroute travel,False
TXN002747,INVOICE_SYSTEM,SUP0011,Sterling Advisory,Professional Services,It,161442.66,INR,CTR0004,ON_CONTRACT,REQ00588,2025-12-30,sterling advisory,False
TXN002761,INVOICE_SYSTEM,SUP0001,Nexa Technologies Pvt Ltd,It Hardware,R&D,47831.97,INR,CTR0001,ON_CONTRACT,REQ00756,2026-03-19,nexa technologies,False
TXN002767,INVOICE_SYSTEM,SUP0009,Paperline Traders,Office Supplies,R&D,14182.17,INR,,OFF_CONTRACT,,2025-07-14,paperline traders,False
TXN002768,INVOICE_SYSTEM,SUP0012,Cobalt Consulting,Professional Services,Facilities,90797.59,INR,,OFF_CONTRACT,REQ00651,2025-05-29,cobalt consulting,False
TXN002774,INVOICE_SYSTEM,SUP0001,Nexa Technologies Pvt Ltd,It Hardware,Facilities,96248.05,INR,CTR0001,ON_CONTRACT,,2025-08-15,nexa technologies,False
TXN002788,INVOICE_SYSTEM,SUP0020,BrightArc Media,Marketing Services,Facilities,47569.6,INR,,OFF_CONTRACT,,2025-04-17,brightarc media,False
TXN002789,INVOICE_SYSTEM,SUP0008,Orion Office Supplies,Office Supplies,It,23882.89,INR,CTR0003,ON_CONTRACT,REQ00297,2026-01-09,orion office supplies,False
TXN002793,INVOICE_SYSTEM,SUP0016,Prime Facility Care,Facilities Maintenance,It,44172.39,INR,CTR0006,ON_CONTRACT,REQ00458,2025-10-07,prime facility care,False
TXN002795,INVOICE_SYSTEM,SUP0019,Lumen Creative,Marketing Services,Finance,81179.42,INR,CTR0007,ON_CONTRACT,,2025-04-09,lumen creative,False
TXN002800,INVOICE_SYSTEM,SUP0008,Orion Office Supplies,Office Supplies,R&D,6372.48,INR,CTR0003,ON_CONTRACT,REQ00682,2025-09-23,orion office supplies,False
TXN002801,INVOICE_SYSTEM,SUP0019,Lumen Creative,Marketing Services,Finance,130963.32,INR,CTR0007,ON_CONTRACT,REQ00040,2025-10-11,lumen creative,False
TXN002803,INVOICE_SYSTEM,SUP0022,Transcore Logistics,Logistics & Freight,Marketing,90327.23,INR,CTR0008,ON_CONTRACT,REQ00876,2025-07-02,transcore logistics,False
TXN002807,INVOICE_SYSTEM,SUP0008,Orion Office Supplies,Office Supplies,Operations,19418.13,INR,CTR0003,ON_CONTRACT,REQ00321,2025-04-04,orion office supplies,False
TXN002811,INVOICE_SYSTEM,SUP0022,Transcore Logistics,Logistics & Freight,Operations,636838.25,INR,CTR0008,ON_CONTRACT,,2026-01-10,transcore logistics,False
TXN002813,INVOICE_SYSTEM,SUP0014,Skyroute Travel,Travel,Marketing,62661.24,INR,CTR0005,ON_CONTRACT,,2025-09-08,skyroute travel,False
TXN002814,INVOICE_SYSTEM,SUP0005,Cloudspan Software,It Software & Licences,Finance,32083.47,INR,CTR0002,ON_CONTRACT,REQ00630,2025-05-14,cloudspan software,False
TXN002818,INVOICE_SYSTEM,SUP0014,Skyroute Travel,Travel,Logistics,8992.46,INR,CTR0005,ON_CONTRACT,REQ00595,2025-09-01,skyroute travel,False
TXN002822,INVOICE_SYSTEM,SUP0022,Transcore Logistics,Logistics & Freight,Facilities,30980.17,INR,CTR0008,ON_CONTRACT,REQ00179,2025-12-02,transcore logistics,False
TXN002828,INVOICE_SYSTEM,SUP0014,Skyroute Travel,Travel,Marketing,15822.74,INR,CTR0005,ON_CONTRACT,,2026-01-20,skyroute travel,False
TXN002833,INVOICE_SYSTEM,SUP0014,Skyroute Travel,Travel,Logistics,17717.22,INR,CTR0005,ON_CONTRACT,,2025-11-11,skyroute travel,False
TXN002834,INVOICE_SYSTEM,SUP0008,Orion Office Supplies,Office Supplies,Logistics,8644.35,INR,CTR0003,ON_CONTRACT,REQ00728,2026-01-18,orion office supplies,False
TXN002835,INVOICE_SYSTEM,SUP0016,Prime Facility Care,Facilities Maintenance,Facilities,33870.2,INR,CTR0006,ON_CONTRACT,,2025-04-27,prime facility care,False
TXN002838,INVOICE_SYSTEM,SUP0005,Cloudspan Software,It Software & Licences,Human Resources,19715.69,INR,CTR0002,ON_CONTRACT,,2025-08-13,cloudspan software,False
TXN002839,INVOICE_SYSTEM,SUP0017,GreenEdge Services,Facilities Maintenance,Operations,55660.48,INR,,OFF_CONTRACT,REQ00779,2025-06-21,greenedge services,False
TXN002845,INVOICE_SYSTEM,SUP0018,Urban Upkeep,Facilities Maintenance,Logistics,44627.36,INR,,OFF_CONTRACT,,2025-04-07,urban upkeep,False
TXN002847,INVOICE_SYSTEM,SUP0005,Cloudspan Software,It Software & Licences,Marketing,97692.65,INR,CTR0002,ON_CONTRACT,,2025-11-29,cloudspan software,False
TXN002848,INVOICE_SYSTEM,SUP0014,Skyroute Travel,Travel,Finance,28582.11,INR,CTR0005,ON_CONTRACT,REQ00741,2025-11-05,skyroute travel,False
TXN002853,INVOICE_SYSTEM,SUP0016,Prime Facility Care,Facilities Maintenance,R&D,21495.58,INR,CTR0006,ON_CONTRACT,REQ00649,2025-08-28,prime facility care,False
TXN002860,INVOICE_SYSTEM,SUP0019,Lumen Creative,Marketing Services,Logistics,44531.05,INR,CTR0007,ON_CONTRACT,,2025-09-13,lumen creative,False
TXN002861,INVOICE_SYSTEM,SUP0011,Sterling Advisory,Professional Services,Human Resources,222021.77,INR,CTR0004,ON_CONTRACT,REQ00272,2025-04-22,sterling advisory,False
TXN002865,INVOICE_SYSTEM,SUP0011,Sterling Advisory,Professional Services,It,131688.98,INR,CTR0004,ON_CONTRACT,,2026-01-20,sterling advisory,False
TXN002867,INVOICE_SYSTEM,SUP0015,Voyager Corporate Travel,Travel,Finance,50369.27,INR,,OFF_CONTRACT,,2025-09-27,voyager corporate travel,False
TXN002868,INVOICE_SYSTEM,SUP0005,Cloudspan Software,It Software & Licences,Finance,94671.51,INR,CTR0002,ON_CONTRACT,REQ00465,2025-06-09,cloudspan software,False
TXN002870,INVOICE_SYSTEM,SUP0006,Vertex Licensing,It Software & Licences,Human Resources,52070.29,INR,,NO_CONTRACT,,2025-04-18,vertex licensing,False
TXN002879,INVOICE_SYSTEM,SUP0014,Skyroute Travel,Travel,Facilities,56472.68,INR,CTR0005,ON_CONTRACT,REQ00495,2026-02-10,skyroute travel,False
TXN002886,INVOICE_SYSTEM,SUP0002,Zenith Computing,It Hardware,It,587457.76,INR,,NO_CONTRACT,,2025-07-31,zenith computing,False
TXN002889,INVOICE_SYSTEM,SUP0011,Sterling Advisory,Professional Services,It,210284.5,INR,CTR0004,ON_CONTRACT,REQ00473,2025-07-20,sterling advisory,False
TXN002890,INVOICE_SYSTEM,SUP0022,Transcore Logistics,Logistics & Freight,It,81373.55,INR,CTR0008,ON_CONTRACT,,2025-06-27,transcore logistics,False
TXN002893,INVOICE_SYSTEM,SUP0018,Urban Upkeep,Facilities Maintenance,R&D,550301.41,INR,,OFF_CONTRACT,,2025-12-10,urban upkeep,False
TXN002900,INVOICE_SYSTEM,SUP0016,Prime Facility Care,Facilities Maintenance,Logistics,12254.27,INR,CTR0006,ON_CONTRACT,REQ00668,2025-11-25,prime facility care,False
TXN002901,INVOICE_SYSTEM,SUP0014,Skyroute Travel,Travel,Marketing,18485.08,INR,CTR0005,ON_CONTRACT,REQ00354,2026-03-21,skyroute travel,False
TXN002903,INVOICE_SYSTEM,SUP0005,Cloudspan Software,It Software & Licences,Facilities,15001.22,INR,CTR0002,ON_CONTRACT,REQ00441,2026-01-02,cloudspan software,False
TXN002909,INVOICE_SYSTEM,SUP0011,Sterling Advisory,Professional Services,Marketing,103881.73,INR,CTR0004,ON_CONTRACT,,2025-09-14,sterling advisory,False
TXN002925,INVOICE_SYSTEM,SUP0014,Skyroute Travel,Travel,Human Resources,38417.16,INR,CTR0005,ON_CONTRACT,,2025-11-08,skyroute travel,False
TXN002927,INVOICE_SYSTEM,SUP0025,NEXA TECHNOLOGIES PVT. LTD.,It Hardware,Facilities,150037.5,INR,,NO_CONTRACT,,2025-06-17,nexa technologies,False
TXN002930,INVOICE_SYSTEM,SUP0008,Orion Office Supplies,Office Supplies,Finance,11043.49,INR,CTR0003,ON_CONTRACT,,2025-07-08,orion office supplies,False
TXN002931,INVOICE_SYSTEM,SUP0019,Lumen Creative,Marketing Services,Operations,102689.3,INR,CTR0007,ON_CONTRACT,REQ00466,2025-04-09,lumen creative,False
TXN002937,INVOICE_SYSTEM,SUP0001,Nexa Technologies Pvt Ltd,It Hardware,Marketing,145997.92,INR,CTR0001,ON_CONTRACT,REQ00131,2026-01-16,nexa technologies,False
TXN002942,INVOICE_SYSTEM,SUP0022,Transcore Logistics,Logistics & Freight,Operations,61928.97,INR,CTR0008,ON_CONTRACT,,2025-09-06,transcore logistics,False
TXN002946,INVOICE_SYSTEM,SUP0021,Pulse Marketing Co,Marketing Services,Finance,34352.23,INR,,OFF_CONTRACT,,2025-10-22,pulse marketing,False
TXN002947,INVOICE_SYSTEM,SUP0010,Kanban Stationers,Office Supplies,Logistics,13818.65,INR,,OFF_CONTRACT,,2025-10-27,kanban stationers,False
TXN002948,INVOICE_SYSTEM,SUP0022,Transcore Logistics,Logistics & Freight,Human Resources,54237.92,INR,CTR0008,ON_CONTRACT,REQ00850,2025-05-12,transcore logistics,False
TXN002958,INVOICE_SYSTEM,SUP0008,Orion Office Supplies,Office Supplies,Finance,21818.89,INR,CTR0003,ON_CONTRACT,REQ00673,2025-08-21,orion office supplies,False
TXN002960,INVOICE_SYSTEM,SUP0014,Skyroute Travel,Travel,R&D,74179.81,INR,CTR0005,ON_CONTRACT,REQ00246,2025-12-11,skyroute travel,False
TXN002965,INVOICE_SYSTEM,SUP0019,Lumen Creative,Marketing Services,Finance,139915.21,INR,CTR0007,ON_CONTRACT,,2026-02-10,lumen creative,False
TXN002967,INVOICE_SYSTEM,SUP0023,FleetBridge Cargo,Logistics & Freight,It,72345.71,INR,,OFF_CONTRACT,,2025-05-10,fleetbridge cargo,False
TXN002971,INVOICE_SYSTEM,SUP0006,Vertex Licensing,It Software & Licences,Marketing,54954.36,INR,,NO_CONTRACT,REQ00208,2026-03-13,vertex licensing,False
TXN002973,INVOICE_SYSTEM,SUP0011,Sterling Advisory,Professional Services,Facilities,205103.19,INR,CTR0004,ON_CONTRACT,,2025-04-04,sterling advisory,False
TXN002977,INVOICE_SYSTEM,SUP0019,Lumen Creative,Marketing Services,Human Resources,137459.63,INR,CTR0007,ON_CONTRACT,REQ00484,2025-04-11,lumen creative,False
TXN002982,INVOICE_SYSTEM,SUP0005,Cloudspan Software,It Software & Licences,Marketing,39672.21,INR,CTR0002,ON_CONTRACT,REQ00876,2025-08-28,cloudspan software,False
TXN002984,INVOICE_SYSTEM,SUP0006,Vertex Licensing,It Software & Licences,It,100798.45,INR,,NO_CONTRACT,REQ00378,2025-05-07,vertex licensing,False
TXN002986,INVOICE_SYSTEM,SUP0011,Sterling Advisory,Professional Services,Finance,243077.41,INR,CTR0004,ON_CONTRACT,REQ00564,2025-05-17,sterling advisory,False
TXN002988,INVOICE_SYSTEM,SUP0022,Transcore Logistics,Logistics & Freight,Marketing,53898.03,INR,CTR0008,ON_CONTRACT,REQ00840,2026-01-25,transcore logistics,False
TXN002990,INVOICE_SYSTEM,SUP0005,Cloudspan Software,It Software & Licences,Logistics,105577.25,INR,CTR0002,ON_CONTRACT,,2025-09-16,cloudspan software,False
TXN002992,INVOICE_SYSTEM,SUP0014,Skyroute Travel,Travel,It,73600.29,INR,CTR0005,ON_CONTRACT,,2026-02-01,skyroute travel,False
TXN002997,INVOICE_SYSTEM,SUP0014,Skyroute Travel,Travel,Logistics,20896.4,INR,CTR0005,ON_CONTRACT,REQ00075,2025-09-02,skyroute travel,False
TXN003001,INVOICE_SYSTEM,SUP0011,Sterling Advisory,Professional Services,Operations,181267.63,INR,CTR0004,ON_CONTRACT,,2025-07-16,sterling advisory,False
TXN003003,INVOICE_SYSTEM,SUP0024,Nexa Technologies,It Hardware,R&D,63822.52,INR,,NO_CONTRACT,,2025-07-29,nexa technologies,False
TXN003008,INVOICE_SYSTEM,SUP0014,Skyroute Travel,Travel,It,8996.86,INR,CTR0005,ON_CONTRACT,REQ00801,2025-12-26,skyroute travel,False
TXN003011,INVOICE_SYSTEM,SUP0022,Transcore Logistics,Logistics & Freight,Logistics,57555.27,INR,CTR0008,ON_CONTRACT,,2026-02-28,transcore logistics,False
TXN003013,INVOICE_SYSTEM,SUP0014,Skyroute Travel,Travel,Finance,33155.68,INR,CTR0005,ON_CONTRACT,REQ00275,2026-01-08,skyroute travel,False
TXN003015,INVOICE_SYSTEM,SUP0001,Nexa Technologies Pvt Ltd,It Hardware,Marketing,121300.33,INR,CTR0001,ON_CONTRACT,REQ00185,2025-10-29,nexa technologies,False
TXN003016,INVOICE_SYSTEM,SUP0001,Nexa Technologies Pvt Ltd,It Hardware,Human Resources,76777.74,INR,CTR0001,ON_CONTRACT,REQ00408,2025-08-16,nexa technologies,False
TXN003018,INVOICE_SYSTEM,SUP0022,Transcore Logistics,Logistics & Freight,Facilities,45575.77,INR,CTR0008,ON_CONTRACT,REQ00199,2025-11-15,transcore logistics,False
TXN003023,INVOICE_SYSTEM,SUP0014,Skyroute Travel,Travel,Finance,64206.4,INR,CTR0005,ON_CONTRACT,REQ00619,2025-07-22,skyroute travel,False
TXN003028,INVOICE_SYSTEM,SUP0023,FleetBridge Cargo,Logistics & Freight,It,65263.95,INR,,OFF_CONTRACT,REQ00559,2025-04-06,fleetbridge cargo,False
TXN003029,INVOICE_SYSTEM,SUP0005,Cloudspan Software,It Software & Licences,Marketing,85505.31,INR,CTR0002,ON_CONTRACT,,2025-06-24,cloudspan software,False
TXN003030,INVOICE_SYSTEM,SUP0010,Kanban Stationers,Office Supplies,Human Resources,16542.49,INR,,OFF_CONTRACT,,2025-07-31,kanban stationers,False
TXN003035,INVOICE_SYSTEM,SUP0018,Urban Upkeep,Facilities Maintenance,Operations,26671.17,INR,,OFF_CONTRACT,,2026-01-23,urban upkeep,False
TXN003037,INVOICE_SYSTEM,SUP0012,Cobalt Consulting,Professional Services,R&D,130723.97,INR,,OFF_CONTRACT,,2026-01-29,cobalt consulting,False
TXN003038,INVOICE_SYSTEM,SUP0019,Lumen Creative,Marketing Services,It,157251.62,INR,CTR0007,ON_CONTRACT,REQ00765,2026-01-01,lumen creative,False
TXN003039,INVOICE_SYSTEM,SUP0011,Sterling Advisory,Professional Services,Human Resources,54175.53,INR,CTR0004,ON_CONTRACT,,2025-05-17,sterling advisory,False
TXN003043,INVOICE_SYSTEM,SUP0019,Lumen Creative,Marketing Services,Human Resources,35862.49,INR,CTR0007,ON_CONTRACT,,2026-01-15,lumen creative,False
TXN003048,INVOICE_SYSTEM,SUP0008,Orion Office Supplies,Office Supplies,Human Resources,9970.06,INR,CTR0003,ON_CONTRACT,REQ00141,2025-08-17,orion office supplies,False
TXN003050,INVOICE_SYSTEM,SUP0014,Skyroute Travel,Travel,Facilities,29670.65,INR,CTR0005,ON_CONTRACT,,2025-05-24,skyroute travel,False
TXN003051,INVOICE_SYSTEM,SUP0014,Skyroute Travel,Travel,Logistics,24837.3,INR,CTR0005,ON_CONTRACT,REQ00606,2025-11-23,skyroute travel,False
TXN003056,INVOICE_SYSTEM,SUP0011,Sterling Advisory,Professional Services,R&D,243392.84,INR,CTR0004,ON_CONTRACT,REQ00367,2026-02-11,sterling advisory,False
TXN003061,INVOICE_SYSTEM,SUP0016,Prime Facility Care,Facilities Maintenance,R&D,27837.45,INR,CTR0006,ON_CONTRACT,REQ00163,2025-06-28,prime facility care,False
TXN003062,INVOICE_SYSTEM,SUP0008,Orion Office Supplies,Office Supplies,Marketing,4117.54,INR,CTR0003,ON_CONTRACT,REQ00815,2026-03-06,orion office supplies,False
TXN003063,INVOICE_SYSTEM,SUP0019,Lumen Creative,Marketing Services,Human Resources,103866.24,INR,CTR0007,ON_CONTRACT,REQ00566,2025-10-28,lumen creative,False
TXN003065,INVOICE_SYSTEM,SUP0009,Paperline Traders,Office Supplies,Facilities,16915.61,INR,,OFF_CONTRACT,REQ00588,2025-06-29,paperline traders,False
TXN003067,INVOICE_SYSTEM,SUP0001,Nexa Technologies Pvt Ltd,It Hardware,Finance,27342.16,INR,CTR0001,ON_CONTRACT,,2025-04-27,nexa technologies,False
TXN003070,INVOICE_SYSTEM,SUP0011,Sterling Advisory,Professional Services,Marketing,181965.52,INR,CTR0004,ON_CONTRACT,REQ00306,2025-11-24,sterling advisory,False
TXN003077,INVOICE_SYSTEM,SUP0005,Cloudspan Software,It Software & Licences,Operations,114407.04,INR,CTR0002,ON_CONTRACT,,2025-05-29,cloudspan software,False
TXN003078,INVOICE_SYSTEM,SUP0001,Nexa Technologies Pvt Ltd,It Hardware,Human Resources,41415.4,INR,CTR0001,ON_CONTRACT,REQ00096,2025-11-09,nexa technologies,False
TXN003083,INVOICE_SYSTEM,SUP0005,Cloudspan Software,It Software & Licences,Facilities,36276.43,INR,CTR0002,ON_CONTRACT,REQ00452,2025-04-11,cloudspan software,False
TXN003088,INVOICE_SYSTEM,SUP0017,GreenEdge Services,Facilities Maintenance,Marketing,10923.69,INR,,OFF_CONTRACT,REQ00582,2025-04-22,greenedge services,False
TXN003090,INVOICE_SYSTEM,SUP0005,Cloudspan Software,It Software & Licences,It,41575.66,INR,CTR0002,ON_CONTRACT,,2025-07-26,cloudspan software,False
TXN003097,INVOICE_SYSTEM,SUP0011,Sterling Advisory,Professional Services,Facilities,245171.46,INR,CTR0004,ON_CONTRACT,REQ00305,2026-03-22,sterling advisory,False
TXN003098,INVOICE_SYSTEM,SUP0005,Cloudspan Software,It Software & Licences,It,25698.78,INR,CTR0002,ON_CONTRACT,,2025-06-16,cloudspan software,False
TXN003100,INVOICE_SYSTEM,SUP0019,Lumen Creative,Marketing Services,Finance,80701.59,INR,CTR0007,ON_CONTRACT,REQ00439,2025-04-18,lumen creative,False
TXN003104,INVOICE_SYSTEM,SUP0014,Skyroute Travel,Travel,Logistics,43589.72,INR,CTR0005,ON_CONTRACT,REQ00520,2025-11-07,skyroute travel,False
TXN003105,INVOICE_SYSTEM,SUP0016,Prime Facility Care,Facilities Maintenance,It,25522.7,INR,CTR0006,ON_CONTRACT,REQ00770,2025-07-15,prime facility care,False
TXN003110,INVOICE_SYSTEM,SUP0021,Pulse Marketing Co,Marketing Services,It,105860.84,INR,,OFF_CONTRACT,REQ00830,2026-01-23,pulse marketing,False
TXN003111,INVOICE_SYSTEM,SUP0028,ORION OFFICE SUPPLIES,Office Supplies,Facilities,16666.83,INR,,OFF_CONTRACT,,2026-01-16,orion office supplies,False
TXN003116,INVOICE_SYSTEM,SUP0019,Lumen Creative,Marketing Services,Marketing,142845.81,INR,CTR0007,ON_CONTRACT,REQ00349,2026-01-01,lumen creative,False
TXN003119,INVOICE_SYSTEM,SUP0001,Nexa Technologies Pvt Ltd,It Hardware,Facilities,63498.32,INR,CTR0001,ON_CONTRACT,REQ00552,2025-05-28,nexa technologies,False
TXN003120,INVOICE_SYSTEM,SUP0019,Lumen Creative,Marketing Services,It,50016.91,INR,CTR0007,ON_CONTRACT,REQ00386,2026-02-23,lumen creative,False
TXN003123,INVOICE_SYSTEM,SUP0005,Cloudspan Software,It Software & Licences,Marketing,21565.26,INR,CTR0002,ON_CONTRACT,REQ00306,2025-04-22,cloudspan software,False
TXN003126,INVOICE_SYSTEM,SUP0008,Orion Office Supplies,Office Supplies,Human Resources,15954.83,INR,CTR0003,ON_CONTRACT,,2025-09-15,orion office supplies,False
TXN003129,INVOICE_SYSTEM,SUP0005,Cloudspan Software,It Software & Licences,R&D,114906.52,INR,CTR0002,ON_CONTRACT,,2025-06-27,cloudspan software,False
TXN003132,INVOICE_SYSTEM,SUP0011,Sterling Advisory,Professional Services,Human Resources,212826.6,INR,CTR0004,ON_CONTRACT,REQ00334,2026-01-30,sterling advisory,False
TXN003137,INVOICE_SYSTEM,SUP0022,Transcore Logistics,Logistics & Freight,It,73659.16,INR,CTR0008,ON_CONTRACT,REQ00386,2026-02-27,transcore logistics,False
TXN003138,INVOICE_SYSTEM,SUP0022,Transcore Logistics,Logistics & Freight,Human Resources,73247.14,INR,CTR0008,ON_CONTRACT,REQ00326,2025-06-08,transcore logistics,False
TXN003141,INVOICE_SYSTEM,SUP0008,Orion Office Supplies,Office Supplies,Logistics,10535.6,INR,CTR0003,ON_CONTRACT,,2025-08-06,orion office supplies,False
TXN003143,INVOICE_SYSTEM,SUP0021,Pulse Marketing Co,Marketing Services,R&D,101822.85,INR,,OFF_CONTRACT,REQ00076,2025-06-06,pulse marketing,False
TXN003150,INVOICE_SYSTEM,SUP0008,Orion Office Supplies,Office Supplies,It,12449.94,INR,CTR0003,ON_CONTRACT,REQ00253,2025-08-09,orion office supplies,False
TXN003151,INVOICE_SYSTEM,SUP0008,Orion Office Supplies,Office Supplies,Human Resources,16495.69,INR,CTR0003,ON_CONTRACT,,2025-08-05,orion office supplies,False
TXN003153,INVOICE_SYSTEM,SUP0001,Nexa Technologies Pvt Ltd,It Hardware,Human Resources,134346.43,INR,CTR0001,ON_CONTRACT,REQ00669,2026-03-04,nexa technologies,False
TXN003154,INVOICE_SYSTEM,SUP0022,Transcore Logistics,Logistics & Freight,Facilities,47490.91,INR,CTR0008,ON_CONTRACT,,2025-09-04,transcore logistics,False
TXN003156,INVOICE_SYSTEM,SUP0022,Transcore Logistics,Logistics & Freight,Logistics,65893.75,INR,CTR0008,ON_CONTRACT,REQ00606,2026-02-08,transcore logistics,False
TXN003157,INVOICE_SYSTEM,SUP0019,Lumen Creative,Marketing Services,R&D,151079.29,INR,CTR0007,ON_CONTRACT,REQ00761,2026-03-08,lumen creative,False
TXN003161,INVOICE_SYSTEM,SUP0001,Nexa Technologies Pvt Ltd,It Hardware,R&D,93807.52,INR,CTR0001,ON_CONTRACT,REQ00005,2025-05-14,nexa technologies,False
TXN003165,INVOICE_SYSTEM,SUP0008,Orion Office Supplies,Office Supplies,Operations,3292.05,INR,CTR0003,ON_CONTRACT,REQ00634,2025-09-09,orion office supplies,False
TXN003167,INVOICE_SYSTEM,SUP0005,Cloudspan Software,It Software & Licences,It,112346.62,INR,CTR0002,ON_CONTRACT,REQ00089,2026-01-20,cloudspan software,False
TXN003180,INVOICE_SYSTEM,SUP0008,Orion Office Supplies,Office Supplies,It,17758.09,INR,CTR0003,ON_CONTRACT,,2026-01-27,orion office supplies,False
TXN003189,INVOICE_SYSTEM,SUP0005,Cloudspan Software,It Software & Licences,Marketing,101998.34,INR,CTR0002,ON_CONTRACT,,2025-10-11,cloudspan software,False
TXN003194,INVOICE_SYSTEM,SUP0022,Transcore Logistics,Logistics & Freight,Marketing,39119.63,INR,CTR0008,ON_CONTRACT,,2025-07-10,transcore logistics,False
TXN003199,INVOICE_SYSTEM,SUP0022,Transcore Logistics,Logistics & Freight,R&D,20513.14,INR,CTR0008,ON_CONTRACT,REQ00833,2025-04-27,transcore logistics,False
TXN003203,INVOICE_SYSTEM,SUP0005,Cloudspan Software,It Software & Licences,Operations,35355.62,INR,CTR0002,ON_CONTRACT,,2025-06-13,cloudspan software,False
TXN003213,INVOICE_SYSTEM,SUP0019,Lumen Creative,Marketing Services,R&D,45095.46,INR,CTR0007,ON_CONTRACT,REQ00431,2025-06-11,lumen creative,False
TXN003221,INVOICE_SYSTEM,SUP0022,Transcore Logistics,Logistics & Freight,Facilities,54739.47,INR,CTR0008,ON_CONTRACT,,2025-12-25,transcore logistics,False
TXN003224,INVOICE_SYSTEM,SUP0022,Transcore Logistics,Logistics & Freight,Finance,13587.7,INR,CTR0008,ON_CONTRACT,,2025-04-26,transcore logistics,False
TXN003225,INVOICE_SYSTEM,SUP0027,Orion Office Supplies Ltd,Office Supplies,Facilities,5812.21,INR,,OFF_CONTRACT,REQ00251,2025-04-04,orion office supplies,False
TXN003235,INVOICE_SYSTEM,SUP0019,Lumen Creative,Marketing Services,Finance,74744.6,INR,CTR0007,ON_CONTRACT,REQ00707,2026-02-06,lumen creative,False
TXN003236,INVOICE_SYSTEM,SUP0005,Cloudspan Software,It Software & Licences,Facilities,39591.35,INR,CTR0002,ON_CONTRACT,REQ00734,2025-10-19,cloudspan software,False
TXN003239,INVOICE_SYSTEM,SUP0004,Arcadia IT Traders,It Hardware,Logistics,120526.58,INR,,NO_CONTRACT,REQ00822,2025-11-13,arcadia it traders,False
TXN003242,INVOICE_SYSTEM,SUP0001,Nexa Technologies Pvt Ltd,It Hardware,Human Resources,91486.37,INR,CTR0001,ON_CONTRACT,,2025-06-07,nexa technologies,False
TXN003247,INVOICE_SYSTEM,SUP0011,Sterling Advisory,Professional Services,Logistics,145023.68,INR,CTR0004,ON_CONTRACT,,2026-01-03,sterling advisory,False
TXN003249,INVOICE_SYSTEM,SUP0016,Prime Facility Care,Facilities Maintenance,Operations,62231.62,INR,CTR0006,ON_CONTRACT,REQ00427,2025-11-10,prime facility care,False
TXN003258,INVOICE_SYSTEM,SUP0014,Skyroute Travel,Travel,Finance,24912.67,INR,CTR0005,ON_CONTRACT,REQ00704,2025-11-14,skyroute travel,False
TXN003259,INVOICE_SYSTEM,SUP0014,Skyroute Travel,Travel,Operations,40132.47,INR,CTR0005,ON_CONTRACT,,2026-01-03,skyroute travel,False
TXN003260,INVOICE_SYSTEM,SUP0013,Adept Partners,Professional Services,Logistics,228091.7,INR,,OFF_CONTRACT,REQ00405,2025-06-01,adept partners,False
TXN003264,INVOICE_SYSTEM,SUP0022,Transcore Logistics,Logistics & Freight,Marketing,13504.3,INR,CTR0008,ON_CONTRACT,REQ00442,2025-08-19,transcore logistics,False
TXN003269,INVOICE_SYSTEM,SUP0019,Lumen Creative,Marketing Services,Finance,107979.7,INR,CTR0007,ON_CONTRACT,,2025-04-22,lumen creative,False
TXN003270,INVOICE_SYSTEM,SUP0005,Cloudspan Software,It Software & Licences,R&D,87306.32,INR,CTR0002,ON_CONTRACT,REQ00638,2025-08-31,cloudspan software,False
TXN003274,INVOICE_SYSTEM,SUP0022,Transcore Logistics,Logistics & Freight,Logistics,56459.5,INR,CTR0008,ON_CONTRACT,REQ00280,2025-09-20,transcore logistics,False
TXN003276,INVOICE_SYSTEM,SUP0001,Nexa Technologies Pvt Ltd,It Hardware,Logistics,152315.2,INR,CTR0001,ON_CONTRACT,REQ00772,2025-10-11,nexa technologies,False
TXN003280,INVOICE_SYSTEM,SUP0012,Cobalt Consulting,Professional Services,Marketing,206227.22,INR,,OFF_CONTRACT,REQ00288,2026-02-07,cobalt consulting,False
TXN003281,INVOICE_SYSTEM,SUP0001,Nexa Technologies Pvt Ltd,It Hardware,Marketing,94950.59,INR,CTR0001,ON_CONTRACT,REQ00099,2026-01-14,nexa technologies,False
TXN003285,INVOICE_SYSTEM,SUP0019,Lumen Creative,Marketing Services,Human Resources,85283.37,INR,CTR0007,ON_CONTRACT,REQ00431,2025-06-21,lumen creative,False
TXN003287,INVOICE_SYSTEM,SUP0019,Lumen Creative,Marketing Services,Marketing,74295.65,INR,CTR0007,ON_CONTRACT,REQ00859,2025-12-03,lumen creative,False
TXN003293,INVOICE_SYSTEM,SUP0011,Sterling Advisory,Professional Services,It,121775.04,INR,CTR0004,ON_CONTRACT,REQ00833,2025-11-06,sterling advisory,False
TXN003298,INVOICE_SYSTEM,SUP0014,Skyroute Travel,Travel,R&D,14076.64,INR,CTR0005,ON_CONTRACT,REQ00847,2026-01-07,skyroute travel,False
TXN003301,INVOICE_SYSTEM,SUP0005,Cloudspan Software,It Software & Licences,It,60514.58,INR,CTR0002,ON_CONTRACT,,2025-09-18,cloudspan software,False
TXN003302,INVOICE_SYSTEM,SUP0005,Cloudspan Software,It Software & Licences,Facilities,119704.15,INR,CTR0002,ON_CONTRACT,REQ00581,2026-02-26,cloudspan software,False
TXN003306,INVOICE_SYSTEM,SUP0019,Lumen Creative,Marketing Services,Operations,69072.87,INR,CTR0007,ON_CONTRACT,REQ00724,2025-12-18,lumen creative,False
TXN003308,INVOICE_SYSTEM,SUP0021,Pulse Marketing Co,Marketing Services,Operations,29619.91,INR,,OFF_CONTRACT,REQ00708,2025-11-15,pulse marketing,False
TXN003314,INVOICE_SYSTEM,SUP0005,Cloudspan Software,It Software & Licences,Finance,15878.19,INR,CTR0002,ON_CONTRACT,,2025-07-11,cloudspan software,False
TXN003319,INVOICE_SYSTEM,SUP0020,BrightArc Media,Marketing Services,It,132629.25,INR,,OFF_CONTRACT,REQ00224,2025-06-08,brightarc media,False
TXN003320,INVOICE_SYSTEM,SUP0016,Prime Facility Care,Facilities Maintenance,Operations,56368.57,INR,CTR0006,ON_CONTRACT,,2025-09-29,prime facility care,False
TXN003322,INVOICE_SYSTEM,SUP0005,Cloudspan Software,It Software & Licences,Operations,21978.65,INR,CTR0002,ON_CONTRACT,,2025-06-09,cloudspan software,False
TXN003330,INVOICE_SYSTEM,SUP0012,Cobalt Consulting,Professional Services,Logistics,180943.07,INR,,OFF_CONTRACT,REQ00060,2026-03-28,cobalt consulting,False
TXN003332,INVOICE_SYSTEM,SUP0011,Sterling Advisory,Professional Services,R&D,195873.17,INR,CTR0004,ON_CONTRACT,,2026-02-19,sterling advisory,False
TXN003336,INVOICE_SYSTEM,SUP0011,Sterling Advisory,Professional Services,It,197495.34,INR,CTR0004,ON_CONTRACT,REQ00870,2025-06-05,sterling advisory,False
TXN003337,INVOICE_SYSTEM,SUP0008,Orion Office Supplies,Office Supplies,Human Resources,22889.26,INR,CTR0003,ON_CONTRACT,,2026-01-04,orion office supplies,False
TXN003338,INVOICE_SYSTEM,SUP0001,Nexa Technologies Pvt Ltd,It Hardware,Logistics,142600.87,INR,CTR0001,ON_CONTRACT,,2026-01-09,nexa technologies,False
TXN003342,INVOICE_SYSTEM,SUP0019,Lumen Creative,Marketing Services,R&D,101032.95,INR,CTR0007,ON_CONTRACT,,2025-05-27,lumen creative,False
TXN003343,INVOICE_SYSTEM,SUP0019,Lumen Creative,Marketing Services,R&D,108534.79,INR,CTR0007,ON_CONTRACT,REQ00582,2026-01-25,lumen creative,False
TXN003346,INVOICE_SYSTEM,SUP0001,Nexa Technologies Pvt Ltd,It Hardware,Finance,136041.55,INR,CTR0001,ON_CONTRACT,REQ00184,2025-09-19,nexa technologies,False
TXN003349,INVOICE_SYSTEM,SUP0001,Nexa Technologies Pvt Ltd,It Hardware,Operations,73643.16,INR,CTR0001,ON_CONTRACT,REQ00370,2025-08-20,nexa technologies,False
TXN003354,INVOICE_SYSTEM,SUP0001,Nexa Technologies Pvt Ltd,It Hardware,It,103594.25,INR,CTR0001,ON_CONTRACT,REQ00741,2026-03-23,nexa technologies,False
TXN003364,INVOICE_SYSTEM,SUP0008,Orion Office Supplies,Office Supplies,R&D,8073.43,INR,CTR0003,ON_CONTRACT,REQ00256,2025-07-15,orion office supplies,False
TXN003365,INVOICE_SYSTEM,SUP0008,Orion Office Supplies,Office Supplies,Human Resources,23598.58,INR,CTR0003,ON_CONTRACT,REQ00328,2025-07-28,orion office supplies,False
TXN003373,INVOICE_SYSTEM,SUP0016,Prime Facility Care,Facilities Maintenance,Logistics,25878.1,INR,CTR0006,ON_CONTRACT,,2025-08-03,prime facility care,False
TXN003375,INVOICE_SYSTEM,SUP0016,Prime Facility Care,Facilities Maintenance,Finance,58896.38,INR,CTR0006,ON_CONTRACT,,2025-10-14,prime facility care,False
TXN003379,INVOICE_SYSTEM,SUP0016,Prime Facility Care,Facilities Maintenance,Human Resources,15303.1,INR,CTR0006,ON_CONTRACT,,2025-10-19,prime facility care,False
TXN003387,INVOICE_SYSTEM,SUP0005,Cloudspan Software,It Software & Licences,Operations,40556.65,INR,CTR0002,ON_CONTRACT,,2025-05-16,cloudspan software,False
TXN003389,INVOICE_SYSTEM,SUP0022,Transcore Logistics,Logistics & Freight,It,15235.28,INR,CTR0008,ON_CONTRACT,,2025-08-19,transcore logistics,False
TXN003390,INVOICE_SYSTEM,SUP0021,Pulse Marketing Co,Marketing Services,It,113358.63,INR,,OFF_CONTRACT,,2025-06-11,pulse marketing,False
TXN003392,INVOICE_SYSTEM,SUP0021,Pulse Marketing Co,Marketing Services,Logistics,145708.69,INR,,OFF_CONTRACT,REQ00332,2026-02-23,pulse marketing,False
TXN003398,INVOICE_SYSTEM,SUP0001,Nexa Technologies Pvt Ltd,It Hardware,Operations,155955.06,INR,CTR0001,ON_CONTRACT,,2025-08-18,nexa technologies,False
TXN003400,INVOICE_SYSTEM,SUP0023,FleetBridge Cargo,Logistics & Freight,Operations,59866.3,INR,,OFF_CONTRACT,,2025-08-19,fleetbridge cargo,False
TXN003401,INVOICE_SYSTEM,SUP0005,Cloudspan Software,It Software & Licences,Human Resources,22061.87,INR,CTR0002,ON_CONTRACT,REQ00064,2025-05-07,cloudspan software,False
TXN003404,INVOICE_SYSTEM,SUP0005,Cloudspan Software,It Software & Licences,Marketing,49297.12,INR,CTR0002,ON_CONTRACT,,2025-04-20,cloudspan software,False
TXN003405,INVOICE_SYSTEM,SUP0008,Orion Office Supplies,Office Supplies,R&D,19208.23,INR,CTR0003,ON_CONTRACT,,2025-05-31,orion office supplies,False
TXN003407,INVOICE_SYSTEM,SUP0011,Sterling Advisory,Professional Services,Finance,220184.89,INR,CTR0004,ON_CONTRACT,REQ00268,2025-06-19,sterling advisory,False
TXN003409,INVOICE_SYSTEM,SUP0005,Cloudspan Software,It Software & Licences,Facilities,40357.13,INR,CTR0002,ON_CONTRACT,REQ00557,2025-10-13,cloudspan software,False
TXN003410,INVOICE_SYSTEM,SUP0001,Nexa Technologies Pvt Ltd,It Hardware,Facilities,31254.38,INR,CTR0001,ON_CONTRACT,,2025-05-15,nexa technologies,False
TXN003411,INVOICE_SYSTEM,SUP0022,Transcore Logistics,Logistics & Freight,Facilities,46128.9,INR,CTR0008,ON_CONTRACT,,2025-09-06,transcore logistics,False
TXN003412,INVOICE_SYSTEM,SUP0003,BluePeak Systems,It Hardware,It,45162.5,INR,,NO_CONTRACT,REQ00534,2026-01-10,bluepeak systems,False
TXN003415,INVOICE_SYSTEM,SUP0012,Cobalt Consulting,Professional Services,Finance,204585.03,INR,,OFF_CONTRACT,REQ00302,2025-11-06,cobalt consulting,False
TXN003425,INVOICE_SYSTEM,SUP0016,Prime Facility Care,Facilities Maintenance,Finance,60227.18,INR,CTR0006,ON_CONTRACT,REQ00357,2026-03-06,prime facility care,False
TXN003430,INVOICE_SYSTEM,SUP0019,Lumen Creative,Marketing Services,R&D,102171.11,INR,CTR0007,ON_CONTRACT,,2025-08-12,lumen creative,False
TXN003434,INVOICE_SYSTEM,SUP0005,Cloudspan Software,It Software & Licences,Marketing,61440.85,INR,CTR0002,ON_CONTRACT,REQ00147,2026-01-08,cloudspan software,False
TXN003441,INVOICE_SYSTEM,SUP0011,Sterling Advisory,Professional Services,It,111800.11,INR,CTR0004,ON_CONTRACT,,2025-04-13,sterling advisory,False
TXN003443,INVOICE_SYSTEM,SUP0016,Prime Facility Care,Facilities Maintenance,Facilities,22698.15,INR,CTR0006,ON_CONTRACT,,2025-08-13,prime facility care,False
TXN003450,INVOICE_SYSTEM,SUP0024,Nexa Technologies,It Hardware,It,33268.94,INR,,NO_CONTRACT,,2025-10-01,nexa technologies,False
TXN003451,INVOICE_SYSTEM,SUP0008,Orion Office Supplies,Office Supplies,R&D,12459.58,INR,CTR0003,ON_CONTRACT,REQ00069,2025-04-25,orion office supplies,False
TXN003463,INVOICE_SYSTEM,SUP0016,Prime Facility Care,Facilities Maintenance,Marketing,48156.42,INR,CTR0006,ON_CONTRACT,REQ00232,2025-04-24,prime facility care,False
TXN003464,INVOICE_SYSTEM,SUP0014,Skyroute Travel,Travel,R&D,57142.77,INR,CTR0005,ON_CONTRACT,REQ00707,2026-02-11,skyroute travel,False
TXN003468,INVOICE_SYSTEM,SUP0011,Sterling Advisory,Professional Services,It,180229.72,INR,CTR0004,ON_CONTRACT,REQ00130,2025-09-29,sterling advisory,False
TXN003469,INVOICE_SYSTEM,SUP0001,Nexa Technologies Pvt Ltd,It Hardware,Marketing,154791.9,INR,CTR0001,ON_CONTRACT,REQ00310,2025-12-29,nexa technologies,False
TXN003477,INVOICE_SYSTEM,SUP0011,Sterling Advisory,Professional Services,Facilities,241793.23,INR,CTR0004,ON_CONTRACT,,2025-09-28,sterling advisory,False
TXN003480,INVOICE_SYSTEM,SUP0005,Cloudspan Software,It Software & Licences,Marketing,57198.16,INR,CTR0002,ON_CONTRACT,,2026-03-25,cloudspan software,False
TXN003493,INVOICE_SYSTEM,SUP0022,Transcore Logistics,Logistics & Freight,Finance,85120.76,INR,CTR0008,ON_CONTRACT,REQ00148,2025-12-06,transcore logistics,False
TXN003494,INVOICE_SYSTEM,SUP0010,Kanban Stationers,Office Supplies,Operations,22307.04,INR,,OFF_CONTRACT,,2025-08-06,kanban stationers,False
TXN003497,INVOICE_SYSTEM,SUP0014,Skyroute Travel,Travel,It,78765.74,INR,CTR0005,ON_CONTRACT,REQ00641,2025-06-10,skyroute travel,False
TXN003499,INVOICE_SYSTEM,SUP0016,Prime Facility Care,Facilities Maintenance,Facilities,21799.22,INR,CTR0006,ON_CONTRACT,REQ00689,2025-04-28,prime facility care,False
TXN003500,INVOICE_SYSTEM,SUP0020,BrightArc Media,Marketing Services,Logistics,123239.65,INR,,OFF_CONTRACT,REQ00237,2025-09-11,brightarc media,False
TXN003505,INVOICE_SYSTEM,SUP0008,Orion Office Supplies,Office Supplies,Human Resources,22639.41,INR,CTR0003,ON_CONTRACT,,2025-04-27,orion office supplies,False
TXN003509,INVOICE_SYSTEM,SUP0011,Sterling Advisory,Professional Services,R&D,217951.47,INR,CTR0004,ON_CONTRACT,REQ00116,2025-05-05,sterling advisory,False
TXN003512,INVOICE_SYSTEM,SUP0011,Sterling Advisory,Professional Services,R&D,54073.47,INR,CTR0004,ON_CONTRACT,,2026-03-12,sterling advisory,False
TXN003513,INVOICE_SYSTEM,SUP0019,Lumen Creative,Marketing Services,Marketing,156548.04,INR,CTR0007,ON_CONTRACT,,2026-03-20,lumen creative,False
TXN003517,INVOICE_SYSTEM,SUP0011,Sterling Advisory,Professional Services,It,57871.73,INR,CTR0004,ON_CONTRACT,REQ00340,2025-08-28,sterling advisory,False
TXN003528,INVOICE_SYSTEM,SUP0017,GreenEdge Services,Facilities Maintenance,Operations,55557.55,INR,,OFF_CONTRACT,REQ00262,2025-09-30,greenedge services,False
TXN003530,INVOICE_SYSTEM,SUP0016,Prime Facility Care,Facilities Maintenance,Operations,36384.43,INR,CTR0006,ON_CONTRACT,,2026-01-29,prime facility care,False
TXN003534,INVOICE_SYSTEM,SUP0016,Prime Facility Care,Facilities Maintenance,Logistics,27963.0,INR,CTR0006,ON_CONTRACT,REQ00773,2025-10-14,prime facility care,False
TXN003535,INVOICE_SYSTEM,SUP0019,Lumen Creative,Marketing Services,Operations,52550.84,INR,CTR0007,ON_CONTRACT,REQ00072,2026-02-21,lumen creative,False
TXN003537,INVOICE_SYSTEM,SUP0014,Skyroute Travel,Travel,It,29029.97,INR,CTR0005,ON_CONTRACT,,2025-11-26,skyroute travel,False
TXN003541,INVOICE_SYSTEM,SUP0019,Lumen Creative,Marketing Services,It,49470.97,INR,CTR0007,ON_CONTRACT,REQ00085,2025-06-14,lumen creative,False
TXN003543,INVOICE_SYSTEM,SUP0014,Skyroute Travel,Travel,It,20047.6,INR,CTR0005,ON_CONTRACT,REQ00675,2025-12-04,skyroute travel,False
TXN003544,INVOICE_SYSTEM,SUP0022,Transcore Logistics,Logistics & Freight,R&D,40439.55,INR,CTR0008,ON_CONTRACT,,2026-03-14,transcore logistics,False
TXN003554,INVOICE_SYSTEM,SUP0016,Prime Facility Care,Facilities Maintenance,Operations,40330.53,INR,CTR0006,ON_CONTRACT,REQ00296,2025-12-16,prime facility care,False
TXN003555,INVOICE_SYSTEM,SUP0011,Sterling Advisory,Professional Services,Marketing,70256.55,INR,CTR0004,ON_CONTRACT,REQ00585,2025-10-24,sterling advisory,False
TXN003556,INVOICE_SYSTEM,SUP0022,Transcore Logistics,Logistics & Freight,R&D,63791.87,INR,CTR0008,ON_CONTRACT,REQ00728,2025-12-15,transcore logistics,False
TXN003557,INVOICE_SYSTEM,SUP0020,BrightArc Media,Marketing Services,Operations,58309.66,INR,,OFF_CONTRACT,,2025-04-12,brightarc media,False
TXN003558,INVOICE_SYSTEM,SUP0011,Sterling Advisory,Professional Services,Logistics,142445.21,INR,CTR0004,ON_CONTRACT,,2026-03-03,sterling advisory,False
TXN003560,INVOICE_SYSTEM,SUP0014,Skyroute Travel,Travel,Logistics,45685.89,INR,CTR0005,ON_CONTRACT,,2025-08-27,skyroute travel,False
TXN003565,INVOICE_SYSTEM,SUP0019,Lumen Creative,Marketing Services,Operations,84180.4,INR,CTR0007,ON_CONTRACT,,2025-05-16,lumen creative,False
TXN003571,INVOICE_SYSTEM,SUP0001,Nexa Technologies Pvt Ltd,It Hardware,Marketing,73650.7,INR,CTR0001,ON_CONTRACT,,2026-03-12,nexa technologies,False
TXN003573,INVOICE_SYSTEM,SUP0014,Skyroute Travel,Travel,Operations,76888.86,INR,CTR0005,ON_CONTRACT,REQ00849,2025-05-16,skyroute travel,False
TXN003579,INVOICE_SYSTEM,SUP0022,Transcore Logistics,Logistics & Freight,Marketing,73556.24,INR,CTR0008,ON_CONTRACT,,2026-01-03,transcore logistics,False
TXN003584,INVOICE_SYSTEM,SUP0008,Orion Office Supplies,Office Supplies,It,21775.28,INR,CTR0003,ON_CONTRACT,REQ00595,2026-01-24,orion office supplies,False
TXN003587,INVOICE_SYSTEM,SUP0012,Cobalt Consulting,Professional Services,It,135337.88,INR,,OFF_CONTRACT,REQ00075,2026-03-30,cobalt consulting,False
TXN003589,INVOICE_SYSTEM,SUP0011,Sterling Advisory,Professional Services,Marketing,66460.43,INR,CTR0004,ON_CONTRACT,,2025-09-28,sterling advisory,False
TXN003591,INVOICE_SYSTEM,SUP0019,Lumen Creative,Marketing Services,Finance,153202.28,INR,CTR0007,ON_CONTRACT,,2025-04-03,lumen creative,False
TXN003602,INVOICE_SYSTEM,SUP0016,Prime Facility Care,Facilities Maintenance,Facilities,44252.65,INR,CTR0006,ON_CONTRACT,,2025-08-20,prime facility care,False
TXN003605,INVOICE_SYSTEM,SUP0019,Lumen Creative,Marketing Services,R&D,50619.37,INR,CTR0007,ON_CONTRACT,REQ00895,2025-12-20,lumen creative,False
TXN003606,INVOICE_SYSTEM,SUP0011,Sterling Advisory,Professional Services,Operations,78395.93,INR,CTR0004,ON_CONTRACT,,2026-01-13,sterling advisory,False
TXN003607,INVOICE_SYSTEM,SUP0011,Sterling Advisory,Professional Services,R&D,213399.3,INR,CTR0004,ON_CONTRACT,,2025-10-31,sterling advisory,False
TXN003608,INVOICE_SYSTEM,SUP0022,Transcore Logistics,Logistics & Freight,Human Resources,35713.73,INR,CTR0008,ON_CONTRACT,REQ00247,2025-06-18,transcore logistics,False
TXN003610,INVOICE_SYSTEM,SUP0014,Skyroute Travel,Travel,R&D,87533.98,INR,CTR0005,ON_CONTRACT,,2026-02-07,skyroute travel,False
TXN003615,INVOICE_SYSTEM,SUP0022,Transcore Logistics,Logistics & Freight,Logistics,42493.43,INR,CTR0008,ON_CONTRACT,,2026-01-28,transcore logistics,False
TXN003616,INVOICE_SYSTEM,SUP0016,Prime Facility Care,Facilities Maintenance,Finance,15221.03,INR,CTR0006,ON_CONTRACT,,2026-03-18,prime facility care,False
TXN003617,INVOICE_SYSTEM,SUP0001,Nexa Technologies Pvt Ltd,It Hardware,Facilities,111301.66,INR,CTR0001,ON_CONTRACT,REQ00344,2026-01-12,nexa technologies,False
TXN003621,INVOICE_SYSTEM,SUP0014,Skyroute Travel,Travel,Logistics,63166.7,INR,CTR0005,ON_CONTRACT,,2025-09-17,skyroute travel,False
TXN003624,INVOICE_SYSTEM,SUP0020,BrightArc Media,Marketing Services,Finance,142370.05,INR,,OFF_CONTRACT,REQ00053,2025-12-25,brightarc media,False
TXN003630,INVOICE_SYSTEM,SUP0005,Cloudspan Software,It Software & Licences,Finance,80869.54,INR,CTR0002,ON_CONTRACT,,2025-06-25,cloudspan software,False
TXN003632,INVOICE_SYSTEM,SUP0005,Cloudspan Software,It Software & Licences,Logistics,30965.1,INR,CTR0002,ON_CONTRACT,REQ00015,2026-01-27,cloudspan software,False
TXN003635,INVOICE_SYSTEM,SUP0009,Paperline Traders,Office Supplies,R&D,4156.86,INR,,OFF_CONTRACT,REQ00693,2025-05-22,paperline traders,False
TXN003639,INVOICE_SYSTEM,SUP0008,Orion Office Supplies,Office Supplies,Operations,8703.6,INR,CTR0003,ON_CONTRACT,REQ00262,2025-06-07,orion office supplies,False
TXN003646,INVOICE_SYSTEM,SUP0008,Orion Office Supplies,Office Supplies,Finance,5553.32,INR,CTR0003,ON_CONTRACT,,2025-11-18,orion office supplies,False
TXN003649,INVOICE_SYSTEM,SUP0011,Sterling Advisory,Professional Services,Finance,165351.25,INR,CTR0004,ON_CONTRACT,REQ00696,2025-11-22,sterling advisory,False
TXN003650,INVOICE_SYSTEM,SUP0019,Lumen Creative,Uncategorised,Finance,159938.08,INR,CTR0007,ON_CONTRACT,REQ00527,2026-03-16,lumen creative,False
TXN003653,INVOICE_SYSTEM,SUP0008,Orion Office Supplies,Office Supplies,R&D,21033.72,INR,CTR0003,ON_CONTRACT,,2025-12-23,orion office supplies,False
TXN003658,INVOICE_SYSTEM,SUP0005,Cloudspan Software,It Software & Licences,Marketing,68610.98,INR,CTR0002,ON_CONTRACT,REQ00074,2025-04-25,cloudspan software,False
TXN003666,INVOICE_SYSTEM,SUP0014,Skyroute Travel,Travel,It,43930.65,INR,CTR0005,ON_CONTRACT,,2026-03-10,skyroute travel,True
TXN003668,INVOICE_SYSTEM,SUP0005,Cloudspan Software,It Software & Licences,Human Resources,31871.36,INR,CTR0002,ON_CONTRACT,REQ00373,2025-11-02,cloudspan software,False
TXN003682,INVOICE_SYSTEM,SUP0009,Paperline Traders,Office Supplies,Facilities,4886.18,INR,,OFF_CONTRACT,,2025-06-25,paperline traders,False
TXN003684,INVOICE_SYSTEM,SUP0001,Nexa Technologies Pvt Ltd,It Hardware,Marketing,61724.67,INR,CTR0001,ON_CONTRACT,,2025-05-12,nexa technologies,False
TXN003694,INVOICE_SYSTEM,SUP0019,Lumen Creative,Marketing Services,Facilities,52819.58,INR,CTR0007,ON_CONTRACT,REQ00860,2025-07-18,lumen creative,False
TXN003695,INVOICE_SYSTEM,SUP0001,Nexa Technologies Pvt Ltd,It Hardware,Marketing,78487.98,INR,CTR0001,ON_CONTRACT,,2025-05-29,nexa technologies,False
TXN003699,INVOICE_SYSTEM,SUP0014,Skyroute Travel,Travel,Operations,84522.82,INR,CTR0005,ON_CONTRACT,REQ00168,2026-02-02,skyroute travel,False
TXN003704,INVOICE_SYSTEM,SUP0022,Transcore Logistics,Logistics & Freight,Facilities,82393.07,INR,CTR0008,ON_CONTRACT,,2025-07-03,transcore logistics,False
TXN003706,INVOICE_SYSTEM,SUP0016,Prime Facility Care,Facilities Maintenance,Human Resources,63091.31,INR,CTR0006,ON_CONTRACT,REQ00097,2025-09-08,prime facility care,False
TXN003719,INVOICE_SYSTEM,SUP0014,Skyroute Travel,Travel,Human Resources,44309.45,INR,CTR0005,ON_CONTRACT,REQ00507,2025-09-27,skyroute travel,False
TXN003723,INVOICE_SYSTEM,SUP0008,Orion Office Supplies,Office Supplies,Operations,23516.14,INR,CTR0003,ON_CONTRACT,REQ00729,2025-10-13,orion office supplies,False
TXN003724,INVOICE_SYSTEM,SUP0019,Lumen Creative,Marketing Services,R&D,46002.63,INR,CTR0007,ON_CONTRACT,,2025-06-25,lumen creative,True
TXN003732,INVOICE_SYSTEM,SUP0016,Prime Facility Care,Facilities Maintenance,Finance,68084.58,INR,CTR0006,ON_CONTRACT,,2025-12-02,prime facility care,False
TXN003735,INVOICE_SYSTEM,SUP0011,Sterling Advisory,Professional Services,Finance,91798.31,INR,CTR0004,ON_CONTRACT,REQ00564,2025-12-17,sterling advisory,False
TXN003739,INVOICE_SYSTEM,SUP0026,Nexa Tech Pvt Ltd,It Hardware,It,141849.55,INR,,NO_CONTRACT,REQ00268,2026-02-13,nexa tech,False
TXN003745,INVOICE_SYSTEM,SUP0017,GreenEdge Services,Facilities Maintenance,Operations,10412.68,INR,,OFF_CONTRACT,REQ00319,2025-04-24,greenedge services,False
TXN003746,INVOICE_SYSTEM,SUP0010,Kanban Stationers,Office Supplies,R&D,6886.29,INR,,OFF_CONTRACT,REQ00852,2026-03-26,kanban stationers,False
TXN003748,INVOICE_SYSTEM,SUP0025,NEXA TECHNOLOGIES PVT. LTD.,It Hardware,Finance,88735.61,INR,,NO_CONTRACT,,2025-12-08,nexa technologies,False
TXN003749,INVOICE_SYSTEM,SUP0020,BrightArc Media,Marketing Services,Human Resources,76336.88,INR,,OFF_CONTRACT,REQ00809,2025-05-07,brightarc media,False
TXN003752,INVOICE_SYSTEM,SUP0026,Nexa Tech Pvt Ltd,It Hardware,Logistics,165922.17,INR,,NO_CONTRACT,REQ00387,2026-02-02,nexa tech,False
TXN003753,INVOICE_SYSTEM,SUP0016,Prime Facility Care,Facilities Maintenance,Operations,28832.68,INR,CTR0006,ON_CONTRACT,REQ00302,2026-02-24,prime facility care,False
TXN003754,INVOICE_SYSTEM,SUP0016,Prime Facility Care,Facilities Maintenance,Logistics,51463.35,INR,CTR0006,ON_CONTRACT,REQ00537,2025-10-10,prime facility care,False
TXN003759,INVOICE_SYSTEM,SUP0022,Transcore Logistics,Logistics & Freight,Human Resources,47686.48,INR,CTR0008,ON_CONTRACT,REQ00366,2025-11-23,transcore logistics,False
TXN003761,INVOICE_SYSTEM,SUP0023,FleetBridge Cargo,Logistics & Freight,Finance,21950.96,INR,,OFF_CONTRACT,,2026-03-17,fleetbridge cargo,False
TXN003762,INVOICE_SYSTEM,SUP0014,Skyroute Travel,Travel,Finance,68263.92,INR,CTR0005,ON_CONTRACT,REQ00363,2025-07-07,skyroute travel,False
TXN003763,INVOICE_SYSTEM,SUP0023,FleetBridge Cargo,Logistics & Freight,It,56110.76,INR,,OFF_CONTRACT,,2025-08-01,fleetbridge cargo,False
TXN003771,INVOICE_SYSTEM,SUP0027,Orion Office Supplies Ltd,Office Supplies,It,14574.0,INR,,OFF_CONTRACT,,2025-04-19,orion office supplies,False
TXN003772,INVOICE_SYSTEM,SUP0014,Skyroute Travel,Travel,Facilities,81997.87,INR,CTR0005,ON_CONTRACT,REQ00754,2025-08-04,skyroute travel,False
TXN003773,INVOICE_SYSTEM,SUP0014,Skyroute Travel,Travel,Finance,36204.53,INR,CTR0005,ON_CONTRACT,,2025-05-10,skyroute travel,False
TXN003774,INVOICE_SYSTEM,SUP0005,Cloudspan Software,It Software & Licences,R&D,91965.01,INR,CTR0002,ON_CONTRACT,,2025-05-12,cloudspan software,False
TXN003787,INVOICE_SYSTEM,SUP0009,Paperline Traders,Office Supplies,Logistics,15267.72,INR,,OFF_CONTRACT,,2025-09-30,paperline traders,False
TXN003791,INVOICE_SYSTEM,SUP0005,Cloudspan Software,It Software & Licences,Finance,37543.07,INR,CTR0002,ON_CONTRACT,,2026-03-22,cloudspan software,False
TXN003795,INVOICE_SYSTEM,SUP0011,Sterling Advisory,Professional Services,Facilities,46813.12,INR,CTR0004,ON_CONTRACT,REQ00734,2025-04-22,sterling advisory,False
TXN003798,INVOICE_SYSTEM,SUP0022,Transcore Logistics,Logistics & Freight,It,20571.0,INR,CTR0008,ON_CONTRACT,,2025-05-23,transcore logistics,False
TXN003803,INVOICE_SYSTEM,SUP0007,Meridian Softworks,It Software & Licences,R&D,100967.72,INR,,NO_CONTRACT,REQ00563,2025-09-03,meridian softworks,False
TXN003807,INVOICE_SYSTEM,SUP0005,Cloudspan Software,It Software & Licences,R&D,60279.56,INR,CTR0002,ON_CONTRACT,,2025-10-12,cloudspan software,False
TXN003808,INVOICE_SYSTEM,SUP0005,Cloudspan Software,It Software & Licences,Marketing,51489.47,INR,CTR0002,ON_CONTRACT,REQ00257,2025-06-08,cloudspan software,False
TXN003815,INVOICE_SYSTEM,SUP0011,Sterling Advisory,Professional Services,Marketing,93100.2,INR,CTR0004,ON_CONTRACT,,2025-05-16,sterling advisory,False
TXN003816,INVOICE_SYSTEM,SUP0014,Skyroute Travel,Travel,It,55365.8,INR,CTR0005,ON_CONTRACT,REQ00525,2026-02-23,skyroute travel,False
TXN003821,INVOICE_SYSTEM,SUP0016,Prime Facility Care,Facilities Maintenance,Human Resources,31049.15,INR,CTR0006,ON_CONTRACT,REQ00097,2025-10-17,prime facility care,False
TXN003825,INVOICE_SYSTEM,SUP0007,Meridian Softworks,It Software & Licences,R&D,36951.23,INR,,NO_CONTRACT,REQ00287,2025-12-03,meridian softworks,False
TXN003829,INVOICE_SYSTEM,SUP0005,Cloudspan Software,It Software & Licences,It,103295.41,INR,CTR0002,ON_CONTRACT,,2025-07-29,cloudspan software,False
TXN003832,INVOICE_SYSTEM,SUP0019,Lumen Creative,Marketing Services,Human Resources,133176.8,INR,CTR0007,ON_CONTRACT,,2025-12-21,lumen creative,False
TXN003847,INVOICE_SYSTEM,SUP0011,Sterling Advisory,Professional Services,Finance,243941.69,INR,CTR0004,ON_CONTRACT,,2026-02-28,sterling advisory,False
TXN003850,INVOICE_SYSTEM,SUP0007,Meridian Softworks,It Software & Licences,Human Resources,22187.3,INR,,NO_CONTRACT,REQ00209,2025-07-10,meridian softworks,False
TXN003852,INVOICE_SYSTEM,SUP0011,Sterling Advisory,Professional Services,R&D,64435.28,INR,CTR0004,ON_CONTRACT,REQ00765,2025-12-05,sterling advisory,False
TXN003854,INVOICE_SYSTEM,SUP0011,STERLING ADVISORY,Professional Services,It,237081.25,INR,CTR0004,ON_CONTRACT,,2025-11-10,sterling advisory,False
TXN003858,INVOICE_SYSTEM,SUP0006,Vertex Licensing,It Software & Licences,Operations,72819.65,INR,,NO_CONTRACT,,2025-04-11,vertex licensing,False
TXN003859,INVOICE_SYSTEM,SUP0022,Transcore Logistics,Logistics & Freight,Marketing,45466.24,INR,CTR0008,ON_CONTRACT,REQ00163,2025-10-15,transcore logistics,False
TXN003864,INVOICE_SYSTEM,SUP0014,Skyroute Travel,Travel,Marketing,28937.58,INR,CTR0005,ON_CONTRACT,REQ00689,2025-05-22,skyroute travel,False
TXN003872,INVOICE_SYSTEM,SUP0001,Nexa Technologies Pvt Ltd,It Hardware,Human Resources,53175.72,INR,CTR0001,ON_CONTRACT,REQ00880,2025-07-27,nexa technologies,False
TXN003889,INVOICE_SYSTEM,SUP0011,Sterling Advisory,Professional Services,R&D,172262.34,INR,CTR0004,ON_CONTRACT,REQ00694,2025-08-06,sterling advisory,False
TXN003896,INVOICE_SYSTEM,SUP0001,Nexa Technologies Pvt Ltd,It Hardware,Operations,152793.09,INR,CTR0001,ON_CONTRACT,,2026-02-16,nexa technologies,False
TXN003897,INVOICE_SYSTEM,SUP0021,Pulse Marketing Co,Marketing Services,R&D,40501.08,INR,,OFF_CONTRACT,,2025-12-19,pulse marketing,False
TXN003899,INVOICE_SYSTEM,SUP0014,Skyroute Travel,Travel,Marketing,52304.32,INR,CTR0005,ON_CONTRACT,,2025-12-24,skyroute travel,False
TXN003903,INVOICE_SYSTEM,SUP0014,Skyroute Travel,Travel,Finance,83034.98,INR,CTR0005,ON_CONTRACT,REQ00271,2026-02-17,skyroute travel,False
TXN003912,INVOICE_SYSTEM,SUP0023,FleetBridge Cargo,Logistics & Freight,Logistics,34575.88,INR,,OFF_CONTRACT,,2025-04-24,fleetbridge cargo,False
TXN003922,INVOICE_SYSTEM,SUP0005,Cloudspan Software,It Software & Licences,Marketing,57022.29,INR,CTR0002,ON_CONTRACT,,2025-11-24,cloudspan software,False
TXN003927,INVOICE_SYSTEM,SUP0011,Sterling Advisory,Professional Services,Operations,166741.05,INR,CTR0004,ON_CONTRACT,,2025-08-31,sterling advisory,False
TXN003930,INVOICE_SYSTEM,SUP0016,Prime Facility Care,Facilities Maintenance,Facilities,17223.25,INR,CTR0006,ON_CONTRACT,REQ00828,2025-05-16,prime facility care,False
TXN003933,INVOICE_SYSTEM,SUP0022,Transcore Logistics,Logistics & Freight,Facilities,63688.53,INR,CTR0008,ON_CONTRACT,,2026-03-25,transcore logistics,False
TXN003956,INVOICE_SYSTEM,SUP0019,Lumen Creative,Marketing Services,Marketing,141577.33,INR,CTR0007,ON_CONTRACT,REQ00168,2025-07-28,lumen creative,False
TXN003957,INVOICE_SYSTEM,SUP0011,Sterling Advisory,Professional Services,It,234557.4,INR,CTR0004,ON_CONTRACT,,2025-07-20,sterling advisory,False
TXN003959,INVOICE_SYSTEM,SUP0019,Lumen Creative,Marketing Services,Operations,27087.15,INR,CTR0007,ON_CONTRACT,,2025-04-02,lumen creative,False
TXN003962,INVOICE_SYSTEM,SUP0026,Nexa Tech Pvt Ltd,It Hardware,Human Resources,85898.74,INR,,NO_CONTRACT,REQ00848,2026-01-10,nexa tech,False
TXN003965,INVOICE_SYSTEM,SUP0001,Nexa Technologies Pvt Ltd,It Hardware,R&D,26751.89,INR,CTR0001,ON_CONTRACT,,2025-09-02,nexa technologies,False
TXN003966,INVOICE_SYSTEM,SUP0008,Orion Office Supplies,Office Supplies,Logistics,20109.56,INR,CTR0003,ON_CONTRACT,,2025-11-04,orion office supplies,False
TXN003980,INVOICE_SYSTEM,SUP0001,Nexa Technologies Pvt Ltd,It Hardware,Finance,91048.79,INR,CTR0001,ON_CONTRACT,REQ00556,2025-07-06,nexa technologies,False
TXN003981,INVOICE_SYSTEM,SUP0011,Sterling Advisory,Professional Services,Logistics,214796.34,INR,CTR0004,ON_CONTRACT,REQ00244,2026-03-19,sterling advisory,False
TXN003989,INVOICE_SYSTEM,SUP0016,Prime Facility Care,Facilities Maintenance,Finance,30247.26,INR,CTR0006,ON_CONTRACT,,2025-06-03,prime facility care,False
TXN004000,INVOICE_SYSTEM,SUP0014,Skyroute Travel,Travel,It,21232.12,INR,CTR0005,ON_CONTRACT,,2025-04-26,skyroute travel,False
TXN004010,INVOICE_SYSTEM,SUP0013,Adept Partners,Professional Services,R&D,51902.89,INR,,OFF_CONTRACT,,2026-03-22,adept partners,False
TXN004011,INVOICE_SYSTEM,SUP0022,Transcore Logistics,Logistics & Freight,Operations,14877.83,INR,CTR0008,ON_CONTRACT,,2025-04-11,transcore logistics,False
TXN004012,INVOICE_SYSTEM,SUP0008,Orion Office Supplies,Office Supplies,Marketing,11013.94,INR,CTR0003,ON_CONTRACT,,2025-11-25,orion office supplies,False
TXN004018,INVOICE_SYSTEM,SUP0017,GreenEdge Services,Facilities Maintenance,Operations,63741.4,INR,,OFF_CONTRACT,,2025-09-04,greenedge services,False
TXN004023,INVOICE_SYSTEM,SUP0011,Sterling Advisory,Professional Services,R&D,181200.61,INR,CTR0004,ON_CONTRACT,REQ00866,2025-07-01,sterling advisory,False
TXN004025,INVOICE_SYSTEM,SUP0016,Prime Facility Care,Facilities Maintenance,Marketing,50385.53,INR,CTR0006,ON_CONTRACT,REQ00236,2025-09-25,prime facility care,False
TXN004032,INVOICE_SYSTEM,SUP0005,Cloudspan Software,It Software & Licences,Finance,43417.61,INR,CTR0002,ON_CONTRACT,,2025-09-26,cloudspan software,False
TXN004035,INVOICE_SYSTEM,SUP0019,Lumen Creative,Marketing Services,Marketing,41868.21,INR,CTR0007,ON_CONTRACT,,2025-10-27,lumen creative,False
TXN004036,INVOICE_SYSTEM,SUP0011,Sterling Advisory,Professional Services,Facilities,247568.41,INR,CTR0004,ON_CONTRACT,,2025-06-08,sterling advisory,False
TXN004037,INVOICE_SYSTEM,SUP0005,Cloudspan Software,It Software & Licences,Finance,117614.39,INR,CTR0002,ON_CONTRACT,,2025-11-08,cloudspan software,False
TXN004041,INVOICE_SYSTEM,SUP0019,Lumen Creative,Marketing Services,It,141254.22,INR,CTR0007,ON_CONTRACT,,2026-01-29,lumen creative,False
TXN004046,INVOICE_SYSTEM,SUP0016,Prime Facility Care,Facilities Maintenance,Finance,35649.19,INR,CTR0006,ON_CONTRACT,,2026-01-31,prime facility care,False
TXN004056,INVOICE_SYSTEM,SUP0016,Prime Facility Care,Facilities Maintenance,Operations,10972.02,INR,CTR0006,ON_CONTRACT,,2025-05-16,prime facility care,False
TXN004058,INVOICE_SYSTEM,SUP0016,Prime Facility Care,Facilities Maintenance,R&D,12408.33,INR,CTR0006,ON_CONTRACT,REQ00810,2025-07-19,prime facility care,False
TXN004063,INVOICE_SYSTEM,SUP0016,Prime Facility Care,Facilities Maintenance,It,55921.8,INR,CTR0006,ON_CONTRACT,,2026-01-26,prime facility care,False
TXN004066,INVOICE_SYSTEM,SUP0011,Sterling Advisory,Professional Services,It,61596.94,INR,CTR0004,ON_CONTRACT,REQ00595,2025-05-11,sterling advisory,False
TXN004068,INVOICE_SYSTEM,SUP0001,Nexa Technologies Pvt Ltd,It Hardware,Human Resources,176768.49,INR,CTR0001,ON_CONTRACT,REQ00582,2026-01-15,nexa technologies,False
TXN004079,INVOICE_SYSTEM,SUP0008,Orion Office Supplies,Office Supplies,Marketing,19677.37,INR,CTR0003,ON_CONTRACT,REQ00558,2025-10-19,orion office supplies,False
TXN004080,INVOICE_SYSTEM,SUP0011,Sterling Advisory,Professional Services,Operations,87517.21,INR,CTR0004,ON_CONTRACT,REQ00308,2025-10-05,sterling advisory,False
TXN004084,INVOICE_SYSTEM,SUP0007,Meridian Softworks,It Software & Licences,Facilities,93443.22,INR,,NO_CONTRACT,,2026-01-23,meridian softworks,False
TXN004085,INVOICE_SYSTEM,SUP0027,Orion Office Supplies Ltd,Office Supplies,Marketing,7030.42,INR,,OFF_CONTRACT,,2025-12-05,orion office supplies,False
TXN004093,INVOICE_SYSTEM,SUP0022,Transcore Logistics,Logistics & Freight,Operations,51717.85,INR,CTR0008,ON_CONTRACT,,2026-03-29,transcore logistics,False
TXN004094,INVOICE_SYSTEM,SUP0011,Sterling Advisory,Professional Services,Human Resources,235060.51,INR,CTR0004,ON_CONTRACT,REQ00836,2026-02-17,sterling advisory,False
TXN004096,INVOICE_SYSTEM,SUP0022,Transcore Logistics,Logistics & Freight,It,50622.97,INR,CTR0008,ON_CONTRACT,REQ00407,2025-08-02,transcore logistics,False
TXN004102,INVOICE_SYSTEM,SUP0019,Lumen Creative,Marketing Services,Logistics,79695.77,INR,CTR0007,ON_CONTRACT,,2025-04-03,lumen creative,False
TXN004103,INVOICE_SYSTEM,SUP0005,Cloudspan Software,It Software & Licences,Operations,72555.25,INR,CTR0002,ON_CONTRACT,,2025-09-08,cloudspan software,False
TXN004104,INVOICE_SYSTEM,SUP0014,Skyroute Travel,Travel,It,22321.07,INR,CTR0005,ON_CONTRACT,REQ00106,2025-05-27,skyroute travel,False
TXN004110,INVOICE_SYSTEM,SUP0014,Skyroute Travel,Travel,Marketing,55304.26,INR,CTR0005,ON_CONTRACT,REQ00414,2025-09-26,skyroute travel,False
TXN004113,INVOICE_SYSTEM,SUP0013,Adept Partners,Professional Services,R&D,54572.76,INR,,OFF_CONTRACT,,2026-03-05,adept partners,False
TXN004114,INVOICE_SYSTEM,SUP0011,Sterling Advisory,Professional Services,R&D,58874.14,INR,CTR0004,ON_CONTRACT,,2026-03-06,sterling advisory,False
TXN004119,INVOICE_SYSTEM,SUP0012,Cobalt Consulting,Professional Services,R&D,70089.11,INR,,OFF_CONTRACT,REQ00214,2026-01-29,cobalt consulting,False
TXN004120,INVOICE_SYSTEM,SUP0022,Transcore Logistics,Logistics & Freight,Finance,71321.66,INR,CTR0008,ON_CONTRACT,REQ00006,2025-07-28,transcore logistics,False
TXN004122,INVOICE_SYSTEM,SUP0021,Pulse Marketing Co,Marketing Services,Finance,93565.84,INR,,OFF_CONTRACT,REQ00619,2026-02-27,pulse marketing,False
TXN004128,INVOICE_SYSTEM,SUP0025,NEXA TECHNOLOGIES PVT. LTD.,It Hardware,R&D,171618.32,INR,,NO_CONTRACT,REQ00202,2026-03-12,nexa technologies,False
TXN004134,INVOICE_SYSTEM,SUP0011,Sterling Advisory,Professional Services,R&D,173079.44,INR,CTR0004,ON_CONTRACT,,2025-11-03,sterling advisory,False
TXN004137,INVOICE_SYSTEM,SUP0009,Paperline Traders,Office Supplies,Marketing,18761.9,INR,,OFF_CONTRACT,,2026-02-20,paperline traders,False
TXN004139,INVOICE_SYSTEM,SUP0016,Prime Facility Care,Facilities Maintenance,Finance,49903.36,INR,CTR0006,ON_CONTRACT,REQ00630,2025-10-30,prime facility care,False
TXN004141,INVOICE_SYSTEM,SUP0019,Lumen Creative,Marketing Services,Facilities,67982.33,INR,CTR0007,ON_CONTRACT,REQ00802,2025-07-23,lumen creative,False
TXN004150,INVOICE_SYSTEM,SUP0016,Prime Facility Care,Facilities Maintenance,Marketing,56789.25,INR,CTR0006,ON_CONTRACT,REQ00463,2025-08-16,prime facility care,False
TXN004155,INVOICE_SYSTEM,SUP0011,Sterling Advisory,Professional Services,Marketing,93441.08,INR,CTR0004,ON_CONTRACT,,2025-06-25,sterling advisory,False
TXN004158,INVOICE_SYSTEM,SUP0011,Sterling Advisory,Professional Services,Human Resources,218741.65,INR,CTR0004,ON_CONTRACT,REQ00153,2025-07-04,sterling advisory,False
TXN004166,INVOICE_SYSTEM,SUP0014,Skyroute Travel,Travel,Human Resources,39875.56,INR,CTR0005,ON_CONTRACT,REQ00468,2025-09-17,skyroute travel,False
TXN004167,INVOICE_SYSTEM,SUP0011,Sterling Advisory,Professional Services,Marketing,90462.82,INR,CTR0004,ON_CONTRACT,,2026-01-12,sterling advisory,False
TXN004168,INVOICE_SYSTEM,SUP0001,Nexa Technologies Pvt Ltd,It Hardware,R&D,39719.62,INR,CTR0001,ON_CONTRACT,REQ00433,2025-11-05,nexa technologies,False
TXN004176,INVOICE_SYSTEM,SUP0008,Orion Office Supplies,Office Supplies,It,24898.08,INR,CTR0003,ON_CONTRACT,REQ00858,2026-01-06,orion office supplies,False
TXN004183,INVOICE_SYSTEM,SUP0006,Vertex Licensing,It Software & Licences,Marketing,86630.13,INR,,NO_CONTRACT,REQ00226,2025-10-06,vertex licensing,False
TXN004187,INVOICE_SYSTEM,SUP0014,Skyroute Travel,Travel,Facilities,18522.72,INR,CTR0005,ON_CONTRACT,REQ00399,2025-04-01,skyroute travel,False
TXN004189,INVOICE_SYSTEM,SUP0016,Prime Facility Care,Facilities Maintenance,Marketing,51605.33,INR,CTR0006,ON_CONTRACT,REQ00211,2025-07-13,prime facility care,False
TXN004193,INVOICE_SYSTEM,SUP0022,Transcore Logistics,Logistics & Freight,Marketing,53496.6,INR,CTR0008,ON_CONTRACT,REQ00649,2025-09-16,transcore logistics,False
TXN004199,INVOICE_SYSTEM,SUP0014,Skyroute Travel,Travel,Logistics,44328.76,INR,CTR0005,ON_CONTRACT,REQ00849,2025-06-27,skyroute travel,False
TXN004203,INVOICE_SYSTEM,SUP0019,Lumen Creative,Marketing Services,Logistics,37576.97,INR,CTR0007,ON_CONTRACT,REQ00229,2026-03-11,lumen creative,False
TXN004211,INVOICE_SYSTEM,SUP0005,Cloudspan Software,It Software & Licences,R&D,26075.76,INR,CTR0002,ON_CONTRACT,REQ00163,2025-11-21,cloudspan software,False
TXN004214,INVOICE_SYSTEM,SUP0020,BrightArc Media,Marketing Services,Operations,52723.71,INR,,OFF_CONTRACT,,2025-09-08,brightarc media,False
TXN004219,INVOICE_SYSTEM,SUP0022,Transcore Logistics,Logistics & Freight,It,69212.76,INR,CTR0008,ON_CONTRACT,,2025-09-14,transcore logistics,False
TXN004222,INVOICE_SYSTEM,SUP0016,Prime Facility Care,Facilities Maintenance,Finance,46818.27,INR,CTR0006,ON_CONTRACT,,2025-04-27,prime facility care,False
TXN004225,INVOICE_SYSTEM,SUP0001,Nexa Technologies Pvt Ltd,It Hardware,It,115385.18,INR,CTR0001,ON_CONTRACT,REQ00183,2026-03-22,nexa technologies,False
TXN004233,INVOICE_SYSTEM,SUP0008,Orion Office Supplies,Office Supplies,Operations,10248.3,INR,CTR0003,ON_CONTRACT,REQ00088,2025-06-21,orion office supplies,False
TXN004234,INVOICE_SYSTEM,SUP0008,Orion Office Supplies,Office Supplies,Marketing,22960.8,INR,CTR0003,ON_CONTRACT,,2025-12-18,orion office supplies,False
TXN004244,INVOICE_SYSTEM,SUP0019,Lumen Creative,Marketing Services,Logistics,83585.71,INR,CTR0007,ON_CONTRACT,,2025-06-18,lumen creative,False
TXN004246,INVOICE_SYSTEM,SUP0005,Cloudspan Software,It Software & Licences,Human Resources,113146.64,INR,CTR0002,ON_CONTRACT,REQ00028,2025-04-01,cloudspan software,False
TXN004259,INVOICE_SYSTEM,SUP0022,Transcore Logistics,Logistics & Freight,Operations,41442.47,INR,CTR0008,ON_CONTRACT,,2026-02-11,transcore logistics,False
TXN004262,INVOICE_SYSTEM,SUP0016,Prime Facility Care,Facilities Maintenance,R&D,62996.42,INR,CTR0006,ON_CONTRACT,REQ00888,2025-11-18,prime facility care,False
TXN004263,INVOICE_SYSTEM,SUP0014,Skyroute Travel,Travel,Finance,42015.7,INR,CTR0005,ON_CONTRACT,REQ00680,2026-03-14,skyroute travel,False
TXN004266,INVOICE_SYSTEM,SUP0016,Prime Facility Care,Facilities Maintenance,Operations,36522.01,INR,CTR0006,ON_CONTRACT,REQ00800,2026-02-08,prime facility care,False
TXN004267,INVOICE_SYSTEM,SUP0012,Cobalt Consulting,Professional Services,R&D,176129.03,INR,,OFF_CONTRACT,,2026-03-18,cobalt consulting,False
TXN004269,INVOICE_SYSTEM,SUP0016,Prime Facility Care,Facilities Maintenance,Logistics,58823.4,INR,CTR0006,ON_CONTRACT,REQ00674,2025-04-24,prime facility care,False
TXN004271,INVOICE_SYSTEM,SUP0001,Nexa Technologies Pvt Ltd,It Hardware,Finance,125558.63,INR,CTR0001,ON_CONTRACT,REQ00176,2025-08-24,nexa technologies,False
TXN004275,INVOICE_SYSTEM,SUP0016,Prime Facility Care,Facilities Maintenance,Human Resources,46108.4,INR,CTR0006,ON_CONTRACT,REQ00435,2025-12-18,prime facility care,False
TXN004276,INVOICE_SYSTEM,SUP0016,Prime Facility Care,Facilities Maintenance,Facilities,44904.2,INR,CTR0006,ON_CONTRACT,REQ00847,2026-01-21,prime facility care,False
TXN004278,INVOICE_SYSTEM,SUP0001,Nexa Technologies Pvt Ltd,It Hardware,Marketing,77403.08,INR,CTR0001,ON_CONTRACT,,2025-11-01,nexa technologies,False
TXN004289,INVOICE_SYSTEM,SUP0011,Sterling Advisory,Professional Services,It,112550.98,INR,CTR0004,ON_CONTRACT,,2026-02-03,sterling advisory,False
TXN004291,INVOICE_SYSTEM,SUP0011,Sterling Advisory,Professional Services,It,153458.57,INR,CTR0004,ON_CONTRACT,REQ00861,2025-08-21,sterling advisory,False
TXN004299,INVOICE_SYSTEM,SUP0001,Nexa Technologies Pvt Ltd,It Hardware,Logistics,92079.58,INR,CTR0001,ON_CONTRACT,REQ00818,2025-04-25,nexa technologies,False
TXN004304,INVOICE_SYSTEM,SUP0014,Skyroute Travel,Travel,Human Resources,686611.66,INR,CTR0005,ON_CONTRACT,REQ00514,2025-06-20,skyroute travel,False
TXN004306,INVOICE_SYSTEM,SUP0011,Sterling Advisory,Professional Services,Logistics,56839.22,INR,CTR0004,ON_CONTRACT,REQ00752,2025-06-25,sterling advisory,False
TXN004308,INVOICE_SYSTEM,SUP0019,Lumen Creative,Marketing Services,Logistics,415748.5,INR,CTR0007,ON_CONTRACT,REQ00140,2025-11-05,lumen creative,False
TXN004314,INVOICE_SYSTEM,SUP0022,Transcore Logistics,Logistics & Freight,Logistics,84636.09,INR,CTR0008,ON_CONTRACT,REQ00652,2026-03-09,transcore logistics,False
TXN004316,INVOICE_SYSTEM,SUP0014,Skyroute Travel,Travel,It,22526.59,INR,CTR0005,ON_CONTRACT,,2025-06-18,skyroute travel,False
TXN004318,INVOICE_SYSTEM,SUP0012,Cobalt Consulting,Professional Services,Logistics,48459.96,INR,,OFF_CONTRACT,,2025-08-29,cobalt consulting,False
TXN004321,INVOICE_SYSTEM,SUP0014,Skyroute Travel,Travel,Human Resources,55612.91,INR,CTR0005,ON_CONTRACT,,2025-11-07,skyroute travel,False
TXN004326,INVOICE_SYSTEM,SUP0001,Nexa Technologies Pvt Ltd,It Hardware,It,172332.59,INR,CTR0001,ON_CONTRACT,,2025-08-02,nexa technologies,False
TXN004327,INVOICE_SYSTEM,SUP0022,Transcore Logistics,Logistics & Freight,Marketing,13831.49,INR,CTR0008,ON_CONTRACT,REQ00254,2025-09-30,transcore logistics,False
TXN004335,INVOICE_SYSTEM,SUP0017,GreenEdge Services,Facilities Maintenance,Operations,32857.11,INR,,OFF_CONTRACT,,2025-06-22,greenedge services,False
TXN004336,INVOICE_SYSTEM,SUP0016,Prime Facility Care,Facilities Maintenance,Finance,13273.92,INR,CTR0006,ON_CONTRACT,REQ00064,2025-11-19,prime facility care,False
TXN004338,INVOICE_SYSTEM,SUP0008,Orion Office Supplies,Office Supplies,Finance,22755.28,INR,CTR0003,ON_CONTRACT,REQ00728,2025-08-30,orion office supplies,False
TXN004339,INVOICE_SYSTEM,SUP0016,Prime Facility Care,Facilities Maintenance,It,32992.92,INR,CTR0006,ON_CONTRACT,,2026-03-07,prime facility care,False
TXN004342,INVOICE_SYSTEM,SUP0008,Orion Office Supplies,Office Supplies,Human Resources,3112.34,INR,CTR0003,ON_CONTRACT,,2025-08-25,orion office supplies,False
TXN004344,INVOICE_SYSTEM,SUP0014,Skyroute Travel,Travel,Facilities,75759.95,INR,CTR0005,ON_CONTRACT,,2025-04-20,skyroute travel,False
TXN004352,INVOICE_SYSTEM,SUP0011,Sterling Advisory,Professional Services,It,165698.23,INR,CTR0004,ON_CONTRACT,REQ00607,2025-09-04,sterling advisory,False
TXN004356,INVOICE_SYSTEM,SUP0011,Sterling Advisory,Professional Services,Operations,167068.8,INR,CTR0004,ON_CONTRACT,,2026-02-15,sterling advisory,False
TXN004357,INVOICE_SYSTEM,SUP0019,Lumen Creative,Marketing Services,Facilities,50868.27,INR,CTR0007,ON_CONTRACT,,2025-05-14,lumen creative,False
TXN004359,INVOICE_SYSTEM,SUP0014,Skyroute Travel,Travel,It,54871.83,INR,CTR0005,ON_CONTRACT,REQ00740,2025-07-15,skyroute travel,False
TXN004360,INVOICE_SYSTEM,SUP0008,Orion Office Supplies,Office Supplies,Operations,6251.28,INR,CTR0003,ON_CONTRACT,REQ00819,2025-08-13,orion office supplies,False
TXN004361,INVOICE_SYSTEM,SUP0016,Prime Facility Care,Facilities Maintenance,Facilities,13575.23,INR,CTR0006,ON_CONTRACT,REQ00532,2025-11-30,prime facility care,False
TXN004362,INVOICE_SYSTEM,SUP0019,Lumen Creative,Marketing Services,Logistics,104610.3,INR,CTR0007,ON_CONTRACT,REQ00770,2026-03-27,lumen creative,False
TXN004363,INVOICE_SYSTEM,SUP0008,Orion Office Supplies,Office Supplies,Logistics,19564.92,INR,CTR0003,ON_CONTRACT,REQ00078,2025-10-11,orion office supplies,False
TXN004365,INVOICE_SYSTEM,SUP0005,Cloudspan Software,It Software & Licences,It,38811.13,INR,CTR0002,ON_CONTRACT,REQ00707,2025-11-12,cloudspan software,False
TXN004366,INVOICE_SYSTEM,SUP0026,Nexa Tech Pvt Ltd,It Hardware,R&D,128310.91,INR,,NO_CONTRACT,,2025-07-15,nexa tech,False
TXN004367,INVOICE_SYSTEM,SUP0001,Nexa Technologies Pvt Ltd,It Hardware,It,37416.39,INR,CTR0001,ON_CONTRACT,REQ00609,2026-02-06,nexa technologies,False
TXN004383,INVOICE_SYSTEM,SUP0005,Cloudspan Software,It Software & Licences,Human Resources,75255.91,INR,CTR0002,ON_CONTRACT,,2025-10-07,cloudspan software,False
TXN004388,INVOICE_SYSTEM,SUP0011,Sterling Advisory,Professional Services,Operations,50225.92,INR,CTR0004,ON_CONTRACT,REQ00092,2025-08-15,sterling advisory,False
TXN004389,INVOICE_SYSTEM,SUP0001,Nexa Technologies Pvt Ltd,It Hardware,Human Resources,40191.19,INR,CTR0001,ON_CONTRACT,,2025-09-09,nexa technologies,False
TXN004392,INVOICE_SYSTEM,SUP0012,Cobalt Consulting,Professional Services,Logistics,153666.72,INR,,OFF_CONTRACT,,2026-03-18,cobalt consulting,False
TXN004394,INVOICE_SYSTEM,SUP0016,Prime Facility Care,Facilities Maintenance,Finance,12735.11,INR,CTR0006,ON_CONTRACT,,2026-02-18,prime facility care,False
TXN004395,INVOICE_SYSTEM,SUP0022,Transcore Logistics,Logistics & Freight,Operations,90515.58,INR,CTR0008,ON_CONTRACT,REQ00800,2026-02-04,transcore logistics,False
TXN004396,INVOICE_SYSTEM,SUP0005,Cloudspan Software,It Software & Licences,Finance,103427.36,INR,CTR0002,ON_CONTRACT,REQ00117,2025-05-06,cloudspan software,False
TXN004402,INVOICE_SYSTEM,SUP0023,FleetBridge Cargo,Logistics & Freight,Marketing,55040.62,INR,,OFF_CONTRACT,REQ00173,2025-12-13,fleetbridge cargo,False
TXN004407,INVOICE_SYSTEM,SUP0022,Transcore Logistics,Logistics & Freight,Marketing,90765.4,INR,CTR0008,ON_CONTRACT,,2026-02-13,transcore logistics,False
TXN004409,INVOICE_SYSTEM,SUP0026,Nexa Tech Pvt Ltd,It Hardware,Human Resources,84231.62,INR,,NO_CONTRACT,,2025-05-17,nexa tech,False
TXN004416,INVOICE_SYSTEM,SUP0007,Meridian Softworks,It Software & Licences,Operations,66412.63,INR,,NO_CONTRACT,REQ00591,2025-11-21,meridian softworks,False
TXN004420,INVOICE_SYSTEM,SUP0011,Sterling Advisory,Professional Services,Marketing,77187.27,INR,CTR0004,ON_CONTRACT,REQ00666,2026-01-10,sterling advisory,False
TXN004423,INVOICE_SYSTEM,SUP0013,Adept Partners,Professional Services,Logistics,165865.54,INR,,OFF_CONTRACT,REQ00315,2025-10-24,adept partners,False
TXN004424,INVOICE_SYSTEM,SUP0008,Orion Office Supplies,Office Supplies,Operations,18759.09,INR,CTR0003,ON_CONTRACT,,2025-11-28,orion office supplies,False
TXN004428,INVOICE_SYSTEM,SUP0001,Nexa Technologies Pvt Ltd,It Hardware,Operations,40029.68,INR,CTR0001,ON_CONTRACT,REQ00278,2026-01-30,nexa technologies,False
TXN004430,INVOICE_SYSTEM,SUP0019,Lumen Creative,Marketing Services,Human Resources,131651.97,INR,CTR0007,ON_CONTRACT,,2025-08-16,lumen creative,False
TXN004434,INVOICE_SYSTEM,SUP0011,Sterling Advisory,Professional Services,Marketing,233711.2,INR,CTR0004,ON_CONTRACT,REQ00448,2025-07-01,sterling advisory,False
TXN004435,INVOICE_SYSTEM,SUP0019,Lumen Creative,Marketing Services,It,30182.89,INR,CTR0007,ON_CONTRACT,REQ00866,2025-10-17,lumen creative,False
TXN004436,INVOICE_SYSTEM,SUP0014,Skyroute Travel,Travel,Finance,31009.27,INR,CTR0005,ON_CONTRACT,,2025-07-24,skyroute travel,False
TXN004437,INVOICE_SYSTEM,SUP0011,Sterling Advisory,Professional Services,It,113486.95,INR,CTR0004,ON_CONTRACT,,2025-11-23,sterling advisory,False
TXN004443,INVOICE_SYSTEM,SUP0011,Sterling Advisory,Professional Services,Operations,87178.05,INR,CTR0004,ON_CONTRACT,REQ00181,2025-07-05,sterling advisory,False
TXN004449,INVOICE_SYSTEM,SUP0005,Cloudspan Software,It Software & Licences,Finance,50090.23,INR,CTR0002,ON_CONTRACT,,2026-03-18,cloudspan software,False
TXN004451,INVOICE_SYSTEM,SUP0019,Lumen Creative,Marketing Services,Finance,78801.54,INR,CTR0007,ON_CONTRACT,REQ00746,2026-03-20,lumen creative,False
TXN004454,INVOICE_SYSTEM,SUP0011,Sterling Advisory,Professional Services,R&D,208874.77,INR,CTR0004,ON_CONTRACT,REQ00372,2026-02-10,sterling advisory,False
TXN004455,INVOICE_SYSTEM,SUP0011,Sterling Advisory,Professional Services,Operations,221948.87,INR,CTR0004,ON_CONTRACT,,2026-01-18,sterling advisory,False
TXN004460,INVOICE_SYSTEM,SUP0019,Lumen Creative,Marketing Services,R&D,96802.38,INR,CTR0007,ON_CONTRACT,,2025-07-24,lumen creative,False
TXN004467,INVOICE_SYSTEM,SUP0019,Lumen Creative,Marketing Services,Finance,38621.37,INR,CTR0007,ON_CONTRACT,REQ00482,2025-04-30,lumen creative,False
TXN004479,INVOICE_SYSTEM,SUP0011,Sterling Advisory,Professional Services,It,164693.93,INR,CTR0004,ON_CONTRACT,,2026-03-31,sterling advisory,False
TXN004480,INVOICE_SYSTEM,SUP0016,Prime Facility Care,Facilities Maintenance,It,44535.61,INR,CTR0006,ON_CONTRACT,,2025-10-17,prime facility care,False
TXN004481,INVOICE_SYSTEM,SUP0019,Lumen Creative,Marketing Services,Operations,42604.1,INR,CTR0007,ON_CONTRACT,REQ00819,2025-09-03,lumen creative,False
TXN004490,INVOICE_SYSTEM,SUP0005,Cloudspan Software,It Software & Licences,R&D,74208.76,INR,CTR0002,ON_CONTRACT,REQ00182,2025-05-30,cloudspan software,False
TXN004491,INVOICE_SYSTEM,SUP0016,Prime Facility Care,Facilities Maintenance,R&D,25669.75,INR,CTR0006,ON_CONTRACT,,2025-09-27,prime facility care,False
TXN004496,INVOICE_SYSTEM,SUP0016,Prime Facility Care,Facilities Maintenance,Facilities,46606.48,INR,CTR0006,ON_CONTRACT,,2026-01-12,prime facility care,False
TXN004497,INVOICE_SYSTEM,SUP0001,Nexa Technologies Pvt Ltd,It Hardware,Facilities,100667.54,INR,CTR0001,ON_CONTRACT,,2026-02-06,nexa technologies,False
TXN004502,INVOICE_SYSTEM,SUP0016,Prime Facility Care,Facilities Maintenance,Facilities,40822.47,INR,CTR0006,ON_CONTRACT,,2025-05-13,prime facility care,False
TXN004505,INVOICE_SYSTEM,SUP0022,Transcore Logistics,Logistics & Freight,Logistics,53187.86,INR,CTR0008,ON_CONTRACT,REQ00535,2026-01-10,transcore logistics,False
TXN004507,INVOICE_SYSTEM,SUP0009,Paperline Traders,Office Supplies,R&D,18895.99,INR,,OFF_CONTRACT,,2025-10-07,paperline traders,False
TXN004510,INVOICE_SYSTEM,SUP0013,Adept Partners,Professional Services,Operations,237709.59,INR,,OFF_CONTRACT,REQ00187,2025-09-14,adept partners,False
TXN004517,INVOICE_SYSTEM,SUP0005,Cloudspan Software,It Software & Licences,Operations,69744.59,INR,CTR0002,ON_CONTRACT,REQ00578,2025-09-14,cloudspan software,False
TXN004518,INVOICE_SYSTEM,SUP0014,Skyroute Travel,Travel,It,81519.12,INR,CTR0005,ON_CONTRACT,,2025-04-06,skyroute travel,False
TXN004524,INVOICE_SYSTEM,SUP0014,Skyroute Travel,Travel,Facilities,56949.51,INR,CTR0005,ON_CONTRACT,,2025-09-24,skyroute travel,False
TXN004526,INVOICE_SYSTEM,SUP0019,Lumen Creative,Marketing Services,R&D,80154.27,INR,CTR0007,ON_CONTRACT,,2025-09-11,lumen creative,False
TXN004527,INVOICE_SYSTEM,SUP0001,Nexa Technologies Pvt Ltd,It Hardware,R&D,837607.35,INR,CTR0001,ON_CONTRACT,REQ00826,2025-11-15,nexa technologies,False
TXN004528,INVOICE_SYSTEM,SUP0019,Lumen Creative,Marketing Services,R&D,147825.81,INR,CTR0007,ON_CONTRACT,REQ00737,2026-01-02,lumen creative,False
TXN004529,INVOICE_SYSTEM,SUP0019,Lumen Creative,Marketing Services,Human Resources,100097.21,INR,CTR0007,ON_CONTRACT,,2025-06-05,lumen creative,False
TXN004530,INVOICE_SYSTEM,SUP0015,Voyager Corporate Travel,Travel,R&D,22824.38,INR,,OFF_CONTRACT,REQ00048,2025-06-03,voyager corporate travel,False
TXN004543,INVOICE_SYSTEM,SUP0001,Nexa Technologies Pvt Ltd,It Hardware,R&D,58169.18,INR,CTR0001,ON_CONTRACT,,2025-06-15,nexa technologies,False
TXN004547,INVOICE_SYSTEM,SUP0015,Voyager Corporate Travel,Travel,R&D,9136.7,INR,,OFF_CONTRACT,REQ00720,2025-09-01,voyager corporate travel,False
TXN004548,INVOICE_SYSTEM,SUP0008,Orion Office Supplies,Office Supplies,Logistics,16935.71,INR,CTR0003,ON_CONTRACT,,2025-06-16,orion office supplies,False
TXN004553,INVOICE_SYSTEM,SUP0008,Orion Office Supplies,Office Supplies,Human Resources,5537.03,INR,CTR0003,ON_CONTRACT,REQ00714,2025-12-13,orion office supplies,False
TXN004558,INVOICE_SYSTEM,SUP0008,Orion Office Supplies,Office Supplies,R&D,17618.53,INR,CTR0003,ON_CONTRACT,,2025-09-28,orion office supplies,False
TXN004559,INVOICE_SYSTEM,SUP0022,Transcore Logistics,Logistics & Freight,Operations,89334.45,INR,CTR0008,ON_CONTRACT,REQ00815,2026-02-08,transcore logistics,False
TXN004562,INVOICE_SYSTEM,SUP0001,Nexa Technologies Pvt Ltd,It Hardware,Operations,69519.29,INR,CTR0001,ON_CONTRACT,,2025-09-02,nexa technologies,False
TXN004567,INVOICE_SYSTEM,SUP0022,Transcore Logistics,Logistics & Freight,Marketing,33263.9,INR,CTR0008,ON_CONTRACT,REQ00296,2026-01-24,transcore logistics,False
TXN004570,INVOICE_SYSTEM,SUP0007,Meridian Softworks,It Software & Licences,Operations,105206.73,INR,,NO_CONTRACT,,2026-01-10,meridian softworks,False
TXN004574,INVOICE_SYSTEM,SUP0008,Orion Office Supplies,Office Supplies,Operations,19434.93,INR,CTR0003,ON_CONTRACT,,2025-12-14,orion office supplies,False
TXN004576,INVOICE_SYSTEM,SUP0019,Lumen Creative,Marketing Services,Operations,63763.72,INR,CTR0007,ON_CONTRACT,REQ00012,2025-09-01,lumen creative,False
TXN004577,INVOICE_SYSTEM,SUP0016,Prime Facility Care,Facilities Maintenance,R&D,34640.96,INR,CTR0006,ON_CONTRACT,,2026-03-06,prime facility care,False
TXN004581,INVOICE_SYSTEM,SUP0016,Prime Facility Care,Facilities Maintenance,Marketing,66072.63,INR,CTR0006,ON_CONTRACT,REQ00894,2025-10-17,prime facility care,False
TXN004583,INVOICE_SYSTEM,SUP0019,Lumen Creative,Marketing Services,Facilities,129464.73,INR,CTR0007,ON_CONTRACT,REQ00421,2025-09-21,lumen creative,False
TXN004584,INVOICE_SYSTEM,SUP0018,Urban Upkeep,Facilities Maintenance,Finance,55951.52,INR,,OFF_CONTRACT,,2025-08-11,urban upkeep,False
TXN004588,INVOICE_SYSTEM,SUP0005,Cloudspan Software,It Software & Licences,Facilities,28725.32,INR,CTR0002,ON_CONTRACT,REQ00610,2025-05-08,cloudspan software,False
TXN004589,INVOICE_SYSTEM,SUP0016,Prime Facility Care,Facilities Maintenance,It,50302.53,INR,CTR0006,ON_CONTRACT,,2026-03-01,prime facility care,False
TXN004590,INVOICE_SYSTEM,SUP0014,Skyroute Travel,Travel,Marketing,67803.4,INR,CTR0005,ON_CONTRACT,REQ00623,2026-02-05,skyroute travel,False
TXN004594,INVOICE_SYSTEM,SUP0001,Nexa Technologies Pvt Ltd,It Hardware,R&D,73389.41,INR,CTR0001,ON_CONTRACT,REQ00394,2025-08-07,nexa technologies,False
TXN004597,INVOICE_SYSTEM,SUP0019,Lumen Creative,Marketing Services,Operations,124330.06,INR,CTR0007,ON_CONTRACT,REQ00443,2025-09-04,lumen creative,False
TXN004600,INVOICE_SYSTEM,SUP0011,Sterling Advisory,Professional Services,Logistics,96523.93,INR,CTR0004,ON_CONTRACT,REQ00119,2026-03-15,sterling advisory,False
TXN004602,INVOICE_SYSTEM,SUP0019,Lumen Creative,Marketing Services,R&D,129674.21,INR,CTR0007,ON_CONTRACT,REQ00417,2025-12-17,lumen creative,False
TXN004603,INVOICE_SYSTEM,SUP0019,Lumen Creative,Marketing Services,Finance,147295.38,INR,CTR0007,ON_CONTRACT,,2025-11-29,lumen creative,False
TXN004605,INVOICE_SYSTEM,SUP0014,Skyroute Travel,Travel,R&D,69604.87,INR,CTR0005,ON_CONTRACT,REQ00509,2025-04-27,skyroute travel,False
TXN004613,INVOICE_SYSTEM,SUP0014,Skyroute Travel,Travel,Logistics,47866.24,INR,CTR0005,ON_CONTRACT,REQ00384,2025-07-27,skyroute travel,False
TXN004620,INVOICE_SYSTEM,SUP0014,Skyroute Travel,Travel,R&D,78413.25,INR,CTR0005,ON_CONTRACT,,2025-04-20,skyroute travel,False
TXN004621,INVOICE_SYSTEM,SUP0011,Sterling Advisory,Professional Services,Marketing,220018.5,INR,CTR0004,ON_CONTRACT,,2025-07-10,sterling advisory,False
TXN004624,INVOICE_SYSTEM,SUP0019,Lumen Creative,Marketing Services,Facilities,116645.2,INR,CTR0007,ON_CONTRACT,,2026-01-31,lumen creative,False
TXN004629,INVOICE_SYSTEM,SUP0016,Prime Facility Care,Facilities Maintenance,Marketing,48743.5,INR,CTR0006,ON_CONTRACT,REQ00191,2025-11-26,prime facility care,False
TXN004631,INVOICE_SYSTEM,SUP0022,Transcore Logistics,Logistics & Freight,Facilities,21956.09,INR,CTR0008,ON_CONTRACT,,2026-02-02,transcore logistics,False
TXN004637,INVOICE_SYSTEM,SUP0022,Transcore Logistics,Logistics & Freight,Human Resources,39292.28,INR,CTR0008,ON_CONTRACT,REQ00749,2025-08-16,transcore logistics,False
TXN004641,INVOICE_SYSTEM,SUP0012,Cobalt Consulting,Professional Services,Human Resources,238607.44,INR,,OFF_CONTRACT,REQ00085,2025-11-06,cobalt consulting,False
TXN004644,INVOICE_SYSTEM,SUP0001,Nexa Technologies Pvt Ltd,It Hardware,R&D,45411.47,INR,CTR0001,ON_CONTRACT,REQ00731,2025-09-23,nexa technologies,False
TXN004647,INVOICE_SYSTEM,SUP0010,Kanban Stationers,Office Supplies,R&D,17587.63,INR,,OFF_CONTRACT,REQ00004,2025-08-04,kanban stationers,False
TXN004651,INVOICE_SYSTEM,SUP0008,Orion Office Supplies,Office Supplies,R&D,3233.6,INR,CTR0003,ON_CONTRACT,,2025-06-04,orion office supplies,False
TXN004652,INVOICE_SYSTEM,SUP0001,Nexa Technologies Pvt Ltd,It Hardware,It,136207.07,INR,CTR0001,ON_CONTRACT,,2025-04-29,nexa technologies,False
TXN004655,INVOICE_SYSTEM,SUP0016,Prime Facility Care,Facilities Maintenance,Finance,33003.83,INR,CTR0006,ON_CONTRACT,,2025-12-31,prime facility care,False
TXN004656,INVOICE_SYSTEM,SUP0008,Orion Office Supplies,Office Supplies,Operations,5870.41,INR,CTR0003,ON_CONTRACT,,2025-06-10,orion office supplies,False
TXN004659,INVOICE_SYSTEM,SUP0001,Nexa Technologies Pvt Ltd,It Hardware,Facilities,54325.35,INR,CTR0001,ON_CONTRACT,,2026-02-12,nexa technologies,False
TXN004675,INVOICE_SYSTEM,SUP0016,Prime Facility Care,Facilities Maintenance,Finance,34466.68,INR,CTR0006,ON_CONTRACT,REQ00345,2025-10-04,prime facility care,False
TXN004677,INVOICE_SYSTEM,SUP0022,Transcore Logistics,Logistics & Freight,R&D,15917.33,INR,CTR0008,ON_CONTRACT,REQ00056,2026-01-12,transcore logistics,False
TXN004678,INVOICE_SYSTEM,SUP0017,GreenEdge Services,Facilities Maintenance,Facilities,67685.0,INR,,OFF_CONTRACT,REQ00428,2025-04-27,greenedge services,False
TXN004680,INVOICE_SYSTEM,SUP0022,Transcore Logistics,Logistics & Freight,Facilities,64404.21,INR,CTR0008,ON_CONTRACT,,2026-01-22,transcore logistics,False
TXN004694,INVOICE_SYSTEM,SUP0022,Transcore Logistics,Logistics & Freight,Human Resources,55205.14,INR,CTR0008,ON_CONTRACT,,2025-06-26,transcore logistics,False
TXN004698,INVOICE_SYSTEM,SUP0021,Pulse Marketing Co,Marketing Services,R&D,91086.1,INR,,OFF_CONTRACT,REQ00604,2025-10-16,pulse marketing,False
TXN004699,INVOICE_SYSTEM,SUP0019,Lumen Creative,Marketing Services,Facilities,39372.02,INR,CTR0007,ON_CONTRACT,,2025-06-02,lumen creative,False
TXN004700,INVOICE_SYSTEM,SUP0028,ORION OFFICE SUPPLIES,Office Supplies,Marketing,24603.01,INR,,OFF_CONTRACT,REQ00791,2026-02-27,orion office supplies,False
TXN004705,INVOICE_SYSTEM,SUP0019,Lumen Creative,Marketing Services,Finance,78120.39,INR,CTR0007,ON_CONTRACT,,2025-11-17,lumen creative,False
TXN004710,INVOICE_SYSTEM,SUP0019,Lumen Creative,Marketing Services,Human Resources,110824.6,INR,CTR0007,ON_CONTRACT,REQ00063,2025-08-28,lumen creative,False
TXN004719,INVOICE_SYSTEM,SUP0014,Skyroute Travel,Travel,Human Resources,43691.51,INR,CTR0005,ON_CONTRACT,,2025-10-26,skyroute travel,False
TXN004722,INVOICE_SYSTEM,SUP0018,Urban Upkeep,Facilities Maintenance,It,13283.96,INR,,OFF_CONTRACT,REQ00889,2025-04-04,urban upkeep,False
TXN004723,INVOICE_SYSTEM,SUP0022,Transcore Logistics,Logistics & Freight,Finance,28952.09,INR,CTR0008,ON_CONTRACT,REQ00042,2025-11-06,transcore logistics,False
TXN004724,INVOICE_SYSTEM,SUP0005,Cloudspan Software,It Software & Licences,Marketing,58962.99,INR,CTR0002,ON_CONTRACT,REQ00563,2026-01-26,cloudspan software,False
TXN004725,INVOICE_SYSTEM,SUP0022,Transcore Logistics,Logistics & Freight,Operations,30229.7,INR,CTR0008,ON_CONTRACT,,2025-05-27,transcore logistics,False
TXN004726,INVOICE_SYSTEM,SUP0014,Skyroute Travel,Travel,Marketing,8018.62,INR,CTR0005,ON_CONTRACT,REQ00252,2025-05-13,skyroute travel,False
TXN004731,INVOICE_SYSTEM,SUP0011,Sterling Advisory,Professional Services,It,65276.35,INR,CTR0004,ON_CONTRACT,REQ00742,2025-09-08,sterling advisory,False
TXN004732,INVOICE_SYSTEM,SUP0005,Cloudspan Software,It Software & Licences,Finance,22098.5,INR,CTR0002,ON_CONTRACT,,2026-03-17,cloudspan software,False
TXN004736,INVOICE_SYSTEM,SUP0011,Sterling Advisory,Professional Services,Human Resources,65019.54,INR,CTR0004,ON_CONTRACT,REQ00752,2026-01-24,sterling advisory,False
TXN004738,INVOICE_SYSTEM,SUP0014,Skyroute Travel,Travel,Operations,36604.22,INR,CTR0005,ON_CONTRACT,REQ00278,2025-06-30,skyroute travel,False
TXN004743,INVOICE_SYSTEM,SUP0011,Sterling Advisory,Professional Services,It,47473.95,INR,CTR0004,ON_CONTRACT,REQ00726,2025-10-06,sterling advisory,False
TXN004751,INVOICE_SYSTEM,SUP0007,Meridian Softworks,It Software & Licences,Operations,50830.67,INR,,NO_CONTRACT,REQ00667,2025-05-08,meridian softworks,False
TXN004752,INVOICE_SYSTEM,SUP0022,Transcore Logistics,Logistics & Freight,R&D,48867.22,INR,CTR0008,ON_CONTRACT,REQ00512,2025-04-15,transcore logistics,False
TXN004769,INVOICE_SYSTEM,SUP0018,Urban Upkeep,Facilities Maintenance,Finance,52382.32,INR,,OFF_CONTRACT,,2025-09-05,urban upkeep,False
TXN004781,INVOICE_SYSTEM,SUP0001,Nexa Technologies Pvt Ltd,It Hardware,Logistics,35568.93,INR,CTR0001,ON_CONTRACT,,2026-01-14,nexa technologies,False
TXN004786,INVOICE_SYSTEM,SUP0022,Transcore Logistics,Logistics & Freight,Marketing,43279.95,INR,CTR0008,ON_CONTRACT,,2025-08-10,transcore logistics,False
TXN004790,INVOICE_SYSTEM,SUP0001,Nexa Technologies Pvt Ltd,It Hardware,Logistics,76174.17,INR,CTR0001,ON_CONTRACT,REQ00198,2025-09-26,nexa technologies,False
TXN004792,INVOICE_SYSTEM,SUP0019,Lumen Creative,Marketing Services,Facilities,153476.4,INR,CTR0007,ON_CONTRACT,REQ00160,2026-02-16,lumen creative,False
TXN004793,INVOICE_SYSTEM,SUP0011,Sterling Advisory,Professional Services,Finance,52647.66,INR,CTR0004,ON_CONTRACT,REQ00315,2025-12-14,sterling advisory,False
TXN004797,INVOICE_SYSTEM,SUP0016,Prime Facility Care,Facilities Maintenance,It,19857.21,INR,CTR0006,ON_CONTRACT,,2025-06-03,prime facility care,False
TXN004802,INVOICE_SYSTEM,SUP0019,Lumen Creative,Marketing Services,Facilities,29874.99,INR,CTR0007,ON_CONTRACT,REQ00592,2025-10-01,lumen creative,False
TXN004806,INVOICE_SYSTEM,SUP0019,Lumen Creative,Marketing Services,Finance,96248.32,INR,CTR0007,ON_CONTRACT,REQ00197,2025-07-21,lumen creative,False
TXN004810,INVOICE_SYSTEM,SUP0008,Orion Office Supplies,Office Supplies,Facilities,21771.84,INR,CTR0003,ON_CONTRACT,,2025-05-23,orion office supplies,False
TXN004825,INVOICE_SYSTEM,SUP0019,Lumen Creative,Marketing Services,Operations,96237.75,INR,CTR0007,ON_CONTRACT,,2026-02-19,lumen creative,False
TXN004826,INVOICE_SYSTEM,SUP0022,Transcore Logistics,Logistics & Freight,R&D,25270.02,INR,CTR0008,ON_CONTRACT,,2025-11-27,transcore logistics,False
TXN004832,INVOICE_SYSTEM,SUP0021,Pulse Marketing Co,Marketing Services,Operations,123525.69,INR,,OFF_CONTRACT,,2025-12-05,pulse marketing,False
TXN004836,INVOICE_SYSTEM,SUP0014,Skyroute Travel,Travel,Finance,15170.61,INR,CTR0005,ON_CONTRACT,,2025-11-20,skyroute travel,False
TXN004842,INVOICE_SYSTEM,SUP0016,Prime Facility Care,Facilities Maintenance,Human Resources,67217.96,INR,CTR0006,ON_CONTRACT,,2025-10-01,prime facility care,False
TXN004843,INVOICE_SYSTEM,SUP0014,Skyroute Travel,Travel,Finance,36890.82,INR,CTR0005,ON_CONTRACT,REQ00201,2025-07-06,skyroute travel,False
TXN004849,INVOICE_SYSTEM,SUP0002,Zenith Computing,It Hardware,Marketing,143344.96,INR,,NO_CONTRACT,REQ00846,2026-01-05,zenith computing,False
TXN004851,INVOICE_SYSTEM,SUP0011,Sterling Advisory,Professional Services,Logistics,246064.09,INR,CTR0004,ON_CONTRACT,,2025-09-11,sterling advisory,False
TXN004853,INVOICE_SYSTEM,SUP0019,Lumen Creative,Marketing Services,Operations,128532.84,INR,CTR0007,ON_CONTRACT,REQ00314,2026-02-05,lumen creative,False
TXN004854,INVOICE_SYSTEM,SUP0011,Sterling Advisory,Professional Services,It,111944.13,INR,CTR0004,ON_CONTRACT,,2025-12-14,sterling advisory,False
TXN004862,INVOICE_SYSTEM,SUP0011,Sterling Advisory,Professional Services,Human Resources,209736.32,INR,CTR0004,ON_CONTRACT,REQ00319,2026-03-07,sterling advisory,False
TXN004867,INVOICE_SYSTEM,SUP0016,Prime Facility Care,Facilities Maintenance,Logistics,31357.47,INR,CTR0006,ON_CONTRACT,REQ00088,2025-12-07,prime facility care,False
TXN004871,INVOICE_SYSTEM,SUP0022,Transcore Logistics,Logistics & Freight,It,43716.25,INR,CTR0008,ON_CONTRACT,REQ00488,2025-07-25,transcore logistics,False
TXN004874,INVOICE_SYSTEM,SUP0001,Nexa Technologies Pvt Ltd,It Hardware,R&D,61809.91,INR,CTR0001,ON_CONTRACT,,2026-03-13,nexa technologies,False
TXN004882,INVOICE_SYSTEM,SUP0016,Prime Facility Care,Facilities Maintenance,It,38142.44,INR,CTR0006,ON_CONTRACT,REQ00529,2026-03-29,prime facility care,False
TXN004884,INVOICE_SYSTEM,SUP0004,Arcadia IT Traders,It Hardware,It,52924.59,INR,,NO_CONTRACT,,2025-04-12,arcadia it traders,False
TXN004885,INVOICE_SYSTEM,SUP0014,Skyroute Travel,Travel,Facilities,17008.78,INR,CTR0005,ON_CONTRACT,,2025-08-30,skyroute travel,False
TXN004887,INVOICE_SYSTEM,SUP0005,Cloudspan Software,It Software & Licences,Human Resources,51007.61,INR,CTR0002,ON_CONTRACT,,2025-10-27,cloudspan software,False
TXN004889,INVOICE_SYSTEM,SUP0014,Skyroute Travel,Travel,Logistics,10078.59,INR,CTR0005,ON_CONTRACT,REQ00265,2026-01-14,skyroute travel,False
TXN004893,INVOICE_SYSTEM,SUP0019,Lumen Creative,Marketing Services,Logistics,105373.79,INR,CTR0007,ON_CONTRACT,,2025-08-10,lumen creative,False
TXN004894,INVOICE_SYSTEM,SUP0025,NEXA TECHNOLOGIES PVT. LTD.,It Hardware,Human Resources,62324.59,INR,,NO_CONTRACT,,2025-07-26,nexa technologies,False
TXN004898,INVOICE_SYSTEM,SUP0015,Voyager Corporate Travel,Travel,Facilities,32434.13,INR,,OFF_CONTRACT,REQ00128,2025-06-25,voyager corporate travel,False
TXN004901,INVOICE_SYSTEM,SUP0022,Transcore Logistics,Logistics & Freight,Finance,12501.9,INR,CTR0008,ON_CONTRACT,REQ00142,2025-09-09,transcore logistics,False
TXN004905,INVOICE_SYSTEM,SUP0003,BluePeak Systems,It Hardware,Marketing,168539.23,INR,,NO_CONTRACT,REQ00692,2025-09-06,bluepeak systems,False
TXN004906,INVOICE_SYSTEM,SUP0014,Skyroute Travel,Travel,Logistics,21258.95,INR,CTR0005,ON_CONTRACT,,2025-08-04,skyroute travel,False
TXN004908,INVOICE_SYSTEM,SUP0005,Cloudspan Software,It Software & Licences,Finance,36608.41,INR,CTR0002,ON_CONTRACT,,2026-02-13,cloudspan software,False
TXN004910,INVOICE_SYSTEM,SUP0016,Prime Facility Care,Facilities Maintenance,Finance,42800.64,INR,CTR0006,ON_CONTRACT,REQ00158,2025-10-23,prime facility care,False
TXN004913,INVOICE_SYSTEM,SUP0001,Nexa Technologies Pvt Ltd,It Hardware,Finance,107856.68,INR,CTR0001,ON_CONTRACT,,2025-06-27,nexa technologies,False
TXN004914,INVOICE_SYSTEM,SUP0001,Nexa Technologies Pvt Ltd,It Hardware,Logistics,55295.99,INR,CTR0001,ON_CONTRACT,REQ00894,2025-12-11,nexa technologies,False
TXN004915,INVOICE_SYSTEM,SUP0005,Cloudspan Software,It Software & Licences,Logistics,32454.08,INR,CTR0002,ON_CONTRACT,,2025-10-02,cloudspan software,False
TXN004916,INVOICE_SYSTEM,SUP0015,Voyager Corporate Travel,Travel,Finance,83152.11,INR,,OFF_CONTRACT,REQ00721,2026-03-26,voyager corporate travel,False
TXN004921,INVOICE_SYSTEM,SUP0022,Transcore Logistics,Logistics & Freight,Finance,91021.18,INR,CTR0008,ON_CONTRACT,,2025-08-27,transcore logistics,False
TXN004923,INVOICE_SYSTEM,SUP0001,Nexa Technologies Pvt Ltd,It Hardware,Human Resources,117601.53,INR,CTR0001,ON_CONTRACT,,2025-09-29,nexa technologies,False
TXN004932,INVOICE_SYSTEM,SUP0014,Skyroute Travel,Travel,Marketing,36054.87,INR,CTR0005,ON_CONTRACT,REQ00110,2025-12-27,skyroute travel,False
TXN004937,INVOICE_SYSTEM,SUP0001,Nexa Technologies Pvt Ltd,It Hardware,Marketing,165980.01,INR,CTR0001,ON_CONTRACT,REQ00618,2025-06-22,nexa technologies,False
TXN004939,INVOICE_SYSTEM,SUP0008,Orion Office Supplies,Office Supplies,R&D,19530.02,INR,CTR0003,ON_CONTRACT,REQ00814,2025-08-18,orion office supplies,False
TXN004941,INVOICE_SYSTEM,SUP0022,Transcore Logistics,Logistics & Freight,Logistics,40373.47,INR,CTR0008,ON_CONTRACT,REQ00222,2026-02-06,transcore logistics,False
TXN004944,INVOICE_SYSTEM,SUP0015,Voyager Corporate Travel,Travel,R&D,37786.94,INR,,OFF_CONTRACT,,2025-09-23,voyager corporate travel,False
TXN004948,INVOICE_SYSTEM,SUP0011,Sterling Advisory,Professional Services,Operations,195741.73,INR,CTR0004,ON_CONTRACT,REQ00134,2026-02-08,sterling advisory,False
TXN004949,INVOICE_SYSTEM,SUP0023,FleetBridge Cargo,Logistics & Freight,Human Resources,78823.08,INR,,OFF_CONTRACT,REQ00053,2025-06-21,fleetbridge cargo,False
TXN004950,INVOICE_SYSTEM,SUP0022,Transcore Logistics,Logistics & Freight,It,82138.29,INR,CTR0008,ON_CONTRACT,REQ00422,2026-01-04,transcore logistics,False
TXN004962,INVOICE_SYSTEM,SUP0008,Orion Office Supplies,Office Supplies,Operations,6693.48,INR,CTR0003,ON_CONTRACT,,2025-08-17,orion office supplies,False
TXN004963,INVOICE_SYSTEM,SUP0018,Urban Upkeep,Facilities Maintenance,Human Resources,27514.67,INR,,OFF_CONTRACT,,2025-06-14,urban upkeep,False
TXN004970,INVOICE_SYSTEM,SUP0010,Kanban Stationers,Office Supplies,Logistics,11823.42,INR,,OFF_CONTRACT,REQ00277,2025-11-12,kanban stationers,False
TXN004972,INVOICE_SYSTEM,SUP0022,Transcore Logistics,Logistics & Freight,Marketing,86530.28,INR,CTR0008,ON_CONTRACT,,2026-03-23,transcore logistics,False
TXN004979,INVOICE_SYSTEM,SUP0001,Nexa Technologies Pvt Ltd,It Hardware,Facilities,25146.23,INR,CTR0001,ON_CONTRACT,,2025-08-04,nexa technologies,False
TXN004981,INVOICE_SYSTEM,SUP0023,FleetBridge Cargo,Logistics & Freight,It,93114.56,INR,,OFF_CONTRACT,,2025-04-23,fleetbridge cargo,False
TXN004983,INVOICE_SYSTEM,SUP0011,Sterling Advisory,Professional Services,Human Resources,179295.25,INR,CTR0004,ON_CONTRACT,,2025-05-11,sterling advisory,False
TXN004985,INVOICE_SYSTEM,SUP0019,Lumen Creative,Marketing Services,Logistics,97092.46,INR,CTR0007,ON_CONTRACT,REQ00896,2025-05-11,lumen creative,False
TXN004993,INVOICE_SYSTEM,SUP0019,Lumen Creative,Marketing Services,Facilities,67829.76,INR,CTR0007,ON_CONTRACT,REQ00848,2026-03-08,lumen creative,False
TXN004994,INVOICE_SYSTEM,SUP0014,Skyroute Travel,Travel,R&D,61174.09,INR,CTR0005,ON_CONTRACT,REQ00304,2025-09-09,skyroute travel,False
TXN004995,INVOICE_SYSTEM,SUP0019,Lumen Creative,Marketing Services,Facilities,29581.7,INR,CTR0007,ON_CONTRACT,,2025-10-23,lumen creative,True
TXN005004,INVOICE_SYSTEM,SUP0008,Orion Office Supplies,Office Supplies,R&D,9820.1,INR,CTR0003,ON_CONTRACT,REQ00039,2025-08-04,orion office supplies,False
TXN005012,INVOICE_SYSTEM,SUP0017,GreenEdge Services,Facilities Maintenance,R&D,52396.25,INR,,OFF_CONTRACT,,2025-08-05,greenedge services,False
TXN005014,INVOICE_SYSTEM,SUP0022,Transcore Logistics,Logistics & Freight,Finance,64731.84,INR,CTR0008,ON_CONTRACT,,2025-10-16,transcore logistics,False
TXN005019,INVOICE_SYSTEM,SUP0008,Orion Office Supplies,Office Supplies,Logistics,14874.13,INR,CTR0003,ON_CONTRACT,,2026-02-05,orion office supplies,False
TXN005020,INVOICE_SYSTEM,SUP0001,Nexa Technologies Pvt Ltd,It Hardware,Finance,157979.91,INR,CTR0001,ON_CONTRACT,,2026-03-13,nexa technologies,False
TXN005027,INVOICE_SYSTEM,SUP0018,Urban Upkeep,Facilities Maintenance,Human Resources,25534.26,INR,,OFF_CONTRACT,REQ00281,2025-06-21,urban upkeep,False
TXN005030,INVOICE_SYSTEM,SUP0008,Orion Office Supplies,Office Supplies,Logistics,4789.97,INR,CTR0003,ON_CONTRACT,REQ00272,2025-08-17,orion office supplies,False
TXN005031,INVOICE_SYSTEM,SUP0001,Nexa Technologies Pvt Ltd,It Hardware,Facilities,71930.14,INR,CTR0001,ON_CONTRACT,REQ00635,2025-04-07,nexa technologies,False
TXN005034,INVOICE_SYSTEM,SUP0022,Transcore Logistics,Logistics & Freight,Finance,61848.41,INR,CTR0008,ON_CONTRACT,REQ00571,2025-05-25,transcore logistics,False
TXN005036,INVOICE_SYSTEM,SUP0011,Sterling Advisory,Professional Services,Marketing,119744.86,INR,CTR0004,ON_CONTRACT,,2025-07-01,sterling advisory,False
TXN005037,INVOICE_SYSTEM,SUP0022,Transcore Logistics,Logistics & Freight,Facilities,63227.12,INR,CTR0008,ON_CONTRACT,REQ00658,2025-05-21,transcore logistics,False
TXN005041,INVOICE_SYSTEM,SUP0016,Prime Facility Care,Facilities Maintenance,Human Resources,55732.72,INR,CTR0006,ON_CONTRACT,,2025-05-14,prime facility care,False
TXN005043,INVOICE_SYSTEM,SUP0001,Nexa Technologies Pvt Ltd,It Hardware,Operations,54763.62,INR,CTR0001,ON_CONTRACT,REQ00898,2025-07-20,nexa technologies,False
TXN005050,INVOICE_SYSTEM,SUP0019,Lumen Creative,Marketing Services,Finance,92703.78,INR,CTR0007,ON_CONTRACT,REQ00882,2025-11-04,lumen creative,False
TXN005055,INVOICE_SYSTEM,SUP0022,Transcore Logistics,Logistics & Freight,Facilities,48208.42,INR,CTR0008,ON_CONTRACT,,2025-12-20,transcore logistics,False
TXN005066,INVOICE_SYSTEM,SUP0014,Skyroute Travel,Travel,Finance,11010.46,INR,CTR0005,ON_CONTRACT,REQ00056,2026-01-05,skyroute travel,False
TXN005072,INVOICE_SYSTEM,SUP0008,Orion Office Supplies,Office Supplies,R&D,19035.26,INR,CTR0003,ON_CONTRACT,REQ00769,2025-06-14,orion office supplies,False
TXN005076,INVOICE_SYSTEM,SUP0016,Prime Facility Care,Facilities Maintenance,R&D,41080.63,INR,CTR0006,ON_CONTRACT,REQ00050,2025-10-11,prime facility care,False
TXN005077,INVOICE_SYSTEM,SUP0019,Lumen Creative,Marketing Services,R&D,105986.07,INR,CTR0007,ON_CONTRACT,,2025-12-23,lumen creative,False
TXN005079,INVOICE_SYSTEM,SUP0025,NEXA TECHNOLOGIES PVT. LTD.,Uncategorised,Finance,99942.2,INR,,NO_CONTRACT,REQ00438,2026-02-13,nexa technologies,False
TXN005092,INVOICE_SYSTEM,SUP0022,Transcore Logistics,Logistics & Freight,Finance,16377.75,INR,CTR0008,ON_CONTRACT,REQ00505,2025-09-03,transcore logistics,False
TXN005097,INVOICE_SYSTEM,SUP0001,Nexa Technologies Pvt Ltd,It Hardware,Operations,155818.99,INR,CTR0001,ON_CONTRACT,REQ00715,2025-05-09,nexa technologies,False
TXN005100,INVOICE_SYSTEM,SUP0014,Skyroute Travel,Travel,Operations,11273.65,INR,CTR0005,ON_CONTRACT,REQ00396,2025-12-09,skyroute travel,False
TXN005101,INVOICE_SYSTEM,SUP0001,Nexa Technologies Pvt Ltd,It Hardware,R&D,94607.17,INR,CTR0001,ON_CONTRACT,REQ00114,2025-05-28,nexa technologies,False
TXN005102,INVOICE_SYSTEM,SUP0020,BrightArc Media,Marketing Services,R&D,100865.83,INR,,OFF_CONTRACT,,2026-02-01,brightarc media,False
TXN005108,INVOICE_SYSTEM,SUP0022,Transcore Logistics,Logistics & Freight,Human Resources,20258.06,INR,CTR0008,ON_CONTRACT,REQ00625,2025-12-08,transcore logistics,False
TXN005113,INVOICE_SYSTEM,SUP0005,Cloudspan Software,It Software & Licences,Human Resources,78083.18,INR,CTR0002,ON_CONTRACT,REQ00201,2025-10-14,cloudspan software,False
TXN005115,INVOICE_SYSTEM,SUP0022,Transcore Logistics,Logistics & Freight,Logistics,35672.08,INR,CTR0008,ON_CONTRACT,,2025-05-16,transcore logistics,False
TXN005118,INVOICE_SYSTEM,SUP0010,Kanban Stationers,Office Supplies,Logistics,13086.4,INR,,OFF_CONTRACT,,2026-02-04,kanban stationers,False
TXN005120,INVOICE_SYSTEM,SUP0005,Cloudspan Software,It Software & Licences,Facilities,44601.43,INR,CTR0002,ON_CONTRACT,,2025-08-19,cloudspan software,False
TXN005130,INVOICE_SYSTEM,SUP0001,Nexa Technologies Pvt Ltd,It Hardware,It,157067.5,INR,CTR0001,ON_CONTRACT,,2026-02-08,nexa technologies,False
TXN005133,INVOICE_SYSTEM,SUP0011,Sterling Advisory,Professional Services,Finance,60911.74,INR,CTR0004,ON_CONTRACT,REQ00246,2026-02-03,sterling advisory,False
TXN005135,INVOICE_SYSTEM,SUP0022,Transcore Logistics,Logistics & Freight,Operations,91985.87,INR,CTR0008,ON_CONTRACT,,2025-09-07,transcore logistics,False
TXN005140,INVOICE_SYSTEM,SUP0014,Skyroute Travel,Travel,Facilities,84470.47,INR,CTR0005,ON_CONTRACT,,2026-03-01,skyroute travel,False
TXN005141,INVOICE_SYSTEM,SUP0014,Skyroute Travel,Travel,Marketing,55204.55,INR,CTR0005,ON_CONTRACT,REQ00108,2025-11-26,skyroute travel,False
TXN005147,INVOICE_SYSTEM,SUP0016,Prime Facility Care,Facilities Maintenance,Logistics,48920.98,INR,CTR0006,ON_CONTRACT,REQ00661,2026-01-17,prime facility care,False
TXN005148,INVOICE_SYSTEM,SUP0005,Cloudspan Software,It Software & Licences,It,109421.14,INR,CTR0002,ON_CONTRACT,REQ00829,2025-06-01,cloudspan software,False
TXN005149,INVOICE_SYSTEM,SUP0014,Skyroute Travel,Travel,Facilities,59127.44,INR,CTR0005,ON_CONTRACT,,2025-07-22,skyroute travel,False
TXN005155,INVOICE_SYSTEM,SUP0005,Cloudspan Software,It Software & Licences,Facilities,86021.83,INR,CTR0002,ON_CONTRACT,REQ00503,2026-02-01,cloudspan software,False
TXN005158,INVOICE_SYSTEM,SUP0001,Nexa Technologies Pvt Ltd,It Hardware,Facilities,142249.92,INR,CTR0001,ON_CONTRACT,REQ00002,2025-08-09,nexa technologies,False
TXN005159,INVOICE_SYSTEM,SUP0001,Nexa Technologies Pvt Ltd,It Hardware,Marketing,98494.48,INR,CTR0001,ON_CONTRACT,,2026-02-12,nexa technologies,False
TXN005160,INVOICE_SYSTEM,SUP0021,Pulse Marketing Co,Marketing Services,Marketing,51610.54,INR,,OFF_CONTRACT,REQ00177,2025-05-01,pulse marketing,False
TXN005165,INVOICE_SYSTEM,SUP0019,Lumen Creative,Marketing Services,Finance,40714.17,INR,CTR0007,ON_CONTRACT,REQ00722,2025-09-12,lumen creative,False
TXN005170,INVOICE_SYSTEM,SUP0005,Cloudspan Software,It Software & Licences,Operations,95751.42,INR,CTR0002,ON_CONTRACT,,2025-07-31,cloudspan software,False
TXN005172,INVOICE_SYSTEM,SUP0019,Lumen Creative,Marketing Services,R&D,99158.23,INR,CTR0007,ON_CONTRACT,REQ00315,2026-03-13,lumen creative,False
TXN005180,INVOICE_SYSTEM,SUP0014,Skyroute Travel,Travel,It,82884.83,INR,CTR0005,ON_CONTRACT,REQ00504,2025-09-14,skyroute travel,False
TXN005183,INVOICE_SYSTEM,SUP0001,Nexa Technologies Pvt Ltd,It Hardware,Finance,45722.83,INR,CTR0001,ON_CONTRACT,REQ00449,2025-04-01,nexa technologies,False
TXN005184,INVOICE_SYSTEM,SUP0001,Nexa Technologies Pvt Ltd,It Hardware,Finance,169986.15,INR,CTR0001,ON_CONTRACT,,2025-05-13,nexa technologies,False
TXN005186,INVOICE_SYSTEM,SUP0016,Prime Facility Care,Facilities Maintenance,Logistics,66480.06,INR,CTR0006,ON_CONTRACT,REQ00254,2025-09-18,prime facility care,False
TXN005192,INVOICE_SYSTEM,SUP0002,Zenith Computing,It Hardware,Operations,133625.3,INR,,NO_CONTRACT,REQ00835,2025-10-09,zenith computing,False
TXN005195,INVOICE_SYSTEM,SUP0025,NEXA TECHNOLOGIES PVT. LTD.,It Hardware,It,700148.79,INR,,NO_CONTRACT,,2025-10-30,nexa technologies,False
TXN005197,INVOICE_SYSTEM,SUP0012,Cobalt Consulting,Professional Services,Logistics,195094.67,INR,,OFF_CONTRACT,REQ00366,2025-09-26,cobalt consulting,False
TXN005198,INVOICE_SYSTEM,SUP0014,Skyroute Travel,Travel,Operations,13231.15,INR,CTR0005,ON_CONTRACT,REQ00517,2025-05-27,skyroute travel,False
